<?xml version="1.0" encoding="UTF-8"?>
<rootTag>
<Award>
<AwardTitle><![CDATA[Improving Student Mastery of Welding Skills through Real-Time Assessment and Feedback]]></AwardTitle>
<AGENCY>NSF</AGENCY>
<AwardEffectiveDate>10/01/2020</AwardEffectiveDate>
<AwardExpirationDate>03/31/2024</AwardExpirationDate>
<AwardTotalIntnAmount>385594.00</AwardTotalIntnAmount>
<AwardAmount>385594</AwardAmount>
<AwardInstrument>
<Value>Standard Grant</Value>
</AwardInstrument>
<Organization>
<Code>11040100</Code>
<Directorate>
<Abbreviation>EDU</Abbreviation>
<LongName>Directorate for STEM Education</LongName>
</Directorate>
<Division>
<Abbreviation>DUE</Abbreviation>
<LongName>Division Of Undergraduate Education</LongName>
</Division>
</Organization>
<ProgramOfficer>
<SignBlockName>Nasser Alaraje</SignBlockName>
<PO_EMAI>nalaraje@nsf.gov</PO_EMAI>
<PO_PHON>7032928063</PO_PHON>
</ProgramOfficer>
<AbstractNarration>Welding technology is essential for producing many different types of products.  As a result, highly skilled welders are critical in industries including manufacturing, construction, and energy. In particular, the rapid growth of manufacturing amplifies the need to prepare more welding technicians to meet industry demand. This project will expand the use of welding training systems to provide students with real-time feedback during training sessions. The welding trainer and virtual tracking system will capture and evaluate each action a welder makes to complete an assignment and will create a success score for the activity. The project will use this assessment to provide students with credit for existing skills, to create a student portfolio for employment, and to train incumbent employees or develop customized training profiles for specific workplaces.  This assessment-driven approach is expected to contribute to the development of standardized welding practices.  By engaging with precollege students interested in welding pathways and employer partners interested in providing students with experiential learning opportunities, the project also expects to strengthen partnerships with industry and high schools.&lt;br/&gt;&lt;br/&gt;The goal of this project is to create a standardized welding pathway that can be scaled to other institutions and partnerships. Students will be able to develop their technical skills through efficient, industry-standard training. Performance data will be collected from professional welders in industry to construct a baseline model for student welding skills. Students’ actions during welding exercises will be captured using a welding trainer and virtual tracking system. The baseline model will be used to evaluate and automatically generate a formative assessment of student performance. The project will provide professional development opportunities for K-12 and community college instructors and will partner with Weld-Ed at Lorain Community College for additional professional development. A veteran outreach plan will expedite the assessment process to validate Prior Learning Assessment experiences for veterans and will map the current military training to formal welding education. This project is funded by the Advanced Technological Education program that focuses on the education of technicians for the advanced-technology fields that drive the nation’s economy.&lt;br/&gt;&lt;br/&gt;This award reflects NSF's statutory mission and has been deemed worthy of support through evaluation using the Foundation's intellectual merit and broader impacts review criteria.</AbstractNarration>
<MinAmdLetterDate>04/07/2020</MinAmdLetterDate>
<MaxAmdLetterDate>04/07/2020</MaxAmdLetterDate>
<ARRAAmount/>
<TRAN_TYPE>Grant</TRAN_TYPE>
<CFDA_NUM>47.076</CFDA_NUM>
<NSF_PAR_USE_FLAG>1</NSF_PAR_USE_FLAG>
<FUND_AGCY_CODE>4900</FUND_AGCY_CODE>
<AWDG_AGCY_CODE>4900</AWDG_AGCY_CODE>
<AwardID>2000535</AwardID>
<Investigator>
<FirstName>Scott</FirstName>
<LastName>Laslo</LastName>
<PI_MID_INIT/>
<PI_SUFX_NAME/>
<PI_FULL_NAME>Scott Laslo</PI_FULL_NAME>
<EmailAddress><![CDATA[slaslo1@cscc.edu]]></EmailAddress>
<NSF_ID>000652053</NSF_ID>
<StartDate>04/07/2020</StartDate>
<EndDate/>
<RoleCode>Principal Investigator</RoleCode>
</Investigator>
<Investigator>
<FirstName>Darryl</FirstName>
<LastName>Sims</LastName>
<PI_MID_INIT/>
<PI_SUFX_NAME/>
<PI_FULL_NAME>Darryl Sims</PI_FULL_NAME>
<EmailAddress><![CDATA[dsims15@cscc.edu]]></EmailAddress>
<NSF_ID>000789434</NSF_ID>
<StartDate>04/07/2020</StartDate>
<EndDate/>
<RoleCode>Co-Principal Investigator</RoleCode>
</Investigator>
<Institution>
<Name><![CDATA[Columbus State Community College]]></Name>
<CityName>COLUMBUS</CityName>
<ZipCode>432151722</ZipCode>
<PhoneNumber>6142872639</PhoneNumber>
<StreetAddress><![CDATA[550 E SPRING ST]]></StreetAddress>
<StreetAddress2/>
<CountryName>United States</CountryName>
<StateName>Ohio</StateName>
<StateCode>OH</StateCode>
<CONGRESSDISTRICT>03</CONGRESSDISTRICT>
<CONGRESS_DISTRICT_ORG>OH03</CONGRESS_DISTRICT_ORG>
<ORG_UEI_NUM>H7GFSFHXELW4</ORG_UEI_NUM>
<ORG_LGL_BUS_NAME>COLUMBUS STATE COMMUNITY COLLEGE</ORG_LGL_BUS_NAME>
<ORG_PRNT_UEI_NUM>H7GFSFHXELW4</ORG_PRNT_UEI_NUM>
</Institution>
<Performance_Institution>
<Name><![CDATA[Columbus State Community College]]></Name>
<CityName>Columbus</CityName>
<StateCode>OH</StateCode>
<ZipCode>432151722</ZipCode>
<StreetAddress><![CDATA[550 East Spring St]]></StreetAddress>
<CountryCode>US</CountryCode>
<CountryName>United States</CountryName>
<StateName>Ohio</StateName>
<CountryFlag>1</CountryFlag>
<CONGRESSDISTRICT>03</CONGRESSDISTRICT>
<CONGRESS_DISTRICT_PERF>OH03</CONGRESS_DISTRICT_PERF>
</Performance_Institution>
<ProgramElement>
<Code>741200</Code>
<Text>Advanced Tech Education Prog</Text>
</ProgramElement>
<ProgramReference>
<Code>1032</Code>
<Text>ADVANCED TECHNOLOGY EDUCATION</Text>
</ProgramReference>
<ProgramReference>
<Code>9178</Code>
<Text>UNDERGRADUATE EDUCATION</Text>
</ProgramReference>
<ProgramReference>
<Code>SMET</Code>
<Text>SCIENCE, MATH, ENG &amp; TECH EDUCATION</Text>
</ProgramReference>
<Appropriation>
<Code>0420</Code>
<Name>NSF Education &amp; Human Resource</Name>
<APP_SYMB_ID>040106</APP_SYMB_ID>
</Appropriation>
<Fund>
<Code>04002021DB</Code>
<Name><![CDATA[NSF Education & Human Resource]]></Name>
<FUND_SYMB_ID>040106</FUND_SYMB_ID>
</Fund>
<FUND_OBLG>2020~385594</FUND_OBLG>
<POR>
<DRECONTENT><![CDATA[<div class="porColContainerWBG"> <div class="porContentCol"><div class="OutlineElement Ltr SCXW160878658 BCX8"> <p class="Paragraph SCXW160878658 BCX8"><span style="text-decoration: underline;"><strong><span class="TextRun SCXW160878658 BCX8" lang="EN-US" xml:lang="EN-US">Introduction</span><span class="TextRun SCXW160878658 BCX8" lang="EN-US" xml:lang="EN-US">:</span><span class="LineBreakBlob BlobObject DragDrop SCXW160878658 BCX8"><span class="SCXW160878658 BCX8">&nbsp;</span><br class="SCXW160878658 BCX8" /></span></strong></span><span class="TextRun SCXW160878658 BCX8" lang="EN-US" xml:lang="EN-US"><span class="NormalTextRun SCXW160878658 BCX8">Columbus State WeldTools </span><span class="NormalTextRun SCXW160878658 BCX8">is </span><span class="NormalTextRun SCXW160878658 BCX8">an educational platform </span><span class="NormalTextRun SCXW160878658 BCX8">developed by</span><span class="NormalTextRun SCXW160878658 BCX8"> </span><span class="NormalTextRun SCXW160878658 BCX8">Columbus State Community College&rsquo;s Welding Education Learning and Development Standardization program</span><span class="NormalTextRun SCXW160878658 BCX8">. </span><span class="NormalTextRun SCXW160878658 BCX8">The technology</span><span class="NormalTextRun SCXW160878658 BCX8"> </span><span class="NormalTextRun SCXW160878658 BCX8">is</span><span class="NormalTextRun SCXW160878658 BCX8"> an innovative combination of welding trainer and virtual tracking system technologies to capture, compare, and evaluate the actions of </span><span class="NormalTextRun SCXW160878658 BCX8">individual welders.</span><span class="NormalTextRun SCXW160878658 BCX8"> </span><span class="NormalTextRun SCXW160878658 BCX8">The technology creates</span><span class="NormalTextRun SCXW160878658 BCX8"> a</span><span class="NormalTextRun SCXW160878658 BCX8"> database</span><span class="NormalTextRun SCXW160878658 BCX8"> of Master Welding Profiles </span><span class="NormalTextRun SCXW160878658 BCX8">of</span><span class="NormalTextRun SCXW160878658 BCX8"> skilled experts and employment partners.</span><span class="NormalTextRun SCXW160878658 BCX8"> </span><span class="NormalTextRun SCXW160878658 BCX8">These </span><span class="NormalTextRun SCXW160878658 BCX8">profiles </span><span class="NormalTextRun SCXW160878658 BCX8">capture </span><span class="NormalTextRun SCXW160878658 BCX8">welding </span><span class="NormalTextRun SCXW160878658 BCX8">variables such as travel angle, travel speed, contact-to-work distance, wire feed speed, amperage, voltage, and shielding gas. </span><span class="NormalTextRun SCXW160878658 BCX8">Student work </span><span class="NormalTextRun SCXW160878658 BCX8">can</span><span class="NormalTextRun SCXW160878658 BCX8"> then </span><span class="NormalTextRun SCXW160878658 BCX8">be </span><span class="NormalTextRun SCXW160878658 BCX8">compared to and evaluated against the</span><span class="NormalTextRun SCXW160878658 BCX8"> </span><span class="NormalTextRun SCXW160878658 BCX8">expert profiles. This comparison can be done</span><span class="NormalTextRun SCXW160878658 BCX8"> in real time</span><span class="NormalTextRun SCXW160878658 BCX8"> during class or a training session</span><span class="NormalTextRun SCXW160878658 BCX8">.</span><span class="NormalTextRun SCXW160878658 BCX8"> </span><span class="NormalTextRun SCXW160878658 BCX8">T</span><span class="NormalTextRun SCXW160878658 BCX8">h</span><span class="NormalTextRun SCXW160878658 BCX8">e</span><span class="NormalTextRun SCXW160878658 BCX8"> </span><span class="NormalTextRun SCXW160878658 BCX8">technology</span><span class="NormalTextRun SCXW160878658 BCX8"> allows the instructor and student to see exactly how closely their skills align to </span><span class="NormalTextRun SCXW160878658 BCX8">the work of a</span><span class="NormalTextRun SCXW160878658 BCX8"> master</span><span class="NormalTextRun SCXW160878658 BCX8">-</span><span class="NormalTextRun SCXW160878658 BCX8">welder.</span></span><span class="EOP SCXW160878658 BCX8">&nbsp;</span></p> </div> <div class="OutlineElement Ltr SCXW160878658 BCX8"> <p class="Paragraph SCXW160878658 BCX8"><span class="TextRun SCXW160878658 BCX8" lang="EN-US" xml:lang="EN-US"><span class="NormalTextRun SCXW160878658 BCX8">The positive outcomes of this work include an advancement of the general knowledge in the field of welding and community benefit in the form of increased </span><span class="NormalTextRun SCXW160878658 BCX8">capacity</span><span class="NormalTextRun SCXW160878658 BCX8"> for student</span><span class="NormalTextRun SCXW160878658 BCX8">&rsquo;</span><span class="NormalTextRun SCXW160878658 BCX8">s learning and employment opportunities.</span><span class="NormalTextRun SCXW160878658 BCX8"> An unexpected outcome was the identification of institutional barriers that </span><span class="NormalTextRun SCXW160878658 BCX8">technology</span><span class="NormalTextRun SCXW160878658 BCX8"> </span><span class="NormalTextRun SCXW160878658 BCX8">in and of itself</span><span class="NormalTextRun SCXW160878658 BCX8"> is unable to overcome.&nbsp;</span></span><span class="EOP SCXW160878658 BCX8">&nbsp;</span></p> </div> <div class="OutlineElement Ltr SCXW160878658 BCX8"> <p class="Paragraph SCXW160878658 BCX8"><span style="text-decoration: underline;"><strong><span class="TextRun SCXW160878658 BCX8" lang="EN-US" xml:lang="EN-US">Outcomes:</span><span class="EOP SCXW160878658 BCX8">&nbsp;<br /></span></strong></span><span class="TextRun SCXW160878658 BCX8" lang="EN-US" xml:lang="EN-US"><span class="NormalTextRun SCXW160878658 BCX8">The </span><span class="NormalTextRun SCXW160878658 BCX8">outcomes of Columbus </span><span class="NormalTextRun SCXW160878658 BCX8">State&rsquo;s</span><span class="NormalTextRun SCXW160878658 BCX8"> work are aligned with </span><span class="NormalTextRun SCXW160878658 BCX8">three main goals of </span></span><span class="TextRun SCXW160878658 BCX8" lang="EN-US" xml:lang="EN-US"><span class="NormalTextRun SCXW160878658 BCX8">the grant</span><span class="NormalTextRun SCXW160878658 BCX8">: Creation of a standardized welding pathway using the technology, the creation of a professional developmen</span><span class="NormalTextRun SCXW160878658 BCX8">t model for instructors using the technology, and veteran outreach plan that would </span><span class="NormalTextRun SCXW160878658 BCX8">use the technology to aid veterans in applying their learned skills to the </span><span class="NormalTextRun SCXW160878658 BCX8">requirements of the </span><span class="NormalTextRun SCXW160878658 BCX8">standardized </span><span class="NormalTextRun SCXW160878658 BCX8">pathway</span><span class="NormalTextRun SCXW160878658 BCX8"> and</span><span class="NormalTextRun SCXW160878658 BCX8"> business associated partners.</span><span class="NormalTextRun SCXW160878658 BCX8">&nbsp;</span></span><span class="EOP SCXW160878658 BCX8">&nbsp;</span></p> </div> <div class="OutlineElement Ltr SCXW160878658 BCX8"> <p class="Paragraph SCXW160878658 BCX8"><span class="TextRun SCXW160878658 BCX8" lang="EN-US" xml:lang="EN-US"><span class="NormalTextRun SCXW160878658 BCX8">Columbus State</span><span class="NormalTextRun SCXW160878658 BCX8">&rsquo;s first </span><span class="NormalTextRun SCXW160878658 BCX8">objective</span><span class="NormalTextRun SCXW160878658 BCX8"> was to</span><span class="NormalTextRun SCXW160878658 BCX8"> d</span><span class="NormalTextRun SCXW160878658 BCX8">evelop a standardized welding pathway in Central Ohio</span><span class="NormalTextRun SCXW160878658 BCX8"> using </span><span class="NormalTextRun SCXW160878658 BCX8">the technology</span><span class="NormalTextRun SCXW160878658 BCX8">.&nbsp;</span><span class="NormalTextRun SCXW160878658 BCX8"> </span><span class="NormalTextRun SCXW160878658 BCX8">This </span><span class="NormalTextRun SCXW160878658 BCX8">objective</span><span class="NormalTextRun SCXW160878658 BCX8"> was achieved through </span><span class="NormalTextRun SCXW160878658 BCX8">implementation </span><span class="NormalTextRun SCXW160878658 BCX8">of the technology and </span><span class="NormalTextRun SCXW160878658 BCX8">the </span><span class="NormalTextRun SCXW160878658 BCX8">creation of </span><span class="NormalTextRun SCXW160878658 BCX8">a database of </span><span class="NormalTextRun SCXW160878658 BCX8">master welder profiles</span><span class="NormalTextRun SCXW160878658 BCX8">. The work on this pathway </span><span class="NormalTextRun SCXW160878658 BCX8">both advance</span><span class="NormalTextRun SCXW160878658 BCX8">s</span><span class="NormalTextRun SCXW160878658 BCX8"> knowledge of welding and provide</span><span class="NormalTextRun SCXW160878658 BCX8">s</span><span class="NormalTextRun SCXW160878658 BCX8"> </span><span class="NormalTextRun SCXW160878658 BCX8">community benefit</span><span class="NormalTextRun SCXW160878658 BCX8">.&nbsp;</span></span><span class="EOP SCXW160878658 BCX8">&nbsp;</span></p> </div> <div class="OutlineElement Ltr SCXW160878658 BCX8"> <p class="Paragraph SCXW160878658 BCX8"><span class="TextRun SCXW160878658 BCX8" lang="EN-US" xml:lang="EN-US"><span class="NormalTextRun SCXW160878658 BCX8">The </span><span class="NormalTextRun SCXW160878658 BCX8">database </span><span class="NormalTextRun SCXW160878658 BCX8">of profiles</span><span class="NormalTextRun SCXW160878658 BCX8"> </span><span class="NormalTextRun SCXW160878658 BCX8">expands</span><span class="NormalTextRun SCXW160878658 BCX8"> general knowledge </span><span class="NormalTextRun SCXW160878658 BCX8">by cataloging expert </span><span class="NormalTextRun SCXW160878658 BCX8">welding </span><span class="NormalTextRun SCXW160878658 BCX8">work.</span><span class="NormalTextRun SCXW160878658 BCX8"> </span><span class="NormalTextRun SCXW160878658 BCX8">This</span><span class="NormalTextRun SCXW160878658 BCX8">,</span><span class="NormalTextRun SCXW160878658 BCX8"> in turn, </span><span class="NormalTextRun SCXW160878658 BCX8">creat</span><span class="NormalTextRun SCXW160878658 BCX8">es</span><span class="NormalTextRun SCXW160878658 BCX8"> positive impacts for students, instructors, and </span><span class="NormalTextRun SCXW160878658 BCX8">industry</span><span class="NormalTextRun SCXW160878658 BCX8"> partners. </span><span class="NormalTextRun SCXW160878658 BCX8">Students </span><span class="NormalTextRun SCXW160878658 BCX8">can</span><span class="NormalTextRun SCXW160878658 BCX8"> use </span><span class="NormalTextRun SCXW160878658 BCX8">the technology</span><span class="NormalTextRun SCXW160878658 BCX8"> to create a portfolio of work that </span><span class="NormalTextRun SCXW160878658 BCX8">demonstrates</span><span class="NormalTextRun SCXW160878658 BCX8"> skills specific to </span><span class="NormalTextRun SCXW160878658 BCX8">in-demand welding careers with employment partners</span><span class="NormalTextRun SCXW160878658 BCX8">. Instructors can provide elevated evaluations based on detailed datasets and industry standards. Instructors can </span><span class="NormalTextRun SCXW160878658 BCX8">also </span><span class="NormalTextRun SCXW160878658 BCX8">use the data to create a standardized curriculum.</span><span class="NormalTextRun SCXW160878658 BCX8"> Industry partners gain data tracking capabilities that allow them to benchmark and upskill their employees.</span></span><span class="EOP SCXW160878658 BCX8">&nbsp;</span></p> </div> <div class="OutlineElement Ltr SCXW160878658 BCX8"> <p class="Paragraph SCXW160878658 BCX8"><span class="TextRun SCXW160878658 BCX8" lang="EN-US" xml:lang="EN-US"><span class="NormalTextRun SCXW160878658 BCX8">The Community benefits because the technology and database are both shareable resources</span><span class="NormalTextRun SCXW160878658 BCX8">.</span><span class="NormalTextRun SCXW160878658 BCX8">&nbsp; </span><span class="NormalTextRun SCXW160878658 BCX8">As more users provide data to the system, the </span><span class="NormalTextRun SCXW160878658 BCX8">capacity</span><span class="NormalTextRun SCXW160878658 BCX8"> of</span><span class="NormalTextRun SCXW160878658 BCX8"> the</span><span class="NormalTextRun SCXW160878658 BCX8"> database grows. </span><span class="NormalTextRun SCXW160878658 BCX8">The technology is used by the National Center for Next Generation Manufacturing and </span><span class="NormalTextRun SCXW160878658 BCX8">the Research</span><span class="NormalTextRun SCXW160878658 BCX8"> Experience for Teachers</span><span class="NormalTextRun SCXW160878658 BCX8"> NSF HAMMER</span><span class="NormalTextRun SCXW160878658 BCX8">.</span><span class="NormalTextRun SCXW160878658 BCX8">&nbsp;</span></span><span class="EOP SCXW160878658 BCX8">&nbsp;</span></p> </div> <div class="OutlineElement Ltr SCXW160878658 BCX8"> <p class="Paragraph SCXW160878658 BCX8"><span class="TextRun SCXW160878658 BCX8" lang="EN-US" xml:lang="EN-US"><span class="NormalTextRun SCXW160878658 BCX8">Columbus State</span><span class="NormalTextRun SCXW160878658 BCX8">&rsquo; second </span><span class="NormalTextRun SCXW160878658 BCX8">objective</span><span class="NormalTextRun SCXW160878658 BCX8"> was to</span><span class="NormalTextRun SCXW160878658 BCX8"> </span><span class="NormalTextRun SCXW160878658 BCX8">develop an instructor professional development model to train K-12 and community college instructors on how to integrate </span><span class="NormalTextRun SCXW160878658 BCX8">the technology</span><span class="NormalTextRun SCXW160878658 BCX8"> into their curricul</span><span class="NormalTextRun SCXW160878658 BCX8">a</span><span class="NormalTextRun SCXW160878658 BCX8">. </span><span class="NormalTextRun SCXW160878658 BCX8">This </span><span class="NormalTextRun SCXW160878658 BCX8">was </span><span class="NormalTextRun SCXW160878658 BCX8">accomplished</span><span class="NormalTextRun SCXW160878658 BCX8"> by the creation of</span><span class="NormalTextRun SCXW160878658 BCX8"> </span><span class="NormalTextRun SCXW160878658 BCX8">the</span><span class="NormalTextRun SCXW160878658 BCX8"> </span><span class="NormalTextRun SCXW160878658 BCX8">W</span><span class="NormalTextRun SCXW160878658 BCX8">elding </span><span class="NormalTextRun SCXW160878658 BCX8">T</span><span class="NormalTextRun SCXW160878658 BCX8">echnical </span><span class="NormalTextRun SCXW160878658 BCX8">G</span><span class="NormalTextRun SCXW160878658 BCX8">uide</span><span class="NormalTextRun SCXW160878658 BCX8"> for the technology</span><span class="NormalTextRun SCXW160878658 BCX8">.</span><span class="NormalTextRun SCXW160878658 BCX8"> </span><span class="NormalTextRun SCXW160878658 BCX8">This guide can</span><span class="NormalTextRun SCXW160878658 BCX8"> be distributed to schools and training facilities.</span></span><span class="EOP SCXW160878658 BCX8">&nbsp;</span></p> </div> <div class="OutlineElement Ltr SCXW160878658 BCX8"> <p class="Paragraph SCXW160878658 BCX8"><span class="TextRun SCXW160878658 BCX8" lang="EN-US" xml:lang="EN-US"><span class="NormalTextRun SCXW160878658 BCX8">The Welding Technical Guide </span><span class="NormalTextRun SCXW160878658 BCX8">provides directions and incentives to </span><span class="NormalTextRun SCXW160878658 BCX8">connect</span><span class="NormalTextRun SCXW160878658 BCX8"> instructors, </span><span class="NormalTextRun SCXW160878658 BCX8">students,</span><span class="NormalTextRun SCXW160878658 BCX8"> and employment partners in the professional development process.</span><span class="NormalTextRun SCXW160878658 BCX8"> </span><span class="NormalTextRun SCXW160878658 BCX8">The </span><span class="NormalTextRun SCXW160878658 BCX8">g</span><span class="NormalTextRun SCXW160878658 BCX8">uide </span><span class="NormalTextRun SCXW160878658 BCX8">serves as a key outreach tool for K-12 and community college instructors. In addition to the basics of integrating the equipment into their existing curriculum, the technical guide helps in finding community partners. The Guide provides a framework for</span><span class="NormalTextRun SCXW160878658 BCX8"> developing classes that prepare students for specific community employment partners.</span></span><span class="EOP SCXW160878658 BCX8">&nbsp;</span></p> </div> <div class="OutlineElement Ltr SCXW160878658 BCX8"> <p class="Paragraph SCXW160878658 BCX8"><span class="TextRun SCXW160878658 BCX8" lang="EN-US" xml:lang="EN-US"><span class="NormalTextRun SCXW160878658 BCX8">Columbus State</span><span class="NormalTextRun SCXW160878658 BCX8">&rsquo;s third </span><span class="NormalTextRun SCXW160878658 BCX8">objective</span><span class="NormalTextRun SCXW160878658 BCX8"> was</span><span class="NormalTextRun SCXW160878658 BCX8"> to</span><span class="NormalTextRun SCXW160878658 BCX8"> create a veteran outreach plan and expedited assessment process to </span><span class="NormalTextRun SCXW160878658 BCX8">validate</span><span class="NormalTextRun SCXW160878658 BCX8"> Prior Learning Assessment experiences of veterans</span><span class="NormalTextRun SCXW160878658 BCX8">, to</span><span class="NormalTextRun SCXW160878658 BCX8"> map the current military training to formal welding education</span><span class="NormalTextRun SCXW160878658 BCX8">,</span><span class="NormalTextRun SCXW160878658 BCX8"> and </span><span class="NormalTextRun SCXW160878658 BCX8">to </span><span class="NormalTextRun SCXW160878658 BCX8">assess the MTAG process</span><span class="NormalTextRun SCXW160878658 BCX8"> using the technology</span><span class="NormalTextRun SCXW160878658 BCX8">.</span><span class="NormalTextRun SCXW160878658 BCX8">&nbsp; </span><span class="NormalTextRun SCXW160878658 BCX8">Unfortunately</span><span class="NormalTextRun SCXW160878658 BCX8">,</span><span class="NormalTextRun SCXW160878658 BCX8"> t</span><span class="NormalTextRun SCXW160878658 BCX8">he </span><span class="NormalTextRun SCXW160878658 BCX8">project team was unable to fully achieve this objective</span><span class="NormalTextRun SCXW160878658 BCX8"> due to difficulties in communication</span><span class="NormalTextRun SCXW160878658 BCX8"> </span><span class="NormalTextRun SCXW160878658 BCX8">between</span><span class="NormalTextRun SCXW160878658 BCX8"> the college and the military</span><span class="NormalTextRun SCXW160878658 BCX8">.</span><span class="NormalTextRun SCXW160878658 BCX8"> The main outcome of the work conducted towards veteran outreach and expedited processes was the identification of </span><span class="NormalTextRun SCXW160878658 BCX8">this</span><span class="NormalTextRun SCXW160878658 BCX8"> unforeseen obstacle</span><span class="NormalTextRun SCXW160878658 BCX8">.</span></span><span class="EOP SCXW160878658 BCX8">&nbsp;</span></p> </div> <div class="OutlineElement Ltr SCXW160878658 BCX8"> <p class="Paragraph SCXW160878658 BCX8"><span class="TextRun SCXW160878658 BCX8" lang="EN-US" xml:lang="EN-US"><span class="NormalTextRun SCXW160878658 BCX8">The technology</span><span class="NormalTextRun SCXW160878658 BCX8"> is capable of mapping current military training</span><span class="NormalTextRun SCXW160878658 BCX8"> and skills.</span><span class="NormalTextRun SCXW160878658 BCX8"> </span><span class="NormalTextRun SCXW160878658 BCX8">This could be used </span><span class="NormalTextRun SCXW160878658 BCX8">to </span><span class="NormalTextRun SCXW160878658 BCX8">evaluate and create portfolio</span><span class="NormalTextRun SCXW160878658 BCX8">s</span><span class="NormalTextRun SCXW160878658 BCX8"> </span><span class="NormalTextRun SCXW160878658 BCX8">of </span><span class="NormalTextRun SCXW160878658 BCX8">work for </span><span class="NormalTextRun SCXW160878658 BCX8">individual </span><span class="NormalTextRun SCXW160878658 BCX8">veteran</span><span class="NormalTextRun SCXW160878658 BCX8">s</span><span class="NormalTextRun SCXW160878658 BCX8">.</span><span class="NormalTextRun SCXW160878658 BCX8"> </span><span class="NormalTextRun SCXW160878658 BCX8">Th</span><span class="NormalTextRun SCXW160878658 BCX8">ese portfolios </span><span class="NormalTextRun SCXW160878658 BCX8">would </span><span class="NormalTextRun SCXW160878658 BCX8">be useful for veterans in both the classroom and with employment partners. </span><span class="NormalTextRun SCXW160878658 BCX8">The barrier to </span><span class="NormalTextRun SCXW160878658 BCX8">accomplish</span><span class="NormalTextRun SCXW160878658 BCX8">ing</span><span class="NormalTextRun SCXW160878658 BCX8"> this is </span><span class="NormalTextRun SCXW160878658 BCX8">the limited accessibility of </span><span class="NormalTextRun SCXW160878658 BCX8">the correct administrators, instructors, and officials in the military. </span><span class="NormalTextRun SCXW160878658 BCX8">It is simply unclear who to contact to implement the technology an</span><span class="NormalTextRun SCXW160878658 BCX8">d program. </span><span class="NormalTextRun SCXW160878658 BCX8">While this is difficult to frame </span><span class="NormalTextRun SCXW160878658 BCX8">this </span><span class="NormalTextRun SCXW160878658 BCX8">as a </span><span class="NormalTextRun SCXW160878658 BCX8">positive </span><span class="NormalTextRun SCXW160878658 BCX8">outcome, this obstacle can easily be seen as an opportunity for future programs to develop </span><span class="NormalTextRun SCXW160878658 BCX8">an </span><span class="NormalTextRun SCXW160878658 BCX8">outreach </span><span class="NormalTextRun SCXW160878658 BCX8">initiative.</span></span><span class="EOP SCXW160878658 BCX8">&nbsp;</span></p> </div> <div class="OutlineElement Ltr SCXW160878658 BCX8"> <p class="Paragraph SCXW160878658 BCX8"><span style="text-decoration: underline;"><strong><span class="TextRun SCXW160878658 BCX8" lang="EN-US" xml:lang="EN-US">Conclusion:</span></strong></span><span class="LineBreakBlob BlobObject DragDrop SCXW160878658 BCX8"><span style="text-decoration: underline;"><strong><span class="SCXW160878658 BCX8">&nbsp;</span></strong></span><br class="SCXW160878658 BCX8" /></span><span class="TextRun SCXW160878658 BCX8" lang="EN-US" xml:lang="EN-US"><span class="NormalTextRun SCXW160878658 BCX8">The positive outcomes of the standardized welding pathway and professional development </span><span class="NormalTextRun SCXW160878658 BCX8">objectives</span><span class="NormalTextRun SCXW160878658 BCX8"> are notable. While the results of the veteran outreach </span><span class="NormalTextRun SCXW160878658 BCX8">objective</span><span class="NormalTextRun SCXW160878658 BCX8"> were disappointing, the recognition of the obstacles in military and veteran assessment initiatives that are unrelated to the efficacy of the technology is an important take away.</span></span><span class="EOP SCXW160878658 BCX8">&nbsp;</span></p> </div> <p>&nbsp;</p><br> <p>  Last Modified: 07/30/2024<br> Modified by: Scott&nbsp;Laslo</p></div> <div class="porSideCol" ><div class="each-gallery"> <div class="galContent" id="gallery0"> <div class="photoCount" id="photoCount0">          Images (<span id="selectedPhoto0">1</span> of <span class="totalNumber"></span>)          </div> <div class="galControls onePhoto" id="controls0"></div> <div class="galSlideshow" id="slideshow0"></div> <div class="galEmbox" id="embox"> <div class="image-title"></div> </div> </div> <div class="galNavigation" id="navigation0"> <ul class="thumbs" id="thumbs0"> <li> <a href="/por/images/Reports/POR/2024/2000535/2000535_10663328_1722345485559_Image_03_Software_In_use--rgov-214x142.jpg" original="/por/images/Reports/POR/2024/2000535/2000535_10663328_1722345485559_Image_03_Software_In_use--rgov-800width.jpg" title="WELDS Output"><img src="/por/images/Reports/POR/2024/2000535/2000535_10663328_1722345485559_Image_03_Software_In_use--rgov-66x44.jpg" alt="WELDS Output"></a> <div class="imageCaptionContainer"> <div class="imageCaption">WELDS Output: Figures excerpted from the Columbus State Technical Guide that illustrate the use of WELDS technology.</div> <div class="imageCredit">Columbus State Staff</div> <div class="imagePermisssions">Copyrighted</div> <div class="imageSubmitted">Scott&nbsp;Laslo <div class="imageTitle">WELDS Output</div> </div> </li><li> <a href="/por/images/Reports/POR/2024/2000535/2000535_10663328_1722345372798_Image_01_Technology__set_Up--rgov-214x142.jpg" original="/por/images/Reports/POR/2024/2000535/2000535_10663328_1722345372798_Image_01_Technology__set_Up--rgov-800width.jpg" title="WELDS Equipment Set Up"><img src="/por/images/Reports/POR/2024/2000535/2000535_10663328_1722345372798_Image_01_Technology__set_Up--rgov-66x44.jpg" alt="WELDS Equipment Set Up"></a> <div class="imageCaptionContainer"> <div class="imageCaption">WELDS Equipment Set Up: State-of-the-art welding simulation equipment that is used to create a standardized welding pathway through the expansion of a combined system technology approach</div> <div class="imageCredit">Columbus State Staff</div> <div class="imagePermisssions">Copyrighted</div> <div class="imageSubmitted">Scott&nbsp;Laslo <div class="imageTitle">WELDS Equipment Set Up</div> </div> </li></ul> </div> </div></div> </div>]]></DRECONTENT>
<POR_COPY_TXT><![CDATA[   Introduction: Columbus State WeldTools is an educational platform developed by Columbus State Community Colleges Welding Education Learning and Development Standardization program. The technology is an innovative combination of welding trainer and virtual tracking system technologies to capture, compare, and evaluate the actions of individual welders. The technology creates a database of Master Welding Profiles of skilled experts and employment partners. These profiles capture welding variables such as travel angle, travel speed, contact-to-work distance, wire feed speed, amperage, voltage, and shielding gas. Student work can then be compared to and evaluated against the expert profiles. This comparison can be done in real time during class or a training session. The technology allows the instructor and student to see exactly how closely their skills align to the work of a master-welder.     The positive outcomes of this work include an advancement of the general knowledge in the field of welding and community benefit in the form of increased capacity for students learning and employment opportunities. An unexpected outcome was the identification of institutional barriers that technology in and of itself is unable to overcome.     Outcomes: The outcomes of Columbus States work are aligned with three main goals of the grant: Creation of a standardized welding pathway using the technology, the creation of a professional development model for instructors using the technology, and veteran outreach plan that would use the technology to aid veterans in applying their learned skills to the requirements of the standardized pathway and business associated partners.     Columbus States first objective was to develop a standardized welding pathway in Central Ohio using the technology. This objective was achieved through implementation of the technology and the creation of a database of master welder profiles. The work on this pathway both advances knowledge of welding and provides community benefit.     The database of profiles expands general knowledge by cataloging expert welding work. This, in turn, creates positive impacts for students, instructors, and industry partners. Students can use the technology to create a portfolio of work that demonstrates skills specific to in-demand welding careers with employment partners. Instructors can provide elevated evaluations based on detailed datasets and industry standards. Instructors can also use the data to create a standardized curriculum. Industry partners gain data tracking capabilities that allow them to benchmark and upskill their employees.     The Community benefits because the technology and database are both shareable resources. As more users provide data to the system, the capacity of the database grows. The technology is used by the National Center for Next Generation Manufacturing and the Research Experience for Teachers NSF HAMMER.     Columbus State second objective was to develop an instructor professional development model to train K-12 and community college instructors on how to integrate the technology into their curricula. This was accomplished by the creation of the Welding Technical Guide for the technology. This guide can be distributed to schools and training facilities.     The Welding Technical Guide provides directions and incentives to connect instructors, students, and employment partners in the professional development process. The guide serves as a key outreach tool for K-12 and community college instructors. In addition to the basics of integrating the equipment into their existing curriculum, the technical guide helps in finding community partners. The Guide provides a framework for developing classes that prepare students for specific community employment partners.     Columbus States third objective was to create a veteran outreach plan and expedited assessment process to validate Prior Learning Assessment experiences of veterans, to map the current military training to formal welding education, and to assess the MTAG process using the technology. Unfortunately, the project team was unable to fully achieve this objective due to difficulties in communication between the college and the military. The main outcome of the work conducted towards veteran outreach and expedited processes was the identification of this unforeseen obstacle.     The technology is capable of mapping current military training and skills. This could be used to evaluate and create portfolios of work for individual veterans. These portfolios would be useful for veterans in both the classroom and with employment partners. The barrier to accomplishing this is the limited accessibility of the correct administrators, instructors, and officials in the military. It is simply unclear who to contact to implement the technology and program. While this is difficult to frame this as a positive outcome, this obstacle can easily be seen as an opportunity for future programs to develop an outreach initiative.     Conclusion: The positive outcomes of the standardized welding pathway and professional development objectives are notable. While the results of the veteran outreach objective were disappointing, the recognition of the obstacles in military and veteran assessment initiatives that are unrelated to the efficacy of the technology is an important take away.         Last Modified: 07/30/2024       Submitted by: ScottLaslo]]></POR_COPY_TXT>
</POR>
</Award>
</rootTag>
