<?xml version="1.0" encoding="UTF-8"?>
<rootTag>
<Award>
<AwardTitle><![CDATA[Entropy Theory Methods in von Neumann Algebras]]></AwardTitle>
<AGENCY>NSF</AGENCY>
<AwardEffectiveDate>06/01/2020</AwardEffectiveDate>
<AwardExpirationDate>05/31/2024</AwardExpirationDate>
<AwardTotalIntnAmount>175000.00</AwardTotalIntnAmount>
<AwardAmount>175000</AwardAmount>
<AwardInstrument>
<Value>Standard Grant</Value>
</AwardInstrument>
<Organization>
<Code>03040000</Code>
<Directorate>
<Abbreviation>MPS</Abbreviation>
<LongName>Direct For Mathematical &amp; Physical Scien</LongName>
</Directorate>
<Division>
<Abbreviation>DMS</Abbreviation>
<LongName>Division Of Mathematical Sciences</LongName>
</Division>
</Organization>
<ProgramOfficer>
<SignBlockName>Marian Bocea</SignBlockName>
<PO_EMAI>mbocea@nsf.gov</PO_EMAI>
<PO_PHON>7032922595</PO_PHON>
</ProgramOfficer>
<AbstractNarration><![CDATA[Quantum mechanics is an area of physics with numerous applications including biology and engineering. A basic consequence of the theory is that observables cannot commute with each other, and so the mathematical basis for quantum mechanics must be within a noncommutative framework. Based on this constraint, in the 1930's Murray and von Neumann provided a rigorous background for quantum mechanics using algebras of operators on a Hilbert space now called von Neumann algebras. Recently, these objects have provided a precise framework in which to study quantum computing, which has enormous potential application to breakthroughs in cryptography. Another area where von Neumann algebras have given tremendous insight is in the study of random matrices. Random matrices themselves are used in nuclear physics to model the nuclei of heavy atoms, as well as in theoretical neuroscience to describe the connections between neurons in the brain. This project will also contribute to US workforce development through diversity initiatives and training of graduate students.&lt;br/&gt; &lt;br/&gt;The goal of this project is to study group von Neumann algebras through two different approaches: Voiculescu's free probability theory, and Popa's deformation/rigidity theory. In Voiculescu's free probability theory, the PI plans to use the theory of random matrices to attack a well-known conjecture of Peterson and Thom on the structure of subalgebras of group von Neumann algebras of free groups. The random matrix approach uses so-called strong convergence, which demands that eigenvalue distributions converge weak*, and that the spectrum converges in the Hausdorff metric.   Building on the 1-bounded entropy theory due to the PI and Jung, the PI establishes that if a natural strong convergence results holds for tensors of random unitaries, then one is able to deduce the Peterson-Thom conjecture as a corollary. Importing insight from sofic entropy theory into Popa's deformation/rigidity theory, the PI recently showed with de Santaigo-Hoff-Sinclair that given a (s-malleable) deformation of a tracial von Neumann algebra, and a diffuse, rigid subalgebra, one can necessarily extend it to a maximal rigid subalgebra. A potential avenue for exploration is in generalizing these results to approximately rigid subalgebra. Such a generalization gives a second approach to the Peterson-Thom conjecture. It would also provide a way to show that nonamenable groups with nontrivial cohomology in the left regular representation do not have Cartan subalgebras, a problem in the subject that has been open for the last decade. The PI also plans to study the implications of this theory to the case of von Neumann algebras of equivalence relations.&lt;br/&gt;&lt;br/&gt;This award reflects NSF's statutory mission and has been deemed worthy of support through evaluation using the Foundation's intellectual merit and broader impacts review criteria.]]></AbstractNarration>
<MinAmdLetterDate>05/11/2020</MinAmdLetterDate>
<MaxAmdLetterDate>05/11/2020</MaxAmdLetterDate>
<ARRAAmount/>
<TRAN_TYPE>Grant</TRAN_TYPE>
<CFDA_NUM>47.049</CFDA_NUM>
<NSF_PAR_USE_FLAG>1</NSF_PAR_USE_FLAG>
<FUND_AGCY_CODE>4900</FUND_AGCY_CODE>
<AWDG_AGCY_CODE>4900</AWDG_AGCY_CODE>
<AwardID>2000105</AwardID>
<Investigator>
<FirstName>Benjamin</FirstName>
<LastName>Hayes</LastName>
<PI_MID_INIT>R</PI_MID_INIT>
<PI_SUFX_NAME/>
<PI_FULL_NAME>Benjamin R Hayes</PI_FULL_NAME>
<EmailAddress><![CDATA[brh5c@virginia.edu]]></EmailAddress>
<NSF_ID>000680289</NSF_ID>
<StartDate>05/11/2020</StartDate>
<EndDate/>
<RoleCode>Principal Investigator</RoleCode>
</Investigator>
<Institution>
<Name>University of Virginia Main Campus</Name>
<CityName>CHARLOTTESVILLE</CityName>
<ZipCode>229034833</ZipCode>
<PhoneNumber>4349244270</PhoneNumber>
<StreetAddress>1001 EMMET ST N</StreetAddress>
<StreetAddress2/>
<CountryName>United States</CountryName>
<StateName>Virginia</StateName>
<StateCode>VA</StateCode>
<CONGRESSDISTRICT>05</CONGRESSDISTRICT>
<CONGRESS_DISTRICT_ORG>VA05</CONGRESS_DISTRICT_ORG>
<ORG_UEI_NUM>JJG6HU8PA4S5</ORG_UEI_NUM>
<ORG_LGL_BUS_NAME>RECTOR &amp; VISITORS OF THE UNIVERSITY OF VIRGINIA</ORG_LGL_BUS_NAME>
<ORG_PRNT_UEI_NUM/>
</Institution>
<Performance_Institution>
<Name><![CDATA[University of Virginia Math Department]]></Name>
<CityName>Charlottesville</CityName>
<StateCode>VA</StateCode>
<ZipCode>229044137</ZipCode>
<StreetAddress><![CDATA[219 Kerchof Hall, 141 Cabell Dr]]></StreetAddress>
<CountryCode>US</CountryCode>
<CountryName>United States</CountryName>
<StateName>Virginia</StateName>
<CountryFlag>1</CountryFlag>
<CONGRESSDISTRICT>05</CONGRESSDISTRICT>
<CONGRESS_DISTRICT_PERF>VA05</CONGRESS_DISTRICT_PERF>
</Performance_Institution>
<ProgramElement>
<Code>1281</Code>
<Text>ANALYSIS PROGRAM</Text>
</ProgramElement>
<Appropriation>
<Code>0120</Code>
<Name>NSF RESEARCH &amp; RELATED ACTIVIT</Name>
<APP_SYMB_ID>040100</APP_SYMB_ID>
</Appropriation>
<Fund>
<Code>01002021DB</Code>
<Name><![CDATA[NSF RESEARCH & RELATED ACTIVIT]]></Name>
<FUND_SYMB_ID>040100</FUND_SYMB_ID>
</Fund>
<FUND_OBLG>2020~175000</FUND_OBLG>
</Award>
</rootTag>
