<?xml version="1.0" encoding="UTF-8"?>
<rootTag>
<Award>
<AwardTitle><![CDATA[Collaborative Research: 4D Visualization and Modeling of Two-Phase Flow and Deformation in Porous Media beyond the Realm of Creeping Flow]]></AwardTitle>
<AGENCY>NSF</AGENCY>
<AwardEffectiveDate>04/01/2020</AwardEffectiveDate>
<AwardExpirationDate>04/30/2023</AwardExpirationDate>
<AwardTotalIntnAmount>227253.00</AwardTotalIntnAmount>
<AwardAmount>135316</AwardAmount>
<AwardInstrument>
<Value>Standard Grant</Value>
</AwardInstrument>
<Organization>
<Code>07020000</Code>
<Directorate>
<Abbreviation>ENG</Abbreviation>
<LongName>Directorate For Engineering</LongName>
</Directorate>
<Division>
<Abbreviation>CBET</Abbreviation>
<LongName>Div Of Chem, Bioeng, Env, &amp; Transp Sys</LongName>
</Division>
</Organization>
<ProgramOfficer>
<SignBlockName>Ron Joslin</SignBlockName>
<PO_EMAI>rjoslin@nsf.gov</PO_EMAI>
<PO_PHON>7032927030</PO_PHON>
</ProgramOfficer>
<AbstractNarration><![CDATA[Porous media (e.g., sponge, paper, fabrics, rock, and soil) are materials with pores distributed in a solid matrix. When pores are connected, fluids can flow through them. Understanding and predicting fluid flow in porous media is important as it occurs in a wide range of applications, from contamination of groundwater and soil to printing on paper and fabrics. By understanding flow pathways, we can make accurate predictions of the fluid flow, which in turn, will help us design and control related processes. However, predicting fluid flow in porous media is still a long-standing problem. While observing fluid flow in simple two-dimensional porous media can be straightforward, the same is not true in more realistic three-dimensional cases. This proposal aims to carry out an integrated computational and experimental study to provide a more accurate description of flow pathways and realistic fluid flow and the resultant deformations in such materials.  &lt;br/&gt;&lt;br/&gt;Although non-destructive 3D imaging has provided much information about fluid distribution in porous materials, fast and cost-effective 4D pore-scale visualization (i.e., over a period of time) is still very difficult, costly and time-consuming. Furthermore, although visualization of multiphase flow in porous media has been extensively studied in 2D models, there have been very few of such studies in 4D (or even 3D). One goal of this proposal is to develop a 4D method for visualization of two-phase flow in transparent porous media and the deformation that it induces in the media beyond the realm of creeping flow, i.e. when the flow is very slow. This goal will be achieved by collecting 2D images from various angles, which will then be used with a computational algorithm to build a highly detailed 4D image of the multiphase flow. Detailed computations will be carried out in which the two-phase fluid flow and the resulting deformation will be simulated in the same porous media beyond creeping flow. The investigators will also study and identify the critical Reynolds number (Re) at which the transition from the Darcy regime to Forchheimer and eventually turbulent flows occurs. The effect of wettability on the deformation of porous media during two-phase flow will also be investigated. Distinct deformation modes of a porous medium will also be examined under a wide range of Reynolds number and wettability conditions.&lt;br/&gt;&lt;br/&gt;This project is jointly funded by the Fluid Dynamics program and the Established Program to Stimulate Competitive Research (EPSCoR).&lt;br/&gt;&lt;br/&gt;This award reflects NSF's statutory mission and has been deemed worthy of support through evaluation using the Foundation's intellectual merit and broader impacts review criteria.]]></AbstractNarration>
<MinAmdLetterDate>03/18/2020</MinAmdLetterDate>
<MaxAmdLetterDate>12/30/2022</MaxAmdLetterDate>
<ARRAAmount/>
<TRAN_TYPE>Grant</TRAN_TYPE>
<CFDA_NUM>47.041</CFDA_NUM>
<NSF_PAR_USE_FLAG>1</NSF_PAR_USE_FLAG>
<FUND_AGCY_CODE>4900</FUND_AGCY_CODE>
<AWDG_AGCY_CODE>4900</AWDG_AGCY_CODE>
<AwardID>2000966</AwardID>
<Investigator>
<FirstName>Pejman</FirstName>
<LastName>Tahmasebi</LastName>
<PI_MID_INIT/>
<PI_SUFX_NAME/>
<PI_FULL_NAME>Pejman Tahmasebi</PI_FULL_NAME>
<EmailAddress><![CDATA[tahmasebi@mines.edu]]></EmailAddress>
<NSF_ID>000740622</NSF_ID>
<StartDate>03/18/2020</StartDate>
<EndDate/>
<RoleCode>Principal Investigator</RoleCode>
</Investigator>
<Institution>
<Name>University of Wyoming</Name>
<CityName>LARAMIE</CityName>
<ZipCode>820712000</ZipCode>
<PhoneNumber>3077665320</PhoneNumber>
<StreetAddress>1000 E UNIVERSITY AVE</StreetAddress>
<StreetAddress2/>
<CountryName>United States</CountryName>
<StateName>Wyoming</StateName>
<StateCode>WY</StateCode>
<CONGRESSDISTRICT>00</CONGRESSDISTRICT>
<CONGRESS_DISTRICT_ORG>WY00</CONGRESS_DISTRICT_ORG>
<ORG_UEI_NUM>FDR5YF2K32X5</ORG_UEI_NUM>
<ORG_LGL_BUS_NAME>UNIVERSITY OF WYOMING</ORG_LGL_BUS_NAME>
<ORG_PRNT_UEI_NUM>FDR5YF2K32X5</ORG_PRNT_UEI_NUM>
</Institution>
<Performance_Institution>
<Name><![CDATA[University of Wyoming]]></Name>
<CityName>Laramie</CityName>
<StateCode>WY</StateCode>
<ZipCode>820712000</ZipCode>
<StreetAddress><![CDATA[1000 E University Ave, EN 4026]]></StreetAddress>
<CountryCode>US</CountryCode>
<CountryName>United States</CountryName>
<StateName>Wyoming</StateName>
<CountryFlag>1</CountryFlag>
<CONGRESSDISTRICT>00</CONGRESSDISTRICT>
<CONGRESS_DISTRICT_PERF>WY00</CONGRESS_DISTRICT_PERF>
</Performance_Institution>
<ProgramElement>
<Code>1443</Code>
<Text>FD-Fluid Dynamics</Text>
</ProgramElement>
<ProgramElement>
<Code>9150</Code>
<Text>EPSCoR Co-Funding</Text>
</ProgramElement>
<ProgramReference>
<Code>9150</Code>
<Text>EXP PROG TO STIM COMP RES</Text>
</ProgramReference>
<Appropriation>
<Code>0120</Code>
<Name>NSF RESEARCH &amp; RELATED ACTIVIT</Name>
<APP_SYMB_ID>040100</APP_SYMB_ID>
</Appropriation>
<Fund>
<Code>01002021DB</Code>
<Name><![CDATA[NSF RESEARCH & RELATED ACTIVIT]]></Name>
<FUND_SYMB_ID>040100</FUND_SYMB_ID>
</Fund>
<FUND_OBLG>2020~0</FUND_OBLG>
</Award>
</rootTag>
