<?xml version="1.0" encoding="UTF-8"?>
<rootTag>
<Award>
<AwardTitle><![CDATA[Excellence in Research: Processes and Interactions in Hybrid Plasmonic Systems]]></AwardTitle>
<AGENCY>NSF</AGENCY>
<AwardEffectiveDate>10/01/2020</AwardEffectiveDate>
<AwardExpirationDate>09/30/2025</AwardExpirationDate>
<AwardTotalIntnAmount>467080.00</AwardTotalIntnAmount>
<AwardAmount>467080</AwardAmount>
<AwardInstrument>
<Value>Standard Grant</Value>
</AwardInstrument>
<Organization>
<Code>03070000</Code>
<Directorate>
<Abbreviation>MPS</Abbreviation>
<LongName>Direct For Mathematical &amp; Physical Scien</LongName>
</Directorate>
<Division>
<Abbreviation>DMR</Abbreviation>
<LongName>Division Of Materials Research</LongName>
</Division>
</Organization>
<ProgramOfficer>
<SignBlockName>Daryl Hess</SignBlockName>
<PO_EMAI>dhess@nsf.gov</PO_EMAI>
<PO_PHON>7032924942</PO_PHON>
</ProgramOfficer>
<AbstractNarration>This award is funded jointly by the Condensed-Matter-and-Materials-Theory program in the Division of Materials Research and by the HBCU-UP program in the Division of Human-Resource Development.&lt;br/&gt;&lt;br/&gt;&lt;br/&gt;Nontechnical Summary&lt;br/&gt;&lt;br/&gt;The research project "Excellence in Research: Processes and Interactions in Hybrid Plasmonic Systems" involves theoretical and computational studies in the area of plasmonics with the main focus on plasmon-enhanced optical spectroscopy.  Surface plasmons are collective electronic excitations in metal-dielectric composite structures which can interact strongly with excited states in molecules and solids to significantly change their optical characteristics.  In plasmonic systems, the optical interactions between surface plasmons and excitations in semiconductor nanostructures or dye molecules underpin numerous plasmonics applications in photovoltaics, optical sensing, and photochemistry, among others.  The project aims at modeling the optical properties of hybrid plasmonic systems that are defined by coherent interactions and/or energy transfer between system constituent parts.  This research will be carried out at Jackson State University and will substantially aid the development of human resources capacity in a historically black university that primarily serves educational needs of local minority students.&lt;br/&gt;&lt;br/&gt;Technical Summary&lt;br/&gt;&lt;br/&gt;The project aims at modeling the optical processes and interactions in hybrid plasmonic systems such as metal-dielectric structures conjugated with semiconductor nanostructures or dye molecules.  The main topics include studies of (a) spontaneous emission beyond the plasmon field enhancement limits, (b) Forster energy transfer and the transition to the strong-coupling regime, (c) intermediate exciton-plasmon coupling and exciton-induced transparency, (d) Fano interference in hybrid plasmonic systems, and other pertinent issues.  The research will be mainly focused on coherent interactions between the system constituents and on related optical processes that determine the optical properties of hybrid systems.  The methods include a combination of analytical and numerical tools suitable for analyzing plasmonic systems with many constituent parts.  The results will be used for modeling of experimental findings and are expected to aid the development of plasmon-based device applications.&lt;br/&gt;&lt;br/&gt;This award reflects NSF's statutory mission and has been deemed worthy of support through evaluation using the Foundation's intellectual merit and broader impacts review criteria.</AbstractNarration>
<MinAmdLetterDate>05/19/2020</MinAmdLetterDate>
<MaxAmdLetterDate>05/19/2020</MaxAmdLetterDate>
<ARRAAmount/>
<TRAN_TYPE>Grant</TRAN_TYPE>
<CFDA_NUM>47.049</CFDA_NUM>
<NSF_PAR_USE_FLAG>1</NSF_PAR_USE_FLAG>
<FUND_AGCY_CODE>4900</FUND_AGCY_CODE>
<AWDG_AGCY_CODE>4900</AWDG_AGCY_CODE>
<AwardID>2000170</AwardID>
<Investigator>
<FirstName>Tigran</FirstName>
<LastName>Shahbazyan</LastName>
<PI_MID_INIT>V</PI_MID_INIT>
<PI_SUFX_NAME/>
<PI_FULL_NAME>Tigran V Shahbazyan</PI_FULL_NAME>
<EmailAddress><![CDATA[tigran.shahbazyan@jsums.edu]]></EmailAddress>
<NSF_ID>000124934</NSF_ID>
<StartDate>05/19/2020</StartDate>
<EndDate/>
<RoleCode>Principal Investigator</RoleCode>
</Investigator>
<Institution>
<Name><![CDATA[Jackson State University]]></Name>
<CityName>JACKSON</CityName>
<ZipCode>392170002</ZipCode>
<PhoneNumber>6019792008</PhoneNumber>
<StreetAddress><![CDATA[1400 J R LYNCH ST]]></StreetAddress>
<StreetAddress2/>
<CountryName>United States</CountryName>
<StateName>Mississippi</StateName>
<StateCode>MS</StateCode>
<CONGRESSDISTRICT>02</CONGRESSDISTRICT>
<CONGRESS_DISTRICT_ORG>MS02</CONGRESS_DISTRICT_ORG>
<ORG_UEI_NUM>WFVHMSF6BU45</ORG_UEI_NUM>
<ORG_LGL_BUS_NAME>JACKSON STATE UNIVERSITY</ORG_LGL_BUS_NAME>
<ORG_PRNT_UEI_NUM/>
</Institution>
<Performance_Institution>
<Name><![CDATA[Jackson State University]]></Name>
<CityName>Jackson</CityName>
<StateCode>MS</StateCode>
<ZipCode>392170002</ZipCode>
<StreetAddress><![CDATA[1400 J R Lynch St]]></StreetAddress>
<CountryCode>US</CountryCode>
<CountryName>United States</CountryName>
<StateName>Mississippi</StateName>
<CountryFlag>1</CountryFlag>
<CONGRESSDISTRICT>02</CONGRESSDISTRICT>
<CONGRESS_DISTRICT_PERF>MS02</CONGRESS_DISTRICT_PERF>
</Performance_Institution>
<ProgramElement>
<Code>070Y00</Code>
<Text>HBCU-EiR - HBCU-Excellence in</Text>
</ProgramElement>
<ProgramElement>
<Code>176500</Code>
<Text>CONDENSED MATTER &amp; MAT THEORY</Text>
</ProgramElement>
<ProgramReference>
<Code>7237</Code>
<Text>NANO NON-SOLIC SCI &amp; ENG AWD</Text>
</ProgramReference>
<ProgramReference>
<Code>8614</Code>
<Text>Nanomaterials</Text>
</ProgramReference>
<ProgramReference>
<Code>9150</Code>
<Text>EXP PROG TO STIM COMP RES</Text>
</ProgramReference>
<Appropriation>
<Code>0120</Code>
<Name>NSF RESEARCH &amp; RELATED ACTIVIT</Name>
<APP_SYMB_ID>040100</APP_SYMB_ID>
</Appropriation>
<Fund>
<Code>01002021DB</Code>
<Name><![CDATA[NSF RESEARCH & RELATED ACTIVIT]]></Name>
<FUND_SYMB_ID>040100</FUND_SYMB_ID>
</Fund>
<FUND_OBLG>2020~467080</FUND_OBLG>
</Award>
</rootTag>
