<?xml version="1.0" encoding="UTF-8"?>
<rootTag>
<Award>
<AwardTitle><![CDATA[Collaborative Research: Development of symbolic and non-symbolic representations of exact equality]]></AwardTitle>
<AGENCY>NSF</AGENCY>
<AwardEffectiveDate>06/15/2020</AwardEffectiveDate>
<AwardExpirationDate>05/31/2025</AwardExpirationDate>
<AwardTotalIntnAmount>711888.00</AwardTotalIntnAmount>
<AwardAmount>711888</AwardAmount>
<AwardInstrument>
<Value>Continuing Grant</Value>
</AwardInstrument>
<Organization>
<Code>11090000</Code>
<Directorate>
<Abbreviation>EDU</Abbreviation>
<LongName>Directorate for STEM Education</LongName>
</Directorate>
<Division>
<Abbreviation>DRL</Abbreviation>
<LongName>Division Of Research On Learning</LongName>
</Division>
</Organization>
<ProgramOfficer>
<SignBlockName>Gregg Solomon</SignBlockName>
<PO_EMAI>gesolomo@nsf.gov</PO_EMAI>
<PO_PHON>7032928333</PO_PHON>
</ProgramOfficer>
<AbstractNarration>The concept of exact numerical equality is central to mathematical reasoning, and learning it in early childhood is a strong predictor of later academic success. Unfortunately, it remains a persistent source of difficulty for many students, with implications for the understanding of number words by preschoolers and even the learning of algebra in middle school. The main goal of this project, led by researchers at the University of California, San Diego, and Brown University, is to understand the social and cognitive factors in early childhood that affect 4- to 5-year-olds’ learning of the concept. Specifically, the researchers will investigate how children reason about numerical equality prior to the acquisition of formal symbols (i.e., numbers and the equal sign), whether this initial understanding is affected by their developing intuitions about fairness, and how their informal intuitions about numerical equality and fairness supports the learning of symbolic representations of mathematical equality in formal early childhood education settings. The investigation of these ideas will create a research foundation that could lead to changes in early childhood mathematical education. The project is jointly funded by the EHR Core Research (ECR) program, which supports work that advances the fundamental research literature on STEM learning, and by the Discovery Research K-12 program (DRK-12), which supports the research and development of innovative resources, models and tools in order to enhance STEM learning and teaching by pre-K-12 students and teachers.&lt;br/&gt;&lt;br/&gt;Researchers will examine the developmental origins of children’s understandings of the core mathematical concept of equality. They will conduct a series of behavioral studies that will range from behavioral observations to experiments to learning interventions. In one set of studies, they will assess children’s ability to evaluate whether two quantities are equal when they use a strategy that does not require knowing number words or formal mathematical symbols. The researchers will then test whether children are more likely to use this strategy when they are motivated by a social concern: a desire to make sure valuable resources are shared fairly. They will also test whether the ability changes as children learn numerical symbols (e.g., number words). Finally, researchers will test a learning intervention that involves their leveraging their intuitive understandings of equality, addition, and subtraction together with their motivation to ensure fairness. They hypothesize that such an approach will help children to understand the meaning of formal expressions (e.g., “9 + 1 = 10”) that they might otherwise simply memorize and solve by rote. By connecting children’s social and numerical intuitions with understanding of symbolic math, the project will address a central challenge in mathematics education that has important implications for early childhood education practices.&lt;br/&gt;&lt;br/&gt;This award reflects NSF's statutory mission and has been deemed worthy of support through evaluation using the Foundation's intellectual merit and broader impacts review criteria.</AbstractNarration>
<MinAmdLetterDate>06/03/2020</MinAmdLetterDate>
<MaxAmdLetterDate>06/30/2022</MaxAmdLetterDate>
<ARRAAmount/>
<TRAN_TYPE>Grant</TRAN_TYPE>
<CFDA_NUM>47.076</CFDA_NUM>
<NSF_PAR_USE_FLAG>1</NSF_PAR_USE_FLAG>
<FUND_AGCY_CODE>4900</FUND_AGCY_CODE>
<AWDG_AGCY_CODE>4900</AWDG_AGCY_CODE>
<AwardID>2000827</AwardID>
<Investigator>
<FirstName>David</FirstName>
<LastName>Barner</LastName>
<PI_MID_INIT>A</PI_MID_INIT>
<PI_SUFX_NAME/>
<PI_FULL_NAME>David A Barner</PI_FULL_NAME>
<EmailAddress><![CDATA[dbarner@ucsd.edu]]></EmailAddress>
<NSF_ID>000512033</NSF_ID>
<StartDate>06/03/2020</StartDate>
<EndDate/>
<RoleCode>Principal Investigator</RoleCode>
</Investigator>
<Institution>
<Name><![CDATA[University of California-San Diego]]></Name>
<CityName>LA JOLLA</CityName>
<ZipCode>920930021</ZipCode>
<PhoneNumber>8585344896</PhoneNumber>
<StreetAddress><![CDATA[9500 GILMAN DR]]></StreetAddress>
<StreetAddress2/>
<CountryName>United States</CountryName>
<StateName>California</StateName>
<StateCode>CA</StateCode>
<CONGRESSDISTRICT>50</CONGRESSDISTRICT>
<CONGRESS_DISTRICT_ORG>CA50</CONGRESS_DISTRICT_ORG>
<ORG_UEI_NUM>UYTTZT6G9DT1</ORG_UEI_NUM>
<ORG_LGL_BUS_NAME>UNIVERSITY OF CALIFORNIA, SAN DIEGO</ORG_LGL_BUS_NAME>
<ORG_PRNT_UEI_NUM/>
</Institution>
<Performance_Institution>
<Name><![CDATA[University of California-San Diego]]></Name>
<CityName>La Jolla</CityName>
<StateCode>CA</StateCode>
<ZipCode>920930109</ZipCode>
<StreetAddress><![CDATA[9500 Gilman Drive]]></StreetAddress>
<CountryCode>US</CountryCode>
<CountryName>United States</CountryName>
<StateName>California</StateName>
<CountryFlag>1</CountryFlag>
<CONGRESSDISTRICT>50</CONGRESSDISTRICT>
<CONGRESS_DISTRICT_PERF>CA50</CONGRESS_DISTRICT_PERF>
</Performance_Institution>
<ProgramElement>
<Code>764500</Code>
<Text>Discovery Research K-12</Text>
</ProgramElement>
<ProgramElement>
<Code>798000</Code>
<Text>ECR-EDU Core Research</Text>
</ProgramElement>
<ProgramReference>
<Code>8817</Code>
<Text>STEM Learning &amp; Learning Environments</Text>
</ProgramReference>
<Appropriation>
<Code>0420</Code>
<Name>NSF Education &amp; Human Resource</Name>
<APP_SYMB_ID>040106</APP_SYMB_ID>
</Appropriation>
<Appropriation>
<Code>0422</Code>
<Name>NSF Education &amp; Human Resource</Name>
<APP_SYMB_ID>040106</APP_SYMB_ID>
</Appropriation>
<Fund>
<Code>04002021DB</Code>
<Name><![CDATA[NSF Education & Human Resource]]></Name>
<FUND_SYMB_ID>040106</FUND_SYMB_ID>
</Fund>
<Fund>
<Code>04002223DB</Code>
<Name><![CDATA[NSF Education & Human Resource]]></Name>
<FUND_SYMB_ID>040106</FUND_SYMB_ID>
</Fund>
<FUND_OBLG>2020~474593</FUND_OBLG>
<FUND_OBLG>2022~237295</FUND_OBLG>
</Award>
</rootTag>
