<?xml version="1.0" encoding="UTF-8"?>
<rootTag>
<Award>
<AwardTitle><![CDATA[Let's do science! Promoting the development of beneficial beliefs about science in early childhood]]></AwardTitle>
<AGENCY>NSF</AGENCY>
<AwardEffectiveDate>05/01/2020</AwardEffectiveDate>
<AwardExpirationDate>04/30/2024</AwardExpirationDate>
<AwardTotalIntnAmount>1489778.00</AwardTotalIntnAmount>
<AwardAmount>1514274</AwardAmount>
<AwardInstrument>
<Value>Continuing Grant</Value>
</AwardInstrument>
<Organization>
<Code>11090000</Code>
<Directorate>
<Abbreviation>EDU</Abbreviation>
<LongName>Directorate for STEM Education</LongName>
</Directorate>
<Division>
<Abbreviation>DRL</Abbreviation>
<LongName>Division Of Research On Learning</LongName>
</Division>
</Organization>
<ProgramOfficer>
<SignBlockName>Lori Takeuchi</SignBlockName>
<PO_EMAI>ltakeuch@nsf.gov</PO_EMAI>
<PO_PHON>7032922190</PO_PHON>
</ProgramOfficer>
<AbstractNarration>The roots of gender, racial, and ethnic disparities in science achievement take hold in early childhood, with lifelong implications for educational outcomes. Often, these early roots are in the form of problematic beliefs, including beliefs that science is something in which only a select group of people can succeed. These beliefs are particularly discouraging for children from social groups that are underrepresented in science, including girls and children from certain racial and ethnic minority groups. This project will reveal how these problematic beliefs develop and how to promote more beneficial ones—in particular, how to promote beliefs that science is something that people learn to do rather than an identity that one needs to have. Further, this project will test whether targeting these beliefs in early childhood creates positive trajectories of science engagement over children’s transition from prekindergarten into formal schooling. In doing so, this project will develop a new approach to spreading beneficial beliefs about science and promoting science engagement among young children from social groups that are underrepresented in science, while addressing fundamental questions about how beliefs develop and spread across communities. By partnering with teachers to implement this project and using an innovative, webcam-based lab for remote developmental research, this project will maximize the opportunities for this research to lead to rapid changes in educational practices that will broaden participation in science in early childhood. This project is funded by the EHR Core Research program, which emphasizes STEM education research that will generate foundational knowledge in the field.&lt;br/&gt;&lt;br/&gt;Phase 1 will reveal the mechanisms by which problematic or beneficial beliefs about science arise in early childhood via an experimental field study with 2,000 children and 200 teachers in a large, public prekindergarten program. This field experiment will test a model of conceptual development and belief transmission wherein children’s beliefs are shaped by subtle features of the language they hear about science; in particular, teachers’ use of linguistic cues implying that scientists are a special kind of person, including category labels (e.g., “Let’s be scientists!”) and generic descriptions of what scientists do or are like (e.g., “Scientists discover things about the world”). The field experiment will test the influence of reducing these identity-focused linguistic cues, and instead encourage more action-oriented language (e.g., “Let’s do science! Doing science leads to discovering things about the world”) on the development of children’s science beliefs and behavior. Phase 2 will examine the extent to which children’s developing beliefs about whether success in science requires a special identity have consequences for the development of social stereotypes about science and for children’s science engagement and efficacy over the transition to kindergarten (as social disparities in science interest and social stereotypes about scientists begin to emerge). This phase will entail a two-year longitudinal follow-up study of a subset of 500 children from the field experiment, which will be conducted via an innovative webcam-based lab for remote developmental research, which will allow for longitudinal tracking after children transition schools. Thus, this project will advance research by addressing fundamental questions about the nature of early conceptual and social development, including how language shapes the development of children’s science beliefs and behavior, how children’s beliefs change over time, and how researchers and educators can harness developmental mechanisms to promote positive developmental trajectories of science engagement across diverse populations of children. Creation of a public website to share project materials and findings will enable rapid dissemination to researchers across disciplines, curriculum developers, prekindergarten teachers, and families of young children.&lt;br/&gt;&lt;br/&gt;This award reflects NSF's statutory mission and has been deemed worthy of support through evaluation using the Foundation's intellectual merit and broader impacts review criteria.</AbstractNarration>
<MinAmdLetterDate>04/30/2020</MinAmdLetterDate>
<MaxAmdLetterDate>06/03/2022</MaxAmdLetterDate>
<ARRAAmount/>
<TRAN_TYPE>Grant</TRAN_TYPE>
<CFDA_NUM>47.076</CFDA_NUM>
<NSF_PAR_USE_FLAG>1</NSF_PAR_USE_FLAG>
<FUND_AGCY_CODE>4900</FUND_AGCY_CODE>
<AWDG_AGCY_CODE>4900</AWDG_AGCY_CODE>
<AwardID>2000617</AwardID>
<Investigator>
<FirstName>Marjorie</FirstName>
<LastName>Rhodes</LastName>
<PI_MID_INIT/>
<PI_SUFX_NAME/>
<PI_FULL_NAME>Marjorie Rhodes</PI_FULL_NAME>
<EmailAddress><![CDATA[mr193@nyu.edu]]></EmailAddress>
<NSF_ID>000568907</NSF_ID>
<StartDate>04/30/2020</StartDate>
<EndDate/>
<RoleCode>Principal Investigator</RoleCode>
</Investigator>
<Institution>
<Name><![CDATA[New York University]]></Name>
<CityName>NEW YORK</CityName>
<ZipCode>100121019</ZipCode>
<PhoneNumber>2129982121</PhoneNumber>
<StreetAddress><![CDATA[70 WASHINGTON SQ S]]></StreetAddress>
<StreetAddress2/>
<CountryName>United States</CountryName>
<StateName>New York</StateName>
<StateCode>NY</StateCode>
<CONGRESSDISTRICT>10</CONGRESSDISTRICT>
<CONGRESS_DISTRICT_ORG>NY10</CONGRESS_DISTRICT_ORG>
<ORG_UEI_NUM>NX9PXMKW5KW8</ORG_UEI_NUM>
<ORG_LGL_BUS_NAME>NEW YORK UNIVERSITY</ORG_LGL_BUS_NAME>
<ORG_PRNT_UEI_NUM/>
</Institution>
<Performance_Institution>
<Name><![CDATA[New York University]]></Name>
<CityName>New York</CityName>
<StateCode>NY</StateCode>
<ZipCode>100036603</ZipCode>
<StreetAddress><![CDATA[6 Washington Place]]></StreetAddress>
<CountryCode>US</CountryCode>
<CountryName>United States</CountryName>
<StateName>New York</StateName>
<CountryFlag>1</CountryFlag>
<CONGRESSDISTRICT>10</CONGRESSDISTRICT>
<CONGRESS_DISTRICT_PERF>NY10</CONGRESS_DISTRICT_PERF>
</Performance_Institution>
<ProgramElement>
<Code>798000</Code>
<Text>ECR-EDU Core Research</Text>
</ProgramElement>
<ProgramReference>
<Code>8212</Code>
<Text>Broaden Particip STEM Resrch</Text>
</ProgramReference>
<ProgramReference>
<Code>8817</Code>
<Text>STEM Learning &amp; Learning Environments</Text>
</ProgramReference>
<ProgramReference>
<Code>9251</Code>
<Text>REU SUPP-Res Exp for Ugrd Supp</Text>
</ProgramReference>
<Appropriation>
<Code/>
<Name/>
<APP_SYMB_ID/>
</Appropriation>
<Appropriation>
<Code/>
<Name/>
<APP_SYMB_ID/>
</Appropriation>
<Appropriation>
<Code>0421</Code>
<Name>NSF Education &amp; Human Resource</Name>
<APP_SYMB_ID>040106</APP_SYMB_ID>
</Appropriation>
<Fund>
<Code>04002021DB</Code>
<Name><![CDATA[NSF Education & Human Resource]]></Name>
<FUND_SYMB_ID>040106</FUND_SYMB_ID>
</Fund>
<Fund>
<Code>04002223DB</Code>
<Name><![CDATA[NSF Education & Human Resource]]></Name>
<FUND_SYMB_ID>040106</FUND_SYMB_ID>
</Fund>
<Fund>
<Code>04002122DB</Code>
<Name><![CDATA[NSF Education & Human Resource]]></Name>
<FUND_SYMB_ID>040106</FUND_SYMB_ID>
</Fund>
<FUND_OBLG>2020~1005974</FUND_OBLG>
<FUND_OBLG>2021~24496</FUND_OBLG>
<FUND_OBLG>2022~483804</FUND_OBLG>
<POR>
<DRECONTENT><![CDATA[<div class="porColContainerWBG"> <div class="porContentCol"><p>This project developed new strategies for promoting early science engagement across diverse and underrepresented populations of children, by targeting the mechanisms by which problematic beliefs that interfere with achievement develop. The roots of gender, racial, and ethnic disparities in science achievement take hold in early childhood, with lifelong implications for educational and developmental outcomes. Often, these early roots are in the form of problematic beliefs, including that&nbsp;one has to be<em>&nbsp;</em>a<em>&nbsp;</em>special kind of person<em>&nbsp;</em>to succeed in science, and therefore, that science is something in which only a select group of people can excel. These beliefs are particularly discouraging for children from social groups that are underrepresented in science. This&nbsp;project revealed that subtle features of the language that educators and parents commonly use to introduce science to young children can contribute to the development of these problematic beliefs, but that changing this language can promote the development of more beneficial beliefs, prevent the development of gender stereotypes, and reduce disparities in early science persistence, efficacy, and interest. Effects of the language-based intervention were sustained for two years, over the transition to formal schooling. This project thus developed a new approach for harnessing developmental mechanisms to spread beneficial beliefs about science and promoting science engagement in early childhood among young children from social groups that are underrepresented in science.</p> <p>&nbsp;</p> <p>&nbsp;</p><br> <p>  Last Modified: 05/18/2024<br> Modified by: Marjorie&nbsp;Rhodes</p></div> <div class="porSideCol" ></div> </div>]]></DRECONTENT>
<POR_COPY_TXT><![CDATA[  This project developed new strategies for promoting early science engagement across diverse and underrepresented populations of children, by targeting the mechanisms by which problematic beliefs that interfere with achievement develop. The roots of gender, racial, and ethnic disparities in science achievement take hold in early childhood, with lifelong implications for educational and developmental outcomes. Often, these early roots are in the form of problematic beliefs, including thatone has to beaspecial kind of personto succeed in science, and therefore, that science is something in which only a select group of people can excel. These beliefs are particularly discouraging for children from social groups that are underrepresented in science. Thisproject revealed that subtle features of the language that educators and parents commonly use to introduce science to young children can contribute to the development of these problematic beliefs, but that changing this language can promote the development of more beneficial beliefs, prevent the development of gender stereotypes, and reduce disparities in early science persistence, efficacy, and interest. Effects of the language-based intervention were sustained for two years, over the transition to formal schooling. This project thus developed a new approach for harnessing developmental mechanisms to spread beneficial beliefs about science and promoting science engagement in early childhood among young children from social groups that are underrepresented in science.           Last Modified: 05/18/2024       Submitted by: MarjorieRhodes]]></POR_COPY_TXT>
</POR>
</Award>
</rootTag>
