<?xml version="1.0" encoding="UTF-8"?>
<rootTag>
<Award>
<AwardTitle><![CDATA[CAREER:  Mechanobiology of Septins in the Cytoskeleton]]></AwardTitle>
<AGENCY>NSF</AGENCY>
<AwardEffectiveDate>09/01/2019</AwardEffectiveDate>
<AwardExpirationDate>02/28/2023</AwardExpirationDate>
<AwardTotalIntnAmount>235619.00</AwardTotalIntnAmount>
<AwardAmount>449041</AwardAmount>
<AwardInstrument>
<Value>Standard Grant</Value>
</AwardInstrument>
<Organization>
<Code>07030000</Code>
<Directorate>
<Abbreviation>ENG</Abbreviation>
<LongName>Directorate For Engineering</LongName>
</Directorate>
<Division>
<Abbreviation>CMMI</Abbreviation>
<LongName>Div Of Civil, Mechanical, &amp; Manufact Inn</LongName>
</Division>
</Organization>
<ProgramOfficer>
<SignBlockName>Wendy C. Crone</SignBlockName>
<PO_EMAI>wcrone@nsf.gov</PO_EMAI>
<PO_PHON>7032920000</PO_PHON>
</ProgramOfficer>
<AbstractNarration>Understanding the mechanisms of how cells manipulate their own material properties will provide new ways to treat disease and a way to develop new engineering materials. The cells and tissues that make up living organisms have material properties just like any other substance. When exposed to mechanical forces, such as pulling or pushing, they stretch and change shape. They can even generate these forces themselves.  The material properties of cells are controlled by the cytoskeleton, a collection of filamentous proteins. This network of filaments gives cells their shape, much like the skeleton defines the human shape. In cells, however, this network is dynamic and adaptive, reorganizing itself to help cells perform various functions or to resist outside mechanical stresses. The cytoskeleton thus represents a new class of material that doesn't obey the traditional models of engineering materials. It can modulate its material properties in both space and time.  This Faculty Early Career Development Program (CAREER) project will determine how the cell is able to spatially and temporally regulate its material properties and unearth novel design principles that can be used to develop new engineering materials and to understand how some diseases affect cell behavior. Sitting at the interface between physics, biology, and engineering, this multi-disciplinary work will inform research across a broad spectrum of fields. Most importantly, it will create opportunities for a diverse set of students and young researchers to develop innovative skills and perspectives, in particular learning to communicate novel methods and ideas across disciplines. &lt;br/&gt;&lt;br/&gt;The cytoskeleton is a model system for developing insights into non-equilibrium mechanics and network dynamics, and is known to both generate and respond to mechanical signals. Despite the fact that the principal molecular biochemical interactions have been well detailed, we still lack an understanding of how macroscopic scale behaviors emerge from the collection of many molecular interactions. Septins are the least studied filaments that make up the cytoskeleton. They bind to both actin and the plasma membrane, and have been shown to localize specifically to regions of actin curvature and mechanical stress. This research project will test the hypothesis that septins help to regulate the material properties of the cytoskeleton by altering the local architecture. This work will measure the material properties of septin-actin networks in both living cells and purified protein networks, and test the response of these networks to mechanical perturbations such as micropatterning to control cell shape, traction force microscopy, and optogenetics to induce local contractions. In addition to potentially uncovering novel mechanisms to regulate cell shape, this work will also generate insight into how molecular interactions in a network are integrated into macroscopic behaviors.&lt;br/&gt;&lt;br/&gt;This award reflects NSF's statutory mission and has been deemed worthy of support through evaluation using the Foundation's intellectual merit and broader impacts review criteria.</AbstractNarration>
<MinAmdLetterDate>01/28/2020</MinAmdLetterDate>
<MaxAmdLetterDate>01/28/2020</MaxAmdLetterDate>
<ARRAAmount/>
<TRAN_TYPE>Grant</TRAN_TYPE>
<CFDA_NUM>47.041</CFDA_NUM>
<NSF_PAR_USE_FLAG>1</NSF_PAR_USE_FLAG>
<FUND_AGCY_CODE>4900</FUND_AGCY_CODE>
<AWDG_AGCY_CODE>4900</AWDG_AGCY_CODE>
<AwardID>2000554</AwardID>
<Investigator>
<FirstName>Patrick</FirstName>
<LastName>Oakes</LastName>
<PI_MID_INIT>W</PI_MID_INIT>
<PI_SUFX_NAME/>
<PI_FULL_NAME>Patrick W Oakes</PI_FULL_NAME>
<EmailAddress><![CDATA[poakes@luc.edu]]></EmailAddress>
<NSF_ID>000752256</NSF_ID>
<StartDate>01/28/2020</StartDate>
<EndDate/>
<RoleCode>Principal Investigator</RoleCode>
</Investigator>
<Institution>
<Name><![CDATA[Loyola University of Chicago, Health Sciences Campus]]></Name>
<CityName>MAYWOOD</CityName>
<ZipCode>601533328</ZipCode>
<PhoneNumber>7082168537</PhoneNumber>
<StreetAddress><![CDATA[2160 S 1ST AVE]]></StreetAddress>
<StreetAddress2/>
<CountryName>United States</CountryName>
<StateName>Illinois</StateName>
<StateCode>IL</StateCode>
<CONGRESSDISTRICT>07</CONGRESSDISTRICT>
<CONGRESS_DISTRICT_ORG>IL07</CONGRESS_DISTRICT_ORG>
<ORG_UEI_NUM>RFRPFMNR8LA5</ORG_UEI_NUM>
<ORG_LGL_BUS_NAME>LOYOLA UNIVERSITY OF CHICAGO</ORG_LGL_BUS_NAME>
<ORG_PRNT_UEI_NUM/>
</Institution>
<Performance_Institution>
<Name><![CDATA[Loyola University Stritch School of Medicine]]></Name>
<CityName/>
<StateCode>IL</StateCode>
<ZipCode>601533304</ZipCode>
<StreetAddress/>
<CountryCode>US</CountryCode>
<CountryName>United States</CountryName>
<StateName>Illinois</StateName>
<CountryFlag>1</CountryFlag>
<CONGRESSDISTRICT>07</CONGRESSDISTRICT>
<CONGRESS_DISTRICT_PERF>IL07</CONGRESS_DISTRICT_PERF>
</Performance_Institution>
<ProgramElement>
<Code>104500</Code>
<Text>CAREER: FACULTY EARLY CAR DEV</Text>
</ProgramElement>
<ProgramElement>
<Code>747900</Code>
<Text>BMMB-Biomech &amp; Mechanobiology</Text>
</ProgramElement>
<ProgramReference>
<Code>027E</Code>
<Text>NANOMECHANICS</Text>
</ProgramReference>
<ProgramReference>
<Code>028E</Code>
<Text>BIOMECHANICS</Text>
</ProgramReference>
<ProgramReference>
<Code>070Z</Code>
<Text>MB-Mechanobiology</Text>
</ProgramReference>
<ProgramReference>
<Code>1045</Code>
<Text>CAREER-Faculty Erly Career Dev</Text>
</ProgramReference>
<Appropriation>
<Code>0118</Code>
<Name>NSF RESEARCH &amp; RELATED ACTIVIT</Name>
<APP_SYMB_ID>040100</APP_SYMB_ID>
</Appropriation>
<Fund>
<Code>01001819DB</Code>
<Name><![CDATA[NSF RESEARCH & RELATED ACTIVIT]]></Name>
<FUND_SYMB_ID>040100</FUND_SYMB_ID>
</Fund>
<FUND_OBLG>2018~449040</FUND_OBLG>
<POR>
<DRECONTENT><![CDATA[<div class="porColContainerWBG"> <div class="porContentCol"><p>The cytoskeleton is the key structure that allows cells to change their shape. This ability is the basis of the most fundamental processes in cell biology including proliferation, cell migration and adhesion, and development. Septins are a subset of filamentous proteins that help make up the cytoskeleton and who localize at a number of locations that are associated with or subject to mechanical forces. The goal of this project was to determine whether septins are connected to mechanical signaling and stability of the cytoskeleton.</p> <p>&nbsp;</p> <p>To address this question, we adapted and developed a number of techniques to both mechanically perturb the cytoskeleton and to measure protein response to these perturbations. We made use of established techniques including micropatterning to control cell shape, and optogenetics to alter mechanical signaling pathways. We also developed a new approach to use locally focused laser light to change tension in septin decorated structures. This technique allowed us to control these perturbations in both space and time, enabling clear, reproducible results showing recruitment of mechanosensitive proteins. While we did not find septins to be directly mechanosensitive, this technique did prove useful in identifying two other novel mechanosensitive proteins.</p> <p>&nbsp;</p> <p>In place of sensing mechanical forces directly, we found that septins are particularly sensitive to changes in the architecture of the cytoskeleton. When the filaments in the cytoskeleton are disrupted, septins relocate to the cortex, or surface, of the cell. When the cell needs to change shape to squeeze through small spaces, septins relocate to the point of constriction. When we locally induce contraction by using light to turn on a signaling pathway, septins accumulate on cytoskeletal fibers in that region. Together all of these data suggest that septins are serving to support and potentially reinforce the cytoskeletal structure and buffer mechanical stresses on the cell. This is also consistent with previous reports that identify septins at other structures that are likely under mechanical stresses. Most excitingly, these data suggest that there separate signaling pathways that overlap, one biochemical and one physical, regulating septin activity.</p> <p>&nbsp;</p> <p>Stepping back, these results align beautifully with the larger project goals of highlighting how biology and physics interact. Septins are clearly being regulated by a combination of both biochemical signaling and mechanical signaling. Most excitingly, the results from this project indicate that while these pathways overlap, they also exist as separate stimuli. One of the goals of this proposal was to stimulate biologists to think about physics, and physicists to think about biology. In that regard, we consider this work a great success and look forward to continuing to explore the fascinating overlap of these two disciplines as we pursue the functional role of septins in the cytoskeleton.</p> <p>&nbsp;</p><br> <p>            Last Modified: 06/29/2023<br>      Modified by: Patrick&nbsp;W&nbsp;Oakes</p> </div> <div class="porSideCol"> <div class="each-gallery"> <div class="galContent" id="gallery0"> <div class="photoCount" id="photoCount0">          Image         </div> <div class="galControls onePhoto" id="controls0"></div> <div class="galSlideshow" id="slideshow0"></div> <div class="galEmbox" id="embox"> <div class="image-title"></div> </div> </div> <div class="galNavigation onePhoto" id="navigation0"> <ul class="thumbs" id="thumbs0"> <li> <a href="/por/images/Reports/POR/2023/2000554/2000554_10532556_1688091258924_Outcome_picture--rgov-214x142.jpg" original="/por/images/Reports/POR/2023/2000554/2000554_10532556_1688091258924_Outcome_picture--rgov-800width.jpg" title="Septin Cytoskeleton"><img src="/por/images/Reports/POR/2023/2000554/2000554_10532556_1688091258924_Outcome_picture--rgov-66x44.jpg" alt="Septin Cytoskeleton"></a> <div class="imageCaptionContainer"> <div class="imageCaption">An image of a mouse fibroblast fixed and stained to show the actin cytoskeleton in gray and septins in orange.</div> <div class="imageCredit">Margaret Utgaard</div> <div class="imagePermisssions">Creative Commons</div> <div class="imageSubmitted">Patrick&nbsp;W&nbsp;Oakes</div> <div class="imageTitle">Septin Cytoskeleton</div> </div> </li> </ul> </div> </div> </div> </div>]]></DRECONTENT>
<POR_COPY_TXT><![CDATA[ The cytoskeleton is the key structure that allows cells to change their shape. This ability is the basis of the most fundamental processes in cell biology including proliferation, cell migration and adhesion, and development. Septins are a subset of filamentous proteins that help make up the cytoskeleton and who localize at a number of locations that are associated with or subject to mechanical forces. The goal of this project was to determine whether septins are connected to mechanical signaling and stability of the cytoskeleton.     To address this question, we adapted and developed a number of techniques to both mechanically perturb the cytoskeleton and to measure protein response to these perturbations. We made use of established techniques including micropatterning to control cell shape, and optogenetics to alter mechanical signaling pathways. We also developed a new approach to use locally focused laser light to change tension in septin decorated structures. This technique allowed us to control these perturbations in both space and time, enabling clear, reproducible results showing recruitment of mechanosensitive proteins. While we did not find septins to be directly mechanosensitive, this technique did prove useful in identifying two other novel mechanosensitive proteins.     In place of sensing mechanical forces directly, we found that septins are particularly sensitive to changes in the architecture of the cytoskeleton. When the filaments in the cytoskeleton are disrupted, septins relocate to the cortex, or surface, of the cell. When the cell needs to change shape to squeeze through small spaces, septins relocate to the point of constriction. When we locally induce contraction by using light to turn on a signaling pathway, septins accumulate on cytoskeletal fibers in that region. Together all of these data suggest that septins are serving to support and potentially reinforce the cytoskeletal structure and buffer mechanical stresses on the cell. This is also consistent with previous reports that identify septins at other structures that are likely under mechanical stresses. Most excitingly, these data suggest that there separate signaling pathways that overlap, one biochemical and one physical, regulating septin activity.     Stepping back, these results align beautifully with the larger project goals of highlighting how biology and physics interact. Septins are clearly being regulated by a combination of both biochemical signaling and mechanical signaling. Most excitingly, the results from this project indicate that while these pathways overlap, they also exist as separate stimuli. One of the goals of this proposal was to stimulate biologists to think about physics, and physicists to think about biology. In that regard, we consider this work a great success and look forward to continuing to explore the fascinating overlap of these two disciplines as we pursue the functional role of septins in the cytoskeleton.          Last Modified: 06/29/2023       Submitted by: Patrick W Oakes]]></POR_COPY_TXT>
</POR>
</Award>
</rootTag>
