<?xml version="1.0" encoding="UTF-8"?>
<rootTag>
<Award>
<AwardTitle><![CDATA[Understanding PhD Career Pathways: Transitions and Persistence in the PhD-Prepared STEM Workforce]]></AwardTitle>
<AGENCY>NSF</AGENCY>
<AwardEffectiveDate>08/01/2020</AwardEffectiveDate>
<AwardExpirationDate>05/31/2024</AwardExpirationDate>
<AwardTotalIntnAmount>512509.00</AwardTotalIntnAmount>
<AwardAmount>512509</AwardAmount>
<AwardInstrument>
<Value>Standard Grant</Value>
</AwardInstrument>
<Organization>
<Code>11010000</Code>
<Directorate>
<Abbreviation>EDU</Abbreviation>
<LongName>Directorate for STEM Education</LongName>
</Directorate>
<Division>
<Abbreviation>DGE</Abbreviation>
<LongName>Division Of Graduate Education</LongName>
</Division>
</Organization>
<ProgramOfficer>
<SignBlockName>Andrea Nixon</SignBlockName>
<PO_EMAI>anixon@nsf.gov</PO_EMAI>
<PO_PHON>7032922321</PO_PHON>
</ProgramOfficer>
<AbstractNarration>The Council of Graduate Schools will examine data about science, technology, engineering, and mathematics (STEM) PhD career aspirations and alumni outcomes from a network of 70 diverse U.S. doctoral institutions.  The proposed project will conduct a survey to examine individual and environmental factors that influence retention and persistence in STEM careers and transitions between employment sectors.  The underlying assumption of the project is that individual attributes such as self-efficacy and career values, as well as environmental factors such as organizational climate of the STEM workplace, could explain job transitions and persistence of early- and mid-career STEM doctorate holders. The project will contribute to knowledge about how these individual attributes and perceptions of environmental factors might change with various socialization, acculturation, and professionalization processes during and after the STEM doctoral education is completed. The project responds to recent studies that uncover declining interest in STEM academic careers and decreasing satisfaction with graduate school experiences by empirically documenting how socialization, acculturation, and professionalization activities may affect career progression in the STEM workforce.  The project also isolates potential avenues for policy interventions designed to increase STEM persistence.&lt;br/&gt;&lt;br/&gt;Grounded in career anchor and social cognitive career theory, the study will employ a mixed-methods design to investigate three research questions: (1) How do factors, including participation in various career and professional development activities, as well as prior employment as contingent faculty and/or postdoctoral trainee, explain persistence and transitions of STEM PhD alumni in the STEM professoriate or other STEM workplaces?  (2) How do factors, including participation in various career and professional development activities, as well as prior/current employment as contingent faculty and/or postdoctoral trainee, explain perceptions about organizational climate and culture in STEM fields among doctoral scientists and engineers? and (3) How do individual factors, including participation in various career and professional development activities, as well as prior employment as contingent faculty and/or postdoctoral trainee, as well as perceptions about organizational climate and culture in STEM fields, influence career transitions of STEM PhD alumni and students across employment sectors in and out of STEM fields?   Researchers will conduct a follow-up survey of more than 2,500 alumni and 4,000 student participants in the current Understanding PhD Career Pathways for Program Improvement in STEM project and include semi-structured qualitative interviews of a purposeful sample of survey respondents. Having collected the data, the researchers will run logistic regressions to determine which covariates are most informative for explaining STEM field persistence and transitions. The project will produce data that can guide investments and strategies to support STEM career development.&lt;br/&gt;&lt;br/&gt;This project is supported by the EHR Core Research (ECR) program, STEM professional workforce development theme. ECR funds fundamental research projects that address STEM learning and learning environments, broadening participation in STEM, and STEM workforce development.&lt;br/&gt;&lt;br/&gt;This award reflects NSF's statutory mission and has been deemed worthy of support through evaluation using the Foundation's intellectual merit and broader impacts review criteria.</AbstractNarration>
<MinAmdLetterDate>06/22/2020</MinAmdLetterDate>
<MaxAmdLetterDate>08/16/2022</MaxAmdLetterDate>
<ARRAAmount/>
<TRAN_TYPE>Grant</TRAN_TYPE>
<CFDA_NUM>47.076</CFDA_NUM>
<NSF_PAR_USE_FLAG>1</NSF_PAR_USE_FLAG>
<FUND_AGCY_CODE>4900</FUND_AGCY_CODE>
<AWDG_AGCY_CODE>4900</AWDG_AGCY_CODE>
<AwardID>2000750</AwardID>
<Investigator>
<FirstName>Julia</FirstName>
<LastName>Kent</LastName>
<PI_MID_INIT>D</PI_MID_INIT>
<PI_SUFX_NAME/>
<PI_FULL_NAME>Julia D Kent</PI_FULL_NAME>
<EmailAddress><![CDATA[jkent@cgs.nche.edu]]></EmailAddress>
<NSF_ID>000599867</NSF_ID>
<StartDate>06/22/2020</StartDate>
<EndDate/>
<RoleCode>Co-Principal Investigator</RoleCode>
</Investigator>
<Investigator>
<FirstName>Suzanne</FirstName>
<LastName>Ortega</LastName>
<PI_MID_INIT>T</PI_MID_INIT>
<PI_SUFX_NAME/>
<PI_FULL_NAME>Suzanne T Ortega</PI_FULL_NAME>
<EmailAddress><![CDATA[sortega@cgs.nche.edu]]></EmailAddress>
<NSF_ID>000676045</NSF_ID>
<StartDate>06/22/2020</StartDate>
<EndDate/>
<RoleCode>Principal Investigator</RoleCode>
</Investigator>
<Investigator>
<FirstName>Hironao</FirstName>
<LastName>Okahana</LastName>
<PI_MID_INIT/>
<PI_SUFX_NAME/>
<PI_FULL_NAME>Hironao Okahana</PI_FULL_NAME>
<EmailAddress><![CDATA[hokahana@cgs.nche.edu]]></EmailAddress>
<NSF_ID>000692675</NSF_ID>
<StartDate>06/22/2020</StartDate>
<EndDate>09/13/2021</EndDate>
<RoleCode>Former Co-Principal Investigator</RoleCode>
</Investigator>
<Investigator>
<FirstName>Enyu</FirstName>
<LastName>Zhou</LastName>
<PI_MID_INIT/>
<PI_SUFX_NAME/>
<PI_FULL_NAME>Enyu Zhou</PI_FULL_NAME>
<EmailAddress><![CDATA[ezhou@cgs.nche.edu]]></EmailAddress>
<NSF_ID>000874264</NSF_ID>
<StartDate>08/16/2022</StartDate>
<EndDate/>
<RoleCode>Co-Principal Investigator</RoleCode>
</Investigator>
<Institution>
<Name><![CDATA[Council of Graduate Schools]]></Name>
<CityName>WASHINGTON</CityName>
<ZipCode>200361173</ZipCode>
<PhoneNumber>2022233791</PhoneNumber>
<StreetAddress><![CDATA[1 DUPONT CIR NW STE 230]]></StreetAddress>
<StreetAddress2/>
<CountryName>United States</CountryName>
<StateName>District of Columbia</StateName>
<StateCode>DC</StateCode>
<CONGRESSDISTRICT>00</CONGRESSDISTRICT>
<CONGRESS_DISTRICT_ORG>DC00</CONGRESS_DISTRICT_ORG>
<ORG_UEI_NUM>CU3UNKJBXGM3</ORG_UEI_NUM>
<ORG_LGL_BUS_NAME>COUNCIL OF GRADUATE SCHOOLS</ORG_LGL_BUS_NAME>
<ORG_PRNT_UEI_NUM/>
</Institution>
<Performance_Institution>
<Name><![CDATA[Council of Graduate Schools]]></Name>
<CityName>Washington</CityName>
<StateCode>DC</StateCode>
<ZipCode>200361146</ZipCode>
<StreetAddress><![CDATA[1 Dupont Circle NW]]></StreetAddress>
<CountryCode>US</CountryCode>
<CountryName>United States</CountryName>
<StateName>District of Columbia</StateName>
<CountryFlag>1</CountryFlag>
<CONGRESSDISTRICT>00</CONGRESSDISTRICT>
<CONGRESS_DISTRICT_PERF>DC00</CONGRESS_DISTRICT_PERF>
</Performance_Institution>
<ProgramElement>
<Code>798000</Code>
<Text>ECR-EDU Core Research</Text>
</ProgramElement>
<ProgramReference>
<Code>8816</Code>
<Text>Workforce Development</Text>
</ProgramReference>
<Appropriation>
<Code>0420</Code>
<Name>NSF Education &amp; Human Resource</Name>
<APP_SYMB_ID>040106</APP_SYMB_ID>
</Appropriation>
<Fund>
<Code>04002021DB</Code>
<Name><![CDATA[NSF Education & Human Resource]]></Name>
<FUND_SYMB_ID>040106</FUND_SYMB_ID>
</Fund>
<FUND_OBLG>2020~512509</FUND_OBLG>
<POR>
<DRECONTENT><![CDATA[<div class="porColContainerWBG"> <div class="porContentCol"><p class="Default">The Council of Graduate Schools (CGS) examined data about science, technology, engineering, and mathematics (STEM) PhD career aspirations and alumni outcomes from a network of diverse U.S. doctoral institutions.&nbsp;The goal of this project is to further the understanding of the career pathways of PhD holders in STEM fields and the implications for the administration of graduate education programs. Grounded in career anchor and social cognitive career theory, this project employed a mixed-methods design. Specifically, this project collected and analyzed detailed quantitative and qualitative data of STEM doctoral students and alumni at different phases of their careers. By studying STEM doctoral students at different phases of their careers, this project deepened our fundamental understanding of retention and persistence in STEM doctoral education and STEM careers. This project also interrogated what individual attributes and environmental factors of the STEM labor force impact persistence in STEM work and transitions between employment sectors, particularly among individuals from underrepresented backgrounds.</p> <p class="Default">&nbsp;</p> <p>Over the course of this project, the CGS team carried out a number of activities to support the project goals. With support from the National Science Foundation (NSF award number 1661272), CGS has developed a network of 75 U.S. doctoral institutions collecting data about PhD career aspirations and PhD alumni outcomes. Using contact information provided by the baseline survey respondents who have agreed to be contacted for follow-up studies, the CGS team conducted a follow-up survey of more than 2,500 alumni and 4,000 student participants in the Understanding PhD Career Pathways for Program Improvement in STEM project. In addition, the CGS team conducted 80 semi-structured qualitative interviews of a purposeful sample of survey respondents using contact information gained through the baseline surveys. The interviewers were survey participants who had earned a PhD in STEM and who were underrepresented minorities in STEM.</p> <p>The CGS team have publicly released findings through a series of data briefs, conference presentations and papers. Below is a summary of the significant results of this project:</p> <p class="Default"><em>&nbsp;</em></p> <p class="Default"><em>Racial Climate</em>. Among PhD students, perceptions of their program&rsquo;s racial climate were positively linked to their overall program satisfaction. This finding provides evidence that climate is a salient factor in the STEM PhD experience and is the responsibility of faculty and program administrators.</p> <p class="Default"><em>&nbsp;</em></p> <p><em>PhD STEM Students of Color are Career Driven</em>. PhD students of color in the STEM field are self-career driven and will research and apply for additional funding and fellowships, seek out supportive community, and pivot to overcome obstacles and maximize on career development and training opportunities.</p> <p>&nbsp;</p> <p><em>Postdoctoral Experience</em>. Not all postdocs subsequently went on to faculty positions. For postdocs in the STEM fields, a large percentage were working in industry. Former postdoctoral associates reported favorable views on how their postdoctoral experience helped them secure subsequent employment.</p> <p>&nbsp;</p> <p class="Default"><em>Timing Matters</em>. Across many of the professional development activities surveyed, PhD alumni respondents noted that early professional development is essential for their perceptions of career preparation. Certain skills, such as networking, were rated as useful nearly equally across early, middle, and late doctoral programs.</p> <p>&nbsp;</p> <p>Graduate institutions and scientific funders make significant investments in doctoral education to build the STEM workforce, and students themselves invest time and resources in pursuing STEM doctoral degrees. By providing new knowledge about the factors associated with STEM careers, this project would allow universities and scientific agencies to better deploy investments and strategies that support successful STEM career trajectories. By identifying factors associated with underrepresented minorities experience in the STEM professoriate, the project could help institutions refine their strategies for supporting graduate students and alumni pursuing careers in the STEM professoriate. The resulting findings will be added to the body of higher education research and scholarship on STEM doctoral education.</p> <p>&nbsp;</p><br> <p>  Last Modified: 09/09/2024<br> Modified by: Suzanne&nbsp;T&nbsp;Ortega</p></div> <div class="porSideCol" ></div> </div>]]></DRECONTENT>
<POR_COPY_TXT><![CDATA[  The Council of Graduate Schools (CGS) examined data about science, technology, engineering, and mathematics (STEM) PhD career aspirations and alumni outcomes from a network of diverse U.S. doctoral institutions.The goal of this project is to further the understanding of the career pathways of PhD holders in STEM fields and the implications for the administration of graduate education programs. Grounded in career anchor and social cognitive career theory, this project employed a mixed-methods design. Specifically, this project collected and analyzed detailed quantitative and qualitative data of STEM doctoral students and alumni at different phases of their careers. By studying STEM doctoral students at different phases of their careers, this project deepened our fundamental understanding of retention and persistence in STEM doctoral education and STEM careers. This project also interrogated what individual attributes and environmental factors of the STEM labor force impact persistence in STEM work and transitions between employment sectors, particularly among individuals from underrepresented backgrounds.      Over the course of this project, the CGS team carried out a number of activities to support the project goals. With support from the National Science Foundation (NSF award number 1661272), CGS has developed a network of 75 U.S. doctoral institutions collecting data about PhD career aspirations and PhD alumni outcomes. Using contact information provided by the baseline survey respondents who have agreed to be contacted for follow-up studies, the CGS team conducted a follow-up survey of more than 2,500 alumni and 4,000 student participants in the Understanding PhD Career Pathways for Program Improvement in STEM project. In addition, the CGS team conducted 80 semi-structured qualitative interviews of a purposeful sample of survey respondents using contact information gained through the baseline surveys. The interviewers were survey participants who had earned a PhD in STEM and who were underrepresented minorities in STEM.   The CGS team have publicly released findings through a series of data briefs, conference presentations and papers. Below is a summary of the significant results of this project:      Racial Climate. Among PhD students, perceptions of their programs racial climate were positively linked to their overall program satisfaction. This finding provides evidence that climate is a salient factor in the STEM PhD experience and is the responsibility of faculty and program administrators.      PhD STEM Students of Color are Career Driven. PhD students of color in the STEM field are self-career driven and will research and apply for additional funding and fellowships, seek out supportive community, and pivot to overcome obstacles and maximize on career development and training opportunities.      Postdoctoral Experience. Not all postdocs subsequently went on to faculty positions. For postdocs in the STEM fields, a large percentage were working in industry. Former postdoctoral associates reported favorable views on how their postdoctoral experience helped them secure subsequent employment.      Timing Matters. Across many of the professional development activities surveyed, PhD alumni respondents noted that early professional development is essential for their perceptions of career preparation. Certain skills, such as networking, were rated as useful nearly equally across early, middle, and late doctoral programs.      Graduate institutions and scientific funders make significant investments in doctoral education to build the STEM workforce, and students themselves invest time and resources in pursuing STEM doctoral degrees. By providing new knowledge about the factors associated with STEM careers, this project would allow universities and scientific agencies to better deploy investments and strategies that support successful STEM career trajectories. By identifying factors associated with underrepresented minorities experience in the STEM professoriate, the project could help institutions refine their strategies for supporting graduate students and alumni pursuing careers in the STEM professoriate. The resulting findings will be added to the body of higher education research and scholarship on STEM doctoral education.        Last Modified: 09/09/2024       Submitted by: SuzanneTOrtega]]></POR_COPY_TXT>
</POR>
</Award>
</rootTag>
