<?xml version="1.0" encoding="UTF-8"?>
<rootTag>
<Award>
<AwardTitle><![CDATA[Non-Linear Diffusion Modeling: From Geometry, to Materials, to Social Dynamics]]></AwardTitle>
<AGENCY>NSF</AGENCY>
<AwardEffectiveDate>06/01/2020</AwardEffectiveDate>
<AwardExpirationDate>05/31/2023</AwardExpirationDate>
<AwardTotalIntnAmount>280377.00</AwardTotalIntnAmount>
<AwardAmount>280377</AwardAmount>
<AwardInstrument>
<Value>Standard Grant</Value>
</AwardInstrument>
<Organization>
<Code>03040000</Code>
<Directorate>
<Abbreviation>MPS</Abbreviation>
<LongName>Direct For Mathematical &amp; Physical Scien</LongName>
</Directorate>
<Division>
<Abbreviation>DMS</Abbreviation>
<LongName>Division Of Mathematical Sciences</LongName>
</Division>
</Organization>
<ProgramOfficer>
<SignBlockName>Marian Bocea</SignBlockName>
<PO_EMAI>mbocea@nsf.gov</PO_EMAI>
<PO_PHON>7032922595</PO_PHON>
</ProgramOfficer>
<AbstractNarration>The principal investigator (PI) will investigate a series of problems in mathematics with applications to diverse areas of Science. A good number of the issues the PI plans to address are a natural continuation of problems he has explored recently that keep progressing and diffusing through a wider mathematical community. The questions to be studied have a certain universality in the sense that the same paradigm reappears from geometry and analysis, to fluid dynamics and material sciences, to financial mathematics and, more recently, biology and stochastic geometry. The project provides research training opportunities for graduate students and postdoctoral researchers.&lt;br/&gt;&lt;br/&gt;The first project concerns compressible flow (for instance, a gas) in porous media, in particular when the flow has a "history" that clogs with time the porous media (the Caputo diffusion model). Some important aspects of the Caputo diffusion model are being studied by the PI and an advanced graduate student, in particular when it occurs through two media with different porosity (transmission condition). Related mathematical phenomena concern the saline flow through semipermeable membranes (where the salt can flow only in one direction through the membrane). Another case where the flow is induced by global considerations concerns the quasi-geostrophic equation: this equation describes the evolution of the temperature on the surface of the ocean, and here temperature is influenced at a distance though the atmosphere. In collaboration with a graduate student the PI is working on the time evolution of this process in the land-sea interphase. Another interesting problem considered is concerned with "overlapping" interactions. An example is the structure of pricing for buying vs selling of goods. There is an area of "values" of the underlying good where the two prices diverge, and one where they come together. Mathematically, these are very interesting problems concerned with the stability of the configuration, in particular for the edge dividing one behavior from the other in a nonlinear way. In a different area, the PI is studying issues of segregation and predator-prey models.&lt;br/&gt;&lt;br/&gt;This award reflects NSF's statutory mission and has been deemed worthy of support through evaluation using the Foundation's intellectual merit and broader impacts review criteria.</AbstractNarration>
<MinAmdLetterDate>04/27/2020</MinAmdLetterDate>
<MaxAmdLetterDate>04/27/2020</MaxAmdLetterDate>
<ARRAAmount/>
<TRAN_TYPE>Grant</TRAN_TYPE>
<CFDA_NUM>47.049</CFDA_NUM>
<NSF_PAR_USE_FLAG>1</NSF_PAR_USE_FLAG>
<FUND_AGCY_CODE>4900</FUND_AGCY_CODE>
<AWDG_AGCY_CODE>4900</AWDG_AGCY_CODE>
<AwardID>2000041</AwardID>
<Investigator>
<FirstName>Luis</FirstName>
<LastName>Caffarelli</LastName>
<PI_MID_INIT>A</PI_MID_INIT>
<PI_SUFX_NAME/>
<PI_FULL_NAME>Luis A Caffarelli</PI_FULL_NAME>
<EmailAddress><![CDATA[caffarel@math.utexas.edu]]></EmailAddress>
<NSF_ID>000387147</NSF_ID>
<StartDate>04/27/2020</StartDate>
<EndDate/>
<RoleCode>Principal Investigator</RoleCode>
</Investigator>
<Institution>
<Name><![CDATA[University of Texas at Austin]]></Name>
<CityName>AUSTIN</CityName>
<ZipCode>787121139</ZipCode>
<PhoneNumber>5124716424</PhoneNumber>
<StreetAddress><![CDATA[110 INNER CAMPUS DR]]></StreetAddress>
<StreetAddress2/>
<CountryName>United States</CountryName>
<StateName>Texas</StateName>
<StateCode>TX</StateCode>
<CONGRESSDISTRICT>25</CONGRESSDISTRICT>
<CONGRESS_DISTRICT_ORG>TX25</CONGRESS_DISTRICT_ORG>
<ORG_UEI_NUM>V6AFQPN18437</ORG_UEI_NUM>
<ORG_LGL_BUS_NAME>UNIVERSITY OF TEXAS AT AUSTIN</ORG_LGL_BUS_NAME>
<ORG_PRNT_UEI_NUM/>
</Institution>
<Performance_Institution>
<Name><![CDATA[University of Texas at Austin]]></Name>
<CityName/>
<StateCode>TX</StateCode>
<ZipCode>787595316</ZipCode>
<StreetAddress/>
<CountryCode>US</CountryCode>
<CountryName>United States</CountryName>
<StateName>Texas</StateName>
<CountryFlag>1</CountryFlag>
<CONGRESSDISTRICT>37</CONGRESSDISTRICT>
<CONGRESS_DISTRICT_PERF>TX37</CONGRESS_DISTRICT_PERF>
</Performance_Institution>
<ProgramElement>
<Code>128100</Code>
<Text>ANALYSIS PROGRAM</Text>
</ProgramElement>
<Appropriation>
<Code>0120</Code>
<Name>NSF RESEARCH &amp; RELATED ACTIVIT</Name>
<APP_SYMB_ID>040100</APP_SYMB_ID>
</Appropriation>
<Fund>
<Code>01002021DB</Code>
<Name><![CDATA[NSF RESEARCH & RELATED ACTIVIT]]></Name>
<FUND_SYMB_ID>040100</FUND_SYMB_ID>
</Fund>
<FUND_OBLG>2020~280377</FUND_OBLG>
</Award>
</rootTag>
