<?xml version="1.0" encoding="UTF-8"?>
<rootTag>
<Award>
<AwardTitle><![CDATA[CRII: SHF: Expediting Subgraph Matching on GPUs]]></AwardTitle>
<AGENCY>NSF</AGENCY>
<AwardEffectiveDate>09/10/2019</AwardEffectiveDate>
<AwardExpirationDate>07/31/2023</AwardExpirationDate>
<AwardTotalIntnAmount>175000.00</AwardTotalIntnAmount>
<AwardAmount>190000</AwardAmount>
<AwardInstrument>
<Value>Standard Grant</Value>
</AwardInstrument>
<Organization>
<Code>05010000</Code>
<Directorate>
<Abbreviation>CSE</Abbreviation>
<LongName>Direct For Computer &amp; Info Scie &amp; Enginr</LongName>
</Directorate>
<Division>
<Abbreviation>CCF</Abbreviation>
<LongName>Division of Computing and Communication Foundations</LongName>
</Division>
</Organization>
<ProgramOfficer>
<SignBlockName>Almadena Chtchelkanova</SignBlockName>
<PO_EMAI>achtchel@nsf.gov</PO_EMAI>
<PO_PHON>7032927498</PO_PHON>
</ProgramOfficer>
<AbstractNarration>We are living in an increasingly connected world, where the Big Data movement has resulted in not only more data but, more importantly, more connected data, such as, social networks, knowledge graphs and deep neural networks. Sub-graph isomorphism, which finds sub-graphs of interest from an enormous data graph, is a fundamental tool for an array of critical applications, e.g., cyber-security, criminal detection and health care. In spite of such a great potential, identifying all isomorphic sub-graphs is a challenge in the Big Data context due to high computation complexity and memory consumption. This project addresses this issue, and will benefit both industrial and academic communities, as well as train undergraduate, underrepresented and STEM high school students for high-performance data analytics (HPDA) research (https://www.uml.edu/research/hpda/).&lt;br/&gt;&lt;br/&gt;Conventional efforts split the query graph into two disjoint parts for prune and join, which impairs the prune strength of the query graph and results in a large volume of unpromising candidates for the 'join' phase. This project advocates an entire query graph-based prune approach to resolve the computation and memory challenge. In particular, this research consists of two parts: 1) algorithms research -- provenance-aware intersection-based candidate construction -- will greatly reduce the false positives faced by the conventional approaches; 2) systems research, i.e., GPU-enabled massively parallel provenance group intersection, will tackle the bottleneck that is encountered on conventional CPU platforms, through use of Graph Processing Unit (GPU) acceleration.&lt;br/&gt;&lt;br/&gt;This award reflects NSF's statutory mission and has been deemed worthy of support through evaluation using the Foundation's intellectual merit and broader impacts review criteria.</AbstractNarration>
<MinAmdLetterDate>10/22/2019</MinAmdLetterDate>
<MaxAmdLetterDate>12/19/2022</MaxAmdLetterDate>
<ARRAAmount/>
<TRAN_TYPE>Grant</TRAN_TYPE>
<CFDA_NUM>47.070</CFDA_NUM>
<NSF_PAR_USE_FLAG>1</NSF_PAR_USE_FLAG>
<FUND_AGCY_CODE>4900</FUND_AGCY_CODE>
<AWDG_AGCY_CODE>4900</AWDG_AGCY_CODE>
<AwardID>2000722</AwardID>
<Investigator>
<FirstName>Hang</FirstName>
<LastName>Liu</LastName>
<PI_MID_INIT/>
<PI_SUFX_NAME/>
<PI_FULL_NAME>Hang Liu</PI_FULL_NAME>
<EmailAddress><![CDATA[hl1097@soe.rutgers.edu]]></EmailAddress>
<NSF_ID>000760090</NSF_ID>
<StartDate>10/22/2019</StartDate>
<EndDate/>
<RoleCode>Principal Investigator</RoleCode>
</Investigator>
<Institution>
<Name><![CDATA[Stevens Institute of Technology]]></Name>
<CityName>HOBOKEN</CityName>
<ZipCode>070305906</ZipCode>
<PhoneNumber>2012168762</PhoneNumber>
<StreetAddress><![CDATA[ONE CASTLE POINT ON HUDSON]]></StreetAddress>
<StreetAddress2/>
<CountryName>United States</CountryName>
<StateName>New Jersey</StateName>
<StateCode>NJ</StateCode>
<CONGRESSDISTRICT>08</CONGRESSDISTRICT>
<CONGRESS_DISTRICT_ORG>NJ08</CONGRESS_DISTRICT_ORG>
<ORG_UEI_NUM>JJ6CN5Y5A2R5</ORG_UEI_NUM>
<ORG_LGL_BUS_NAME>THE TRUSTEES OF THE STEVENS INSTITUTE OF TECHNOLOGY</ORG_LGL_BUS_NAME>
<ORG_PRNT_UEI_NUM/>
</Institution>
<Performance_Institution>
<Name><![CDATA[Stevens Institute of Technology]]></Name>
<CityName>HOBOKEN</CityName>
<StateCode>NJ</StateCode>
<ZipCode>070305991</ZipCode>
<StreetAddress><![CDATA[CASTLE POINT ON HUDSON]]></StreetAddress>
<CountryCode>US</CountryCode>
<CountryName>United States</CountryName>
<StateName>New Jersey</StateName>
<CountryFlag>1</CountryFlag>
<CONGRESSDISTRICT>08</CONGRESSDISTRICT>
<CONGRESS_DISTRICT_PERF>NJ08</CONGRESS_DISTRICT_PERF>
</Performance_Institution>
<ProgramElement>
<Code>779800</Code>
<Text>Software &amp; Hardware Foundation</Text>
</ProgramElement>
<ProgramReference>
<Code>7798</Code>
<Text>SOFTWARE &amp; HARDWARE FOUNDATION</Text>
</ProgramReference>
<ProgramReference>
<Code>7942</Code>
<Text>HIGH-PERFORMANCE COMPUTING</Text>
</ProgramReference>
<ProgramReference>
<Code>8228</Code>
<Text>CISE Resrch Initiatn Initiatve</Text>
</ProgramReference>
<ProgramReference>
<Code>9251</Code>
<Text>REU SUPP-Res Exp for Ugrd Supp</Text>
</ProgramReference>
<Appropriation>
<Code/>
<Name/>
<APP_SYMB_ID/>
</Appropriation>
<Appropriation>
<Code>0119</Code>
<Name>NSF RESEARCH &amp; RELATED ACTIVIT</Name>
<APP_SYMB_ID>040100</APP_SYMB_ID>
</Appropriation>
<Fund>
<Code>01002223DB</Code>
<Name><![CDATA[NSF RESEARCH & RELATED ACTIVIT]]></Name>
<FUND_SYMB_ID>040100</FUND_SYMB_ID>
</Fund>
<Fund>
<Code>01001920DB</Code>
<Name><![CDATA[NSF RESEARCH & RELATED ACTIVIT]]></Name>
<FUND_SYMB_ID>040100</FUND_SYMB_ID>
</Fund>
<FUND_OBLG>2019~81647</FUND_OBLG>
<FUND_OBLG>2022~15000</FUND_OBLG>
</Award>
</rootTag>
