<?xml version="1.0" encoding="UTF-8"?>
<rootTag>
<Award>
<AwardTitle><![CDATA[Study of New Strategies to Combat Harassment in Engineering]]></AwardTitle>
<AGENCY>NSF</AGENCY>
<AwardEffectiveDate>09/01/2020</AwardEffectiveDate>
<AwardExpirationDate>08/31/2025</AwardExpirationDate>
<AwardTotalIntnAmount>1199480.00</AwardTotalIntnAmount>
<AwardAmount>1199480</AwardAmount>
<AwardInstrument>
<Value>Continuing Grant</Value>
</AwardInstrument>
<Organization>
<Code>11060000</Code>
<Directorate>
<Abbreviation>EDU</Abbreviation>
<LongName>Directorate for STEM Education</LongName>
</Directorate>
<Division>
<Abbreviation>EES</Abbreviation>
<LongName>Div. of Equity for Excellence in STEM</LongName>
</Division>
</Organization>
<ProgramOfficer>
<SignBlockName>Jessie Dearo</SignBlockName>
<PO_EMAI>jdearo@nsf.gov</PO_EMAI>
<PO_PHON>7032925350</PO_PHON>
</ProgramOfficer>
<AbstractNarration>Researchers from New Mexico State University (NMSU) will implement an EHR Core Research (ECR) program research project. This ECR program supports work that advances fundamental research on STEM learning and learning environments, broadening participation in STEM, and STEM workforce development. The study will assess whether and how bystander intervention training - a successful approach in other contexts such as universities and the U.S. military - can be refined, adapted, and delivered to reduce sexual harassment and change institutional climates in engineering. The study will include two multi-method field studies. In the field studies, the researchers will engage engineering faculty as bystander trainers of their own students on two university campuses (NMSU and University of New Hampshire) to assess whether their involvement fosters greater commitment to combat harassment, as predicted by the Dobbin et al. managerial engagement approach to organizational change (2015). The proposed research will contribute to scientific knowledge about the components and conditions of effective norm-based strategies to reduce harassment and encourage bystander intervention in the engineering workplace.&lt;br/&gt;&lt;br/&gt;The researchers will use focus groups and surveys to explore the impact on faculty and students of their participation in providing bystander training as engineering faculty and receiving the training from engineering faculty as engineering students.  The research is expected to inform strategies to combat harassment against vulnerable individuals which are typically underrepresented in engineering, such as engineers that are women, engineers of color, and LGBTQ engineers. The two campuses have significant enrollment of first generation and underrepresented minority students in engineering. The field studies will illustrate how to foster leaders' commitment to change engineering climates and how to modify the engineering professional curriculum to increase the retention of diverse individuals and their professional confidence. While this project is primarily funded by the ECR program, additional support has been provided by the Directorate for Engineering's Broadening Participation in Engineering (BPE) program.&lt;br/&gt;&lt;br/&gt;This award reflects NSF's statutory mission and has been deemed worthy of support through evaluation using the Foundation's intellectual merit and broader impacts review criteria.</AbstractNarration>
<MinAmdLetterDate>08/12/2020</MinAmdLetterDate>
<MaxAmdLetterDate>10/11/2023</MaxAmdLetterDate>
<ARRAAmount/>
<TRAN_TYPE>Grant</TRAN_TYPE>
<CFDA_NUM>47.076</CFDA_NUM>
<NSF_PAR_USE_FLAG>1</NSF_PAR_USE_FLAG>
<FUND_AGCY_CODE>4900</FUND_AGCY_CODE>
<AWDG_AGCY_CODE>4900</AWDG_AGCY_CODE>
<AwardID>2000448</AwardID>
<Investigator>
<FirstName>Charles</FirstName>
<LastName>Fleddermann</LastName>
<PI_MID_INIT>B</PI_MID_INIT>
<PI_SUFX_NAME/>
<PI_FULL_NAME>Charles B Fleddermann</PI_FULL_NAME>
<EmailAddress><![CDATA[cbf@unm.edu]]></EmailAddress>
<NSF_ID>000419835</NSF_ID>
<StartDate>08/12/2020</StartDate>
<EndDate/>
<RoleCode>Co-Principal Investigator</RoleCode>
</Investigator>
<Investigator>
<FirstName>Justine</FirstName>
<LastName>Tinkler</LastName>
<PI_MID_INIT>E</PI_MID_INIT>
<PI_SUFX_NAME/>
<PI_FULL_NAME>Justine E Tinkler</PI_FULL_NAME>
<EmailAddress><![CDATA[jtinkler@uga.edu]]></EmailAddress>
<NSF_ID>000481316</NSF_ID>
<StartDate>08/12/2020</StartDate>
<EndDate/>
<RoleCode>Co-Principal Investigator</RoleCode>
</Investigator>
<Investigator>
<FirstName>Sharyn</FirstName>
<LastName>Potter</LastName>
<PI_MID_INIT>J</PI_MID_INIT>
<PI_SUFX_NAME/>
<PI_FULL_NAME>Sharyn J Potter</PI_FULL_NAME>
<EmailAddress><![CDATA[sharyn.potter@unh.edu]]></EmailAddress>
<NSF_ID>000180769</NSF_ID>
<StartDate>08/12/2020</StartDate>
<EndDate/>
<RoleCode>Co-Principal Investigator</RoleCode>
</Investigator>
<Investigator>
<FirstName>Mala</FirstName>
<LastName>Htun</LastName>
<PI_MID_INIT/>
<PI_SUFX_NAME/>
<PI_FULL_NAME>Mala Htun</PI_FULL_NAME>
<EmailAddress><![CDATA[malahtun@unm.edu]]></EmailAddress>
<NSF_ID>000655544</NSF_ID>
<StartDate>08/12/2020</StartDate>
<EndDate/>
<RoleCode>Principal Investigator</RoleCode>
</Investigator>
<Investigator>
<FirstName>Ryan</FirstName>
<LastName>Jacobson</LastName>
<PI_MID_INIT>P</PI_MID_INIT>
<PI_SUFX_NAME/>
<PI_FULL_NAME>Ryan P Jacobson</PI_FULL_NAME>
<EmailAddress><![CDATA[rjacobson@unm.edu]]></EmailAddress>
<NSF_ID>000809002</NSF_ID>
<StartDate>08/12/2020</StartDate>
<EndDate>10/11/2023</EndDate>
<RoleCode>Former Co-Principal Investigator</RoleCode>
</Investigator>
<Institution>
<Name><![CDATA[University of New Mexico]]></Name>
<CityName>ALBUQUERQUE</CityName>
<ZipCode>87131</ZipCode>
<PhoneNumber>5052774186</PhoneNumber>
<StreetAddress><![CDATA[1700 LOMAS BLVD NE STE 2200]]></StreetAddress>
<StreetAddress2/>
<CountryName>United States</CountryName>
<StateName>New Mexico</StateName>
<StateCode>NM</StateCode>
<CONGRESSDISTRICT>01</CONGRESSDISTRICT>
<CONGRESS_DISTRICT_ORG>NM01</CONGRESS_DISTRICT_ORG>
<ORG_UEI_NUM>F6XLTRUQJEN4</ORG_UEI_NUM>
<ORG_LGL_BUS_NAME>UNIVERSITY OF NEW MEXICO</ORG_LGL_BUS_NAME>
<ORG_PRNT_UEI_NUM/>
</Institution>
<Performance_Institution>
<Name><![CDATA[University of New Mexico]]></Name>
<CityName>Albuquerque</CityName>
<StateCode>NM</StateCode>
<ZipCode>871310001</ZipCode>
<StreetAddress><![CDATA[1700 Lomas Blvd. NE]]></StreetAddress>
<CountryCode>US</CountryCode>
<CountryName>United States</CountryName>
<StateName>New Mexico</StateName>
<CountryFlag>1</CountryFlag>
<CONGRESSDISTRICT>01</CONGRESSDISTRICT>
<CONGRESS_DISTRICT_PERF>NM01</CONGRESS_DISTRICT_PERF>
</Performance_Institution>
<ProgramElement>
<Code>016Y00</Code>
<Text>ADVANCE</Text>
</ProgramElement>
<ProgramElement>
<Code>768000</Code>
<Text>EDA-Eng Diversity Activities</Text>
</ProgramElement>
<ProgramElement>
<Code>798000</Code>
<Text>ECR-EDU Core Research</Text>
</ProgramElement>
<ProgramReference>
<Code>085Z</Code>
<Text>SHR - Sexual Harassment Research</Text>
</ProgramReference>
<ProgramReference>
<Code>110E</Code>
<Text>EDUCATION RESEARCH</Text>
</ProgramReference>
<ProgramReference>
<Code>1544</Code>
<Text>GSE: Research on Gender in S&amp;E</Text>
</ProgramReference>
<ProgramReference>
<Code>7680</Code>
<Text>ENG DIVERSITY ACTIVITIES</Text>
</ProgramReference>
<ProgramReference>
<Code>8212</Code>
<Text>Broaden Particip STEM Resrch</Text>
</ProgramReference>
<ProgramReference>
<Code>9150</Code>
<Text>EXP PROG TO STIM COMP RES</Text>
</ProgramReference>
<Appropriation>
<Code>0120</Code>
<Name>NSF RESEARCH &amp; RELATED ACTIVIT</Name>
<APP_SYMB_ID>040100</APP_SYMB_ID>
</Appropriation>
<Appropriation>
<Code>0420</Code>
<Name>NSF Education &amp; Human Resource</Name>
<APP_SYMB_ID>040106</APP_SYMB_ID>
</Appropriation>
<Appropriation>
<Code>0422</Code>
<Name>NSF Education &amp; Human Resource</Name>
<APP_SYMB_ID>040106</APP_SYMB_ID>
</Appropriation>
<Fund>
<Code>01002021DB</Code>
<Name><![CDATA[NSF RESEARCH & RELATED ACTIVIT]]></Name>
<FUND_SYMB_ID>040100</FUND_SYMB_ID>
</Fund>
<Fund>
<Code>04002021DB</Code>
<Name><![CDATA[NSF Education & Human Resource]]></Name>
<FUND_SYMB_ID>040106</FUND_SYMB_ID>
</Fund>
<Fund>
<Code>04002223DB</Code>
<Name><![CDATA[NSF Education & Human Resource]]></Name>
<FUND_SYMB_ID>040106</FUND_SYMB_ID>
</Fund>
<FUND_OBLG>2020~735973</FUND_OBLG>
<FUND_OBLG>2022~463507</FUND_OBLG>
</Award>
</rootTag>
