<?xml version="1.0" encoding="UTF-8"?>
<rootTag>
<Award>
<AwardTitle><![CDATA[Great Plains Combinatorics Conference 2020; April 25-26, 2020; Fargo, ND]]></AwardTitle>
<AGENCY>NSF</AGENCY>
<AwardEffectiveDate>01/15/2020</AwardEffectiveDate>
<AwardExpirationDate>12/31/2022</AwardExpirationDate>
<AwardTotalIntnAmount>13118.00</AwardTotalIntnAmount>
<AwardAmount>13118</AwardAmount>
<AwardInstrument>
<Value>Standard Grant</Value>
</AwardInstrument>
<Organization>
<Code>03040000</Code>
<Directorate>
<Abbreviation>MPS</Abbreviation>
<LongName>Direct For Mathematical &amp; Physical Scien</LongName>
</Directorate>
<Division>
<Abbreviation>DMS</Abbreviation>
<LongName>Division Of Mathematical Sciences</LongName>
</Division>
</Organization>
<ProgramOfficer>
<SignBlockName>Stefaan De Winter</SignBlockName>
<PO_EMAI>sgdewint@nsf.gov</PO_EMAI>
<PO_PHON>7032922599</PO_PHON>
</ProgramOfficer>
<AbstractNarration>This award will provide funding for the "Great Plains Combinatorics Conference (GPCC) 2020" which will be held in Fargo, ND, during the weekend of April 25-26, 2020. The conference is being hosted by the Department of Mathematics at North Dakota State University. The GPCC is a regional conference series in combinatorics that has been held in 2014 and 2016 at the University of Kansas and in 2018 at Kansas State University. A large portion of the funding will support the participation of students, early-career faculty, and mathematicians belonging to underrepresented groups.&lt;br/&gt;&lt;br/&gt;Many research universities in the western Great Plains have small groups (often just one or two faculty members) working in combinatorics, and the low concentration of universities means that combinatorialists are geographically isolated from each other. Accordingly, the Great Plains Combinatorics Conference (GPCC) was created in 2014 to provide an opportunity for combinatorialists in the Great Plains region to present and share their research and to develop connections between different areas of combinatorics. The meetings are held over a weekend, with most participants arriving on Friday evening. There are 4 plenary talks on Saturday, plus a graduate students poster session, and 3 plenary talks on Sunday morning, leaving participants enough time to travel back to their home institutions by Sunday night.&lt;br/&gt;&lt;br/&gt;The following website has been created for the conference: https://sites.google.com/view/gpcc2020/&lt;br/&gt;&lt;br/&gt;This award reflects NSF's statutory mission and has been deemed worthy of support through evaluation using the Foundation's intellectual merit and broader impacts review criteria.</AbstractNarration>
<MinAmdLetterDate>01/09/2020</MinAmdLetterDate>
<MaxAmdLetterDate>01/09/2020</MaxAmdLetterDate>
<ARRAAmount/>
<TRAN_TYPE>Grant</TRAN_TYPE>
<CFDA_NUM>47.049</CFDA_NUM>
<NSF_PAR_USE_FLAG>1</NSF_PAR_USE_FLAG>
<FUND_AGCY_CODE>4900</FUND_AGCY_CODE>
<AWDG_AGCY_CODE>4900</AWDG_AGCY_CODE>
<AwardID>2000592</AwardID>
<Investigator>
<FirstName>Jeremy</FirstName>
<LastName>Martin</LastName>
<PI_MID_INIT>L</PI_MID_INIT>
<PI_SUFX_NAME/>
<PI_FULL_NAME>Jeremy L Martin</PI_FULL_NAME>
<EmailAddress><![CDATA[jlmartin@ku.edu]]></EmailAddress>
<NSF_ID>000450813</NSF_ID>
<StartDate>01/09/2020</StartDate>
<EndDate/>
<RoleCode>Co-Principal Investigator</RoleCode>
</Investigator>
<Investigator>
<FirstName>Steve</FirstName>
<LastName>Butler</LastName>
<PI_MID_INIT/>
<PI_SUFX_NAME/>
<PI_FULL_NAME>Steve Butler</PI_FULL_NAME>
<EmailAddress><![CDATA[butler@iastate.edu]]></EmailAddress>
<NSF_ID>000080495</NSF_ID>
<StartDate>01/09/2020</StartDate>
<EndDate/>
<RoleCode>Co-Principal Investigator</RoleCode>
</Investigator>
<Investigator>
<FirstName>Jessica</FirstName>
<LastName>Striker</LastName>
<PI_MID_INIT/>
<PI_SUFX_NAME/>
<PI_FULL_NAME>Jessica Striker</PI_FULL_NAME>
<EmailAddress><![CDATA[jessica.striker@ndsu.edu]]></EmailAddress>
<NSF_ID>000629413</NSF_ID>
<StartDate>01/09/2020</StartDate>
<EndDate/>
<RoleCode>Principal Investigator</RoleCode>
</Investigator>
<Investigator>
<FirstName>Mikhail</FirstName>
<LastName>Mazin</LastName>
<PI_MID_INIT/>
<PI_SUFX_NAME/>
<PI_FULL_NAME>Mikhail Mazin</PI_FULL_NAME>
<EmailAddress><![CDATA[mmazin@math.ksu.edu]]></EmailAddress>
<NSF_ID>000630505</NSF_ID>
<StartDate>01/09/2020</StartDate>
<EndDate/>
<RoleCode>Co-Principal Investigator</RoleCode>
</Investigator>
<Institution>
<Name><![CDATA[North Dakota State University Fargo]]></Name>
<CityName>FARGO</CityName>
<ZipCode>58102</ZipCode>
<PhoneNumber>7012318045</PhoneNumber>
<StreetAddress><![CDATA[1301 12TH AVE N]]></StreetAddress>
<StreetAddress2/>
<CountryName>United States</CountryName>
<StateName>North Dakota</StateName>
<StateCode>ND</StateCode>
<CONGRESSDISTRICT>00</CONGRESSDISTRICT>
<CONGRESS_DISTRICT_ORG>ND00</CONGRESS_DISTRICT_ORG>
<ORG_UEI_NUM>EZ4WPGRE1RD5</ORG_UEI_NUM>
<ORG_LGL_BUS_NAME>NORTH DAKOTA STATE UNIVERSITY</ORG_LGL_BUS_NAME>
<ORG_PRNT_UEI_NUM>EZ4WPGRE1RD5</ORG_PRNT_UEI_NUM>
</Institution>
<Performance_Institution>
<Name><![CDATA[North Dakota State University Fargo]]></Name>
<CityName>Fargo</CityName>
<StateCode>ND</StateCode>
<ZipCode>581086050</ZipCode>
<StreetAddress><![CDATA[Mathematics Department, PO Box 6]]></StreetAddress>
<CountryCode>US</CountryCode>
<CountryName>United States</CountryName>
<StateName>North Dakota</StateName>
<CountryFlag>1</CountryFlag>
<CONGRESSDISTRICT>00</CONGRESSDISTRICT>
<CONGRESS_DISTRICT_PERF>ND00</CONGRESS_DISTRICT_PERF>
</Performance_Institution>
<ProgramElement>
<Code>797000</Code>
<Text>Combinatorics</Text>
</ProgramElement>
<ProgramReference>
<Code>7556</Code>
<Text>CONFERENCE AND WORKSHOPS</Text>
</ProgramReference>
<ProgramReference>
<Code>9150</Code>
<Text>EXP PROG TO STIM COMP RES</Text>
</ProgramReference>
<Appropriation>
<Code>0120</Code>
<Name>NSF RESEARCH &amp; RELATED ACTIVIT</Name>
<APP_SYMB_ID>040100</APP_SYMB_ID>
</Appropriation>
<Fund>
<Code>01002021DB</Code>
<Name><![CDATA[NSF RESEARCH & RELATED ACTIVIT]]></Name>
<FUND_SYMB_ID>040100</FUND_SYMB_ID>
</Fund>
<FUND_OBLG>2020~13118</FUND_OBLG>
<POR>
<DRECONTENT><![CDATA[<div class="porColContainerWBG"> <div class="porContentCol"><p>The North Dakota State University Mathematics Department hosted the fourth&nbsp;<a href="https://sites.google.com/view/gpcc2020/" target="_blank"><strong>Great Plains Combinatorics Conference</strong></a>&nbsp;April 30-May 1, 2022, sponsored in part by the National Science Foundation. The conference featured seven plenary talks from many areas of combinatorics and a poster session in which nine graduate students presented their work.&nbsp;There were 44 participants, most from the Great Plains region, including groups from Iowa and Kansas. Many participants noted this was their first in-person conference in over two years, and they appreciated the opportunity to discuss research face-to-face. The invited speakers were: Jeremiah Bartz (University of North Dakota), Chris Fraser (Michigan State University), Emily Heath (Iowa State University), Jeremy Martin (University of Kansas), Anna Weigandt (Massachusetts Institute of Technology), Nathan Williams (University of Texas at Dallas), and Mei Yin (University of Denver).</p> <p>Previous iterations of the conference were hosted in 2014 and 2016 at the University of Kansas and in 2018 at Kansas State University.&nbsp;This conference series provides an opportunity for discrete mathematicians in the Great Plains region to present and share their research and to develop connections between different areas of combinatorics. Over the past fifty years, combinatorics has developed into a cohesive and vibrant field of mathematics drawing from both pure and applied fields.&nbsp; Combinatorics enjoys connections to commutative algebra, algebraic geometry, algebraic topology and representation theory, as well as applications in probability and statistics, optimization, computer science, and statistical physics.</p><br> <p>            Last Modified: 05/01/2023<br>      Modified by: Jessica&nbsp;Striker</p> </div> <div class="porSideCol"></div> </div>]]></DRECONTENT>
<POR_COPY_TXT><![CDATA[ The North Dakota State University Mathematics Department hosted the fourth Great Plains Combinatorics Conference April 30-May 1, 2022, sponsored in part by the National Science Foundation. The conference featured seven plenary talks from many areas of combinatorics and a poster session in which nine graduate students presented their work. There were 44 participants, most from the Great Plains region, including groups from Iowa and Kansas. Many participants noted this was their first in-person conference in over two years, and they appreciated the opportunity to discuss research face-to-face. The invited speakers were: Jeremiah Bartz (University of North Dakota), Chris Fraser (Michigan State University), Emily Heath (Iowa State University), Jeremy Martin (University of Kansas), Anna Weigandt (Massachusetts Institute of Technology), Nathan Williams (University of Texas at Dallas), and Mei Yin (University of Denver).  Previous iterations of the conference were hosted in 2014 and 2016 at the University of Kansas and in 2018 at Kansas State University. This conference series provides an opportunity for discrete mathematicians in the Great Plains region to present and share their research and to develop connections between different areas of combinatorics. Over the past fifty years, combinatorics has developed into a cohesive and vibrant field of mathematics drawing from both pure and applied fields.  Combinatorics enjoys connections to commutative algebra, algebraic geometry, algebraic topology and representation theory, as well as applications in probability and statistics, optimization, computer science, and statistical physics.       Last Modified: 05/01/2023       Submitted by: Jessica Striker]]></POR_COPY_TXT>
</POR>
</Award>
</rootTag>
