<?xml version="1.0" encoding="UTF-8"?>
<rootTag>
<Award>
<AwardTitle><![CDATA[SaTC: CORE: Medium: Self-Adaptive Cyber Risk Management via  Machine to Machine Economy Supported by Blockchain and Smart Contracts  Technology]]></AwardTitle>
<AGENCY>NSF</AGENCY>
<AwardEffectiveDate>10/01/2020</AwardEffectiveDate>
<AwardExpirationDate>09/30/2024</AwardExpirationDate>
<AwardTotalIntnAmount>750000.00</AwardTotalIntnAmount>
<AwardAmount>750000</AwardAmount>
<AwardInstrument>
<Value>Standard Grant</Value>
</AwardInstrument>
<Organization>
<Code>05050000</Code>
<Directorate>
<Abbreviation>CSE</Abbreviation>
<LongName>Direct For Computer &amp; Info Scie &amp; Enginr</LongName>
</Directorate>
<Division>
<Abbreviation>CNS</Abbreviation>
<LongName>Division Of Computer and Network Systems</LongName>
</Division>
</Organization>
<ProgramOfficer>
<SignBlockName>Sara Kiesler</SignBlockName>
<PO_EMAI>skiesler@nsf.gov</PO_EMAI>
<PO_PHON>7032928643</PO_PHON>
</ProgramOfficer>
<AbstractNarration>This project advances cybersecurity of large scale blockchain-enabled Internet of Things (IoT) systems via a novel organization of machine to machine (M2M) economy. Blockchain is a decentralized and distributed ledger. The IoT is a system of interconnected computing devices on which the emergence of 5G technology has an accelerating effect. The M2M economy is a collection of machines acting as economic agents that autonomously interact through sequences of transactions. Blockchain technology enables the registry of these transactions whose logic is articulated and coded in the form of smart contracts. These technologies have transformational potential and hold the promise of unprecedented economic growth, but they come with many vulnerabilities. This research contributes to the progress of science, advancement of prosperity and welfare, and securing the national defense through a new mechanism to enable security and cost efficient interactions on M2M platforms. The novel idea is to design market incentives such that services among machines are bought and sold based not only on their cost but also on the cyber-riskiness of the devices providing those services.&lt;br/&gt;&lt;br/&gt;The project envisions decentralized systems that are self-adapting to cyber-risk and facilitate security and cost efficient interactions on platforms based on blockchain and IoT. The challenges are lack of: (a) real-time market design and self-optimization mechanisms; (b) scalable approaches for real-time attack identification across programs and high-level logics; (c) methods to assess M2M specific attack impact. Responding to these challenges, this project interprets the problem of creating a cyber-secure and economically efficient IoT/blockchain-based ecosystem as one of designing large-scale interconnected markets. Each of these markets has a price adjustment mechanism that may discriminate based on real-time cyber-risk. Collectively, these markets give rise to an overall emergent property of cyber-risks and economic efficiency self-adaptive optimization. Vulnerability assessment is the key to generate cyber-risk and price appropriate adjustments. This project comprehensively assesses M2M specific vulnerabilities by articulating attack graphs, hence contributing to characterizing the cyber-risk of decentralized applications for smart contract platforms. By using tools of random graph theory and percolation theory, the project provides a representative mathematical framework for understanding the cyber-risk of a IoT/blockchain-based ecosystem. Finally, as a showcase, the project applies the proposed mechanism to the use case of large-scale personalized treatment delivery.&lt;br/&gt;&lt;br/&gt;This award reflects NSF's statutory mission and has been deemed worthy of support through evaluation using the Foundation's intellectual merit and broader impacts review criteria.</AbstractNarration>
<MinAmdLetterDate>08/28/2020</MinAmdLetterDate>
<MaxAmdLetterDate>10/15/2020</MaxAmdLetterDate>
<ARRAAmount/>
<TRAN_TYPE>Grant</TRAN_TYPE>
<CFDA_NUM>47.070</CFDA_NUM>
<NSF_PAR_USE_FLAG>1</NSF_PAR_USE_FLAG>
<FUND_AGCY_CODE>4900</FUND_AGCY_CODE>
<AWDG_AGCY_CODE>4900</AWDG_AGCY_CODE>
<AwardID>2000792</AwardID>
<Investigator>
<FirstName>Nicolas</FirstName>
<LastName>Lanchier</LastName>
<PI_MID_INIT>D</PI_MID_INIT>
<PI_SUFX_NAME/>
<PI_FULL_NAME>Nicolas D Lanchier</PI_FULL_NAME>
<EmailAddress><![CDATA[nicolas.lanchier@asu.edu]]></EmailAddress>
<NSF_ID>000513541</NSF_ID>
<StartDate>08/28/2020</StartDate>
<EndDate/>
<RoleCode>Co-Principal Investigator</RoleCode>
</Investigator>
<Investigator>
<FirstName>Giulia</FirstName>
<LastName>Pedrielli</LastName>
<PI_MID_INIT/>
<PI_SUFX_NAME/>
<PI_FULL_NAME>Giulia Pedrielli</PI_FULL_NAME>
<EmailAddress><![CDATA[giulia.pedrielli@asu.edu]]></EmailAddress>
<NSF_ID>000735827</NSF_ID>
<StartDate>08/28/2020</StartDate>
<EndDate/>
<RoleCode>Co-Principal Investigator</RoleCode>
</Investigator>
<Investigator>
<FirstName>Dragan</FirstName>
<LastName>Boscovic</LastName>
<PI_MID_INIT/>
<PI_SUFX_NAME/>
<PI_FULL_NAME>Dragan Boscovic</PI_FULL_NAME>
<EmailAddress><![CDATA[dragan.boscovic@asu.edu]]></EmailAddress>
<NSF_ID>000746498</NSF_ID>
<StartDate>08/28/2020</StartDate>
<EndDate/>
<RoleCode>Principal Investigator</RoleCode>
</Investigator>
<Investigator>
<FirstName>Youzhi</FirstName>
<LastName>Bao</LastName>
<PI_MID_INIT/>
<PI_SUFX_NAME/>
<PI_FULL_NAME>Youzhi Bao</PI_FULL_NAME>
<EmailAddress><![CDATA[tbao@asu.edu]]></EmailAddress>
<NSF_ID>000805570</NSF_ID>
<StartDate>08/28/2020</StartDate>
<EndDate/>
<RoleCode>Co-Principal Investigator</RoleCode>
</Investigator>
<Investigator>
<FirstName>Petar</FirstName>
<LastName>Jevtic</LastName>
<PI_MID_INIT/>
<PI_SUFX_NAME/>
<PI_FULL_NAME>Petar Jevtic</PI_FULL_NAME>
<EmailAddress><![CDATA[petar.jevtic@asu.edu]]></EmailAddress>
<NSF_ID>000811888</NSF_ID>
<StartDate>08/28/2020</StartDate>
<EndDate/>
<RoleCode>Co-Principal Investigator</RoleCode>
</Investigator>
<Institution>
<Name><![CDATA[Arizona State University]]></Name>
<CityName>TEMPE</CityName>
<ZipCode>852813670</ZipCode>
<PhoneNumber>4809655479</PhoneNumber>
<StreetAddress><![CDATA[660 S MILL AVENUE STE 204]]></StreetAddress>
<StreetAddress2/>
<CountryName>United States</CountryName>
<StateName>Arizona</StateName>
<StateCode>AZ</StateCode>
<CONGRESSDISTRICT>04</CONGRESSDISTRICT>
<CONGRESS_DISTRICT_ORG>AZ04</CONGRESS_DISTRICT_ORG>
<ORG_UEI_NUM>NTLHJXM55KZ6</ORG_UEI_NUM>
<ORG_LGL_BUS_NAME>ARIZONA STATE UNIVERSITY</ORG_LGL_BUS_NAME>
<ORG_PRNT_UEI_NUM/>
</Institution>
<Performance_Institution>
<Name><![CDATA[Arizona State University]]></Name>
<CityName>Tempe</CityName>
<StateCode>AZ</StateCode>
<ZipCode>852816011</ZipCode>
<StreetAddress><![CDATA[PO box 876011]]></StreetAddress>
<CountryCode>US</CountryCode>
<CountryName>United States</CountryName>
<StateName>Arizona</StateName>
<CountryFlag>1</CountryFlag>
<CONGRESSDISTRICT>04</CONGRESSDISTRICT>
<CONGRESS_DISTRICT_PERF>AZ04</CONGRESS_DISTRICT_PERF>
</Performance_Institution>
<ProgramElement>
<Code>806000</Code>
<Text>Secure &amp;Trustworthy Cyberspace</Text>
</ProgramElement>
<ProgramReference>
<Code>025Z</Code>
<Text>SaTC: Secure and Trustworthy Cyberspace</Text>
</ProgramReference>
<ProgramReference>
<Code>065Z</Code>
<Text>Human factors for security research</Text>
</ProgramReference>
<ProgramReference>
<Code>075Z</Code>
<Text>Artificial Intelligence (AI)</Text>
</ProgramReference>
<ProgramReference>
<Code>7434</Code>
<Text>CNCI</Text>
</ProgramReference>
<ProgramReference>
<Code>7924</Code>
<Text>MEDIUM PROJECT</Text>
</ProgramReference>
<Appropriation>
<Code>0120</Code>
<Name>NSF RESEARCH &amp; RELATED ACTIVIT</Name>
<APP_SYMB_ID>040100</APP_SYMB_ID>
</Appropriation>
<Fund>
<Code>01002021DB</Code>
<Name><![CDATA[NSF RESEARCH & RELATED ACTIVIT]]></Name>
<FUND_SYMB_ID>040100</FUND_SYMB_ID>
</Fund>
<FUND_OBLG>2020~750000</FUND_OBLG>
</Award>
</rootTag>
