<?xml version="1.0" encoding="UTF-8"?>
<rootTag>
<Award>
<AwardTitle><![CDATA[STEM Literacies, Learning, and Identities through Cascading Models of Near-Peer Mentorship]]></AwardTitle>
<AGENCY>NSF</AGENCY>
<AwardEffectiveDate>06/01/2020</AwardEffectiveDate>
<AwardExpirationDate>05/31/2025</AwardExpirationDate>
<AwardTotalIntnAmount>1155005.00</AwardTotalIntnAmount>
<AwardAmount>1155005</AwardAmount>
<AwardInstrument>
<Value>Continuing Grant</Value>
</AwardInstrument>
<Organization>
<Code>11090000</Code>
<Directorate>
<Abbreviation>EDU</Abbreviation>
<LongName>Directorate for STEM Education</LongName>
</Directorate>
<Division>
<Abbreviation>DRL</Abbreviation>
<LongName>Division Of Research On Learning</LongName>
</Division>
</Organization>
<ProgramOfficer>
<SignBlockName>Jessaca Spybrook</SignBlockName>
<PO_EMAI>jspybroo@nsf.gov</PO_EMAI>
<PO_PHON>7032922241</PO_PHON>
</ProgramOfficer>
<AbstractNarration>Despite decades-long efforts to broaden STEM participation, the underrepresentation of people from communities of color persists in STEM across many areas, including, for example, laboratory work, engineering, and teaching. Research suggests that more expansive STEM learning opportunities are possible in school and out of school when youth have opportunities to develop and share their experience with others, both in and beyond the classroom. Mentoring is a widely accepted strategy for supporting youth learning and identity development across a variety of sectors including education and workforce development. There is broad concern, however, that more empirical research needs to be done, especially related to middle school and high school youth in STEM. Young people can be effective leaders in both formal and informal learning contexts and such mentorship and pedagogy can lead to STEM learning and positive identity development with implications for broadening participation. In formal and informal contexts, having youth act in facilitator roles holds promise for identification with engaging in STEM content and practices. As such, this project investigates the ways in which young people construct and develop affiliations with STEM in their capacity as mentors, facilitators, and curators of STEM ideas and practices among younger youth. Additionally, the project outcomes seek to understand the design of formal and informal learning environments that support STEM identity development for youth of color by orienting to youth as knowledgeable experts and focusing on youth's ongoing pedagogical development as mentors in STEM.&lt;br/&gt; &lt;br/&gt;In partnership with two informal and two formal learning partners in the Boston area, this project will work with 140 young people, aged 14-24, 96% from communities of color, who participate in activities related to youth mentoring initiatives in STEM areas. These partners have a rich history of initiatives focused on developing high school and college youth mentors to work in STEM summer camps and juniors and seniors in high school to mentor freshmen and sophomores in mathematics and digital fabrication engineering. The project intends to investigate how youth mentors teach, where they are successful and where they need support, and to develop principles for professional learning opportunities for schools and out-of-school organizations. The project focuses, in particular, on understanding “youth pedagogical development” (YPD), or youth’s ongoing process of learning to be mentors. Exploring YPD involves understanding youth’s learning of STEM ideas, literacies, and pedagogical strategies and how youth come to identify with STEM and STEM mentoring. Youth mentors can reach large numbers of learners, and more importantly they can connect deeply with other youth in meaningful ways. This participatory project draws on ethnographic and case study methods and employs areas of work shown to support broadening participation in STEM: a) prior research on youth as mentors in STEM learning; b) distributions of power and authority in formal and informal learning contexts; c) academic identity development; and d) STEM literacies. By collecting and analyzing data from four different contexts with organizations that have shared values and practices, including distributed authority for knowing, the partnership intends to understand program design principles that support students as mentors in regard to STEM literacies, learning, identity development, and pedagogy. By following youth mentors over two years, the case studies will highlight how STEM learning, identity building, and pedagogy are developed when youth participate as mentors in sustained ways over longer stretches of time. In addition to disseminating this work at academic conferences, the project will have a website that will be useful to other community groups and schools that utilize mentoring practices and will host a conference that will involve all partner organizations as well as groups from around the US who use mentoring to support STEM learning and identity development.&lt;br/&gt;&lt;br/&gt;This award reflects NSF's statutory mission and has been deemed worthy of support through evaluation using the Foundation's intellectual merit and broader impacts review criteria.</AbstractNarration>
<MinAmdLetterDate>04/14/2020</MinAmdLetterDate>
<MaxAmdLetterDate>06/30/2022</MaxAmdLetterDate>
<ARRAAmount/>
<TRAN_TYPE>Grant</TRAN_TYPE>
<CFDA_NUM>47.076</CFDA_NUM>
<NSF_PAR_USE_FLAG>1</NSF_PAR_USE_FLAG>
<FUND_AGCY_CODE>4900</FUND_AGCY_CODE>
<AWDG_AGCY_CODE>4900</AWDG_AGCY_CODE>
<AwardID>2000511</AwardID>
<Investigator>
<FirstName>Eli</FirstName>
<LastName>Tucker-Raymond</LastName>
<PI_MID_INIT/>
<PI_SUFX_NAME/>
<PI_FULL_NAME>Eli Tucker-Raymond</PI_FULL_NAME>
<EmailAddress><![CDATA[etuckerr@bu.edu]]></EmailAddress>
<NSF_ID>000526185</NSF_ID>
<StartDate>04/14/2020</StartDate>
<EndDate/>
<RoleCode>Principal Investigator</RoleCode>
</Investigator>
<Investigator>
<FirstName>Maria</FirstName>
<LastName>Olivares</LastName>
<PI_MID_INIT>C</PI_MID_INIT>
<PI_SUFX_NAME/>
<PI_FULL_NAME>Maria C Olivares</PI_FULL_NAME>
<EmailAddress><![CDATA[Mariaco@bu.edu]]></EmailAddress>
<NSF_ID>000779677</NSF_ID>
<StartDate>04/14/2020</StartDate>
<EndDate/>
<RoleCode>Co-Principal Investigator</RoleCode>
</Investigator>
<Investigator>
<FirstName>Katherine</FirstName>
<LastName>Frankel</LastName>
<PI_MID_INIT>K</PI_MID_INIT>
<PI_SUFX_NAME/>
<PI_FULL_NAME>Katherine K Frankel</PI_FULL_NAME>
<EmailAddress><![CDATA[kfrankel@bu.edu]]></EmailAddress>
<NSF_ID>000811329</NSF_ID>
<StartDate>04/14/2020</StartDate>
<EndDate/>
<RoleCode>Co-Principal Investigator</RoleCode>
</Investigator>
<Institution>
<Name><![CDATA[Trustees of Boston University]]></Name>
<CityName>BOSTON</CityName>
<ZipCode>022151703</ZipCode>
<PhoneNumber>6173534365</PhoneNumber>
<StreetAddress><![CDATA[1 SILBER WAY]]></StreetAddress>
<StreetAddress2/>
<CountryName>United States</CountryName>
<StateName>Massachusetts</StateName>
<StateCode>MA</StateCode>
<CONGRESSDISTRICT>07</CONGRESSDISTRICT>
<CONGRESS_DISTRICT_ORG>MA07</CONGRESS_DISTRICT_ORG>
<ORG_UEI_NUM>THL6A6JLE1S7</ORG_UEI_NUM>
<ORG_LGL_BUS_NAME>TRUSTEES OF BOSTON UNIVERSITY</ORG_LGL_BUS_NAME>
<ORG_PRNT_UEI_NUM/>
</Institution>
<Performance_Institution>
<Name><![CDATA[Trustees of Boston University]]></Name>
<CityName>Boston</CityName>
<StateCode>MA</StateCode>
<ZipCode>022151300</ZipCode>
<StreetAddress><![CDATA[881 Commonwealth Avenue]]></StreetAddress>
<CountryCode>US</CountryCode>
<CountryName>United States</CountryName>
<StateName>Massachusetts</StateName>
<CountryFlag>1</CountryFlag>
<CONGRESSDISTRICT>07</CONGRESSDISTRICT>
<CONGRESS_DISTRICT_PERF>MA07</CONGRESS_DISTRICT_PERF>
</Performance_Institution>
<ProgramElement>
<Code>798000</Code>
<Text>ECR-EDU Core Research</Text>
</ProgramElement>
<ProgramReference>
<Code>8212</Code>
<Text>Broaden Particip STEM Resrch</Text>
</ProgramReference>
<ProgramReference>
<Code>8817</Code>
<Text>STEM Learning &amp; Learning Environments</Text>
</ProgramReference>
<Appropriation>
<Code>0420</Code>
<Name>NSF Education &amp; Human Resource</Name>
<APP_SYMB_ID>040106</APP_SYMB_ID>
</Appropriation>
<Appropriation>
<Code>0422</Code>
<Name>NSF Education &amp; Human Resource</Name>
<APP_SYMB_ID>040106</APP_SYMB_ID>
</Appropriation>
<Fund>
<Code>04002021DB</Code>
<Name><![CDATA[NSF Education & Human Resource]]></Name>
<FUND_SYMB_ID>040106</FUND_SYMB_ID>
</Fund>
<Fund>
<Code>04002223DB</Code>
<Name><![CDATA[NSF Education & Human Resource]]></Name>
<FUND_SYMB_ID>040106</FUND_SYMB_ID>
</Fund>
<FUND_OBLG>2020~757388</FUND_OBLG>
<FUND_OBLG>2022~397617</FUND_OBLG>
</Award>
</rootTag>
