<?xml version="1.0" encoding="UTF-8"?>
<rootTag>
<Award>
<AwardTitle><![CDATA[Research Initiation Award: Non-apoptotic Functions for Fas-associated Death Domain (FADD) in Osteosarocma]]></AwardTitle>
<AGENCY>NSF</AGENCY>
<AwardEffectiveDate>06/01/2020</AwardEffectiveDate>
<AwardExpirationDate>05/31/2025</AwardExpirationDate>
<AwardTotalIntnAmount>294832.00</AwardTotalIntnAmount>
<AwardAmount>294832</AwardAmount>
<AwardInstrument>
<Value>Standard Grant</Value>
</AwardInstrument>
<Organization>
<Code>11060000</Code>
<Directorate>
<Abbreviation>EDU</Abbreviation>
<LongName>Directorate for STEM Education</LongName>
</Directorate>
<Division>
<Abbreviation>EES</Abbreviation>
<LongName>Div. of Equity for Excellence in STEM</LongName>
</Division>
</Organization>
<ProgramOfficer>
<SignBlockName>Joyce Belcher</SignBlockName>
<PO_EMAI>jbelcher@nsf.gov</PO_EMAI>
<PO_PHON>7032928221</PO_PHON>
</ProgramOfficer>
<AbstractNarration>Research Initiation Awards provide support for junior and mid-career faculty at Historically Black Colleges and Universities who are building new research programs or redirecting and rebuilding existing research programs. It is expected that the award will (1) further the faculty member's research capability and effectiveness, (2) improve research and teaching at the home institution, and (3) engage more undergraduate students from underrepresented groups in research experiences. The project from Texas Southern University, a Historically Black College/University (HBCU), seeks to study the non-apoptotic functions of the Fas-associated protein with death domain (FADD) protein in osteosarcoma (OS) biology.  The specific objectives include the investigation of (1) the mechanism of action responsible for death ligand-induced cell death; and (2) the role of FADD in cellular homeostatic activities.  The project includes mentoring two Texas Southern University undergraduate students in research experience. &lt;br/&gt;&lt;br/&gt;Fas-associated protein with death domain was initially discovered as an adaptor protein that facilitates Fas-mediated apoptosis. Subsequent studies reported non-apoptotic functions of FADD in immune cells. Non-apoptotic functions of FADD have not been extensively studied in cancer, and no reports are available on non-apoptotic functions of FADD in osteosarcoma (OS). Osteosarcoma is the most common type of bone cancer found in children and teens. The Principle Investigator has previously reported that decreased FADD expression sensitizes OS to death ligand-induced cell death, indicating that FADD protects OS against death ligand-induced cell death. The aim of this study is to investigate the non-apoptotic functions of FADD as well as the signaling pathways associated with the non-apoptotic functions of FADD in cancer, specifically OS. The specific objectives of this research are: 1) to determine the mechanism of action responsible for death ligand-induced cell death in OS with altered FADD status and 2) to elucidate the function of FADD in cell homeostasis to include regulation of oxidative stress, cell proliferation and regulation of cell cycle. Level of FADD expression, cellular localization of FADD and FADD phosphorylation affects FADD function. To investigate the non-apoptotic functions of FADD, three OS cell models will be used: 1) cells with reduced expression of FADD, 2) cells with impaired nuclear localization of FADD, and 3) cells with inhibited FADD phosphorylation. The experimental approach presented investigates the different cellular states of FADD that affect FADD function. Assessment of pro-survival and pro-death signaling pathways and expression of pro-survival and pro-death molecules will elucidate mechanisms responsible for death ligand-induced cell death in OS with altered FADD status. Cell growth, cell viability, metabolic activity, and cell cycle regulation in the three OS cell models will be assessed to determine the impact of altered FADD status on cell homeostasis. The results generated from this investigation will contribute to a better understanding of FADD function in OS and will serve as a basis for the direction of research on the biological function of FADD in other cancers.&lt;br/&gt;&lt;br/&gt;This award reflects NSF's statutory mission and has been deemed worthy of support through evaluation using the Foundation's intellectual merit and broader impacts review criteria.</AbstractNarration>
<MinAmdLetterDate>03/26/2020</MinAmdLetterDate>
<MaxAmdLetterDate>03/26/2020</MaxAmdLetterDate>
<ARRAAmount/>
<TRAN_TYPE>Grant</TRAN_TYPE>
<CFDA_NUM>47.076</CFDA_NUM>
<NSF_PAR_USE_FLAG>1</NSF_PAR_USE_FLAG>
<FUND_AGCY_CODE>4900</FUND_AGCY_CODE>
<AWDG_AGCY_CODE>4900</AWDG_AGCY_CODE>
<AwardID>2000183</AwardID>
<Investigator>
<FirstName>Mario</FirstName>
<LastName>Hollomon</LastName>
<PI_MID_INIT/>
<PI_SUFX_NAME/>
<PI_FULL_NAME>Mario Hollomon</PI_FULL_NAME>
<EmailAddress><![CDATA[Mario.Hollomon@tsu.edu]]></EmailAddress>
<NSF_ID>000806471</NSF_ID>
<StartDate>03/26/2020</StartDate>
<EndDate/>
<RoleCode>Principal Investigator</RoleCode>
</Investigator>
<Institution>
<Name><![CDATA[Texas Southern University]]></Name>
<CityName>HOUSTON</CityName>
<ZipCode>770044501</ZipCode>
<PhoneNumber>7133137457</PhoneNumber>
<StreetAddress><![CDATA[3100 CLEBURNE ST]]></StreetAddress>
<StreetAddress2/>
<CountryName>United States</CountryName>
<StateName>Texas</StateName>
<StateCode>TX</StateCode>
<CONGRESSDISTRICT>18</CONGRESSDISTRICT>
<CONGRESS_DISTRICT_ORG>TX18</CONGRESS_DISTRICT_ORG>
<ORG_UEI_NUM>HYYJJ5ZP7CR9</ORG_UEI_NUM>
<ORG_LGL_BUS_NAME>TEXAS SOUTHERN UNIVERSITY</ORG_LGL_BUS_NAME>
<ORG_PRNT_UEI_NUM>HEMSG8TLU9N3</ORG_PRNT_UEI_NUM>
</Institution>
<Performance_Institution>
<Name><![CDATA[Texas Southern University]]></Name>
<CityName>Houston</CityName>
<StateCode>TX</StateCode>
<ZipCode>770044501</ZipCode>
<StreetAddress><![CDATA[3100 Cleburne]]></StreetAddress>
<CountryCode>US</CountryCode>
<CountryName>United States</CountryName>
<StateName>Texas</StateName>
<CountryFlag>1</CountryFlag>
<CONGRESSDISTRICT>18</CONGRESSDISTRICT>
<CONGRESS_DISTRICT_PERF>TX18</CONGRESS_DISTRICT_PERF>
</Performance_Institution>
<ProgramElement>
<Code>159400</Code>
<Text>Hist Black Colleges and Univ</Text>
</ProgramElement>
<ProgramReference>
<Code>9178</Code>
<Text>UNDERGRADUATE EDUCATION</Text>
</ProgramReference>
<Appropriation>
<Code>0420</Code>
<Name>NSF Education &amp; Human Resource</Name>
<APP_SYMB_ID>040106</APP_SYMB_ID>
</Appropriation>
<Fund>
<Code>04002021DB</Code>
<Name><![CDATA[NSF Education & Human Resource]]></Name>
<FUND_SYMB_ID>040106</FUND_SYMB_ID>
</Fund>
<FUND_OBLG>2020~294832</FUND_OBLG>
</Award>
</rootTag>
