<?xml version="1.0" encoding="UTF-8"?>
<rootTag>
<Award>
<AwardTitle><![CDATA[CSEDI Collaborative Research: Understanding what we see in the lower mantle - mineral physics interpretation of seismic tomographic images]]></AwardTitle>
<AGENCY>NSF</AGENCY>
<AwardEffectiveDate>07/15/2020</AwardEffectiveDate>
<AwardExpirationDate>06/30/2024</AwardExpirationDate>
<AwardTotalIntnAmount>745000.00</AwardTotalIntnAmount>
<AwardAmount>745000</AwardAmount>
<AwardInstrument>
<Value>Continuing Grant</Value>
</AwardInstrument>
<Organization>
<Code>06030000</Code>
<Directorate>
<Abbreviation>GEO</Abbreviation>
<LongName>Directorate For Geosciences</LongName>
</Directorate>
<Division>
<Abbreviation>EAR</Abbreviation>
<LongName>Division Of Earth Sciences</LongName>
</Division>
</Organization>
<ProgramOfficer>
<SignBlockName>Wendy Panero</SignBlockName>
<PO_EMAI>wpanero@nsf.gov</PO_EMAI>
<PO_PHON>7032925058</PO_PHON>
</ProgramOfficer>
<AbstractNarration>Earth’s mantle thermal convection drives plate tectonics. It is at the origin of numerous risks for populations (e.g., earthquakes, volcanic eruptions, tsunamis). This process extracts Earth’s internal heat, notably produced by the crystallization of its core.  The core is ~3,500 km (~2,200 mi) in radius and consists mostly of iron with some nickel.  Its liquid outer shell, the outer core, generates the Earth’s magnetic field. Above the core lies the rocky mantle, a hot layer of mostly solid silicates wrapped into the planet’s crust.  The core-mantle boundary (CMB) is located ~2,900 km (1800 mi) beneath the Earth’s surface. It is a complex and critical boundary. There, heat transfer, from the core to the mantle, constrains the geodynamo and powers mantle convection. Deep patterns of mantle flow are observed by refined seismic imaging above the CMB. These structures still challenge interpretations in terms of mineralogy and thermodynamical state. Here, researchers focus on the mantle system. The multidisciplinary team of computational scientists consists of a mineral physicist, two seismologists, an applied mathematician, and a geodynamicist. It introduces innovative approaches to analyze the origin of mantle structures, including machine learning algorithm. The models are constrained with the latest mineral physics data, obtained at the extreme pressures and temperatures prevailing in Earth’s interior. Gradually, the scientists unveil the origins, compositions, and temperatures of the deep mantle structures. Outcomes of the project, i.e., state-of-the-art methods, software, and databases, will benefit the Earth Science community. The project also provides support for an early career female scientist, and training for four graduate students at Columbia University and Princeton University.&lt;br/&gt;&lt;br/&gt;Here, the researchers use the latest shear (S-) and compressional (P-) wave models obtained by global adjoint tomography, without reference to a 1D spherical model or assumptions of correlations between compressional (VP) and shear velocity (VS) heterogeneities. They also use direct inversion, machine learning algorithms, and the latest mineral physics results on thermoelastic properties of mineral phases undergoing iron spin crossover (ISC). They pay particular attention to the effect of the ISC which disrupts the usual correlation between VS and VP heterogeneities caused by lateral temperature or composition variations. They focus on lower mantle structures, mainly plumes rooted at the CMB and possibly slabs in this region. In the process, they are formatting the mineral physics data on ISCs to make it available through two popular thermochemical and thermoelasticity software/database frameworks – BurnMan and Perple_X – that couple with geodynamic codes. With this software/data infrastructure in place, they run geodynamic simulations to understand the effect of ISC on mantle dynamics. Conversely, results of geodynamic modeling coupled to thermoelasticity data are used to synthesize tomographic images to be compared with observed mantle structures. The know-how generated by this project, i.e., methods, software, databases, and results will be made available through peer-reviewed journals and in specialized web sites, e.g., BurnMan, Perple_X, IRIS, github.&lt;br/&gt;&lt;br/&gt;This award reflects NSF's statutory mission and has been deemed worthy of support through evaluation using the Foundation's intellectual merit and broader impacts review criteria.</AbstractNarration>
<MinAmdLetterDate>07/15/2020</MinAmdLetterDate>
<MaxAmdLetterDate>06/28/2022</MaxAmdLetterDate>
<ARRAAmount/>
<TRAN_TYPE>Grant</TRAN_TYPE>
<CFDA_NUM>47.050</CFDA_NUM>
<NSF_PAR_USE_FLAG>1</NSF_PAR_USE_FLAG>
<FUND_AGCY_CODE>4900</FUND_AGCY_CODE>
<AWDG_AGCY_CODE>4900</AWDG_AGCY_CODE>
<AwardID>2000850</AwardID>
<Investigator>
<FirstName>Goran</FirstName>
<LastName>Ekstrom</LastName>
<PI_MID_INIT/>
<PI_SUFX_NAME/>
<PI_FULL_NAME>Goran Ekstrom</PI_FULL_NAME>
<EmailAddress><![CDATA[ekstrom@ldeo.columbia.edu]]></EmailAddress>
<NSF_ID>000106337</NSF_ID>
<StartDate>07/15/2020</StartDate>
<EndDate/>
<RoleCode>Co-Principal Investigator</RoleCode>
</Investigator>
<Investigator>
<FirstName>Renata</FirstName>
<LastName>Wentzcovitch</LastName>
<PI_MID_INIT>M</PI_MID_INIT>
<PI_SUFX_NAME/>
<PI_FULL_NAME>Renata M Wentzcovitch</PI_FULL_NAME>
<EmailAddress><![CDATA[rmw2150@columbia.edu]]></EmailAddress>
<NSF_ID>000442177</NSF_ID>
<StartDate>07/15/2020</StartDate>
<EndDate/>
<RoleCode>Principal Investigator</RoleCode>
</Investigator>
<Investigator>
<FirstName>Kui</FirstName>
<LastName>Ren</LastName>
<PI_MID_INIT/>
<PI_SUFX_NAME/>
<PI_FULL_NAME>Kui Ren</PI_FULL_NAME>
<EmailAddress><![CDATA[kr2002@columbia.edu]]></EmailAddress>
<NSF_ID>000497770</NSF_ID>
<StartDate>07/15/2020</StartDate>
<EndDate/>
<RoleCode>Co-Principal Investigator</RoleCode>
</Investigator>
<Investigator>
<FirstName>Jacqueline</FirstName>
<LastName>Austermann</LastName>
<PI_MID_INIT/>
<PI_SUFX_NAME/>
<PI_FULL_NAME>Jacqueline Austermann</PI_FULL_NAME>
<EmailAddress><![CDATA[ja3170@columbia.edu]]></EmailAddress>
<NSF_ID>000728791</NSF_ID>
<StartDate>07/15/2020</StartDate>
<EndDate/>
<RoleCode>Co-Principal Investigator</RoleCode>
</Investigator>
<Institution>
<Name><![CDATA[Columbia University]]></Name>
<CityName>NEW YORK</CityName>
<ZipCode>100277922</ZipCode>
<PhoneNumber>2128546851</PhoneNumber>
<StreetAddress><![CDATA[615 W 131ST ST]]></StreetAddress>
<StreetAddress2><![CDATA[MC 8741]]></StreetAddress2>
<CountryName>United States</CountryName>
<StateName>New York</StateName>
<StateCode>NY</StateCode>
<CONGRESSDISTRICT>13</CONGRESSDISTRICT>
<CONGRESS_DISTRICT_ORG>NY13</CONGRESS_DISTRICT_ORG>
<ORG_UEI_NUM>F4N1QNPB95M4</ORG_UEI_NUM>
<ORG_LGL_BUS_NAME>THE TRUSTEES OF COLUMBIA UNIVERSITY IN THE CITY OF NEW YORK</ORG_LGL_BUS_NAME>
<ORG_PRNT_UEI_NUM/>
</Institution>
<Performance_Institution>
<Name><![CDATA[Columbia University]]></Name>
<CityName/>
<StateCode>NY</StateCode>
<ZipCode>100276623</ZipCode>
<StreetAddress/>
<CountryCode>US</CountryCode>
<CountryName>United States</CountryName>
<StateName>New York</StateName>
<CountryFlag>1</CountryFlag>
<CONGRESSDISTRICT>13</CONGRESSDISTRICT>
<CONGRESS_DISTRICT_PERF>NY13</CONGRESS_DISTRICT_PERF>
</Performance_Institution>
<ProgramElement>
<Code>158500</Code>
<Text>STUDIES OF THE EARTHS DEEP INT</Text>
</ProgramElement>
<ProgramReference>
<Code>1031</Code>
<Text>STUDIES OF THE EARTH'S DEEP INTERIOR</Text>
</ProgramReference>
<Appropriation>
<Code/>
<Name/>
<APP_SYMB_ID/>
</Appropriation>
<Appropriation>
<Code/>
<Name/>
<APP_SYMB_ID/>
</Appropriation>
<Fund>
<Code>01002223DB</Code>
<Name><![CDATA[NSF RESEARCH & RELATED ACTIVIT]]></Name>
<FUND_SYMB_ID>040100</FUND_SYMB_ID>
</Fund>
<Fund>
<Code>01002021DB</Code>
<Name><![CDATA[NSF RESEARCH & RELATED ACTIVIT]]></Name>
<FUND_SYMB_ID>040100</FUND_SYMB_ID>
</Fund>
<FUND_OBLG>2020~424000</FUND_OBLG>
<FUND_OBLG>2022~321000</FUND_OBLG>
<POR>
<DRECONTENT><![CDATA[<div class="porColContainerWBG"> <div class="porContentCol"><p><strong>PROJECT OUTCOMES</strong></p> <p>One of the broad goals of the CSEDI program is to advance understanding of the Deep Earth Engine, i.e., the two distinct heat transfer/producing systems connected at the complex core-mantle boundary (CMB) region. In this project, we focused on the mantle system in which refined deep seismic structures reveal mantle flow patterns or mineralogical changes.</p> <p><strong><em><span style="text-decoration: underline;">&nbsp;</span></em></strong></p> <p><strong><em><span style="text-decoration: underline;">Intellectual Merit</span></em></strong> &ndash; This project brought together an interdisciplinary team consisting of a materials/mineral physicist, two seismologists, an applied mathematician, and a geodynamicist, to investigate the origin of velocity structures in the Earth's lower mantle as revealed by seismic tomography. In particular, it investigated the elusive effect of iron spin crossover (ISC), i.e., the reduction of iron magnetic moment, on average mantle velocities and heterogeneities. Because the ISC occurs throughout most of the lower mantle, it does not have a sharp signature, making it challenging to pin down. Besides, the complex ISC modeling is sensitive to approximations involved in its modeling, making its effects challenging to describe.</p> <p>Concrete progress was made in describing and identifying ISC effects on lower mantle velocities. Over a decade ago the ISC impact on mantle velocities and heterogeneities was predicted by <em>ab initio</em> calculations. Qualitatively, it consisted of a &ldquo;fading&rdquo; of velocity heterogeneities in P-wave models compared to S-wave models. An interdisciplinary collaboration identified the predicted effect on several tomographic models using the vote map strategy. The identified effect seemed less localized than the predicted one. The ab initio ISC modeling was repeated, upgrading the ISC solid solution modeling from ideal to non-ideal. This work showed the ISC impact on mantle velocities is more delocalized than that predicted in previous studies. Using the novel ISC modeling results, it was demonstrated that the ISC impact on 1D velocity profiles is a) to reduce P-velocities broadly with no distinct signature, and b) it is essential to describe velocity distributions in the lower mantle. Without the ISC effect, a Bayesian analysis of mantle velocities offers unrealistic temperatures and silica content. This result was obtained using the GLAD-M25 tomographic model from the Princeton collaborator, Jeroen Tromp.</p> <p>We also showed how the ISC impacts the partitioning of (ferrous) iron among lower mantle phases. The partitioning effect on 1D velocity profiles is very small, but it impacts velocity heterogeneity ratios, the main signature of the origins of velocity variations in the mantle. With lateral temperature variations, this partitioning alters phase compositions that impact S- and P-velocities differently. A surprising effect was the similarity of the predicted impact of lateral temperature variations in a pyrolytic mantle in the presence of ISC and iron partitioning and the velocity variation ratios observed by numerous tomographic models down to 2,400 km depth.</p> <p>This progress was reported in two articles published in Nature Communications and one nearly accepted in Geophysical Research Letters.</p> <p>Other advances under this grant included the reformulation and test of a formalism for elasticity under non-hydrostatic stresses and the resolution of the phase boundary between cubic to tetragonal transition in CaSiO3-perovskite. The latter was an important step toward accurately predicting the recently observed MgSiO<sub>3</sub>-CaSiO<sub>3</sub> solid solution.</p> <p>In addition, the capability for predictions of much more complex effects has been upgraded with the introduction of machine learning potential computations of thermodynamic and thermoelastic properties, e.g., simulations of highly anharmonic effects, e.g., superionic transition, on seismic velocities.</p> <p>We will use the latest shear (S-) and compressional (P-) wave models obtained by global adjoint tomography without reference to a 1D spherical model or assumptions of correlations between compressional (<em>V<sub>P</sub></em>) and shear velocity (<em>V<sub>S</sub></em>) heterogeneities.</p> <p><strong><em><span style="text-decoration: underline;">Broader impacts</span></em></strong> - This project launched an important activity in geophysics on the East Coast, bringing together leading groups and creating conditions for convergence research in the framework of the CSEDI program. It also created conditions for well-rounded, interdisciplinary training of three graduate students and one postdoc. A novel approach for analyses of mantle structures was successfully used, setting new standards for analyses of mantle velocities and opening a path for mineralogical interpretations of mantle velocities. The know-how generated by this grant, i.e., methods, data, and results, were made publicly available on specialized and popular websites, e.g., Mineralscloud.org, GitHub, etc. Finally, the interdisciplinary and cross-generation interaction supported is helping to shape the future of seismic imaging analysis and interpretation.</p> <p>&nbsp;</p> <p>&nbsp;</p><br> <p>  Last Modified: 08/02/2024<br> Modified by: Renata&nbsp;M&nbsp;Wentzcovitch</p></div> <div class="porSideCol" ><div class="each-gallery"> <div class="galContent" id="gallery0"> <div class="photoCount" id="photoCount0">          Images (<span id="selectedPhoto0">1</span> of <span class="totalNumber"></span>)          </div> <div class="galControls onePhoto" id="controls0"></div> <div class="galSlideshow" id="slideshow0"></div> <div class="galEmbox" id="embox"> <div class="image-title"></div> </div> </div> <div class="galNavigation" id="navigation0"> <ul class="thumbs" id="thumbs0"> <li> <a href="/por/images/Reports/POR/2024/2000850/2000850_10685959_1722601821598_Outcomes_Figure2--rgov-214x142.png" original="/por/images/Reports/POR/2024/2000850/2000850_10685959_1722601821598_Outcomes_Figure2--rgov-800width.png" title="ISC and iron partitioning impact on 1D velocity profiles"><img src="/por/images/Reports/POR/2024/2000850/2000850_10685959_1722601821598_Outcomes_Figure2--rgov-66x44.png" alt="ISC and iron partitioning impact on 1D velocity profiles"></a> <div class="imageCaptionContainer"> <div class="imageCaption">Calculated P-, bulk-, and S-wave speeds and density along the adiabatic geotherm for a pyrolitic aggregate with XFe = 0.1. Dark (light) lines indicate aggregates with and without ISC in modeled as (a) ideal and (b) non-ideal HS/LS solid solutions. Dashed lines include the effect of iron portioning.</div> <div class="imageCredit">renata wentzcovitch</div> <div class="imagePermisssions">Copyrighted</div> <div class="imageSubmitted">Renata&nbsp;M&nbsp;Wentzcovitch <div class="imageTitle">ISC and iron partitioning impact on 1D velocity profiles</div> </div> </li><li> <a href="/por/images/Reports/POR/2024/2000850/2000850_10685959_1722341319671_Outcomes_Figures--rgov-214x142.png" original="/por/images/Reports/POR/2024/2000850/2000850_10685959_1722341319671_Outcomes_Figures--rgov-800width.png" title="Vote Maps Identifying Iron Spin Crossover in Ferropericlase"><img src="/por/images/Reports/POR/2024/2000850/2000850_10685959_1722341319671_Outcomes_Figures--rgov-66x44.png" alt="Vote Maps Identifying Iron Spin Crossover in Ferropericlase"></a> <div class="imageCaptionContainer"> <div class="imageCaption">S- and P-wave vote maps for (a) SE Asia, (b) Farallon slab, and (c) African LLSVP. (a) and (b) show coherently fast regions in S-wave models, while (c) shows the same for a slow region. Slab and plume signals are weaker in P-wave vote maps, as expected from the iron spin crossover in ferropericlase.</div> <div class="imageCredit">Grace Shephard</div> <div class="imagePermisssions">Copyrighted</div> <div class="imageSubmitted">Renata&nbsp;M&nbsp;Wentzcovitch <div class="imageTitle">Vote Maps Identifying Iron Spin Crossover in Ferropericlase</div> </div> </li></ul> </div> </div></div> </div>]]></DRECONTENT>
<POR_COPY_TXT><![CDATA[  PROJECT OUTCOMES   One of the broad goals of the CSEDI program is to advance understanding of the Deep Earth Engine, i.e., the two distinct heat transfer/producing systems connected at the complex core-mantle boundary (CMB) region. In this project, we focused on the mantle system in which refined deep seismic structures reveal mantle flow patterns or mineralogical changes.      Intellectual Merit  This project brought together an interdisciplinary team consisting of a materials/mineral physicist, two seismologists, an applied mathematician, and a geodynamicist, to investigate the origin of velocity structures in the Earth's lower mantle as revealed by seismic tomography. In particular, it investigated the elusive effect of iron spin crossover (ISC), i.e., the reduction of iron magnetic moment, on average mantle velocities and heterogeneities. Because the ISC occurs throughout most of the lower mantle, it does not have a sharp signature, making it challenging to pin down. Besides, the complex ISC modeling is sensitive to approximations involved in its modeling, making its effects challenging to describe.   Concrete progress was made in describing and identifying ISC effects on lower mantle velocities. Over a decade ago the ISC impact on mantle velocities and heterogeneities was predicted by ab initio calculations. Qualitatively, it consisted of a fading of velocity heterogeneities in P-wave models compared to S-wave models. An interdisciplinary collaboration identified the predicted effect on several tomographic models using the vote map strategy. The identified effect seemed less localized than the predicted one. The ab initio ISC modeling was repeated, upgrading the ISC solid solution modeling from ideal to non-ideal. This work showed the ISC impact on mantle velocities is more delocalized than that predicted in previous studies. Using the novel ISC modeling results, it was demonstrated that the ISC impact on 1D velocity profiles is a) to reduce P-velocities broadly with no distinct signature, and b) it is essential to describe velocity distributions in the lower mantle. Without the ISC effect, a Bayesian analysis of mantle velocities offers unrealistic temperatures and silica content. This result was obtained using the GLAD-M25 tomographic model from the Princeton collaborator, Jeroen Tromp.   We also showed how the ISC impacts the partitioning of (ferrous) iron among lower mantle phases. The partitioning effect on 1D velocity profiles is very small, but it impacts velocity heterogeneity ratios, the main signature of the origins of velocity variations in the mantle. With lateral temperature variations, this partitioning alters phase compositions that impact S- and P-velocities differently. A surprising effect was the similarity of the predicted impact of lateral temperature variations in a pyrolytic mantle in the presence of ISC and iron partitioning and the velocity variation ratios observed by numerous tomographic models down to 2,400 km depth.   This progress was reported in two articles published in Nature Communications and one nearly accepted in Geophysical Research Letters.   Other advances under this grant included the reformulation and test of a formalism for elasticity under non-hydrostatic stresses and the resolution of the phase boundary between cubic to tetragonal transition in CaSiO3-perovskite. The latter was an important step toward accurately predicting the recently observed MgSiO3-CaSiO3 solid solution.   In addition, the capability for predictions of much more complex effects has been upgraded with the introduction of machine learning potential computations of thermodynamic and thermoelastic properties, e.g., simulations of highly anharmonic effects, e.g., superionic transition, on seismic velocities.   We will use the latest shear (S-) and compressional (P-) wave models obtained by global adjoint tomography without reference to a 1D spherical model or assumptions of correlations between compressional (VP) and shear velocity (VS) heterogeneities.   Broader impacts - This project launched an important activity in geophysics on the East Coast, bringing together leading groups and creating conditions for convergence research in the framework of the CSEDI program. It also created conditions for well-rounded, interdisciplinary training of three graduate students and one postdoc. A novel approach for analyses of mantle structures was successfully used, setting new standards for analyses of mantle velocities and opening a path for mineralogical interpretations of mantle velocities. The know-how generated by this grant, i.e., methods, data, and results, were made publicly available on specialized and popular websites, e.g., Mineralscloud.org, GitHub, etc. Finally, the interdisciplinary and cross-generation interaction supported is helping to shape the future of seismic imaging analysis and interpretation.           Last Modified: 08/02/2024       Submitted by: RenataMWentzcovitch]]></POR_COPY_TXT>
</POR>
</Award>
</rootTag>
