<?xml version="1.0" encoding="UTF-8"?>
<rootTag>
<Award>
<AwardTitle><![CDATA[Classifying *-Homomorphisms]]></AwardTitle>
<AGENCY>NSF</AGENCY>
<AwardEffectiveDate>06/01/2020</AwardEffectiveDate>
<AwardExpirationDate>05/31/2024</AwardExpirationDate>
<AwardTotalIntnAmount>178590.00</AwardTotalIntnAmount>
<AwardAmount>178590</AwardAmount>
<AwardInstrument>
<Value>Continuing Grant</Value>
</AwardInstrument>
<Organization>
<Code>03040000</Code>
<Directorate>
<Abbreviation>MPS</Abbreviation>
<LongName>Direct For Mathematical &amp; Physical Scien</LongName>
</Directorate>
<Division>
<Abbreviation>DMS</Abbreviation>
<LongName>Division Of Mathematical Sciences</LongName>
</Division>
</Organization>
<ProgramOfficer>
<SignBlockName>Marian Bocea</SignBlockName>
<PO_EMAI>mbocea@nsf.gov</PO_EMAI>
<PO_PHON>7032922595</PO_PHON>
</ProgramOfficer>
<AbstractNarration>This project relates to the classification and structure of amenable operator algebras.  Operator algebras is an area of mathematics which began with the work of Murray and von Neumann in the 1930's motivated in part by Heisenberg's approach to quantum mechanics in terms of infinite matrices.  Von Neumann's development of operators on a Hilbert space put Heisenberg's ideas on rigorous foundations.  In this theory, the observable data is represented by certain operators (i.e. infinite matrices) on a Hilbert space.  One of the most famous concepts of quantum mechanics is Heisenberg's uncertainty principle that the speed and position of a particle cannot be known simultaneously.  The mathematically rigorous version of this statement is that the operators P and Q which measure position and momentum do not commute; i.e. PQ and QP are not equal (there is, however, a precise formula relating P and Q).  Operator algebras is the study of algebraic relations between collections of operators.  Amenable operators algebras form a particularly important class of operators algebras.  In recent years, there has been a substantial work in classifying simple amenable operator algebras. In a certain sense, the simple examples are the basic building blocks of the theory.  The goal of this project is to understand the relations between the simple amenable operator algebras (such as ways one can be embedded into the other) and the symmetries of such algebras and to exploit these ideas to uncover structural information about operator algebras as a whole. This project also will be contributing to the education of the US workforce through the training of graduate students.&lt;br/&gt;&lt;br/&gt;More technically, recent progress in Elliott's Program shows separable, simple, nuclear, regular C*-algebras in the UCT class are classified up to isomorphism via their operator K-theory groups, their trace simplex, and the pairing between them.  This should be viewed as a direct analogue to the Connes-Haagerup classification of separably acting injective factors in terms of their type and flow of weights.  The Connes-Haagerup classification has become a corner stone of modern von Neumann algebra theory, and the C*-algebraic analogue may be expected to have an equally important role in C*-algebra theory.  In recent joint work with Carrion, Gabe, Tikuisis, and White, the PI showed that embeddings of "classifiable" C*-algebras are determined up to approximate unitary equivalence by K-theoretic data.  The aim of this project is to refine and expand on these techniques with an eye towards equivariant classification and non-simple classification, as well as applications to the regularity theory, such as computing the nuclear dimension of a new classes of C*-algebras.&lt;br/&gt;&lt;br/&gt;This award reflects NSF's statutory mission and has been deemed worthy of support through evaluation using the Foundation's intellectual merit and broader impacts review criteria.</AbstractNarration>
<MinAmdLetterDate>03/23/2020</MinAmdLetterDate>
<MaxAmdLetterDate>06/30/2022</MaxAmdLetterDate>
<ARRAAmount/>
<TRAN_TYPE>Grant</TRAN_TYPE>
<CFDA_NUM>47.049</CFDA_NUM>
<NSF_PAR_USE_FLAG>1</NSF_PAR_USE_FLAG>
<FUND_AGCY_CODE>4900</FUND_AGCY_CODE>
<AWDG_AGCY_CODE>4900</AWDG_AGCY_CODE>
<AwardID>2000129</AwardID>
<Investigator>
<FirstName>Christopher</FirstName>
<LastName>Schafhauser</LastName>
<PI_MID_INIT>P</PI_MID_INIT>
<PI_SUFX_NAME/>
<PI_FULL_NAME>Christopher P Schafhauser</PI_FULL_NAME>
<EmailAddress><![CDATA[cschafhauser2@unl.edudisabled]]></EmailAddress>
<NSF_ID>000706597</NSF_ID>
<StartDate>03/23/2020</StartDate>
<EndDate/>
<RoleCode>Principal Investigator</RoleCode>
</Investigator>
<Institution>
<Name><![CDATA[University of Nebraska-Lincoln]]></Name>
<CityName>LINCOLN</CityName>
<ZipCode>685032427</ZipCode>
<PhoneNumber>4024723171</PhoneNumber>
<StreetAddress><![CDATA[2200 VINE ST # 830861]]></StreetAddress>
<StreetAddress2/>
<CountryName>United States</CountryName>
<StateName>Nebraska</StateName>
<StateCode>NE</StateCode>
<CONGRESSDISTRICT>01</CONGRESSDISTRICT>
<CONGRESS_DISTRICT_ORG>NE01</CONGRESS_DISTRICT_ORG>
<ORG_UEI_NUM>HTQ6K6NJFHA6</ORG_UEI_NUM>
<ORG_LGL_BUS_NAME>BOARD OF REGENTS OF THE UNIVERSITY OF NEBRASKA</ORG_LGL_BUS_NAME>
<ORG_PRNT_UEI_NUM/>
</Institution>
<Performance_Institution>
<Name><![CDATA[University of Nebraska-Lincoln]]></Name>
<CityName>Lincoln</CityName>
<StateCode>NE</StateCode>
<ZipCode>685880130</ZipCode>
<StreetAddress/>
<CountryCode>US</CountryCode>
<CountryName>United States</CountryName>
<StateName>Nebraska</StateName>
<CountryFlag>1</CountryFlag>
<CONGRESSDISTRICT>01</CONGRESSDISTRICT>
<CONGRESS_DISTRICT_PERF>NE01</CONGRESS_DISTRICT_PERF>
</Performance_Institution>
<ProgramElement>
<Code>128100</Code>
<Text>ANALYSIS PROGRAM</Text>
</ProgramElement>
<ProgramReference>
<Code>9150</Code>
<Text>EXP PROG TO STIM COMP RES</Text>
</ProgramReference>
<Appropriation>
<Code>0120</Code>
<Name>NSF RESEARCH &amp; RELATED ACTIVIT</Name>
<APP_SYMB_ID>040100</APP_SYMB_ID>
</Appropriation>
<Appropriation>
<Code>0121</Code>
<Name>NSF RESEARCH &amp; RELATED ACTIVIT</Name>
<APP_SYMB_ID>040100</APP_SYMB_ID>
</Appropriation>
<Appropriation>
<Code>0122</Code>
<Name>NSF RESEARCH &amp; RELATED ACTIVIT</Name>
<APP_SYMB_ID>040100</APP_SYMB_ID>
</Appropriation>
<Fund>
<Code>01002021DB</Code>
<Name><![CDATA[NSF RESEARCH & RELATED ACTIVIT]]></Name>
<FUND_SYMB_ID>040100</FUND_SYMB_ID>
</Fund>
<Fund>
<Code>01002122DB</Code>
<Name><![CDATA[NSF RESEARCH & RELATED ACTIVIT]]></Name>
<FUND_SYMB_ID>040100</FUND_SYMB_ID>
</Fund>
<Fund>
<Code>01002223DB</Code>
<Name><![CDATA[NSF RESEARCH & RELATED ACTIVIT]]></Name>
<FUND_SYMB_ID>040100</FUND_SYMB_ID>
</Fund>
<FUND_OBLG>2020~58002</FUND_OBLG>
<FUND_OBLG>2021~59499</FUND_OBLG>
<FUND_OBLG>2022~61089</FUND_OBLG>
</Award>
</rootTag>
