<?xml version="1.0" encoding="UTF-8"?>
<rootTag>
<Award>
<AwardTitle><![CDATA[Research Initiation Award: The Epigenomic Adaptations of Marine Mammal Skin]]></AwardTitle>
<AGENCY>NSF</AGENCY>
<AwardEffectiveDate>05/01/2020</AwardEffectiveDate>
<AwardExpirationDate>03/31/2025</AwardExpirationDate>
<AwardTotalIntnAmount>299181.00</AwardTotalIntnAmount>
<AwardAmount>344569</AwardAmount>
<AwardInstrument>
<Value>Standard Grant</Value>
</AwardInstrument>
<Organization>
<Code>11060000</Code>
<Directorate>
<Abbreviation>EDU</Abbreviation>
<LongName>Directorate for STEM Education</LongName>
</Directorate>
<Division>
<Abbreviation>EES</Abbreviation>
<LongName>Div. of Equity for Excellence in STEM</LongName>
</Division>
</Organization>
<ProgramOfficer>
<SignBlockName>Carleitta Paige-Anderson</SignBlockName>
<PO_EMAI>cpaigean@nsf.gov</PO_EMAI>
<PO_PHON>7032922816</PO_PHON>
</ProgramOfficer>
<AbstractNarration>Research Initiation Awards provide support for junior and mid-career faculty at Historically Black Colleges and Universities who are building new research programs or redirecting and rebuilding existing research programs. It is expected that the award helps to further the faculty member's research capability and effectiveness, improve research and teaching at the home institution, and involves undergraduate students in research experiences. The award to Hampton University has potential to broaden impacts in several areas. Undergraduate students will receive training in state of the art molecular and bioinformatics methods and work with graduate students from marine and environmental science. The PI will integrate their research in the classroom. The study of marine mammal skin has important implications with respect to understanding fundamental biology.&lt;br/&gt;&lt;br/&gt;Marine mammal skin has remarkable adaptations to the aquatic environment, including high rates of cell turn over and increased wound-healing capabilities. The central goal of this project is to investigate whether these adaptations are reflected in the epigenome, specifically in microRNAs (miRNAs), which are non-coding short RNAs with a pervasive role in gene expression regulation. To date, miRNAs have not been characterized for most non-model organisms, including marine mammals. This project will make use of small RNA sequencing technology and established analytical platforms to identify and quantify miRNAs in common bottlenose dolphin (Tursiops truncatus) skin tissues and conduct inter-lineage comparisons with mammal species that have contrasting life histories. While highlighting the epigenomic adaptations of marine mammal skin to life in the aquatic environment, this project will also assess the feasibility of using miRNAs as biomarkers for monitoring marine mammal health.&lt;br/&gt;&lt;br/&gt;This award reflects NSF's statutory mission and has been deemed worthy of support through evaluation using the Foundation's intellectual merit and broader impacts review criteria.</AbstractNarration>
<MinAmdLetterDate>03/27/2020</MinAmdLetterDate>
<MaxAmdLetterDate>07/06/2022</MaxAmdLetterDate>
<ARRAAmount/>
<TRAN_TYPE>Grant</TRAN_TYPE>
<CFDA_NUM>47.076</CFDA_NUM>
<NSF_PAR_USE_FLAG>1</NSF_PAR_USE_FLAG>
<FUND_AGCY_CODE>4900</FUND_AGCY_CODE>
<AWDG_AGCY_CODE>4900</AWDG_AGCY_CODE>
<AwardID>2000211</AwardID>
<Investigator>
<FirstName>Carolina</FirstName>
<LastName>Bonin</LastName>
<PI_MID_INIT/>
<PI_SUFX_NAME/>
<PI_FULL_NAME>Carolina Bonin</PI_FULL_NAME>
<EmailAddress><![CDATA[bonincarolina@gmail.com]]></EmailAddress>
<NSF_ID>000754892</NSF_ID>
<StartDate>03/27/2020</StartDate>
<EndDate/>
<RoleCode>Principal Investigator</RoleCode>
</Investigator>
<Institution>
<Name><![CDATA[Hampton University]]></Name>
<CityName>HAMPTON</CityName>
<ZipCode>236694561</ZipCode>
<PhoneNumber>7577275363</PhoneNumber>
<StreetAddress><![CDATA[200 WILLIAM R HARVEY WAY]]></StreetAddress>
<StreetAddress2/>
<CountryName>United States</CountryName>
<StateName>Virginia</StateName>
<StateCode>VA</StateCode>
<CONGRESSDISTRICT>03</CONGRESSDISTRICT>
<CONGRESS_DISTRICT_ORG>VA03</CONGRESS_DISTRICT_ORG>
<ORG_UEI_NUM>KSJKE3KVNBB4</ORG_UEI_NUM>
<ORG_LGL_BUS_NAME>HAMPTON UNIVERSITY</ORG_LGL_BUS_NAME>
<ORG_PRNT_UEI_NUM/>
</Institution>
<Performance_Institution>
<Name><![CDATA[Hampton University]]></Name>
<CityName>Hampton</CityName>
<StateCode>VA</StateCode>
<ZipCode>236680108</ZipCode>
<StreetAddress><![CDATA[100 E Queen St]]></StreetAddress>
<CountryCode>US</CountryCode>
<CountryName>United States</CountryName>
<StateName>Virginia</StateName>
<CountryFlag>1</CountryFlag>
<CONGRESSDISTRICT>03</CONGRESSDISTRICT>
<CONGRESS_DISTRICT_PERF>VA03</CONGRESS_DISTRICT_PERF>
</Performance_Institution>
<ProgramElement>
<Code>159400</Code>
<Text>Hist Black Colleges and Univ</Text>
</ProgramElement>
<ProgramReference>
<Code>9178</Code>
<Text>UNDERGRADUATE EDUCATION</Text>
</ProgramReference>
<ProgramReference>
<Code>9264</Code>
<Text>RESEARCH INITIATION AWARD</Text>
</ProgramReference>
<Appropriation>
<Code/>
<Name/>
<APP_SYMB_ID/>
</Appropriation>
<Appropriation>
<Code>0420</Code>
<Name>NSF Education &amp; Human Resource</Name>
<APP_SYMB_ID>040106</APP_SYMB_ID>
</Appropriation>
<Fund>
<Code>04002223DB</Code>
<Name><![CDATA[NSF Education & Human Resource]]></Name>
<FUND_SYMB_ID>040106</FUND_SYMB_ID>
</Fund>
<Fund>
<Code>04002021DB</Code>
<Name><![CDATA[NSF Education & Human Resource]]></Name>
<FUND_SYMB_ID>040106</FUND_SYMB_ID>
</Fund>
<FUND_OBLG>2020~299181</FUND_OBLG>
<FUND_OBLG>2022~45388</FUND_OBLG>
</Award>
</rootTag>
