<?xml version="1.0" encoding="UTF-8"?>
<rootTag>
<Award>
<AwardTitle><![CDATA[An Examination of How the Lived Experiences of African American Undergraduates Affect their Persistence in their Engineering Programs]]></AwardTitle>
<AGENCY>NSF</AGENCY>
<AwardEffectiveDate>09/01/2020</AwardEffectiveDate>
<AwardExpirationDate>08/31/2024</AwardExpirationDate>
<AwardTotalIntnAmount>499987.00</AwardTotalIntnAmount>
<AwardAmount>499987</AwardAmount>
<AwardInstrument>
<Value>Standard Grant</Value>
</AwardInstrument>
<Organization>
<Code>11060000</Code>
<Directorate>
<Abbreviation>EDU</Abbreviation>
<LongName>Directorate for STEM Education</LongName>
</Directorate>
<Division>
<Abbreviation>EES</Abbreviation>
<LongName>Div. of Equity for Excellence in STEM</LongName>
</Division>
</Organization>
<ProgramOfficer>
<SignBlockName>Deena Khalil</SignBlockName>
<PO_EMAI>dkhalil@nsf.gov</PO_EMAI>
<PO_PHON>7032928141</PO_PHON>
</ProgramOfficer>
<AbstractNarration>Despite efforts to broaden their participation in STEM, African Americans continue to be underrepresented in the STEM disciplines. Even after enrolling to major in STEM degrees, African Americans are more likely to switch to non-STEM majors or leave college compared to other ethnic groups. The purpose of this project through the University of Connecticut is to examine the lived experiences of African American engineering undergraduates at three predominately white institutions (PWI). The investigators specifically focus on how students’ encounters with racism, stereotyping, discrimination, and gender biases may increase their isolation and contribute to their decisions to switch to non-engineering degrees during the first two years in their programs. They also investigate the strategies of African American students who persist in their engineering programs, such as joining engineering professional organizations such as the National Society of Black Engineers (NSBE) or establishing a supportive social network (includes peer and faculty mentors) that provide cultural familiarity to reduce their isolation and likelihood to switch to non-engineering majors. To make large-scale, long-term change in the culture of engineering programs, the investigators will use their research findings to develop evidence-based materials that target the ongoing problem of racial and gender-based microaggressions (i.e., intended or unintended insults and disparaging comments that demean African Americans and other marginalized populations). This project is supported by the EHR Core Research (ECR) program, which supports work that advances fundamental research on STEM learning and learning environments, broadening participation in STEM, and STEM workforce development. While this project is primarily funded by the ECR program, additional support has been provided by the Directorate for Engineering's Broadening Participation in Engineering (BPE) program.&lt;br/&gt;&lt;br/&gt;Theoretically-driven, this project’s research uses racism, intersectionality, and social capital theories to examine the racial and gender dynamics and practices that African American students experience, in addition to how their supportive social networks and other experiences influence their persistence in engineering. Uniquely, in this mixed-methods study, the investigators will use: 1) experience sampling method (ESM), which allows the collection of both real-time qualitative and quantitative data from participants about their experiences in their engineering programs as they occur and 2) oral stories that show how participants construct their realities within their engineering program cultures and harness their agency in the face of often disempowering circumstances. Students will also complete a baseline survey and a baseline interview about their academic, socioeconomic, and engineering backgrounds. Quantitative and qualitative data will be analyzed and these research findings will add to the growing literature on intersectionality and women of color in STEM higher education. This study adds a critical anthropological perspective to the ongoing theory-driven research and debate on race, intersectionality, and social capital within STEM education research. The findings will have broad impacts on the efforts of engineering and other STEM programs to diversify their student body.&lt;br/&gt;&lt;br/&gt;This award reflects NSF's statutory mission and has been deemed worthy of support through evaluation using the Foundation's intellectual merit and broader impacts review criteria.</AbstractNarration>
<MinAmdLetterDate>08/31/2020</MinAmdLetterDate>
<MaxAmdLetterDate>12/09/2020</MaxAmdLetterDate>
<ARRAAmount/>
<TRAN_TYPE>Grant</TRAN_TYPE>
<CFDA_NUM>47.076</CFDA_NUM>
<NSF_PAR_USE_FLAG>1</NSF_PAR_USE_FLAG>
<FUND_AGCY_CODE>4900</FUND_AGCY_CODE>
<AWDG_AGCY_CODE>4900</AWDG_AGCY_CODE>
<AwardID>2000769</AwardID>
<Investigator>
<FirstName>Gladis</FirstName>
<LastName>Kersaint</LastName>
<PI_MID_INIT/>
<PI_SUFX_NAME/>
<PI_FULL_NAME>Gladis Kersaint</PI_FULL_NAME>
<EmailAddress><![CDATA[kersaint@uconn.edu]]></EmailAddress>
<NSF_ID>000266935</NSF_ID>
<StartDate>12/09/2020</StartDate>
<EndDate/>
<RoleCode>Principal Investigator</RoleCode>
</Investigator>
<Investigator>
<FirstName>Chrystal</FirstName>
<LastName>Smith</LastName>
<PI_MID_INIT>A</PI_MID_INIT>
<PI_SUFX_NAME/>
<PI_FULL_NAME>Chrystal A Smith</PI_FULL_NAME>
<EmailAddress><![CDATA[chrystal.smith@uconn.edu]]></EmailAddress>
<NSF_ID>000228513</NSF_ID>
<StartDate>08/31/2020</StartDate>
<EndDate>12/09/2020</EndDate>
<RoleCode>Former Principal Investigator</RoleCode>
</Investigator>
<Investigator>
<FirstName>Ellen</FirstName>
<LastName>Puccia</LastName>
<PI_MID_INIT/>
<PI_SUFX_NAME/>
<PI_FULL_NAME>Ellen Puccia</PI_FULL_NAME>
<EmailAddress><![CDATA[epuccia@aol.com]]></EmailAddress>
<NSF_ID>000648667</NSF_ID>
<StartDate>11/18/2020</StartDate>
<EndDate/>
<RoleCode>Co-Principal Investigator</RoleCode>
</Investigator>
<Institution>
<Name><![CDATA[University of Connecticut]]></Name>
<CityName>STORRS</CityName>
<ZipCode>062699018</ZipCode>
<PhoneNumber>8604863622</PhoneNumber>
<StreetAddress><![CDATA[438 WHITNEY RD EXTENSION UNIT 11]]></StreetAddress>
<StreetAddress2/>
<CountryName>United States</CountryName>
<StateName>Connecticut</StateName>
<StateCode>CT</StateCode>
<CONGRESSDISTRICT>02</CONGRESSDISTRICT>
<CONGRESS_DISTRICT_ORG>CT02</CONGRESS_DISTRICT_ORG>
<ORG_UEI_NUM>WNTPS995QBM7</ORG_UEI_NUM>
<ORG_LGL_BUS_NAME>UNIVERSITY OF CONNECTICUT</ORG_LGL_BUS_NAME>
<ORG_PRNT_UEI_NUM/>
</Institution>
<Performance_Institution>
<Name><![CDATA[University of Connecticut]]></Name>
<CityName>Storrs-Mansfield</CityName>
<StateCode>CT</StateCode>
<ZipCode>062691176</ZipCode>
<StreetAddress><![CDATA[354 Mansfield Rd]]></StreetAddress>
<CountryCode>US</CountryCode>
<CountryName>United States</CountryName>
<StateName>Connecticut</StateName>
<CountryFlag>1</CountryFlag>
<CONGRESSDISTRICT>02</CONGRESSDISTRICT>
<CONGRESS_DISTRICT_PERF>CT02</CONGRESS_DISTRICT_PERF>
</Performance_Institution>
<ProgramElement>
<Code>768000</Code>
<Text>EDA-Eng Diversity Activities</Text>
</ProgramElement>
<ProgramElement>
<Code>798000</Code>
<Text>ECR-EDU Core Research</Text>
</ProgramElement>
<ProgramReference>
<Code>110E</Code>
<Text>EDUCATION RESEARCH</Text>
</ProgramReference>
<ProgramReference>
<Code>7680</Code>
<Text>ENG DIVERSITY ACTIVITIES</Text>
</ProgramReference>
<ProgramReference>
<Code>8212</Code>
<Text>Broaden Particip STEM Resrch</Text>
</ProgramReference>
<Appropriation>
<Code>0120</Code>
<Name>NSF RESEARCH &amp; RELATED ACTIVIT</Name>
<APP_SYMB_ID>040100</APP_SYMB_ID>
</Appropriation>
<Appropriation>
<Code>0420</Code>
<Name>NSF Education &amp; Human Resource</Name>
<APP_SYMB_ID>040106</APP_SYMB_ID>
</Appropriation>
<Fund>
<Code>01002021DB</Code>
<Name><![CDATA[NSF RESEARCH & RELATED ACTIVIT]]></Name>
<FUND_SYMB_ID>040100</FUND_SYMB_ID>
</Fund>
<Fund>
<Code>04002021DB</Code>
<Name><![CDATA[NSF Education & Human Resource]]></Name>
<FUND_SYMB_ID>040106</FUND_SYMB_ID>
</Fund>
<FUND_OBLG>2020~499987</FUND_OBLG>
</Award>
</rootTag>
