<?xml version="1.0" encoding="UTF-8"?>
<rootTag>
<Award>
<AwardTitle><![CDATA[Catalyst Project: Combating ESKAPE pathogens through discovery of novel antimicrobial and antibiofilm molecules]]></AwardTitle>
<AGENCY>NSF</AGENCY>
<AwardEffectiveDate>08/15/2020</AwardEffectiveDate>
<AwardExpirationDate>07/31/2024</AwardExpirationDate>
<AwardTotalIntnAmount>179175.00</AwardTotalIntnAmount>
<AwardAmount>179175</AwardAmount>
<AwardInstrument>
<Value>Standard Grant</Value>
</AwardInstrument>
<Organization>
<Code>11060000</Code>
<Directorate>
<Abbreviation>EDU</Abbreviation>
<LongName>Directorate for STEM Education</LongName>
</Directorate>
<Division>
<Abbreviation>EES</Abbreviation>
<LongName>Div. of Equity for Excellence in STEM</LongName>
</Division>
</Organization>
<ProgramOfficer>
<SignBlockName>Carleitta Paige-Anderson</SignBlockName>
<PO_EMAI>cpaigean@nsf.gov</PO_EMAI>
<PO_PHON>7032922816</PO_PHON>
</ProgramOfficer>
<AbstractNarration>Catalyst Projects provide support for Historically Black Colleges and Universities to work towards establishing research capacity of faculty to strengthen science, technology, engineering and mathematics undergraduate education and research. It is expected that the award will further the faculty member's research capability, improve research and teaching at the institution, and involve undergraduate students in research experiences. This project at Fayetteville State University intends to look at soil microbes and identify the chemicals they produce to kill bacteria. The identification of these microbes and chemicals will have implications in understanding biological films. Fayetteville State University undergraduate students will have the opportunity to perform research.&lt;br/&gt;&lt;br/&gt;The goal of the proposed study is to collect soil from various environmental areas such as oceanic, mountainous, and natural preserve regions, define the physiological cultural conditions and identify the chemistry of small molecules bacteria produce in efforts to understand how these organisms kill other bacteria, particularly ESKAPE pathogens, while not harming themselves. The specific objectives of the proposed research are 1) to identify and characterize the physical and chemical properties of antimicrobial producing soil microbes that inhibit safe-ESKAPE relative strains, and 2) determine the effect of soil microbes on biofilm formation, dispersal and gene expression of safe ESKAPE relative strains. The findings from the research outlined in this proposal will enhance our understanding of microbe-microbe interactions and further advance the knowledge of antibiotic discovery using a tried and true method of mining soil microbes coupled with a metagenomic and computational approach. The implementation of the proposed research will provide an opportunity for underrepresented groups to gain hands-on research experience, access state of the art equipment as well as cutting edge techniques through the collaboration with UNC Chapel Hill and develop a collaborative network of student researchers and faculty.&lt;br/&gt;&lt;br/&gt;This award reflects NSF's statutory mission and has been deemed worthy of support through evaluation using the Foundation's intellectual merit and broader impacts review criteria.</AbstractNarration>
<MinAmdLetterDate>04/30/2020</MinAmdLetterDate>
<MaxAmdLetterDate>04/30/2020</MaxAmdLetterDate>
<ARRAAmount/>
<TRAN_TYPE>Grant</TRAN_TYPE>
<CFDA_NUM>47.076</CFDA_NUM>
<NSF_PAR_USE_FLAG>1</NSF_PAR_USE_FLAG>
<FUND_AGCY_CODE>4900</FUND_AGCY_CODE>
<AWDG_AGCY_CODE>4900</AWDG_AGCY_CODE>
<AwardID>2000260</AwardID>
<Investigator>
<FirstName>Danielle</FirstName>
<LastName>Graham</LastName>
<PI_MID_INIT/>
<PI_SUFX_NAME/>
<PI_FULL_NAME>Danielle Graham</PI_FULL_NAME>
<EmailAddress><![CDATA[degraham@uncfsu.edu]]></EmailAddress>
<NSF_ID>000805806</NSF_ID>
<StartDate>04/30/2020</StartDate>
<EndDate/>
<RoleCode>Principal Investigator</RoleCode>
</Investigator>
<Institution>
<Name><![CDATA[Fayetteville State University]]></Name>
<CityName>FAYETTEVILLE</CityName>
<ZipCode>283014298</ZipCode>
<PhoneNumber>9106721141</PhoneNumber>
<StreetAddress><![CDATA[1200 MURCHISON RD]]></StreetAddress>
<StreetAddress2/>
<CountryName>United States</CountryName>
<StateName>North Carolina</StateName>
<StateCode>NC</StateCode>
<CONGRESSDISTRICT>09</CONGRESSDISTRICT>
<CONGRESS_DISTRICT_ORG>NC09</CONGRESS_DISTRICT_ORG>
<ORG_UEI_NUM>XTD7KKHEJFL1</ORG_UEI_NUM>
<ORG_LGL_BUS_NAME>FAYETTEVILLE STATE UNIVERSITY</ORG_LGL_BUS_NAME>
<ORG_PRNT_UEI_NUM/>
</Institution>
<Performance_Institution>
<Name><![CDATA[Fayetteville State University]]></Name>
<CityName>Fayetteville</CityName>
<StateCode>NC</StateCode>
<ZipCode>283014252</ZipCode>
<StreetAddress><![CDATA[1200 Murchison Road]]></StreetAddress>
<CountryCode>US</CountryCode>
<CountryName>United States</CountryName>
<StateName>North Carolina</StateName>
<CountryFlag>1</CountryFlag>
<CONGRESSDISTRICT>09</CONGRESSDISTRICT>
<CONGRESS_DISTRICT_PERF>NC09</CONGRESS_DISTRICT_PERF>
</Performance_Institution>
<ProgramElement>
<Code>159400</Code>
<Text>Hist Black Colleges and Univ</Text>
</ProgramElement>
<ProgramReference>
<Code>9178</Code>
<Text>UNDERGRADUATE EDUCATION</Text>
</ProgramReference>
<Appropriation>
<Code>0420</Code>
<Name>NSF Education &amp; Human Resource</Name>
<APP_SYMB_ID>040106</APP_SYMB_ID>
</Appropriation>
<Fund>
<Code>04002021DB</Code>
<Name><![CDATA[NSF Education & Human Resource]]></Name>
<FUND_SYMB_ID>040106</FUND_SYMB_ID>
</Fund>
<FUND_OBLG>2020~179175</FUND_OBLG>
</Award>
</rootTag>
