<?xml version="1.0" encoding="UTF-8"?>
<rootTag>
<Award>
<AwardTitle><![CDATA[Advanced Technological Education Network for Utilities and Energy Technical Education]]></AwardTitle>
<AGENCY>NSF</AGENCY>
<AwardEffectiveDate>07/01/2020</AwardEffectiveDate>
<AwardExpirationDate>06/30/2024</AwardExpirationDate>
<AwardTotalIntnAmount>479724.00</AwardTotalIntnAmount>
<AwardAmount>479724</AwardAmount>
<AwardInstrument>
<Value>Standard Grant</Value>
</AwardInstrument>
<Organization>
<Code>11040100</Code>
<Directorate>
<Abbreviation>EDU</Abbreviation>
<LongName>Directorate for STEM Education</LongName>
</Directorate>
<Division>
<Abbreviation>DUE</Abbreviation>
<LongName>Division Of Undergraduate Education</LongName>
</Division>
</Organization>
<ProgramOfficer>
<SignBlockName>Nasser Alaraje</SignBlockName>
<PO_EMAI>nalaraje@nsf.gov</PO_EMAI>
<PO_PHON>7032928063</PO_PHON>
</ProgramOfficer>
<AbstractNarration>As many skilled workers approach retirement and fewer qualified candidates are available to replace them, the energy industry is suffering from shortages of workers with key engineering and technical skills.  This shortage is estimated to affect more than 70 percent of energy employers across the nation. Northeast Wisconsin Technical College, a two-year technical college, offers one of the widest varieties of utility-related associate degrees, technical diplomas, and certificates in the Midwest. However, filling the workforce pipeline will require the coordinated efforts of many institutions, organizations, businesses, and other stakeholders. This project aims to develop such a cross-sector network to develop collaborations and share resources to address current and anticipated utility and energy industry workforce and training needs.&lt;br/&gt;&lt;br/&gt;Faculty in the Northeast Wisconsin Technical College utility and energy program, in consultation with industry, will identify and cultivate a core leadership group of national and regional stakeholders from industry, academia, and workforce development to create a formal utilities and energy coordination network. The network will create a shared vision to guide its evolution and establish the structure and norms for building member relationships. This work will lay the groundwork to execute strategies for utility technician training in gas, electrical power, and utilities engineering sectors to address nationwide workforce shortages. The project will look at methods to increase collaboration between industry and educational stakeholders.  It will also examine how best practices and information can be shared across regions and the nation to broaden impact and create sustained progress towards achieving network goals. This research will add to the current body of knowledge about network development and the relevance of networks in addressing complex problems, like worker shortages across industries with high-demand occupations. This project is funded by the Advanced Technological Education program that focuses on the education of technicians for the advanced-technology fields that drive the nation's economy.&lt;br/&gt;&lt;br/&gt;This award reflects NSF's statutory mission and has been deemed worthy of support through evaluation using the Foundation's intellectual merit and broader impacts review criteria.</AbstractNarration>
<MinAmdLetterDate>04/02/2020</MinAmdLetterDate>
<MaxAmdLetterDate>10/03/2023</MaxAmdLetterDate>
<ARRAAmount/>
<TRAN_TYPE>Grant</TRAN_TYPE>
<CFDA_NUM>47.076</CFDA_NUM>
<NSF_PAR_USE_FLAG>1</NSF_PAR_USE_FLAG>
<FUND_AGCY_CODE>4900</FUND_AGCY_CODE>
<AWDG_AGCY_CODE>4900</AWDG_AGCY_CODE>
<AwardID>2000519</AwardID>
<Investigator>
<FirstName>Amy</FirstName>
<LastName>Kox</LastName>
<PI_MID_INIT>L</PI_MID_INIT>
<PI_SUFX_NAME/>
<PI_FULL_NAME>Amy L Kox</PI_FULL_NAME>
<EmailAddress><![CDATA[amy.kox@nwtc.edu]]></EmailAddress>
<NSF_ID>000529570</NSF_ID>
<StartDate>04/02/2020</StartDate>
<EndDate/>
<RoleCode>Principal Investigator</RoleCode>
</Investigator>
<Investigator>
<FirstName>Jennifer</FirstName>
<LastName>Brinker</LastName>
<PI_MID_INIT/>
<PI_SUFX_NAME/>
<PI_FULL_NAME>Jennifer Brinker</PI_FULL_NAME>
<EmailAddress><![CDATA[jennifer.brinker@nwtc.edu]]></EmailAddress>
<NSF_ID>000692567</NSF_ID>
<StartDate>04/02/2020</StartDate>
<EndDate>10/03/2023</EndDate>
<RoleCode>Former Co-Principal Investigator</RoleCode>
</Investigator>
<Investigator>
<FirstName>Tom</FirstName>
<LastName>Hebert</LastName>
<PI_MID_INIT/>
<PI_SUFX_NAME/>
<PI_FULL_NAME>Tom Hebert</PI_FULL_NAME>
<EmailAddress><![CDATA[Tom.Hebert@nwtc.edu]]></EmailAddress>
<NSF_ID>000811940</NSF_ID>
<StartDate>04/02/2020</StartDate>
<EndDate>10/03/2023</EndDate>
<RoleCode>Former Co-Principal Investigator</RoleCode>
</Investigator>
<Investigator>
<FirstName>Howard</FirstName>
<LastName>Herrild</LastName>
<PI_MID_INIT/>
<PI_SUFX_NAME/>
<PI_FULL_NAME>Howard Herrild</PI_FULL_NAME>
<EmailAddress><![CDATA[howard.herrild@nwtc.edu]]></EmailAddress>
<NSF_ID>000874714</NSF_ID>
<StartDate>10/03/2023</StartDate>
<EndDate/>
<RoleCode>Co-Principal Investigator</RoleCode>
</Investigator>
<Investigator>
<FirstName>Joel</FirstName>
<LastName>Mikulsky</LastName>
<PI_MID_INIT/>
<PI_SUFX_NAME/>
<PI_FULL_NAME>Joel Mikulsky</PI_FULL_NAME>
<EmailAddress><![CDATA[joel.mikulsky@nwtc.edu]]></EmailAddress>
<NSF_ID>000898568</NSF_ID>
<StartDate>10/03/2023</StartDate>
<EndDate/>
<RoleCode>Co-Principal Investigator</RoleCode>
</Investigator>
<Institution>
<Name><![CDATA[Northeast Wisconsin Technical College]]></Name>
<CityName>GREEN BAY</CityName>
<ZipCode>543034966</ZipCode>
<PhoneNumber>9204985615</PhoneNumber>
<StreetAddress><![CDATA[2740 W MASON ST]]></StreetAddress>
<StreetAddress2/>
<CountryName>United States</CountryName>
<StateName>Wisconsin</StateName>
<StateCode>WI</StateCode>
<CONGRESSDISTRICT>08</CONGRESSDISTRICT>
<CONGRESS_DISTRICT_ORG>WI08</CONGRESS_DISTRICT_ORG>
<ORG_UEI_NUM>S8HFKCLSML38</ORG_UEI_NUM>
<ORG_LGL_BUS_NAME>NORTHEAST WISCONSIN TECHNICAL COLLEGE</ORG_LGL_BUS_NAME>
<ORG_PRNT_UEI_NUM/>
</Institution>
<Performance_Institution>
<Name><![CDATA[Northeast Wisconsin Technical College]]></Name>
<CityName>Green Bay</CityName>
<StateCode>WI</StateCode>
<ZipCode>543034966</ZipCode>
<StreetAddress><![CDATA[2740 West Mason Street]]></StreetAddress>
<CountryCode>US</CountryCode>
<CountryName>United States</CountryName>
<StateName>Wisconsin</StateName>
<CountryFlag>1</CountryFlag>
<CONGRESSDISTRICT>08</CONGRESSDISTRICT>
<CONGRESS_DISTRICT_PERF>WI08</CONGRESS_DISTRICT_PERF>
</Performance_Institution>
<ProgramElement>
<Code>741200</Code>
<Text>Advanced Tech Education Prog</Text>
</ProgramElement>
<ProgramReference>
<Code>1032</Code>
<Text>ADVANCED TECHNOLOGY EDUCATION</Text>
</ProgramReference>
<ProgramReference>
<Code>9178</Code>
<Text>UNDERGRADUATE EDUCATION</Text>
</ProgramReference>
<ProgramReference>
<Code>SMET</Code>
<Text>SCIENCE, MATH, ENG &amp; TECH EDUCATION</Text>
</ProgramReference>
<Appropriation>
<Code>0420</Code>
<Name>NSF Education &amp; Human Resource</Name>
<APP_SYMB_ID>040106</APP_SYMB_ID>
</Appropriation>
<Fund>
<Code>04002021DB</Code>
<Name><![CDATA[NSF Education & Human Resource]]></Name>
<FUND_SYMB_ID>040106</FUND_SYMB_ID>
</Fund>
<FUND_OBLG>2020~479724</FUND_OBLG>
<POR>
<DRECONTENT><![CDATA[<div class="porColContainerWBG"> <div class="porContentCol"><p>The <em>Utilities Energy Coordination Network</em> project was designed to expand training opportunities, create new programs, and develop curricula for high-demand energy-related roles across the nation by creating a platform for industry, higher education institutions, and other stakeholders to share resources and generate partnerships in gas, electrical power, and utilities engineering to address workforce shortages. Project objectives included: 1) Identify and cultivate a core leadership group of national and regional stakeholders from industry, academia, and workforce development by leveraging the knowledge base of Northeast Wisconsin Technical College&rsquo;s (NWTC) Program Advisory Committees; 2) Create a clear shared vision that guides the evolution of the Network, and 3) Establish the structure and norms of the Network to build relationships and trust among members. This project focused on laying the groundwork to position the Utilities Energy Coordination Network (UECN) to execute strategies for utility technician training in gas, electrical power, solar technology, energy management, and the telecommunications sector. The Network&rsquo;s membership consisted of 92 organizations, 59 from industry, 21 from higher education, and 12 from other organizations (e.g., non-profits, associations).</p> <p>&nbsp;</p> <p><strong>Intellectual Merit. </strong>The <em>Utilities and Energy Coordination Network</em> project hypothesized that bringing industry, academia, and other stakeholders together with a shared purpose will lead to resource sharing and collaborations focused on addressing current and anticipated industry workforce and training needs through new programs and curriculum development. Due to the restriction caused by COVID-19, the project explored virtual methods to increase collaboration between industry and educational stakeholders. It also examined how best practices and information are shared across regions to broaden impact and create sustained progress towards achieving collective goals.</p> <p><strong>&nbsp;</strong></p> <p><strong>Broader Impacts. </strong>The need for skilled technicians in the energy industry has never been greater considering the continued retirements of the current workforce and changing technologies within the industry. UECN addressed these shortages by building a network of members from across energy sectors to tackle these issues. Industry, regardless of location, size, and geographic spread, must form partnerships with two-year community colleges to gain access to students, training expertise, and graduates who overwhelming choose to work close to home, as compared to graduates of four-year institutions. Similarly, academia needs industry partners who can provide input into program competencies and access to equipment, tools, and field experiences. The partnerships established through UCEN has led to information sharing designed to expand training opportunities across the nation. To date, two colleges have used NWTC&rsquo;s curricula to launch new programs and specialized training was developed for incumbent workers at the Upper Peninsula Power Company.<strong>&nbsp;&nbsp;</strong></p><br> <p>  Last Modified: 09/11/2024<br> Modified by: Amy&nbsp;L&nbsp;Kox</p></div> <div class="porSideCol" ></div> </div>]]></DRECONTENT>
<POR_COPY_TXT><![CDATA[  The Utilities Energy Coordination Network project was designed to expand training opportunities, create new programs, and develop curricula for high-demand energy-related roles across the nation by creating a platform for industry, higher education institutions, and other stakeholders to share resources and generate partnerships in gas, electrical power, and utilities engineering to address workforce shortages. Project objectives included: 1) Identify and cultivate a core leadership group of national and regional stakeholders from industry, academia, and workforce development by leveraging the knowledge base of Northeast Wisconsin Technical Colleges (NWTC) Program Advisory Committees; 2) Create a clear shared vision that guides the evolution of the Network, and 3) Establish the structure and norms of the Network to build relationships and trust among members. This project focused on laying the groundwork to position the Utilities Energy Coordination Network (UECN) to execute strategies for utility technician training in gas, electrical power, solar technology, energy management, and the telecommunications sector. The Networks membership consisted of 92 organizations, 59 from industry, 21 from higher education, and 12 from other organizations (e.g., non-profits, associations).      Intellectual Merit. The Utilities and Energy Coordination Network project hypothesized that bringing industry, academia, and other stakeholders together with a shared purpose will lead to resource sharing and collaborations focused on addressing current and anticipated industry workforce and training needs through new programs and curriculum development. Due to the restriction caused by COVID-19, the project explored virtual methods to increase collaboration between industry and educational stakeholders. It also examined how best practices and information are shared across regions to broaden impact and create sustained progress towards achieving collective goals.      Broader Impacts. The need for skilled technicians in the energy industry has never been greater considering the continued retirements of the current workforce and changing technologies within the industry. UECN addressed these shortages by building a network of members from across energy sectors to tackle these issues. Industry, regardless of location, size, and geographic spread, must form partnerships with two-year community colleges to gain access to students, training expertise, and graduates who overwhelming choose to work close to home, as compared to graduates of four-year institutions. Similarly, academia needs industry partners who can provide input into program competencies and access to equipment, tools, and field experiences. The partnerships established through UCEN has led to information sharing designed to expand training opportunities across the nation. To date, two colleges have used NWTCs curricula to launch new programs and specialized training was developed for incumbent workers at the Upper Peninsula Power Company.     Last Modified: 09/11/2024       Submitted by: AmyLKox]]></POR_COPY_TXT>
</POR>
</Award>
</rootTag>
