<?xml version="1.0" encoding="UTF-8"?>
<rootTag>
<Award>
<AwardTitle><![CDATA[An Upper Midwest Commutative Algebra Conference]]></AwardTitle>
<AGENCY>NSF</AGENCY>
<AwardEffectiveDate>05/15/2020</AwardEffectiveDate>
<AwardExpirationDate>04/30/2023</AwardExpirationDate>
<AwardTotalIntnAmount>15995.00</AwardTotalIntnAmount>
<AwardAmount>15995</AwardAmount>
<AwardInstrument>
<Value>Standard Grant</Value>
</AwardInstrument>
<Organization>
<Code>03040000</Code>
<Directorate>
<Abbreviation>MPS</Abbreviation>
<LongName>Direct For Mathematical &amp; Physical Scien</LongName>
</Directorate>
<Division>
<Abbreviation>DMS</Abbreviation>
<LongName>Division Of Mathematical Sciences</LongName>
</Division>
</Organization>
<ProgramOfficer>
<SignBlockName>Andrew Pollington</SignBlockName>
<PO_EMAI>adpollin@nsf.gov</PO_EMAI>
<PO_PHON>7032924878</PO_PHON>
</ProgramOfficer>
<AbstractNarration>This award provides funding for two small regional conferences that will continue to rotate among the three host institutions: Iowa State University, the University of Minnesota, and the University of Wisconsin. These conferences promote a broad view of commutative algebra, inspiring conversations, and collaborations between different areas of algebra. This is a continuation of a conference series, with two meetings each at Minnesota and Wisconsin between 2015 and 2017. After a brief hiatus, Iowa State University will join the rotation, hosting the conference in 2020 before the event returns to Minnesota in 2021. &lt;br/&gt; &lt;br/&gt; &lt;br/&gt;Commutative algebra  is filled with connections to other areas, including: algebraic geometry, algebraic topology, combinatorics, number theory, applied algebra, representation theory, computational algebra, and more.  The conference series supported by this award promotes a broad view of commutative algebra, helping connect it with the research environments in the mathematics departments involved.&lt;br/&gt;Information about the conference will be found at http://www-users.math.umn.edu/~cberkesc/CA/CA.html&lt;br/&gt;&lt;br/&gt;This award reflects NSF's statutory mission and has been deemed worthy of support through evaluation using the Foundation's intellectual merit and broader impacts review criteria.</AbstractNarration>
<MinAmdLetterDate>01/02/2020</MinAmdLetterDate>
<MaxAmdLetterDate>01/02/2020</MaxAmdLetterDate>
<ARRAAmount/>
<TRAN_TYPE>Grant</TRAN_TYPE>
<CFDA_NUM>47.049</CFDA_NUM>
<NSF_PAR_USE_FLAG>1</NSF_PAR_USE_FLAG>
<FUND_AGCY_CODE>4900</FUND_AGCY_CODE>
<AWDG_AGCY_CODE>4900</AWDG_AGCY_CODE>
<AwardID>2000390</AwardID>
<Investigator>
<FirstName>Jason</FirstName>
<LastName>McCullough</LastName>
<PI_MID_INIT/>
<PI_SUFX_NAME/>
<PI_FULL_NAME>Jason McCullough</PI_FULL_NAME>
<EmailAddress><![CDATA[jmccullo@iastate.edu]]></EmailAddress>
<NSF_ID>000756566</NSF_ID>
<StartDate>01/02/2020</StartDate>
<EndDate/>
<RoleCode>Principal Investigator</RoleCode>
</Investigator>
<Institution>
<Name><![CDATA[Iowa State University]]></Name>
<CityName>AMES</CityName>
<ZipCode>500112103</ZipCode>
<PhoneNumber>5152945225</PhoneNumber>
<StreetAddress><![CDATA[1350 BEARDSHEAR HALL]]></StreetAddress>
<StreetAddress2><![CDATA[515 MORRILL ROAD]]></StreetAddress2>
<CountryName>United States</CountryName>
<StateName>Iowa</StateName>
<StateCode>IA</StateCode>
<CONGRESSDISTRICT>04</CONGRESSDISTRICT>
<CONGRESS_DISTRICT_ORG>IA04</CONGRESS_DISTRICT_ORG>
<ORG_UEI_NUM>DQDBM7FGJPC5</ORG_UEI_NUM>
<ORG_LGL_BUS_NAME>IOWA STATE UNIVERSITY OF SCIENCE AND TECHNOLOGY</ORG_LGL_BUS_NAME>
<ORG_PRNT_UEI_NUM>DQDBM7FGJPC5</ORG_PRNT_UEI_NUM>
</Institution>
<Performance_Institution>
<Name><![CDATA[Iowa State University]]></Name>
<CityName/>
<StateCode>IA</StateCode>
<ZipCode>500112207</ZipCode>
<StreetAddress/>
<CountryCode>US</CountryCode>
<CountryName>United States</CountryName>
<StateName>Iowa</StateName>
<CountryFlag>1</CountryFlag>
<CONGRESSDISTRICT/>
<CONGRESS_DISTRICT_PERF>IA"</CONGRESS_DISTRICT_PERF>
</Performance_Institution>
<ProgramElement>
<Code>126400</Code>
<Text>ALGEBRA,NUMBER THEORY,AND COM</Text>
</ProgramElement>
<ProgramReference>
<Code>7556</Code>
<Text>CONFERENCE AND WORKSHOPS</Text>
</ProgramReference>
<Appropriation>
<Code>0120</Code>
<Name>NSF RESEARCH &amp; RELATED ACTIVIT</Name>
<APP_SYMB_ID>040100</APP_SYMB_ID>
</Appropriation>
<Fund>
<Code>01002021DB</Code>
<Name><![CDATA[NSF RESEARCH & RELATED ACTIVIT]]></Name>
<FUND_SYMB_ID>040100</FUND_SYMB_ID>
</Fund>
<FUND_OBLG>2020~15995</FUND_OBLG>
<POR>
<DRECONTENT><![CDATA[<div class="porColContainerWBG"> <div class="porContentCol"><p>This grant, and associated grant awarded to the University of Minnesota, ultimately funded 3 regional conferences in commutative algebra from 2021-2023.&nbsp; The originally planned meetings were canceled at the beginning of the Covid-19 pandemic.&nbsp; We have since held meetings as circumstances and health guidelines allowed with meetings in Minneapolis in 2021 and 2023 and one meeting in Ames in 2022.&nbsp; Each meeting was held over one or two days, featured 5 to 7 invited hour-long addresses from experts in the field, short turbo talks by graduate student participants, and professional development discussions over lunch.&nbsp; The 2021 meeting in Minneapolis was limited to driving participants only and featured talks by Patricia Klein, Monica Lewis, Matthew Mastroeni, Vic Reiner, and Botong Wong.&nbsp; The 2022 meeting in Ames had up to 60 participants over 2 days and featured talks by Juliette Bruce, Eloisa Grifo, Jack Jeffries, Aida Maraj, Thomas Polstra, Connor Simpson, and Ola Sobieska.&nbsp; The smaller 2023 meeting in Minneapolis featured talks by Amy Huang, Janet Page, Michael Perlman, Mahrud Sayrafi, and Mark Walker over one day.&nbsp; Feedback solicited from conference participants was very positive and helped improve future meetings.&nbsp; For instance, after the second meeting it was suggested the graduate student turbo talks could be done before the group lunch so that students and experts could discuss the projects in more depth.&nbsp; We also strived to create a welcoming and diverse meeting; roughly 40% of meeting participants identified as female.</p><br> <p>            Last Modified: 05/02/2023<br>      Modified by: Jason&nbsp;Mccullough</p> </div> <div class="porSideCol"></div> </div>]]></DRECONTENT>
<POR_COPY_TXT><![CDATA[ This grant, and associated grant awarded to the University of Minnesota, ultimately funded 3 regional conferences in commutative algebra from 2021-2023.  The originally planned meetings were canceled at the beginning of the Covid-19 pandemic.  We have since held meetings as circumstances and health guidelines allowed with meetings in Minneapolis in 2021 and 2023 and one meeting in Ames in 2022.  Each meeting was held over one or two days, featured 5 to 7 invited hour-long addresses from experts in the field, short turbo talks by graduate student participants, and professional development discussions over lunch.  The 2021 meeting in Minneapolis was limited to driving participants only and featured talks by Patricia Klein, Monica Lewis, Matthew Mastroeni, Vic Reiner, and Botong Wong.  The 2022 meeting in Ames had up to 60 participants over 2 days and featured talks by Juliette Bruce, Eloisa Grifo, Jack Jeffries, Aida Maraj, Thomas Polstra, Connor Simpson, and Ola Sobieska.  The smaller 2023 meeting in Minneapolis featured talks by Amy Huang, Janet Page, Michael Perlman, Mahrud Sayrafi, and Mark Walker over one day.  Feedback solicited from conference participants was very positive and helped improve future meetings.  For instance, after the second meeting it was suggested the graduate student turbo talks could be done before the group lunch so that students and experts could discuss the projects in more depth.  We also strived to create a welcoming and diverse meeting; roughly 40% of meeting participants identified as female.       Last Modified: 05/02/2023       Submitted by: Jason Mccullough]]></POR_COPY_TXT>
</POR>
</Award>
</rootTag>
