<?xml version="1.0" encoding="UTF-8"?>
<rootTag>
<Award>
<AwardTitle><![CDATA[Collaborative Research: Kinetic Inductance in Superconducting Nanowire Microwave Devices]]></AwardTitle>
<AGENCY>NSF</AGENCY>
<AwardEffectiveDate>04/01/2020</AwardEffectiveDate>
<AwardExpirationDate>03/31/2024</AwardExpirationDate>
<AwardTotalIntnAmount>383000.00</AwardTotalIntnAmount>
<AwardAmount>383000</AwardAmount>
<AwardInstrument>
<Value>Standard Grant</Value>
</AwardInstrument>
<Organization>
<Code>07010000</Code>
<Directorate>
<Abbreviation>ENG</Abbreviation>
<LongName>Directorate For Engineering</LongName>
</Directorate>
<Division>
<Abbreviation>ECCS</Abbreviation>
<LongName>Div Of Electrical, Commun &amp; Cyber Sys</LongName>
</Division>
</Organization>
<ProgramOfficer>
<SignBlockName>Ananth Dodabalapur</SignBlockName>
<PO_EMAI>adodabal@nsf.gov</PO_EMAI>
<PO_PHON>7032928012</PO_PHON>
</ProgramOfficer>
<AbstractNarration>Proposal Title:&lt;br/&gt;Collaborative Research: Kinetic Inductance in Superconducting Nanowire Microwave Devices&lt;br/&gt;&lt;br/&gt;&lt;br/&gt;Non-Technical Abstract&lt;br/&gt;Superconducting nanowires can have a kinetic inductance that is several orders of magnitude larger than their magnetic inductance. As a result, high frequency signals on the nanowire experience significant spatial compression as well as a significant reduction in their velocity. The kinetic inductance also varies nonlinearly as a function of the current, creating an opportunity for realizing nonlinear phenomena with extremely minimal dissipation. Through a combination of theory, modeling, and experiment, this project will study these effects in different superconducting nanowire materials and geometries. The understanding gained from these studies will be applied to design new types of ultra-compact microwave devices, which will then be fabricated and characterized. Such devices can serve as important building blocks for the development of more complex systems based on superconducting circuits such as single-photon imagers and quantum computers. This collaborative project brings together groups at Massachusetts Institute of Technology and the University of North Florida, an undergraduate-education focused university, to conduct the proposed research and educational activities, combining the best aspects of both institutions. In particular, the involvement of the University of North Florida creates additional opportunities for undergraduates from diverse backgrounds to participate in the research.&lt;br/&gt;&lt;br/&gt;Technical Abstract&lt;br/&gt;The goal of this project is to create a new superconducting nanowire device platform that can serve as the basis of a monolithic superconducting nanowire microwave integrated circuit technology. This goal will be pursued through four approaches. The first approach is based on exploring materials and geometries that maximize the nanowire's kinetic inductivity, which will result in extremely large characteristic impedances (&gt; 10 kohm) along with slow signal velocities and large spatial compression of the signal wavelengths. Such high impedances create strong decoupling from the environment and have potential applications ranging from the readout of superconducting nanowire single-photon detectors to the design of quantum bits. The second approach will be to fabricate nanowires on extremely high permittivity substrates such as strontium titanate, which has been shown to have a relative permittivity as high as 10,000 at low temperature. This extremely large permittivity will significantly boost the capacitance, bringing the characteristic impedance of high-inductance nanowires close to 50 kohm while simultaneously achieving ultra-slow signal velocities and ultra-compressed signal wavelengths. A 50 kohm impedance is critical to coupling with conventional microwave circuitry. The third approach will focus on understanding and exploiting the nonlinear current-dependence of kinetic inductance in order to create new types of nanowire-based nonlinear microwave devices. Examples of such devices include mixers, tunable couplers, switches, and parametric amplifiers. In order to understand these devices, the project will seek to address fundamental questions such as how quickly the nanowire's kinetic inductance can be modulated, how much loss is associated with this modulation, and how the nonlinearity and the loss depend on the signal power. The fourth approach will leverage the results generated in the first three approaches to develop more complex nanowire-based devices and circuits.&lt;br/&gt;&lt;br/&gt;This award reflects NSF's statutory mission and has been deemed worthy of support through evaluation using the Foundation's intellectual merit and broader impacts review criteria.</AbstractNarration>
<MinAmdLetterDate>03/04/2020</MinAmdLetterDate>
<MaxAmdLetterDate>03/04/2020</MaxAmdLetterDate>
<ARRAAmount/>
<TRAN_TYPE>Grant</TRAN_TYPE>
<CFDA_NUM>47.041</CFDA_NUM>
<NSF_PAR_USE_FLAG>1</NSF_PAR_USE_FLAG>
<FUND_AGCY_CODE>4900</FUND_AGCY_CODE>
<AWDG_AGCY_CODE>4900</AWDG_AGCY_CODE>
<AwardID>2000743</AwardID>
<Investigator>
<FirstName>Karl</FirstName>
<LastName>Berggren</LastName>
<PI_MID_INIT>K</PI_MID_INIT>
<PI_SUFX_NAME/>
<PI_FULL_NAME>Karl K Berggren</PI_FULL_NAME>
<EmailAddress><![CDATA[berggren@mit.edu]]></EmailAddress>
<NSF_ID>000108670</NSF_ID>
<StartDate>03/04/2020</StartDate>
<EndDate/>
<RoleCode>Principal Investigator</RoleCode>
</Investigator>
<Institution>
<Name><![CDATA[Massachusetts Institute of Technology]]></Name>
<CityName>CAMBRIDGE</CityName>
<ZipCode>021394301</ZipCode>
<PhoneNumber>6172531000</PhoneNumber>
<StreetAddress><![CDATA[77 MASSACHUSETTS AVE]]></StreetAddress>
<StreetAddress2/>
<CountryName>United States</CountryName>
<StateName>Massachusetts</StateName>
<StateCode>MA</StateCode>
<CONGRESSDISTRICT>07</CONGRESSDISTRICT>
<CONGRESS_DISTRICT_ORG>MA07</CONGRESS_DISTRICT_ORG>
<ORG_UEI_NUM>E2NYLCDML6V1</ORG_UEI_NUM>
<ORG_LGL_BUS_NAME>MASSACHUSETTS INSTITUTE OF TECHNOLOGY</ORG_LGL_BUS_NAME>
<ORG_PRNT_UEI_NUM>E2NYLCDML6V1</ORG_PRNT_UEI_NUM>
</Institution>
<Performance_Institution>
<Name><![CDATA[Massachusetts Institute of Technology]]></Name>
<CityName>Arlington</CityName>
<StateCode>MA</StateCode>
<ZipCode>021394307</ZipCode>
<StreetAddress><![CDATA[77 Massachusetts Avenue]]></StreetAddress>
<CountryCode>US</CountryCode>
<CountryName>United States</CountryName>
<StateName>Massachusetts</StateName>
<CountryFlag>1</CountryFlag>
<CONGRESSDISTRICT>07</CONGRESSDISTRICT>
<CONGRESS_DISTRICT_PERF>MA07</CONGRESS_DISTRICT_PERF>
</Performance_Institution>
<ProgramElement>
<Code>151700</Code>
<Text>EPMD-ElectrnPhoton&amp;MagnDevices</Text>
</ProgramElement>
<ProgramReference>
<Code>100E</Code>
<Text>Novel devices &amp; vacuum electronics</Text>
</ProgramReference>
<Appropriation>
<Code>0120</Code>
<Name>NSF RESEARCH &amp; RELATED ACTIVIT</Name>
<APP_SYMB_ID>040100</APP_SYMB_ID>
</Appropriation>
<Fund>
<Code>01002021DB</Code>
<Name><![CDATA[NSF RESEARCH & RELATED ACTIVIT]]></Name>
<FUND_SYMB_ID>040100</FUND_SYMB_ID>
</Fund>
<FUND_OBLG>2020~383000</FUND_OBLG>
</Award>
</rootTag>
