<?xml version="1.0" encoding="UTF-8"?>
<rootTag>
<Award>
<AwardTitle><![CDATA[Preparing Cybersecurity Technicians with the Technical and Entrepreneurial Skills Required to Work as Independent Contractors]]></AwardTitle>
<AGENCY>NSF</AGENCY>
<AwardEffectiveDate>07/01/2020</AwardEffectiveDate>
<AwardExpirationDate>12/31/2024</AwardExpirationDate>
<AwardTotalIntnAmount>299974.00</AwardTotalIntnAmount>
<AwardAmount>299974</AwardAmount>
<AwardInstrument>
<Value>Standard Grant</Value>
</AwardInstrument>
<Organization>
<Code>11040100</Code>
<Directorate>
<Abbreviation>EDU</Abbreviation>
<LongName>Directorate for STEM Education</LongName>
</Directorate>
<Division>
<Abbreviation>DUE</Abbreviation>
<LongName>Division Of Undergraduate Education</LongName>
</Division>
</Organization>
<ProgramOfficer>
<SignBlockName>Paul Tymann</SignBlockName>
<PO_EMAI>ptymann@nsf.gov</PO_EMAI>
<PO_PHON>7032922832</PO_PHON>
</ProgramOfficer>
<AbstractNarration>Across the nation, thousands of high-wage technician positions are available in cyber defense fields.  Filling these positions would greatly increase the ability of businesses to prevent cyber breaches and to remediate them when they occur.   Many businesses hire contractors to fill this workforce need. Clearly, these contractors must have knowledge and skills in cyber defense.  However, to be successful independent entrepreneurs or serve as entrepreneurs within consulting firms, they also need business knowledge and skills. This project aims to prepare cyber defense technicians with both technical and business skills.    To do so, it will create a cyber defense technician certificate program that integrates entrepreneurial skills with cybersecurity skills to train Cyberpreneur specialists. The Cyberpreneur program will include both new and existing courses to provide technical and business training. Through focused recruiting and retention activities, the project also intends to increase diversity within the cyber defense workforce. Individuals who complete the Cyberpreneur program will help to address cyber defense workforce needs within the Inland Empire region of Southern California and elsewhere in the country. &lt;br/&gt; &lt;br/&gt;This project will develop a certificate program that teaches theory and enables students to develop technical expertise in cyber defense, auditing of systems, incident response, remediation of vulnerabilities, and the use of artificial intelligence tools. Students will also complete coursework in entrepreneurship, finance, and accounting. A Business and Industry Leadership Team will guide curriculum development and provide advice regarding curriculum modifications and experiential learning requirements. The project includes outreach activities such as presentations at local high schools, participation in career fairs, and advertising in media outlets that reach large underrepresented communities. Best practices for recruiting and retention of students from underrepresented groups, including those developed by the National Center for Women in Technology, will be leveraged to increase diversity in cyber defense education programs and the workforce. An external evaluator and the project leadership team will conduct assessments to establish benchmarks for increasing inclusion within the program. The program will leverage existing NSF ATE Center websites (including the National Center for Systems Security and Information Assurance, National CyberWatch, and the National Convergence Technology Center) to promote new content modules and support the dissemination of project-related information. This project is funded by the Advanced Technological Education program that focuses on the education of technicians for the advanced-technology fields that drive the nation's economy.&lt;br/&gt;&lt;br/&gt;This award reflects NSF's statutory mission and has been deemed worthy of support through evaluation using the Foundation's intellectual merit and broader impacts review criteria.</AbstractNarration>
<MinAmdLetterDate>05/13/2020</MinAmdLetterDate>
<MaxAmdLetterDate>05/13/2020</MaxAmdLetterDate>
<ARRAAmount/>
<TRAN_TYPE>Grant</TRAN_TYPE>
<CFDA_NUM>47.076</CFDA_NUM>
<NSF_PAR_USE_FLAG>1</NSF_PAR_USE_FLAG>
<FUND_AGCY_CODE>4900</FUND_AGCY_CODE>
<AWDG_AGCY_CODE>4900</AWDG_AGCY_CODE>
<AwardID>2000563</AwardID>
<Investigator>
<FirstName>Skip</FirstName>
<LastName>Berry</LastName>
<PI_MID_INIT/>
<PI_SUFX_NAME/>
<PI_FULL_NAME>Skip Berry</PI_FULL_NAME>
<EmailAddress><![CDATA[skip.berry@rcc.edu]]></EmailAddress>
<NSF_ID>000802982</NSF_ID>
<StartDate>05/13/2020</StartDate>
<EndDate/>
<RoleCode>Principal Investigator</RoleCode>
</Investigator>
<Investigator>
<FirstName>Don</FirstName>
<LastName>Wilcoxson</LastName>
<PI_MID_INIT/>
<PI_SUFX_NAME/>
<PI_FULL_NAME>Don Wilcoxson</PI_FULL_NAME>
<EmailAddress><![CDATA[don.wilcoxson@rcc.edu]]></EmailAddress>
<NSF_ID>000811485</NSF_ID>
<StartDate>05/13/2020</StartDate>
<EndDate/>
<RoleCode>Co-Principal Investigator</RoleCode>
</Investigator>
<Institution>
<Name><![CDATA[Riverside Community College District/Riverside City College]]></Name>
<CityName>RIVERSIDE</CityName>
<ZipCode>925061242</ZipCode>
<PhoneNumber>9512228755</PhoneNumber>
<StreetAddress><![CDATA[4800 MAGNOLIA AVE]]></StreetAddress>
<StreetAddress2/>
<CountryName>United States</CountryName>
<StateName>California</StateName>
<StateCode>CA</StateCode>
<CONGRESSDISTRICT>39</CONGRESSDISTRICT>
<CONGRESS_DISTRICT_ORG>CA39</CONGRESS_DISTRICT_ORG>
<ORG_UEI_NUM>MJ9CKD1MK8P7</ORG_UEI_NUM>
<ORG_LGL_BUS_NAME>RIVERSIDE COMMUNITY COLLEGE DISTRICT</ORG_LGL_BUS_NAME>
<ORG_PRNT_UEI_NUM/>
</Institution>
<Performance_Institution>
<Name><![CDATA[Riverside Community College District/Riverside City College]]></Name>
<CityName>Riverside</CityName>
<StateCode>CA</StateCode>
<ZipCode>925061299</ZipCode>
<StreetAddress><![CDATA[4800 Magnolia Avenue]]></StreetAddress>
<CountryCode>US</CountryCode>
<CountryName>United States</CountryName>
<StateName>California</StateName>
<CountryFlag>1</CountryFlag>
<CONGRESSDISTRICT>39</CONGRESSDISTRICT>
<CONGRESS_DISTRICT_PERF>CA39</CONGRESS_DISTRICT_PERF>
</Performance_Institution>
<ProgramElement>
<Code>741200</Code>
<Text>Advanced Tech Education Prog</Text>
</ProgramElement>
<ProgramReference>
<Code>1032</Code>
<Text>ADVANCED TECHNOLOGY EDUCATION</Text>
</ProgramReference>
<ProgramReference>
<Code>9178</Code>
<Text>UNDERGRADUATE EDUCATION</Text>
</ProgramReference>
<ProgramReference>
<Code>SMET</Code>
<Text>SCIENCE, MATH, ENG &amp; TECH EDUCATION</Text>
</ProgramReference>
<Appropriation>
<Code>0420</Code>
<Name>NSF Education &amp; Human Resource</Name>
<APP_SYMB_ID>040106</APP_SYMB_ID>
</Appropriation>
<Fund>
<Code>04002021DB</Code>
<Name><![CDATA[NSF Education & Human Resource]]></Name>
<FUND_SYMB_ID>040106</FUND_SYMB_ID>
</Fund>
<FUND_OBLG>2020~299974</FUND_OBLG>
</Award>
</rootTag>
