<?xml version="1.0" encoding="UTF-8"?>
<rootTag>
<Award>
<AwardTitle><![CDATA[Advanced Technological Education Coordination Network for Knowledge Sharing in Robotics/Automation and Cybersecurity]]></AwardTitle>
<AGENCY>NSF</AGENCY>
<AwardEffectiveDate>07/01/2020</AwardEffectiveDate>
<AwardExpirationDate>06/30/2024</AwardExpirationDate>
<AwardTotalIntnAmount>443619.00</AwardTotalIntnAmount>
<AwardAmount>443619</AwardAmount>
<AwardInstrument>
<Value>Standard Grant</Value>
</AwardInstrument>
<Organization>
<Code>11040100</Code>
<Directorate>
<Abbreviation>EDU</Abbreviation>
<LongName>Directorate for STEM Education</LongName>
</Directorate>
<Division>
<Abbreviation>DUE</Abbreviation>
<LongName>Division Of Undergraduate Education</LongName>
</Division>
</Organization>
<ProgramOfficer>
<SignBlockName>Paul Tymann</SignBlockName>
<PO_EMAI>ptymann@nsf.gov</PO_EMAI>
<PO_PHON>7032922832</PO_PHON>
</ProgramOfficer>
<AbstractNarration>Technologies involving robotics/automation have become prevalent in US manufacturing and service sectors.  Business leaders who adopt these technologies must prioritize cybersecurity to ensure the safety and security of their cyber-physical systems.  As a result, the interrelated areas of robotics/automation and cybersecurity are vital to US manufacturers.  This project will create an Advanced Technological Education (ATE) Coordination Network that includes community colleges with active ATE projects, Manufacturing Extension Partnerships, Manufacturing USA Institutes, and the National Initiative for Cybersecurity Education.  The goal of this Coordination Network is to increase members’ understanding of the knowledge and skills required to operate and maintain connected machines securely in a manufacturing setting.&lt;br/&gt;&lt;br/&gt;Through workshops, virtual communication, and other modalities, this Coordination Network intends to facilitate the sharing of best practices about how to develop community college students’ knowledge and skills in robotics/automation and cybersecurity.  It will also promote awareness of organizations and resources that connect students to work-based learning opportunities. This Coordination Network will connect community college students to potential employers in the Manufacturing Extension Parternships client base.  By establishing connections and nurturing relationships among members, it is expected that the efforts of the Coordination Network will create synergies that magnify and broaden the impact of individual efforts.  The Coordination Network's web portal will make education and training materials available to non-members.  This project is funded by the Advanced Technological Education program that focuses on the education of technicians for the advanced-technology fields that drive the nation's economy.&lt;br/&gt;&lt;br/&gt;This award reflects NSF's statutory mission and has been deemed worthy of support through evaluation using the Foundation's intellectual merit and broader impacts review criteria.</AbstractNarration>
<MinAmdLetterDate>04/06/2020</MinAmdLetterDate>
<MaxAmdLetterDate>04/06/2020</MaxAmdLetterDate>
<ARRAAmount/>
<TRAN_TYPE>Grant</TRAN_TYPE>
<CFDA_NUM>47.076</CFDA_NUM>
<NSF_PAR_USE_FLAG>1</NSF_PAR_USE_FLAG>
<FUND_AGCY_CODE>4900</FUND_AGCY_CODE>
<AWDG_AGCY_CODE>4900</AWDG_AGCY_CODE>
<AwardID>2000867</AwardID>
<Investigator>
<FirstName>Zackary</FirstName>
<LastName>Hubbard</LastName>
<PI_MID_INIT>T</PI_MID_INIT>
<PI_SUFX_NAME/>
<PI_FULL_NAME>Zackary T Hubbard</PI_FULL_NAME>
<EmailAddress><![CDATA[Zackary.Hubbard@rccc.edu]]></EmailAddress>
<NSF_ID>000759132</NSF_ID>
<StartDate>04/06/2020</StartDate>
<EndDate/>
<RoleCode>Co-Principal Investigator</RoleCode>
</Investigator>
<Investigator>
<FirstName>Evelyn</FirstName>
<LastName>Brown</LastName>
<PI_MID_INIT/>
<PI_SUFX_NAME/>
<PI_FULL_NAME>Evelyn Brown</PI_FULL_NAME>
<EmailAddress><![CDATA[evelyn_brown@ncsu.edu]]></EmailAddress>
<NSF_ID>000809546</NSF_ID>
<StartDate>04/06/2020</StartDate>
<EndDate/>
<RoleCode>Principal Investigator</RoleCode>
</Investigator>
<Investigator>
<FirstName>Jami</FirstName>
<LastName>Dale</LastName>
<PI_MID_INIT>S</PI_MID_INIT>
<PI_SUFX_NAME/>
<PI_FULL_NAME>Jami S Dale</PI_FULL_NAME>
<EmailAddress><![CDATA[jami.dale@cpcc.edu]]></EmailAddress>
<NSF_ID>000811683</NSF_ID>
<StartDate>04/06/2020</StartDate>
<EndDate/>
<RoleCode>Co-Principal Investigator</RoleCode>
</Investigator>
<Institution>
<Name><![CDATA[North Carolina State University]]></Name>
<CityName>RALEIGH</CityName>
<ZipCode>276950001</ZipCode>
<PhoneNumber>9195152444</PhoneNumber>
<StreetAddress><![CDATA[2601 WOLF VILLAGE WAY]]></StreetAddress>
<StreetAddress2/>
<CountryName>United States</CountryName>
<StateName>North Carolina</StateName>
<StateCode>NC</StateCode>
<CONGRESSDISTRICT>02</CONGRESSDISTRICT>
<CONGRESS_DISTRICT_ORG>NC02</CONGRESS_DISTRICT_ORG>
<ORG_UEI_NUM>U3NVH931QJJ3</ORG_UEI_NUM>
<ORG_LGL_BUS_NAME>NORTH CAROLINA STATE UNIVERSITY</ORG_LGL_BUS_NAME>
<ORG_PRNT_UEI_NUM>U3NVH931QJJ3</ORG_PRNT_UEI_NUM>
</Institution>
<Performance_Institution>
<Name><![CDATA[North Carolina State University]]></Name>
<CityName>Raleigh</CityName>
<StateCode>NC</StateCode>
<ZipCode>276060001</ZipCode>
<StreetAddress><![CDATA[1005 Capability Drive, Suite 200]]></StreetAddress>
<CountryCode>US</CountryCode>
<CountryName>United States</CountryName>
<StateName>North Carolina</StateName>
<CountryFlag>1</CountryFlag>
<CONGRESSDISTRICT>13</CONGRESSDISTRICT>
<CONGRESS_DISTRICT_PERF>NC13</CONGRESS_DISTRICT_PERF>
</Performance_Institution>
<ProgramElement>
<Code>741200</Code>
<Text>Advanced Tech Education Prog</Text>
</ProgramElement>
<ProgramReference>
<Code>1032</Code>
<Text>ADVANCED TECHNOLOGY EDUCATION</Text>
</ProgramReference>
<ProgramReference>
<Code>9178</Code>
<Text>UNDERGRADUATE EDUCATION</Text>
</ProgramReference>
<ProgramReference>
<Code>SMET</Code>
<Text>SCIENCE, MATH, ENG &amp; TECH EDUCATION</Text>
</ProgramReference>
<Appropriation>
<Code>0420</Code>
<Name>NSF Education &amp; Human Resource</Name>
<APP_SYMB_ID>040106</APP_SYMB_ID>
</Appropriation>
<Fund>
<Code>04002021DB</Code>
<Name><![CDATA[NSF Education & Human Resource]]></Name>
<FUND_SYMB_ID>040106</FUND_SYMB_ID>
</Fund>
<FUND_OBLG>2020~443619</FUND_OBLG>
<POR>
<DRECONTENT><![CDATA[<div class="porColContainerWBG"> <div class="porContentCol"><p>The main outcome of this coordination network project was the network itself.&nbsp; Those engaged in the network include community college faculty and administrators, Manufacturing Extension Partnership (MEP) representatives, workforce development officers from two Manufacturing USA Innovation Institutes, and the director of the National Initiative for Cybersecurity Education (NICE).&nbsp; While the project focused on developing technician training at the convergence of robotics/automation and cybersecurity, building this training by engaging individuals from these organizations enabled the enhancement of relationships between community colleges and MEPs across seven states.&nbsp; It also led to several new partnerships and collaborations across coordination network members.</p> <p>A second outcome of the project was the development of a micro-credential called the Cyber4RAM (RAM = robotics/automation/mechatronics) digital badge.&nbsp; This micro-credential is available via a no-fee learning management system, making it accessible to all US learners.&nbsp; The 11 modules of the micro-credential are focused on 11 of the NICE competencies that tie back to advanced manufacturing.&nbsp; The goal of the micro-credential is to build cyber awareness among technicians working in robotics/automation/mechatronics.&nbsp; More information on the Cyber4RAM digital badge (micro-credential) is available here: <a href="https://ncmep.org/tracks-cn/badge/">https://ncmep.org/tracks-cn/badge/</a>.</p> <p>In terms of broader impacts, the network itself has impacted learners across seven states (NC, SC, IL, MI, VA, PA, OH) via new collaborations with industry and with others in the coordination network.&nbsp; Additionally, the micro-credential has been earned by 97 learners, potentially better positioning them for employment in advanced manufacturing.&nbsp; Participation by two of the Manufacturing USA Innovation Institutes provided all coordination network members with opportunities to learn more about the Manufacturing USA program and to potentially partner with an Institute on a grant or other collaborative effort.</p> <p>&nbsp;</p><br> <p>  Last Modified: 07/02/2024<br> Modified by: Evelyn&nbsp;Brown</p></div> <div class="porSideCol" ></div> </div>]]></DRECONTENT>
<POR_COPY_TXT><![CDATA[  The main outcome of this coordination network project was the network itself. Those engaged in the network include community college faculty and administrators, Manufacturing Extension Partnership (MEP) representatives, workforce development officers from two Manufacturing USA Innovation Institutes, and the director of the National Initiative for Cybersecurity Education (NICE). While the project focused on developing technician training at the convergence of robotics/automation and cybersecurity, building this training by engaging individuals from these organizations enabled the enhancement of relationships between community colleges and MEPs across seven states. It also led to several new partnerships and collaborations across coordination network members.   A second outcome of the project was the development of a micro-credential called the Cyber4RAM (RAM = robotics/automation/mechatronics) digital badge. This micro-credential is available via a no-fee learning management system, making it accessible to all US learners. The 11 modules of the micro-credential are focused on 11 of the NICE competencies that tie back to advanced manufacturing. The goal of the micro-credential is to build cyber awareness among technicians working in robotics/automation/mechatronics. More information on the Cyber4RAM digital badge (micro-credential) is available here: https://ncmep.org/tracks-cn/badge/.   In terms of broader impacts, the network itself has impacted learners across seven states (NC, SC, IL, MI, VA, PA, OH) via new collaborations with industry and with others in the coordination network. Additionally, the micro-credential has been earned by 97 learners, potentially better positioning them for employment in advanced manufacturing. Participation by two of the Manufacturing USA Innovation Institutes provided all coordination network members with opportunities to learn more about the Manufacturing USA program and to potentially partner with an Institute on a grant or other collaborative effort.        Last Modified: 07/02/2024       Submitted by: EvelynBrown]]></POR_COPY_TXT>
</POR>
</Award>
</rootTag>
