<?xml version="1.0" encoding="UTF-8"?>
<rootTag>
<Award>
<AwardTitle><![CDATA[NSF Student Travel Grant for 2020 IEEE Symposium and Workshops on Security and Privacy]]></AwardTitle>
<AGENCY>NSF</AGENCY>
<AwardEffectiveDate>03/01/2020</AwardEffectiveDate>
<AwardExpirationDate>02/28/2023</AwardExpirationDate>
<AwardTotalIntnAmount>25000.00</AwardTotalIntnAmount>
<AwardAmount>25000</AwardAmount>
<AwardInstrument>
<Value>Standard Grant</Value>
</AwardInstrument>
<Organization>
<Code>05050000</Code>
<Directorate>
<Abbreviation>CSE</Abbreviation>
<LongName>Direct For Computer &amp; Info Scie &amp; Enginr</LongName>
</Directorate>
<Division>
<Abbreviation>CNS</Abbreviation>
<LongName>Division Of Computer and Network Systems</LongName>
</Division>
</Organization>
<ProgramOfficer>
<SignBlockName>Jeremy Epstein</SignBlockName>
<PO_EMAI>jepstein@nsf.gov</PO_EMAI>
<PO_PHON>7032928338</PO_PHON>
</ProgramOfficer>
<AbstractNarration>The IEEE Security &amp; Privacy Symposium is a top-tier venue for cybersecurity and privacy research, and has been for much of its 40-plus-year history. Student attendance at S&amp;P is an important part of graduate education in cybersecurity. The 2020 Symposium will be held in San Francisco, CA and consist of approximately 80 technical papers and Systematization of Knowledge papers, which provide valuable background to students who are learning the literature.&lt;br/&gt;&lt;br/&gt;This grant provides travel support to encourage participation in the IEEE Symposium and its Student Program Committee by students who would normally find it difficult to attend. Criteria for selection include evidence of a serious interest in the field, as demonstrated by coursework and/or project experience. Organizers encourage participation of women and students from other under-represented groups.&lt;br/&gt;&lt;br/&gt;This award reflects NSF's statutory mission and has been deemed worthy of support through evaluation using the Foundation's intellectual merit and broader impacts review criteria.</AbstractNarration>
<MinAmdLetterDate>01/09/2020</MinAmdLetterDate>
<MaxAmdLetterDate>01/09/2020</MaxAmdLetterDate>
<ARRAAmount/>
<TRAN_TYPE>Grant</TRAN_TYPE>
<CFDA_NUM>47.070</CFDA_NUM>
<NSF_PAR_USE_FLAG>1</NSF_PAR_USE_FLAG>
<FUND_AGCY_CODE>4900</FUND_AGCY_CODE>
<AWDG_AGCY_CODE>4900</AWDG_AGCY_CODE>
<AwardID>2000427</AwardID>
<Investigator>
<FirstName>Alvaro</FirstName>
<LastName>Cardenas</LastName>
<PI_MID_INIT>A</PI_MID_INIT>
<PI_SUFX_NAME/>
<PI_FULL_NAME>Alvaro A Cardenas</PI_FULL_NAME>
<EmailAddress><![CDATA[alvaro.cardenas@ucsc.edu]]></EmailAddress>
<NSF_ID>000641570</NSF_ID>
<StartDate>01/09/2020</StartDate>
<EndDate/>
<RoleCode>Principal Investigator</RoleCode>
</Investigator>
<Institution>
<Name><![CDATA[University of California-Santa Cruz]]></Name>
<CityName>SANTA CRUZ</CityName>
<ZipCode>950641077</ZipCode>
<PhoneNumber>8314595278</PhoneNumber>
<StreetAddress><![CDATA[1156 HIGH ST]]></StreetAddress>
<StreetAddress2/>
<CountryName>United States</CountryName>
<StateName>California</StateName>
<StateCode>CA</StateCode>
<CONGRESSDISTRICT>19</CONGRESSDISTRICT>
<CONGRESS_DISTRICT_ORG>CA19</CONGRESS_DISTRICT_ORG>
<ORG_UEI_NUM>VXUFPE4MCZH5</ORG_UEI_NUM>
<ORG_LGL_BUS_NAME>UNIVERSITY OF CALIFORNIA SANTA CRUZ</ORG_LGL_BUS_NAME>
<ORG_PRNT_UEI_NUM/>
</Institution>
<Performance_Institution>
<Name><![CDATA[University of California-Santa Cruz]]></Name>
<CityName/>
<StateCode>CA</StateCode>
<ZipCode>950641077</ZipCode>
<StreetAddress/>
<CountryCode>US</CountryCode>
<CountryName>United States</CountryName>
<StateName>California</StateName>
<CountryFlag>1</CountryFlag>
<CONGRESSDISTRICT>19</CONGRESSDISTRICT>
<CONGRESS_DISTRICT_PERF>CA19</CONGRESS_DISTRICT_PERF>
</Performance_Institution>
<ProgramElement>
<Code>806000</Code>
<Text>Secure &amp;Trustworthy Cyberspace</Text>
</ProgramElement>
<ProgramReference>
<Code>025Z</Code>
<Text>SaTC: Secure and Trustworthy Cyberspace</Text>
</ProgramReference>
<ProgramReference>
<Code>7556</Code>
<Text>CONFERENCE AND WORKSHOPS</Text>
</ProgramReference>
<ProgramReference>
<Code>9102</Code>
<Text>WOMEN, MINORITY, DISABLED, NEC</Text>
</ProgramReference>
<Appropriation>
<Code>0120</Code>
<Name>NSF RESEARCH &amp; RELATED ACTIVIT</Name>
<APP_SYMB_ID>040100</APP_SYMB_ID>
</Appropriation>
<Fund>
<Code>01002021DB</Code>
<Name><![CDATA[NSF RESEARCH & RELATED ACTIVIT]]></Name>
<FUND_SYMB_ID>040100</FUND_SYMB_ID>
</Fund>
<FUND_OBLG>2020~25000</FUND_OBLG>
<POR>
<DRECONTENT><![CDATA[<div class="porColContainerWBG"> <div class="porContentCol"><div class="tinyMCEContent"> <p>The major goal of this project&nbsp;is to support U.S.-based students or U.S. citizens studying abroad who are interested in attending the IEEE Symposium on Security and Privacy, but who will not be able to attend without the support from the travel award.&nbsp;</p> <p>As the flagship conference for computer security research, the Symposium provides a premier venue&nbsp;for the exchange of ideas between the best security and privacy researchers, developers, and practitioners.</p> <p>Participation in symposia like this is an extremely important part of the graduate school experience, providing the opportunity to interact with more senior researchers and to be exposed to leading-edge work in the field.&nbsp; The support requested in this proposal enabled the participation of students who would otherwise be unable to attend the IEEE Symposium on Security and Privacy. &nbsp;</p> <p>With the support of these grants, we were able to support the participation of 38 students in 2020, 62 students in 2021, and 15 students in 2022.&nbsp;</p> </div> <p>These students were also given the opportunity to participate in&nbsp;mentoring sessions, where senior researchers and faculty offered to meet with students, and students would then have a one-on-one conversation with these mentors.&nbsp;</p> <p><span>Our goal is to support students and give them opportunities to improve their exposure to security topics and to increase their network of professional contacts.</span></p> <div class="tinyMCEContent"> <p>With the help of the student travel grants targeting students who might not have been able to attend without this support, we are increasing the opportunities for professional development for graduate and undergraduate students interested in security.</p> </div> <p>&nbsp;</p> <p>&nbsp;</p><br> <p>            Last Modified: 03/24/2023<br>      Modified by: Alvaro&nbsp;A&nbsp;Cardenas</p> </div> <div class="porSideCol"></div> </div>]]></DRECONTENT>
<POR_COPY_TXT><![CDATA[  The major goal of this project is to support U.S.-based students or U.S. citizens studying abroad who are interested in attending the IEEE Symposium on Security and Privacy, but who will not be able to attend without the support from the travel award.   As the flagship conference for computer security research, the Symposium provides a premier venue for the exchange of ideas between the best security and privacy researchers, developers, and practitioners.  Participation in symposia like this is an extremely important part of the graduate school experience, providing the opportunity to interact with more senior researchers and to be exposed to leading-edge work in the field.  The support requested in this proposal enabled the participation of students who would otherwise be unable to attend the IEEE Symposium on Security and Privacy.    With the support of these grants, we were able to support the participation of 38 students in 2020, 62 students in 2021, and 15 students in 2022.    These students were also given the opportunity to participate in mentoring sessions, where senior researchers and faculty offered to meet with students, and students would then have a one-on-one conversation with these mentors.   Our goal is to support students and give them opportunities to improve their exposure to security topics and to increase their network of professional contacts.   With the help of the student travel grants targeting students who might not have been able to attend without this support, we are increasing the opportunities for professional development for graduate and undergraduate students interested in security.              Last Modified: 03/24/2023       Submitted by: Alvaro A Cardenas]]></POR_COPY_TXT>
</POR>
</Award>
</rootTag>
