<?xml version="1.0" encoding="UTF-8"?>
<rootTag>
<Award>
<AwardTitle><![CDATA[Enhancing Welding Technician Education through the Transition of the National Center for Welding Education to a Resource Center]]></AwardTitle>
<AGENCY>NSF</AGENCY>
<AwardEffectiveDate>07/01/2020</AwardEffectiveDate>
<AwardExpirationDate>06/30/2025</AwardExpirationDate>
<AwardTotalIntnAmount>1387878.00</AwardTotalIntnAmount>
<AwardAmount>1799256</AwardAmount>
<AwardInstrument>
<Value>Standard Grant</Value>
</AwardInstrument>
<Organization>
<Code>11040100</Code>
<Directorate>
<Abbreviation>EDU</Abbreviation>
<LongName>Directorate for STEM Education</LongName>
</Directorate>
<Division>
<Abbreviation>DUE</Abbreviation>
<LongName>Division Of Undergraduate Education</LongName>
</Division>
</Organization>
<ProgramOfficer>
<SignBlockName>Virginia Carter</SignBlockName>
<PO_EMAI>vccarter@nsf.gov</PO_EMAI>
<PO_PHON>7032924651</PO_PHON>
</ProgramOfficer>
<AbstractNarration>Welding and materials joining are basic requirements for most types of manufacturing. Welders and welding technicians are employed in diverse fields, including energy, mining, construction, agricultural equipment manufacturing, and ship and automotive manufacturing. The complexity of the welding field continues to advance and change. For example, to do their work, today's welding professionals need knowledge in chemistry, metallurgy, materials science, physics, mathematics, codes and standards, and inspection techniques.  A report from the Economic Modeling Specialists predicts a clear need for skilled welders, partly because of retirements in the existing workforce. The Welding Education and Training (Weld-Ed) Resource Center will address the changing welding industry and the need to disseminate current industry data to welding instructors and industry professionals.  It will also support welding programs with competency-based curricular materials, professional development activities for teachers and faculty, and the development of an accreditation program for two-year institution welding programs.&lt;br/&gt;&lt;br/&gt;To complement and enhance its portfolio of services to improve welding technician education, the Weld-Ed Resource Center aims to achieve the following goals: continue to offer professional development workshops at ten regional partner sites; develop new instructional modules for instructors and an online Welding Simulation activity for high school students; develop a Resource Guide to Outreach Events that will provide guidelines and examples to assist partners in creating additional events; develop STEM lessons for faculty to deliver to students in grades 7 through 9; develop a welding technology application for smart devices; and encourage partners to develop activities that will increase the enrollment of underrepresented populations in all levels of welding technology and welding engineering programs. Examples of these activities include a collaboration with the Society of Women Engineers, providing technical assistance to welding instructors in the Job Corps program, and development of a new series of Students in Welding videos featuring diverse students preparing for welding careers.  This project is funded by the Advanced Technological Education program that focuses on the education of technicians for the advanced-technology fields that drive the nation's economy.&lt;br/&gt;&lt;br/&gt;This award reflects NSF's statutory mission and has been deemed worthy of support through evaluation using the Foundation's intellectual merit and broader impacts review criteria.</AbstractNarration>
<MinAmdLetterDate>03/12/2020</MinAmdLetterDate>
<MaxAmdLetterDate>05/18/2023</MaxAmdLetterDate>
<ARRAAmount/>
<TRAN_TYPE>Grant</TRAN_TYPE>
<CFDA_NUM>47.076</CFDA_NUM>
<NSF_PAR_USE_FLAG>1</NSF_PAR_USE_FLAG>
<FUND_AGCY_CODE>4900</FUND_AGCY_CODE>
<AWDG_AGCY_CODE>4900</AWDG_AGCY_CODE>
<AwardID>2000539</AwardID>
<Investigator>
<FirstName>Monica</FirstName>
<LastName>Pfarr</LastName>
<PI_MID_INIT/>
<PI_SUFX_NAME/>
<PI_FULL_NAME>Monica Pfarr</PI_FULL_NAME>
<EmailAddress><![CDATA[mpfarr@aws.org]]></EmailAddress>
<NSF_ID>000272936</NSF_ID>
<StartDate>03/12/2020</StartDate>
<EndDate/>
<RoleCode>Principal Investigator</RoleCode>
</Investigator>
<Investigator>
<FirstName>WRichard</FirstName>
<LastName>Polanin</LastName>
<PI_MID_INIT/>
<PI_SUFX_NAME/>
<PI_FULL_NAME>WRichard Polanin</PI_FULL_NAME>
<EmailAddress><![CDATA[rpolanin@mtco.com]]></EmailAddress>
<NSF_ID>000778560</NSF_ID>
<StartDate>03/12/2020</StartDate>
<EndDate/>
<RoleCode>Co-Principal Investigator</RoleCode>
</Investigator>
<Institution>
<Name><![CDATA[Lorain County Community College]]></Name>
<CityName>ELYRIA</CityName>
<ZipCode>440351613</ZipCode>
<PhoneNumber>4403655222</PhoneNumber>
<StreetAddress><![CDATA[1005 N ABBE RD]]></StreetAddress>
<StreetAddress2/>
<CountryName>United States</CountryName>
<StateName>Ohio</StateName>
<StateCode>OH</StateCode>
<CONGRESSDISTRICT>05</CONGRESSDISTRICT>
<CONGRESS_DISTRICT_ORG>OH05</CONGRESS_DISTRICT_ORG>
<ORG_UEI_NUM>LF9NNSN2HGN3</ORG_UEI_NUM>
<ORG_LGL_BUS_NAME>LORAIN COUNTY COMMUNITY COLLEGE DISTRICT</ORG_LGL_BUS_NAME>
<ORG_PRNT_UEI_NUM/>
</Institution>
<Performance_Institution>
<Name><![CDATA[Lorain County Community College]]></Name>
<CityName>Elyria</CityName>
<StateCode>OH</StateCode>
<ZipCode>440351613</ZipCode>
<StreetAddress><![CDATA[1005 North Abbe Road.]]></StreetAddress>
<CountryCode>US</CountryCode>
<CountryName>United States</CountryName>
<StateName>Ohio</StateName>
<CountryFlag>1</CountryFlag>
<CONGRESSDISTRICT>05</CONGRESSDISTRICT>
<CONGRESS_DISTRICT_PERF>OH05</CONGRESS_DISTRICT_PERF>
</Performance_Institution>
<ProgramElement>
<Code>741200</Code>
<Text>Advanced Tech Education Prog</Text>
</ProgramElement>
<ProgramReference>
<Code>1032</Code>
<Text>ADVANCED TECHNOLOGY EDUCATION</Text>
</ProgramReference>
<ProgramReference>
<Code>5761</Code>
<Text>INDUSTRY/UNIV COOP RES CENTERS</Text>
</ProgramReference>
<ProgramReference>
<Code>9178</Code>
<Text>UNDERGRADUATE EDUCATION</Text>
</ProgramReference>
<ProgramReference>
<Code>SMET</Code>
<Text>SCIENCE, MATH, ENG &amp; TECH EDUCATION</Text>
</ProgramReference>
<Appropriation>
<Code/>
<Name/>
<APP_SYMB_ID/>
</Appropriation>
<Appropriation>
<Code>0420</Code>
<Name>NSF Education &amp; Human Resource</Name>
<APP_SYMB_ID>040106</APP_SYMB_ID>
</Appropriation>
<Appropriation>
<Code>0421</Code>
<Name>NSF Education &amp; Human Resource</Name>
<APP_SYMB_ID>040106</APP_SYMB_ID>
</Appropriation>
<Fund>
<Code>04002324DB</Code>
<Name><![CDATA[NSF STEM Education]]></Name>
<FUND_SYMB_ID>040106</FUND_SYMB_ID>
</Fund>
<Fund>
<Code>04002021DB</Code>
<Name><![CDATA[NSF Education & Human Resource]]></Name>
<FUND_SYMB_ID>040106</FUND_SYMB_ID>
</Fund>
<Fund>
<Code>04002122DB</Code>
<Name><![CDATA[NSF Education & Human Resource]]></Name>
<FUND_SYMB_ID>040106</FUND_SYMB_ID>
</Fund>
<FUND_OBLG>2020~1387878</FUND_OBLG>
<FUND_OBLG>2021~138814</FUND_OBLG>
<FUND_OBLG>2023~272564</FUND_OBLG>
</Award>
</rootTag>
