<?xml version="1.0" encoding="UTF-8"?>
<rootTag>
<Award>
<AwardTitle><![CDATA[Harmonic Analysis in Convex Geometry]]></AwardTitle>
<AGENCY>NSF</AGENCY>
<AwardEffectiveDate>06/01/2020</AwardEffectiveDate>
<AwardExpirationDate>05/31/2025</AwardExpirationDate>
<AwardTotalIntnAmount>296100.00</AwardTotalIntnAmount>
<AwardAmount>296100</AwardAmount>
<AwardInstrument>
<Value>Standard Grant</Value>
</AwardInstrument>
<Organization>
<Code>03040000</Code>
<Directorate>
<Abbreviation>MPS</Abbreviation>
<LongName>Direct For Mathematical &amp; Physical Scien</LongName>
</Directorate>
<Division>
<Abbreviation>DMS</Abbreviation>
<LongName>Division Of Mathematical Sciences</LongName>
</Division>
</Organization>
<ProgramOfficer>
<SignBlockName>Marian Bocea</SignBlockName>
<PO_EMAI>mbocea@nsf.gov</PO_EMAI>
<PO_PHON>7032922595</PO_PHON>
</ProgramOfficer>
<AbstractNarration>The problems addressed in this project concern the properties of shapes in an ambient space (like a human heart in the body) that can be inferred from the information about their shadows or slices (as in medical imaging). The beauty of the problems is that the formulations of many of them are "intuitively clear" not only to graduate students, but also to undergraduates, and in some cases, even to high-school pupils. On the other hand, the answers are very often counter-intuitive, requiring the use of the most advanced and sophisticated tools belonging to the different branches of modern mathematics. Many problems take their origin  not in pure mathematics, but in medical imaging and tomography and the solutions might find very interesting biomedical applications. This project will contribute to US workforce development through the training of graduate students.&lt;br/&gt;&lt;br/&gt;The current project is a continuation of the long-time collaboration between the  principal investigators. The PI and co-PI will continue to use and develop the methods of harmonic analysis to solve the problems arising in convex and discrete geometry. These problems include  a new set of Bezout inequalities for mixed volumes, originating from classical Algebraic Geometry. The inequalities involve the size of projections of convex bodies and lead to very unexpected results in Information Theory and Probability. The principal investigators also plan to continue their work on the set of  problems in Geometric Tomography proposed by Busemann and Petty in 1956. Only the first problem in the list has been solved so far. The PI and co-PI have made progress on a number of problems related to this list using the idea of the iteration of intersection  and projection body operators. They will also continue to work on the questions related to the unique determination of convex bodies given the information on the size (or some other properties) of projections and sections.&lt;br/&gt;&lt;br/&gt;This award reflects NSF's statutory mission and has been deemed worthy of support through evaluation using the Foundation's intellectual merit and broader impacts review criteria.</AbstractNarration>
<MinAmdLetterDate>05/21/2020</MinAmdLetterDate>
<MaxAmdLetterDate>05/21/2020</MaxAmdLetterDate>
<ARRAAmount/>
<TRAN_TYPE>Grant</TRAN_TYPE>
<CFDA_NUM>47.049</CFDA_NUM>
<NSF_PAR_USE_FLAG>1</NSF_PAR_USE_FLAG>
<FUND_AGCY_CODE>4900</FUND_AGCY_CODE>
<AWDG_AGCY_CODE>4900</AWDG_AGCY_CODE>
<AwardID>2000304</AwardID>
<Investigator>
<FirstName>Artem</FirstName>
<LastName>Zvavitch</LastName>
<PI_MID_INIT/>
<PI_SUFX_NAME/>
<PI_FULL_NAME>Artem Zvavitch</PI_FULL_NAME>
<EmailAddress><![CDATA[zvavitch@math.kent.edu]]></EmailAddress>
<NSF_ID>000399908</NSF_ID>
<StartDate>05/21/2020</StartDate>
<EndDate/>
<RoleCode>Principal Investigator</RoleCode>
</Investigator>
<Investigator>
<FirstName>Dmitry</FirstName>
<LastName>Ryabogin</LastName>
<PI_MID_INIT/>
<PI_SUFX_NAME/>
<PI_FULL_NAME>Dmitry Ryabogin</PI_FULL_NAME>
<EmailAddress><![CDATA[ryabogin@math.kent.edu]]></EmailAddress>
<NSF_ID>000500225</NSF_ID>
<StartDate>05/21/2020</StartDate>
<EndDate/>
<RoleCode>Co-Principal Investigator</RoleCode>
</Investigator>
<Institution>
<Name><![CDATA[Kent State University]]></Name>
<CityName>KENT</CityName>
<ZipCode>442420001</ZipCode>
<PhoneNumber>3306722070</PhoneNumber>
<StreetAddress><![CDATA[1500 HORNING RD]]></StreetAddress>
<StreetAddress2/>
<CountryName>United States</CountryName>
<StateName>Ohio</StateName>
<StateCode>OH</StateCode>
<CONGRESSDISTRICT>14</CONGRESSDISTRICT>
<CONGRESS_DISTRICT_ORG>OH14</CONGRESS_DISTRICT_ORG>
<ORG_UEI_NUM>KXNVA7JCC5K6</ORG_UEI_NUM>
<ORG_LGL_BUS_NAME>KENT STATE UNIVERSITY</ORG_LGL_BUS_NAME>
<ORG_PRNT_UEI_NUM/>
</Institution>
<Performance_Institution>
<Name><![CDATA[Kent State University]]></Name>
<CityName>Kent</CityName>
<StateCode>OH</StateCode>
<ZipCode>442420001</ZipCode>
<StreetAddress><![CDATA[The Department of Mathematical S]]></StreetAddress>
<CountryCode>US</CountryCode>
<CountryName>United States</CountryName>
<StateName>Ohio</StateName>
<CountryFlag>1</CountryFlag>
<CONGRESSDISTRICT>14</CONGRESSDISTRICT>
<CONGRESS_DISTRICT_PERF>OH14</CONGRESS_DISTRICT_PERF>
</Performance_Institution>
<ProgramElement>
<Code>128100</Code>
<Text>ANALYSIS PROGRAM</Text>
</ProgramElement>
<Appropriation>
<Code>0120</Code>
<Name>NSF RESEARCH &amp; RELATED ACTIVIT</Name>
<APP_SYMB_ID>040100</APP_SYMB_ID>
</Appropriation>
<Fund>
<Code>01002021DB</Code>
<Name><![CDATA[NSF RESEARCH & RELATED ACTIVIT]]></Name>
<FUND_SYMB_ID>040100</FUND_SYMB_ID>
</Fund>
<FUND_OBLG>2020~296100</FUND_OBLG>
</Award>
</rootTag>
