<?xml version="1.0" encoding="UTF-8"?>
<rootTag>
<Award>
<AwardTitle><![CDATA[Excellence in Research: Yakubovsky Calculations for Six-Nucleon Bound States]]></AwardTitle>
<AGENCY>NSF</AGENCY>
<AwardEffectiveDate>07/15/2020</AwardEffectiveDate>
<AwardExpirationDate>06/30/2025</AwardExpirationDate>
<AwardTotalIntnAmount>306343.00</AwardTotalIntnAmount>
<AwardAmount>367591</AwardAmount>
<AwardInstrument>
<Value>Standard Grant</Value>
</AwardInstrument>
<Organization>
<Code>03010000</Code>
<Directorate>
<Abbreviation>MPS</Abbreviation>
<LongName>Direct For Mathematical &amp; Physical Scien</LongName>
</Directorate>
<Division>
<Abbreviation>PHY</Abbreviation>
<LongName>Division Of Physics</LongName>
</Division>
</Organization>
<ProgramOfficer>
<SignBlockName>Bogdan Mihaila</SignBlockName>
<PO_EMAI>bmihaila@nsf.gov</PO_EMAI>
<PO_PHON>7032928235</PO_PHON>
</ProgramOfficer>
<AbstractNarration>Understanding the structure and properties of the atomic nucleus, which is about 100,000 times smaller than the atom it lives inside, and the fundamental forces between the protons and neutrons that constitute the nucleus, has been made possible by quantum theory. In quantum mechanics, this information can be acquired by solving the Schroedinger Equation, which describes the properties of the physical system. This equation describes how protons and neutrons are confined inside a nucleus by the Strong Nuclear Force. This project will allow the development of sophisticated computer algorithms and programs in a parallel environment to solve the Schroedinger Equation for Helium-6 and Lithium-6 nuclei. These are each light nuclei consisting of six nucleons. The PI will mentor undergraduate STEM students at the Central State University (CSU), a historically black college. The students will gain practical skills in parallel programming and high-performance computing, while gaining confidence in using computational physics to study the structure of atomic nuclei. CSU students will learn the critical skills of computer programming and numerical methods by participating in this project, thereby increasing their qualifications for the STEM workforce or advanced degrees.&lt;br/&gt;&lt;br/&gt;The Schroedinger Equation is often solved to benchmark and develop nucleon-nucleon interaction models in nuclear physics. Although the study of a six-nucleon bound state is computationally a challenging and expensive problem, its investigation provides insights into the rich structure of nuclear interactions. The main goal of this project is the numerical solution of the Schroedinger Equation in the Faddeev-Yakubovsky form in momentum space to calculate the six-nucleon binding energy and wave function. This project aims to implement the numerical solution of six-nucleon Yakubovsky equations in a partial wave decomposition by developing the relevant parallel computer algorithms and codes. This investigation will show how the full solution of coupled Faddeev-Yakubovsky integral equations in a complete six-body treatment can probe the modern two- and three-nucleon interactions. It also provides an in-depth insight into the halo structure of He-6 and also the ground state properties of Li-6. This project has potential broader impacts beyond nuclear physics. The existence of six-body bound systems in other areas of physics, ranging from atomic physics (exploration of Efimov physics in ultracold quantum gases) to particle physics (dibaryon resonance composed of six quarks), brings a broader application of the project and its outcomes.&lt;br/&gt;&lt;br/&gt;This award reflects NSF's statutory mission and has been deemed worthy of support through evaluation using the Foundation's intellectual merit and broader impacts review criteria.</AbstractNarration>
<MinAmdLetterDate>07/10/2020</MinAmdLetterDate>
<MaxAmdLetterDate>07/02/2021</MaxAmdLetterDate>
<ARRAAmount/>
<TRAN_TYPE>Grant</TRAN_TYPE>
<CFDA_NUM>47.049</CFDA_NUM>
<NSF_PAR_USE_FLAG>1</NSF_PAR_USE_FLAG>
<FUND_AGCY_CODE>4900</FUND_AGCY_CODE>
<AWDG_AGCY_CODE>4900</AWDG_AGCY_CODE>
<AwardID>2000029</AwardID>
<Investigator>
<FirstName>Mohammadreza</FirstName>
<LastName>Hadizadeh</LastName>
<PI_MID_INIT/>
<PI_SUFX_NAME/>
<PI_FULL_NAME>Mohammadreza Hadizadeh</PI_FULL_NAME>
<EmailAddress><![CDATA[mhadizadeh@centralstate.edu]]></EmailAddress>
<NSF_ID>000755222</NSF_ID>
<StartDate>07/10/2020</StartDate>
<EndDate/>
<RoleCode>Principal Investigator</RoleCode>
</Investigator>
<Institution>
<Name><![CDATA[Central State University]]></Name>
<CityName>WILBERFORCE</CityName>
<ZipCode>453845800</ZipCode>
<PhoneNumber>5133766011</PhoneNumber>
<StreetAddress><![CDATA[1400 BRUSH ROW RD]]></StreetAddress>
<StreetAddress2/>
<CountryName>United States</CountryName>
<StateName>Ohio</StateName>
<StateCode>OH</StateCode>
<CONGRESSDISTRICT>10</CONGRESSDISTRICT>
<CONGRESS_DISTRICT_ORG>OH10</CONGRESS_DISTRICT_ORG>
<ORG_UEI_NUM>UZUVJXMDNZY6</ORG_UEI_NUM>
<ORG_LGL_BUS_NAME>CENTRAL STATE UNIVERSITY</ORG_LGL_BUS_NAME>
<ORG_PRNT_UEI_NUM/>
</Institution>
<Performance_Institution>
<Name><![CDATA[Central State University]]></Name>
<CityName>Wilberforce</CityName>
<StateCode>OH</StateCode>
<ZipCode>453841004</ZipCode>
<StreetAddress><![CDATA[1400 Brush Row Rd]]></StreetAddress>
<CountryCode>US</CountryCode>
<CountryName>United States</CountryName>
<StateName>Ohio</StateName>
<CountryFlag>1</CountryFlag>
<CONGRESSDISTRICT>10</CONGRESSDISTRICT>
<CONGRESS_DISTRICT_PERF>OH10</CONGRESS_DISTRICT_PERF>
</Performance_Institution>
<ProgramElement>
<Code>070Y00</Code>
<Text>HBCU-EiR - HBCU-Excellence in</Text>
</ProgramElement>
<ProgramElement>
<Code>125300</Code>
<Text>OFFICE OF MULTIDISCIPLINARY AC</Text>
</ProgramElement>
<ProgramReference>
<Code>102Z</Code>
<Text>COVID-Disproportionate Impcts Inst-Indiv</Text>
</ProgramReference>
<Appropriation>
<Code>0120</Code>
<Name>NSF RESEARCH &amp; RELATED ACTIVIT</Name>
<APP_SYMB_ID>040100</APP_SYMB_ID>
</Appropriation>
<Appropriation>
<Code>0121</Code>
<Name>NSF RESEARCH &amp; RELATED ACTIVIT</Name>
<APP_SYMB_ID>040100</APP_SYMB_ID>
</Appropriation>
<Fund>
<Code>01002021DB</Code>
<Name><![CDATA[NSF RESEARCH & RELATED ACTIVIT]]></Name>
<FUND_SYMB_ID>040100</FUND_SYMB_ID>
</Fund>
<Fund>
<Code>01002122DB</Code>
<Name><![CDATA[NSF RESEARCH & RELATED ACTIVIT]]></Name>
<FUND_SYMB_ID>040100</FUND_SYMB_ID>
</Fund>
<FUND_OBLG>2020~306343</FUND_OBLG>
<FUND_OBLG>2021~61248</FUND_OBLG>
</Award>
</rootTag>
