<?xml version="1.0" encoding="UTF-8"?>
<rootTag>
<Award>
<AwardTitle><![CDATA[Richmond Area Mathematical Sciences Conference at Virginia Commonwealth University]]></AwardTitle>
<AGENCY>NSF</AGENCY>
<AwardEffectiveDate>12/15/2019</AwardEffectiveDate>
<AwardExpirationDate>05/31/2024</AwardExpirationDate>
<AwardTotalIntnAmount>6060.00</AwardTotalIntnAmount>
<AwardAmount>6060</AwardAmount>
<AwardInstrument>
<Value>Standard Grant</Value>
</AwardInstrument>
<Organization>
<Code>03040000</Code>
<Directorate>
<Abbreviation>MPS</Abbreviation>
<LongName>Direct For Mathematical &amp; Physical Scien</LongName>
</Directorate>
<Division>
<Abbreviation>DMS</Abbreviation>
<LongName>Division Of Mathematical Sciences</LongName>
</Division>
</Organization>
<ProgramOfficer>
<SignBlockName>Tomek Bartoszynski</SignBlockName>
<PO_EMAI>tbartosz@nsf.gov</PO_EMAI>
<PO_PHON>7032924885</PO_PHON>
</ProgramOfficer>
<AbstractNarration>Richmond Area Mathematical Sciences Conference at Virginia Commonwealth University (RAMS Conference at VCU) will be held on Saturday, March 28, 2020. The conference will be free to all participants and will promote education and research in the fields of mathematics, applied mathematics, statistics and operations research. The conference will be specifically tailored for undergraduate and graduate students to present results of their research and to allow students at all levels to interact with and learn from each other. Faculty mentors will have an opportunity to observe and network with peers, find potential collaborators, and discuss best practices to mentor undergraduate students in research.&lt;br/&gt;&lt;br/&gt;The Richmond Area Mathematical Sciences Conference at Virginia Commonwealth University will establish a tradition of attracting active undergraduate researchers and faculty mentors from Virginia and the whole mid-Atlantic region. The opportunity for personal interaction among students and between students and faculty will be a hallmark of this conference. Such interactions enhance the research infrastructure and are essential for the success of research. We estimate that women and minorities (who are currently underrepresented in mathematical research) will account for around half of the participants who will be supported by this grant. The conference website is https://math.vcu.edu/rams/.&lt;br/&gt;&lt;br/&gt;This award reflects NSF's statutory mission and has been deemed worthy of support through evaluation using the Foundation's intellectual merit and broader impacts review criteria.</AbstractNarration>
<MinAmdLetterDate>12/18/2019</MinAmdLetterDate>
<MaxAmdLetterDate>07/06/2023</MaxAmdLetterDate>
<ARRAAmount/>
<TRAN_TYPE>Grant</TRAN_TYPE>
<CFDA_NUM>47.049</CFDA_NUM>
<NSF_PAR_USE_FLAG>1</NSF_PAR_USE_FLAG>
<FUND_AGCY_CODE>4900</FUND_AGCY_CODE>
<AWDG_AGCY_CODE>4900</AWDG_AGCY_CODE>
<AwardID>2000033</AwardID>
<Investigator>
<FirstName>Jan</FirstName>
<LastName>Rychtar</LastName>
<PI_MID_INIT/>
<PI_SUFX_NAME/>
<PI_FULL_NAME>Jan Rychtar</PI_FULL_NAME>
<EmailAddress><![CDATA[rychtarj@vcu.edu]]></EmailAddress>
<NSF_ID>000494502</NSF_ID>
<StartDate>12/18/2019</StartDate>
<EndDate/>
<RoleCode>Co-Principal Investigator</RoleCode>
</Investigator>
<Investigator>
<FirstName>Dewey</FirstName>
<LastName>Taylor</LastName>
<PI_MID_INIT/>
<PI_SUFX_NAME/>
<PI_FULL_NAME>Dewey Taylor</PI_FULL_NAME>
<EmailAddress><![CDATA[dttaylor2@vcu.edu]]></EmailAddress>
<NSF_ID>000246248</NSF_ID>
<StartDate>12/18/2019</StartDate>
<EndDate/>
<RoleCode>Principal Investigator</RoleCode>
</Investigator>
<Institution>
<Name><![CDATA[Virginia Commonwealth University]]></Name>
<CityName>RICHMOND</CityName>
<ZipCode>232849005</ZipCode>
<PhoneNumber>8048286772</PhoneNumber>
<StreetAddress><![CDATA[910 WEST FRANKLIN ST]]></StreetAddress>
<StreetAddress2/>
<CountryName>United States</CountryName>
<StateName>Virginia</StateName>
<StateCode>VA</StateCode>
<CONGRESSDISTRICT>04</CONGRESSDISTRICT>
<CONGRESS_DISTRICT_ORG>VA04</CONGRESS_DISTRICT_ORG>
<ORG_UEI_NUM>MLQFL4JSSAA9</ORG_UEI_NUM>
<ORG_LGL_BUS_NAME>VIRGINIA COMMONWEALTH UNIVERSITY</ORG_LGL_BUS_NAME>
<ORG_PRNT_UEI_NUM>WXQLZ1PA6XP3</ORG_PRNT_UEI_NUM>
</Institution>
<Performance_Institution>
<Name><![CDATA[Virginia Commonwealth University]]></Name>
<CityName>Richmond</CityName>
<StateCode>VA</StateCode>
<ZipCode>232842014</ZipCode>
<StreetAddress><![CDATA[1015 Floyd Ave., Harris Hall]]></StreetAddress>
<CountryCode>US</CountryCode>
<CountryName>United States</CountryName>
<StateName>Virginia</StateName>
<CountryFlag>1</CountryFlag>
<CONGRESSDISTRICT>04</CONGRESSDISTRICT>
<CONGRESS_DISTRICT_PERF>VA04</CONGRESS_DISTRICT_PERF>
</Performance_Institution>
<ProgramElement>
<Code>126000</Code>
<Text>INFRASTRUCTURE PROGRAM</Text>
</ProgramElement>
<ProgramReference>
<Code>7556</Code>
<Text>CONFERENCE AND WORKSHOPS</Text>
</ProgramReference>
<Appropriation>
<Code>0120</Code>
<Name>NSF RESEARCH &amp; RELATED ACTIVIT</Name>
<APP_SYMB_ID>040100</APP_SYMB_ID>
</Appropriation>
<Fund>
<Code>01002021DB</Code>
<Name><![CDATA[NSF RESEARCH & RELATED ACTIVIT]]></Name>
<FUND_SYMB_ID>040100</FUND_SYMB_ID>
</Fund>
<FUND_OBLG>2020~6060</FUND_OBLG>
<POR>
<DRECONTENT><![CDATA[<div class="porColContainerWBG"> <div class="porContentCol"><p>&nbsp;</p> <p><span>This  award supported a student&nbsp;conference that was planned to be  held in Richmond, VA in Spring 2020. Due to COVID-19, the&nbsp;conference was held  virtually on May 1, 2020; the virtual format allowed us to extend the  funding to host an annual conference each year through 2024. Due to the  flexibility of the virtual environment, we also expanded from a regional  conference to a full scale international conference. In 2023 and 2024,  the conference attracted&nbsp;well over&nbsp;200 participants from over 30  countries with&nbsp;over&nbsp;75 student talks each year.&nbsp;&nbsp;The main goal of the  conference is to provide a venue for students at all levels to share and  experience research in the field of mathematics and statistics.&nbsp; The  conference is focused on student research and with the exception of  plenary talks, only students present during the conference. The  conference is now supported by a diverse international advisory board  and attracts students from Africa, Asia, Europe, Central and North  America and slowly expanding to South America as well. The NSF funding  allowed us to support the participation of the US students. Due to the  funding of NSF we have been able to support women and minorities,  currently underrepresented in mathematical research. Students from these  underrepresented groups accounted for about half of the supported  participants.</span></p><br> <p>  Last Modified: 07/01/2024<br> Modified by: Dewey&nbsp;Taylor</p></div> <div class="porSideCol" ></div> </div>]]></DRECONTENT>
<POR_COPY_TXT><![CDATA[     This  award supported a studentconference that was planned to be  held in Richmond, VA in Spring 2020. Due to COVID-19, theconference was held  virtually on May 1, 2020; the virtual format allowed us to extend the  funding to host an annual conference each year through 2024. Due to the  flexibility of the virtual environment, we also expanded from a regional  conference to a full scale international conference. In 2023 and 2024,  the conference attractedwell over200 participants from over 30  countries withover75 student talks each year.The main goal of the  conference is to provide a venue for students at all levels to share and  experience research in the field of mathematics and statistics. The  conference is focused on student research and with the exception of  plenary talks, only students present during the conference. The  conference is now supported by a diverse international advisory board  and attracts students from Africa, Asia, Europe, Central and North  America and slowly expanding to South America as well. The NSF funding  allowed us to support the participation of the US students. Due to the  funding of NSF we have been able to support women and minorities,  currently underrepresented in mathematical research. Students from these  underrepresented groups accounted for about half of the supported  participants.     Last Modified: 07/01/2024       Submitted by: DeweyTaylor]]></POR_COPY_TXT>
</POR>
</Award>
</rootTag>
