<?xml version="1.0" encoding="UTF-8"?>
<rootTag>
<Award>
<AwardTitle><![CDATA[Uncertainty Principles in Reproducing Kernel Hilbert Spaces]]></AwardTitle>
<AGENCY>NSF</AGENCY>
<AwardEffectiveDate>06/15/2020</AwardEffectiveDate>
<AwardExpirationDate>05/31/2025</AwardExpirationDate>
<AwardTotalIntnAmount>300090.00</AwardTotalIntnAmount>
<AwardAmount>300090</AwardAmount>
<AwardInstrument>
<Value>Standard Grant</Value>
</AwardInstrument>
<Organization>
<Code>03040000</Code>
<Directorate>
<Abbreviation>MPS</Abbreviation>
<LongName>Direct For Mathematical &amp; Physical Scien</LongName>
</Directorate>
<Division>
<Abbreviation>DMS</Abbreviation>
<LongName>Division Of Mathematical Sciences</LongName>
</Division>
</Organization>
<ProgramOfficer>
<SignBlockName>Marian Bocea</SignBlockName>
<PO_EMAI>mbocea@nsf.gov</PO_EMAI>
<PO_PHON>7032922595</PO_PHON>
</ProgramOfficer>
<AbstractNarration>One of the fundamental principles of the theory of signal and information processing is the so-called Gabor uncertainty principle, which says that it is impossible for a signal to be perfectly localized simultaneously in time and in frequency. Perhaps counterintuitively, it is exactly this uncertainty principle that allows us to digitize analog signals; that is, to completely recover analog (continuous) signals that are band-limited, in some sense, from their samples recorded at (appropriate) discrete set of times. The precise rate at which the sampling needs to be done to guarantee stable recovery depends crucially on the band-limited nature of the signal. The main goal of this project is to quantify this subtle relationship precisely for very general types of restriction on signal bandwidth. In addition the project provides research training opportunities for graduate students.&lt;br/&gt; &lt;br/&gt;This project aims to develop a general operator-theoretic treatment of uncertainty principles, with a goal of unifying many different forms of the uncertainty principle that appear in harmonic analysis, and to discover new ones. In view of the advanced development of harmonic analysis, it is quite surprising that manifestations of the uncertainty principle are still usually studied one at a time, isolated one from another. This project aims to systematize these results, further explore the connections between them, and pave the way for new applications to control theory, partial differential equations, and other areas of mathematics.&lt;br/&gt;&lt;br/&gt;This award reflects NSF's statutory mission and has been deemed worthy of support through evaluation using the Foundation's intellectual merit and broader impacts review criteria.</AbstractNarration>
<MinAmdLetterDate>03/19/2020</MinAmdLetterDate>
<MaxAmdLetterDate>03/19/2020</MaxAmdLetterDate>
<ARRAAmount/>
<TRAN_TYPE>Grant</TRAN_TYPE>
<CFDA_NUM>47.049</CFDA_NUM>
<NSF_PAR_USE_FLAG>1</NSF_PAR_USE_FLAG>
<FUND_AGCY_CODE>4900</FUND_AGCY_CODE>
<AWDG_AGCY_CODE>4900</AWDG_AGCY_CODE>
<AwardID>2000236</AwardID>
<Investigator>
<FirstName>Mishko</FirstName>
<LastName>Mitkovski</LastName>
<PI_MID_INIT/>
<PI_SUFX_NAME/>
<PI_FULL_NAME>Mishko Mitkovski</PI_FULL_NAME>
<EmailAddress><![CDATA[mmitkov@clemson.edu]]></EmailAddress>
<NSF_ID>000573570</NSF_ID>
<StartDate>03/19/2020</StartDate>
<EndDate/>
<RoleCode>Principal Investigator</RoleCode>
</Investigator>
<Institution>
<Name><![CDATA[Clemson University]]></Name>
<CityName>CLEMSON</CityName>
<ZipCode>296340001</ZipCode>
<PhoneNumber>8646562424</PhoneNumber>
<StreetAddress><![CDATA[201 SIKES HALL]]></StreetAddress>
<StreetAddress2/>
<CountryName>United States</CountryName>
<StateName>South Carolina</StateName>
<StateCode>SC</StateCode>
<CONGRESSDISTRICT>03</CONGRESSDISTRICT>
<CONGRESS_DISTRICT_ORG>SC03</CONGRESS_DISTRICT_ORG>
<ORG_UEI_NUM>H2BMNX7DSKU8</ORG_UEI_NUM>
<ORG_LGL_BUS_NAME>CLEMSON UNIVERSITY</ORG_LGL_BUS_NAME>
<ORG_PRNT_UEI_NUM/>
</Institution>
<Performance_Institution>
<Name><![CDATA[Clemson University]]></Name>
<CityName/>
<StateCode>SC</StateCode>
<ZipCode>296340001</ZipCode>
<StreetAddress/>
<CountryCode>US</CountryCode>
<CountryName>United States</CountryName>
<StateName>South Carolina</StateName>
<CountryFlag>1</CountryFlag>
<CONGRESSDISTRICT>03</CONGRESSDISTRICT>
<CONGRESS_DISTRICT_PERF>SC03</CONGRESS_DISTRICT_PERF>
</Performance_Institution>
<ProgramElement>
<Code>128100</Code>
<Text>ANALYSIS PROGRAM</Text>
</ProgramElement>
<ProgramReference>
<Code>9150</Code>
<Text>EXP PROG TO STIM COMP RES</Text>
</ProgramReference>
<Appropriation>
<Code>0120</Code>
<Name>NSF RESEARCH &amp; RELATED ACTIVIT</Name>
<APP_SYMB_ID>040100</APP_SYMB_ID>
</Appropriation>
<Fund>
<Code>01002021DB</Code>
<Name><![CDATA[NSF RESEARCH & RELATED ACTIVIT]]></Name>
<FUND_SYMB_ID>040100</FUND_SYMB_ID>
</Fund>
<FUND_OBLG>2020~300090</FUND_OBLG>
</Award>
</rootTag>
