<?xml version="1.0" encoding="UTF-8"?>
<rootTag>
<Award>
<AwardTitle><![CDATA[Ohio River Analysis Meetings 2020-2022]]></AwardTitle>
<AGENCY>NSF</AGENCY>
<AwardEffectiveDate>02/01/2020</AwardEffectiveDate>
<AwardExpirationDate>01/31/2025</AwardExpirationDate>
<AwardTotalIntnAmount>16000.00</AwardTotalIntnAmount>
<AwardAmount>16000</AwardAmount>
<AwardInstrument>
<Value>Standard Grant</Value>
</AwardInstrument>
<Organization>
<Code>03040000</Code>
<Directorate>
<Abbreviation>MPS</Abbreviation>
<LongName>Direct For Mathematical &amp; Physical Scien</LongName>
</Directorate>
<Division>
<Abbreviation>DMS</Abbreviation>
<LongName>Division Of Mathematical Sciences</LongName>
</Division>
</Organization>
<ProgramOfficer>
<SignBlockName>Marian Bocea</SignBlockName>
<PO_EMAI>mbocea@nsf.gov</PO_EMAI>
<PO_PHON>7032922595</PO_PHON>
</ProgramOfficer>
<AbstractNarration>This award provides three years of support for the participants in the 2020-2022 Ohio River Analysis Meetings (ORAM), of which the first will be held on March 28-29, 2020, at the University of Kentucky. The 2021 meeting will take place in Spring 2021 at the University of Cincinnati; the conference returns to the University of Kentucky in Spring 2022. ORAM seeks to make the latest advances in mathematics available to a broad scientific audience and at the same time promote the entrance to the field of new researchers. To that end, most funds are devoted to the support of early-career participants without other research funding: graduate and undergraduate students, postdoctoral scholars, and junior faculty members. Consistent efforts are made to broaden participation of members of groups underrepresented in mathematical sciences. &lt;br/&gt;&lt;br/&gt;This annual regional conference series will celebrate its tenth year in 2020. ORAM aims to stimulate scientific collaboration and exchange of ideas, focusing on the general area of Analysis and, in particular, on the fields of partial differential equations, mathematical physics, harmonic analysis, and geometric analysis. The meetings feature invited lectures by distinguished mathematicians and parallel sessions for contributed talks, mostly by early-career mathematicians. Anticipated plenary speakers for the 2020 event are: Mario Bonk, Michael Christ, Sergiu Klainerman, Katya Krupchyk, and Natasa Pavlovic. More information can be found on the conference website: https://math.as.uky.edu/oram20&lt;br/&gt;&lt;br/&gt;This award reflects NSF's statutory mission and has been deemed worthy of support through evaluation using the Foundation's intellectual merit and broader impacts review criteria.</AbstractNarration>
<MinAmdLetterDate>01/02/2020</MinAmdLetterDate>
<MaxAmdLetterDate>01/02/2020</MaxAmdLetterDate>
<ARRAAmount/>
<TRAN_TYPE>Grant</TRAN_TYPE>
<CFDA_NUM>47.049</CFDA_NUM>
<NSF_PAR_USE_FLAG>1</NSF_PAR_USE_FLAG>
<FUND_AGCY_CODE>4900</FUND_AGCY_CODE>
<AWDG_AGCY_CODE>4900</AWDG_AGCY_CODE>
<AwardID>2000161</AwardID>
<Investigator>
<FirstName>Michael</FirstName>
<LastName>Goldberg</LastName>
<PI_MID_INIT/>
<PI_SUFX_NAME/>
<PI_FULL_NAME>Michael Goldberg</PI_FULL_NAME>
<EmailAddress><![CDATA[goldbeml@ucmail.uc.edu]]></EmailAddress>
<NSF_ID>000199226</NSF_ID>
<StartDate>01/02/2020</StartDate>
<EndDate/>
<RoleCode>Co-Principal Investigator</RoleCode>
</Investigator>
<Investigator>
<FirstName>Leonid</FirstName>
<LastName>Slavin</LastName>
<PI_MID_INIT/>
<PI_SUFX_NAME/>
<PI_FULL_NAME>Leonid Slavin</PI_FULL_NAME>
<EmailAddress><![CDATA[leonid.slavin@uc.edu]]></EmailAddress>
<NSF_ID>000070736</NSF_ID>
<StartDate>01/02/2020</StartDate>
<EndDate/>
<RoleCode>Principal Investigator</RoleCode>
</Investigator>
<Investigator>
<FirstName>Gareth</FirstName>
<LastName>Speight</LastName>
<PI_MID_INIT/>
<PI_SUFX_NAME/>
<PI_FULL_NAME>Gareth Speight</PI_FULL_NAME>
<EmailAddress><![CDATA[gareth.speight@uc.edu]]></EmailAddress>
<NSF_ID>000701925</NSF_ID>
<StartDate>01/02/2020</StartDate>
<EndDate/>
<RoleCode>Co-Principal Investigator</RoleCode>
</Investigator>
<Institution>
<Name><![CDATA[University of Cincinnati Main Campus]]></Name>
<CityName>CINCINNATI</CityName>
<ZipCode>452202872</ZipCode>
<PhoneNumber>5135564358</PhoneNumber>
<StreetAddress><![CDATA[2600 CLIFTON AVE]]></StreetAddress>
<StreetAddress2/>
<CountryName>United States</CountryName>
<StateName>Ohio</StateName>
<StateCode>OH</StateCode>
<CONGRESSDISTRICT>01</CONGRESSDISTRICT>
<CONGRESS_DISTRICT_ORG>OH01</CONGRESS_DISTRICT_ORG>
<ORG_UEI_NUM>DZ4YCZ3QSPR5</ORG_UEI_NUM>
<ORG_LGL_BUS_NAME>CINCINNATI UNIV OF</ORG_LGL_BUS_NAME>
<ORG_PRNT_UEI_NUM>DZ4YCZ3QSPR5</ORG_PRNT_UEI_NUM>
</Institution>
<Performance_Institution>
<Name><![CDATA[University of Cincinnati Main Campus]]></Name>
<CityName/>
<StateCode>OH</StateCode>
<ZipCode>452210025</ZipCode>
<StreetAddress/>
<CountryCode>US</CountryCode>
<CountryName>United States</CountryName>
<StateName>Ohio</StateName>
<CountryFlag>1</CountryFlag>
<CONGRESSDISTRICT>01</CONGRESSDISTRICT>
<CONGRESS_DISTRICT_PERF>OH01</CONGRESS_DISTRICT_PERF>
</Performance_Institution>
<ProgramElement>
<Code>128100</Code>
<Text>ANALYSIS PROGRAM</Text>
</ProgramElement>
<ProgramReference>
<Code>7556</Code>
<Text>CONFERENCE AND WORKSHOPS</Text>
</ProgramReference>
<Appropriation>
<Code>0120</Code>
<Name>NSF RESEARCH &amp; RELATED ACTIVIT</Name>
<APP_SYMB_ID>040100</APP_SYMB_ID>
</Appropriation>
<Fund>
<Code>01002021DB</Code>
<Name><![CDATA[NSF RESEARCH & RELATED ACTIVIT]]></Name>
<FUND_SYMB_ID>040100</FUND_SYMB_ID>
</Fund>
<FUND_OBLG>2020~16000</FUND_OBLG>
</Award>
</rootTag>
