<?xml version="1.0" encoding="UTF-8"?>
<rootTag>
<Award>
<AwardTitle><![CDATA[Catalyst Project: Computer algorithms and simulations for CT image reconstruction and segmentation utilizing optimal sampling lattices and efficient domains]]></AwardTitle>
<AGENCY>NSF</AGENCY>
<AwardEffectiveDate>05/15/2020</AwardEffectiveDate>
<AwardExpirationDate>04/30/2025</AwardExpirationDate>
<AwardTotalIntnAmount>199966.00</AwardTotalIntnAmount>
<AwardAmount>199966</AwardAmount>
<AwardInstrument>
<Value>Standard Grant</Value>
</AwardInstrument>
<Organization>
<Code>11060000</Code>
<Directorate>
<Abbreviation>EDU</Abbreviation>
<LongName>Directorate for STEM Education</LongName>
</Directorate>
<Division>
<Abbreviation>EES</Abbreviation>
<LongName>Div. of Equity for Excellence in STEM</LongName>
</Division>
</Organization>
<ProgramOfficer>
<SignBlockName>Leroy Jones II</SignBlockName>
<PO_EMAI>ljones@nsf.gov</PO_EMAI>
<PO_PHON>7032924684</PO_PHON>
</ProgramOfficer>
<AbstractNarration>Catalyst Projects provide support for Historically Black Colleges and Universities to work towards establishing research capacity of faculty to strengthen science, technology, engineering and mathematics undergraduate education and research. It is expected that the award will further the faculty member's research capability, improve research and teaching at the institution, and involve undergraduate students in research experiences. This project at Vorhees College seeks to develop computed tomography (CT) image reconstruction and segmentation methods using optimal sampling lattices and provides an opportunity for undergraduate students to enhance their education through research experiences in computer modeling. The researcher has established a strong collaboration with faculty at the University of South Carolina. &lt;br/&gt;&lt;br/&gt;Computed tomography is an important tool to create the internal image of a physical body. Image reconstruction is to compute the internal image from the scanned data and image segmentation may help to locate the internal objects or their boundaries in the image. The usual CT computations are done on a Cartesian lattice whose pixels are squares or cubes. However optimal sampling lattices, such as 2D hexagonal and 3D face centered cubic and body centered cubic lattices, provide more efficient sampling and better adjacency relation than the traditional Cartesian lattices. In this project, for the 2D case, images will be reconstructed from scanned data using the filtered back-projection method over a hexagonal lattice and in a regular hexagonal region. Then image segmentation methods such as graph-cuts on the reconstructed images are applied. Because a CT machine rotates to perform scans from different directions, a 2D object to be scanned may be assumed to be circular. Since the circular region can be embedded into a regular hexagon more tightly than into a square, fewer number of lattice points may be involved and the lattice points can be efficiently indexed for image segmentation. Hence the computational time for image segmentation may be reduced and the quality may be improved. Computer simulations will be done to evaluate the new algorithms in terms of image segmentation quality and computational efficiency.&lt;br/&gt;&lt;br/&gt;This award reflects NSF's statutory mission and has been deemed worthy of support through evaluation using the Foundation's intellectual merit and broader impacts review criteria.</AbstractNarration>
<MinAmdLetterDate>05/04/2020</MinAmdLetterDate>
<MaxAmdLetterDate>05/02/2024</MaxAmdLetterDate>
<ARRAAmount/>
<TRAN_TYPE>Grant</TRAN_TYPE>
<CFDA_NUM>47.076</CFDA_NUM>
<NSF_PAR_USE_FLAG>1</NSF_PAR_USE_FLAG>
<FUND_AGCY_CODE>4900</FUND_AGCY_CODE>
<AWDG_AGCY_CODE>4900</AWDG_AGCY_CODE>
<AwardID>2000158</AwardID>
<Investigator>
<FirstName>Xiqiang</FirstName>
<LastName>Zheng</LastName>
<PI_MID_INIT/>
<PI_SUFX_NAME/>
<PI_FULL_NAME>Xiqiang Zheng</PI_FULL_NAME>
<EmailAddress><![CDATA[xzheng@voorhees.edu]]></EmailAddress>
<NSF_ID>000569284</NSF_ID>
<StartDate>05/04/2020</StartDate>
<EndDate/>
<RoleCode>Principal Investigator</RoleCode>
</Investigator>
<Institution>
<Name><![CDATA[Voorhees College]]></Name>
<CityName>DENMARK</CityName>
<ZipCode>290422533</ZipCode>
<PhoneNumber>8037801149</PhoneNumber>
<StreetAddress><![CDATA[213 WIGGENS DR]]></StreetAddress>
<StreetAddress2/>
<CountryName>United States</CountryName>
<StateName>South Carolina</StateName>
<StateCode>SC</StateCode>
<CONGRESSDISTRICT>06</CONGRESSDISTRICT>
<CONGRESS_DISTRICT_ORG>SC06</CONGRESS_DISTRICT_ORG>
<ORG_UEI_NUM>LSMRHTLQXBQ9</ORG_UEI_NUM>
<ORG_LGL_BUS_NAME>VOORHEES UNIVERSITY</ORG_LGL_BUS_NAME>
<ORG_PRNT_UEI_NUM>LSMRHTLQXBQ9</ORG_PRNT_UEI_NUM>
</Institution>
<Performance_Institution>
<Name><![CDATA[Voorhees College]]></Name>
<CityName>Denmark</CityName>
<StateCode>SC</StateCode>
<ZipCode>290420678</ZipCode>
<StreetAddress><![CDATA[PO Box 678]]></StreetAddress>
<CountryCode>US</CountryCode>
<CountryName>United States</CountryName>
<StateName>South Carolina</StateName>
<CountryFlag>1</CountryFlag>
<CONGRESSDISTRICT>06</CONGRESSDISTRICT>
<CONGRESS_DISTRICT_PERF>SC06</CONGRESS_DISTRICT_PERF>
</Performance_Institution>
<ProgramElement>
<Code>159400</Code>
<Text>Hist Black Colleges and Univ</Text>
</ProgramElement>
<ProgramReference>
<Code>9150</Code>
<Text>EXP PROG TO STIM COMP RES</Text>
</ProgramReference>
<ProgramReference>
<Code>9178</Code>
<Text>UNDERGRADUATE EDUCATION</Text>
</ProgramReference>
<ProgramReference>
<Code>9264</Code>
<Text>RESEARCH INITIATION AWARD</Text>
</ProgramReference>
<Appropriation>
<Code>0420</Code>
<Name>NSF Education &amp; Human Resource</Name>
<APP_SYMB_ID>040106</APP_SYMB_ID>
</Appropriation>
<Fund>
<Code>04002021DB</Code>
<Name><![CDATA[NSF Education & Human Resource]]></Name>
<FUND_SYMB_ID>040106</FUND_SYMB_ID>
</Fund>
<FUND_OBLG>2020~199966</FUND_OBLG>
</Award>
</rootTag>
