<?xml version="1.0" encoding="UTF-8"?>
<rootTag>
<Award>
<AwardTitle><![CDATA[Theory of Nonlinear Elliptic Equations and Systems]]></AwardTitle>
<AGENCY>NSF</AGENCY>
<AwardEffectiveDate>08/01/2020</AwardEffectiveDate>
<AwardExpirationDate>07/31/2023</AwardExpirationDate>
<AwardTotalIntnAmount>239999.00</AwardTotalIntnAmount>
<AwardAmount>239999</AwardAmount>
<AwardInstrument>
<Value>Standard Grant</Value>
</AwardInstrument>
<Organization>
<Code>03040000</Code>
<Directorate>
<Abbreviation>MPS</Abbreviation>
<LongName>Direct For Mathematical &amp; Physical Scien</LongName>
</Directorate>
<Division>
<Abbreviation>DMS</Abbreviation>
<LongName>Division Of Mathematical Sciences</LongName>
</Division>
</Organization>
<ProgramOfficer>
<SignBlockName>Marian Bocea</SignBlockName>
<PO_EMAI>mbocea@nsf.gov</PO_EMAI>
<PO_PHON>7032922595</PO_PHON>
</ProgramOfficer>
<AbstractNarration>Partial differential equations arise naturally in physics, engineering, geometry, and many other fields, and they form the basis for modeling many phenomena in the physical world. The particular class of fully nonlinear elliptic equations and systems is especially important from this perspective. For instance, such equations and systems play a role in the theoretical study of composite materials. This project will contribute to a basic understanding of fully nonlinear elliptic equations and systems, thereby providing scientists and engineers with sharpened insight into various physical processes and ultimately enhancing the quality of consumer products manufactured from composites. As part of the project, the principal investigator will train Ph.D. students, many of whom are expected to continue their careers as educators and help convey the long-term value of mathematical research not only to science and engineering but also, in the end, to society.&lt;br/&gt; &lt;br/&gt;At a technical level, this project is a natural continuation of the principal investigator's earlier work, which includes valuable contributions to this research area. One part of the project concerns a longstanding open problem on the existence and compactness of solutions to a fully nonlinear Yamabe problem. This is equivalent to solving, on a Riemannian manifold, a fully nonlinear elliptic, but not uniformly elliptic, partial differential equation of second order. The current understanding of this type of equations is insufficient, especially compared to what is known for fully nonlinear uniformly elliptic second order equations, where theories are much more mature. The study of this open problem should lead to a better understanding of these elliptic, but not uniformly elliptic, equations. It will also lead to a better understanding of degenerate elliptic fully nonlinear equations of second order. This project will provide new analytical tools for the study of these and other important nonlinear partial differential equations arising from geometry and physics.&lt;br/&gt;&lt;br/&gt;This award reflects NSF's statutory mission and has been deemed worthy of support through evaluation using the Foundation's intellectual merit and broader impacts review criteria.</AbstractNarration>
<MinAmdLetterDate>07/22/2020</MinAmdLetterDate>
<MaxAmdLetterDate>07/22/2020</MaxAmdLetterDate>
<ARRAAmount/>
<TRAN_TYPE>Grant</TRAN_TYPE>
<CFDA_NUM>47.049</CFDA_NUM>
<NSF_PAR_USE_FLAG>1</NSF_PAR_USE_FLAG>
<FUND_AGCY_CODE>4900</FUND_AGCY_CODE>
<AWDG_AGCY_CODE>4900</AWDG_AGCY_CODE>
<AwardID>2000261</AwardID>
<Investigator>
<FirstName>Yanyan</FirstName>
<LastName>Li</LastName>
<PI_MID_INIT/>
<PI_SUFX_NAME/>
<PI_FULL_NAME>Yanyan Li</PI_FULL_NAME>
<EmailAddress><![CDATA[yyli@math.rutgers.edu]]></EmailAddress>
<NSF_ID>000180223</NSF_ID>
<StartDate>07/22/2020</StartDate>
<EndDate/>
<RoleCode>Principal Investigator</RoleCode>
</Investigator>
<Institution>
<Name><![CDATA[Rutgers University New Brunswick]]></Name>
<CityName>NEW BRUNSWICK</CityName>
<ZipCode>089018559</ZipCode>
<PhoneNumber>8489320150</PhoneNumber>
<StreetAddress><![CDATA[3 RUTGERS PLZ]]></StreetAddress>
<StreetAddress2/>
<CountryName>United States</CountryName>
<StateName>New Jersey</StateName>
<StateCode>NJ</StateCode>
<CONGRESSDISTRICT>12</CONGRESSDISTRICT>
<CONGRESS_DISTRICT_ORG>NJ12</CONGRESS_DISTRICT_ORG>
<ORG_UEI_NUM>M1LVPE5GLSD9</ORG_UEI_NUM>
<ORG_LGL_BUS_NAME>RUTGERS, THE STATE UNIVERSITY</ORG_LGL_BUS_NAME>
<ORG_PRNT_UEI_NUM/>
</Institution>
<Performance_Institution>
<Name><![CDATA[Rutgers University -  New Brunswick]]></Name>
<CityName>Piscataway</CityName>
<StateCode>NJ</StateCode>
<ZipCode>088548019</ZipCode>
<StreetAddress><![CDATA[110 Frelinghuysen Road]]></StreetAddress>
<CountryCode>US</CountryCode>
<CountryName>United States</CountryName>
<StateName>New Jersey</StateName>
<CountryFlag>1</CountryFlag>
<CONGRESSDISTRICT>06</CONGRESSDISTRICT>
<CONGRESS_DISTRICT_PERF>NJ06</CONGRESS_DISTRICT_PERF>
</Performance_Institution>
<ProgramElement>
<Code>128100</Code>
<Text>ANALYSIS PROGRAM</Text>
</ProgramElement>
<Appropriation>
<Code>0120</Code>
<Name>NSF RESEARCH &amp; RELATED ACTIVIT</Name>
<APP_SYMB_ID>040100</APP_SYMB_ID>
</Appropriation>
<Fund>
<Code>01002021DB</Code>
<Name><![CDATA[NSF RESEARCH & RELATED ACTIVIT]]></Name>
<FUND_SYMB_ID>040100</FUND_SYMB_ID>
</Fund>
<FUND_OBLG>2020~239999</FUND_OBLG>
<POR>
<DRECONTENT><![CDATA[<div class="porColContainerWBG"> <div class="porContentCol"><p>Partial differential equations (PDEs) are a ubiquitous mathematical framework that naturally arises in physics, engineering, geometry, and a plethora of other scientific and engineering disciplines. They serve as a foundational tool for modeling and understanding a wide array of phenomena in the physical world. In this vast landscape of PDEs, the class of "nonlinear elliptic equations and systems" stands out for its critical importance in comprehending complex systems and processes.</p> <p>The principal investigator (PI) has made substantial and far-reaching contributions in advancing the understanding of nonlinear elliptic equations and systems. This research has had a profound impact, providing scientists and engineers with invaluable insights into various physical processes. The insights gained from this work may resulted in applications in enhancing the quality of consumer products, thereby benefiting society at large.</p> <p>Moreover, the PI has played a pivotal role in mentoring and guiding Ph.D. students, many of whom are poised to pursue careers as educators and researchers. The influence of the PI's mentorship extends beyond their direct students; these students, in turn, will impart their mathematical knowledge and instill the long-term value of mathematical research. This cycle ensures that the impact of the PI's contributions extends well into the future, enriching the scientific community and society as a whole.</p> <p>Delving into the technical aspects of the research, the PI's contributions to the proposed work are noteworthy and highly impactful. One of the significant contributions addresses a longstanding open problem concerning the existence and compactness of solutions to a fully nonlinear Yamabe problem. Collaborating with a fellow researcher, the PI introduced Green's function to the nonlinear Yamabe problem, a fundamental concept with far-reaching implications. This introduction led to the demonstration of the existence and uniqueness of the Green's function, representing a significant advance in this specialized field of study.</p> <p>Furthermore, in collaboration with colleagues and students, the PI obtained optimal estimates on strain tensors in an insulated conductivity problem. This achievement settled a previously outstanding open problem, showcasing the depth of the PI's expertise and the transformative impact of their work. The settlement of this open problem represents a significant advancement in the field, opening up new avenues of research and practical applications.</p> <p>In summary, the principal investigator's expertise and contributions in the realm of nonlinear elliptic equations and systems are influential. Their work not only advances the theoretical understanding of mathematical principles but also translates into tangible benefits for society. The PI's dedication to mentorship further solidifies the enduring impact of their work, ensuring the continued growth and development of the mathematical and scientific community.</p> <p class="p1">&nbsp;</p><br> <p>            Last Modified: 09/23/2023<br>      Modified by: Yanyan&nbsp;Li</p> </div> <div class="porSideCol"></div> </div>]]></DRECONTENT>
<POR_COPY_TXT><![CDATA[ Partial differential equations (PDEs) are a ubiquitous mathematical framework that naturally arises in physics, engineering, geometry, and a plethora of other scientific and engineering disciplines. They serve as a foundational tool for modeling and understanding a wide array of phenomena in the physical world. In this vast landscape of PDEs, the class of "nonlinear elliptic equations and systems" stands out for its critical importance in comprehending complex systems and processes.  The principal investigator (PI) has made substantial and far-reaching contributions in advancing the understanding of nonlinear elliptic equations and systems. This research has had a profound impact, providing scientists and engineers with invaluable insights into various physical processes. The insights gained from this work may resulted in applications in enhancing the quality of consumer products, thereby benefiting society at large.  Moreover, the PI has played a pivotal role in mentoring and guiding Ph.D. students, many of whom are poised to pursue careers as educators and researchers. The influence of the PI's mentorship extends beyond their direct students; these students, in turn, will impart their mathematical knowledge and instill the long-term value of mathematical research. This cycle ensures that the impact of the PI's contributions extends well into the future, enriching the scientific community and society as a whole.  Delving into the technical aspects of the research, the PI's contributions to the proposed work are noteworthy and highly impactful. One of the significant contributions addresses a longstanding open problem concerning the existence and compactness of solutions to a fully nonlinear Yamabe problem. Collaborating with a fellow researcher, the PI introduced Green's function to the nonlinear Yamabe problem, a fundamental concept with far-reaching implications. This introduction led to the demonstration of the existence and uniqueness of the Green's function, representing a significant advance in this specialized field of study.  Furthermore, in collaboration with colleagues and students, the PI obtained optimal estimates on strain tensors in an insulated conductivity problem. This achievement settled a previously outstanding open problem, showcasing the depth of the PI's expertise and the transformative impact of their work. The settlement of this open problem represents a significant advancement in the field, opening up new avenues of research and practical applications.  In summary, the principal investigator's expertise and contributions in the realm of nonlinear elliptic equations and systems are influential. Their work not only advances the theoretical understanding of mathematical principles but also translates into tangible benefits for society. The PI's dedication to mentorship further solidifies the enduring impact of their work, ensuring the continued growth and development of the mathematical and scientific community.         Last Modified: 09/23/2023       Submitted by: Yanyan Li]]></POR_COPY_TXT>
</POR>
</Award>
</rootTag>
