<?xml version="1.0" encoding="UTF-8"?>
<rootTag>
<Award>
<AwardTitle><![CDATA[Excellence in Research: Biophysical mechanism by which mannose and N glycans modifies and protects biological surfaces]]></AwardTitle>
<AGENCY>NSF</AGENCY>
<AwardEffectiveDate>07/15/2020</AwardEffectiveDate>
<AwardExpirationDate>06/30/2025</AwardExpirationDate>
<AwardTotalIntnAmount>499959.00</AwardTotalIntnAmount>
<AwardAmount>612707</AwardAmount>
<AwardInstrument>
<Value>Standard Grant</Value>
</AwardInstrument>
<Organization>
<Code>08070000</Code>
<Directorate>
<Abbreviation>BIO</Abbreviation>
<LongName>Direct For Biological Sciences</LongName>
</Directorate>
<Division>
<Abbreviation>MCB</Abbreviation>
<LongName>Div Of Molecular and Cellular Bioscience</LongName>
</Division>
</Organization>
<ProgramOfficer>
<SignBlockName>Engin Serpersu</SignBlockName>
<PO_EMAI>eserpers@nsf.gov</PO_EMAI>
<PO_PHON>7032927124</PO_PHON>
</ProgramOfficer>
<AbstractNarration>The surface of pathogens is shielded by short polymers of sugars known as glycans. Glycans mask pathogens and signature molecules from host cells and confound therapeutic treatments. N-glycans are the commonly found type of glycans found on cell surfaces.  Pathogens like Ebola, SARS, HIV, and COVID 19 are shielded by N-glycans having high mannose content, with the mannose content sometimes increasing during the host infection. The goal of the proposal is to investigate what biophysical properties of mannose residues present in shields of N-glycans confer protection of pathogens against the host immune system. This project will train graduate and undergraduate students and provide an annual hands-on STEM workshops to engage high school students in research and everyday science. Understanding how mannose residues presented in N-glycans protect pathogens will help us strategically disarm the glycan shield fortress, thereby making pathogens more vulnerable to detection, sanitizing, and treatment.  &lt;br/&gt;&lt;br/&gt;Despite the ubiquitous presence of glycan sugars on biological surfaces, little is known currently about how glycans steer interfacial effects like aggregation, biofilm formation, charge shielding, antifouling, immune-stealth, and transport through mucus. This project will lead to a better understanding of the biophysics of mannose residues when presented in N-glycan architecture along with non-mannose sugars, and how they relate to the improved solubility and aggregation, mucous penetration, and immune evasion of glycosylated molecules. To understand the uniqueness of mannose biophysics and how it interplays with other N-glycan sugars, the cross- and self- interactions of all N-glycan sugars will be determined, and rules for integrating single-sugar biophysics to glycosylated system behavior will be evaluated. A pseudo-typed HIV virus is the controlled sugar-presentation platform. These studies will synergistically link observations from force-spectroscopy, rheology, and dynamic light scattering, along with perturbations from glycosidase and lectin addition.  This project is jointly supported by the Historically Black Colleges and Universities (HBCU) Excellence in Research program and the Molecular Biophysics program in the Molecular and Cellular Biosciences Division.&lt;br/&gt;&lt;br/&gt;This award reflects NSF's statutory mission and has been deemed worthy of support through evaluation using the Foundation's intellectual merit and broader impacts review criteria.</AbstractNarration>
<MinAmdLetterDate>07/10/2020</MinAmdLetterDate>
<MaxAmdLetterDate>05/24/2021</MaxAmdLetterDate>
<ARRAAmount/>
<TRAN_TYPE>Grant</TRAN_TYPE>
<CFDA_NUM>47.074</CFDA_NUM>
<NSF_PAR_USE_FLAG>1</NSF_PAR_USE_FLAG>
<FUND_AGCY_CODE>4900</FUND_AGCY_CODE>
<AWDG_AGCY_CODE>4900</AWDG_AGCY_CODE>
<AwardID>2000175</AwardID>
<Investigator>
<FirstName>Sergei</FirstName>
<LastName>Nekhai</LastName>
<PI_MID_INIT/>
<PI_SUFX_NAME/>
<PI_FULL_NAME>Sergei Nekhai</PI_FULL_NAME>
<EmailAddress><![CDATA[snekhai@howard.edu]]></EmailAddress>
<NSF_ID>000683653</NSF_ID>
<StartDate>07/10/2020</StartDate>
<EndDate/>
<RoleCode>Co-Principal Investigator</RoleCode>
</Investigator>
<Investigator>
<FirstName>Preethi</FirstName>
<LastName>Chandran</LastName>
<PI_MID_INIT>L</PI_MID_INIT>
<PI_SUFX_NAME/>
<PI_FULL_NAME>Preethi L Chandran</PI_FULL_NAME>
<EmailAddress><![CDATA[preethi.chandran@howard.edu]]></EmailAddress>
<NSF_ID>000646963</NSF_ID>
<StartDate>07/10/2020</StartDate>
<EndDate/>
<RoleCode>Principal Investigator</RoleCode>
</Investigator>
<Institution>
<Name><![CDATA[Howard University]]></Name>
<CityName>WASHINGTON</CityName>
<ZipCode>200590002</ZipCode>
<PhoneNumber>2028064759</PhoneNumber>
<StreetAddress><![CDATA[2400 6TH ST NW]]></StreetAddress>
<StreetAddress2/>
<CountryName>United States</CountryName>
<StateName>District of Columbia</StateName>
<StateCode>DC</StateCode>
<CONGRESSDISTRICT>00</CONGRESSDISTRICT>
<CONGRESS_DISTRICT_ORG>DC00</CONGRESS_DISTRICT_ORG>
<ORG_UEI_NUM>DYZNJGLTHMR9</ORG_UEI_NUM>
<ORG_LGL_BUS_NAME>HOWARD UNIVERSITY</ORG_LGL_BUS_NAME>
<ORG_PRNT_UEI_NUM/>
</Institution>
<Performance_Institution>
<Name><![CDATA[Howard University]]></Name>
<CityName>Washington</CityName>
<StateCode>DC</StateCode>
<ZipCode>200590001</ZipCode>
<StreetAddress><![CDATA[1011 LK Downing Hall 2300 6th St]]></StreetAddress>
<CountryCode>US</CountryCode>
<CountryName>United States</CountryName>
<StateName>District of Columbia</StateName>
<CountryFlag>1</CountryFlag>
<CONGRESSDISTRICT>00</CONGRESSDISTRICT>
<CONGRESS_DISTRICT_PERF>DC00</CONGRESS_DISTRICT_PERF>
</Performance_Institution>
<ProgramElement>
<Code>070Y00</Code>
<Text>HBCU-EiR - HBCU-Excellence in</Text>
</ProgramElement>
<ProgramElement>
<Code>114400</Code>
<Text>Molecular Biophysics</Text>
</ProgramElement>
<ProgramReference>
<Code>097Z</Code>
<Text>COVID-19 Impacts on Existing Activities</Text>
</ProgramReference>
<ProgramReference>
<Code>102Z</Code>
<Text>COVID-Disproportionate Impcts Inst-Indiv</Text>
</ProgramReference>
<ProgramReference>
<Code>7465</Code>
<Text>NANOSCALE BIO CORE</Text>
</ProgramReference>
<ProgramReference>
<Code>9251</Code>
<Text>REU SUPP-Res Exp for Ugrd Supp</Text>
</ProgramReference>
<Appropriation>
<Code>0120</Code>
<Name>NSF RESEARCH &amp; RELATED ACTIVIT</Name>
<APP_SYMB_ID>040100</APP_SYMB_ID>
</Appropriation>
<Appropriation>
<Code>0121</Code>
<Name>NSF RESEARCH &amp; RELATED ACTIVIT</Name>
<APP_SYMB_ID>040100</APP_SYMB_ID>
</Appropriation>
<Fund>
<Code>01002021DB</Code>
<Name><![CDATA[NSF RESEARCH & RELATED ACTIVIT]]></Name>
<FUND_SYMB_ID>040100</FUND_SYMB_ID>
</Fund>
<Fund>
<Code>01002122DB</Code>
<Name><![CDATA[NSF RESEARCH & RELATED ACTIVIT]]></Name>
<FUND_SYMB_ID>040100</FUND_SYMB_ID>
</Fund>
<FUND_OBLG>2020~499959</FUND_OBLG>
<FUND_OBLG>2021~112748</FUND_OBLG>
</Award>
</rootTag>
