<?xml version="1.0" encoding="UTF-8"?>
<rootTag>
<Award>
<AwardTitle><![CDATA[RAPID: MICROBIOME AND POPULATION DYNAMICS IN SCLERACTINIAN CORAL TISSUE LOSS DISEASE INFECTED CORALS IN PUERTO RICO]]></AwardTitle>
<AGENCY>NSF</AGENCY>
<AwardEffectiveDate>11/15/2019</AwardEffectiveDate>
<AwardExpirationDate>10/31/2024</AwardExpirationDate>
<AwardTotalIntnAmount>152834.00</AwardTotalIntnAmount>
<AwardAmount>197830</AwardAmount>
<AwardInstrument>
<Value>Standard Grant</Value>
</AwardInstrument>
<Organization>
<Code>06040300</Code>
<Directorate>
<Abbreviation>GEO</Abbreviation>
<LongName>Directorate For Geosciences</LongName>
</Directorate>
<Division>
<Abbreviation>OCE</Abbreviation>
<LongName>Division Of Ocean Sciences</LongName>
</Division>
</Organization>
<ProgramOfficer>
<SignBlockName>Daniel J. Thornhill</SignBlockName>
<PO_EMAI>dthornhi@nsf.gov</PO_EMAI>
<PO_PHON>7032928143</PO_PHON>
</ProgramOfficer>
<AbstractNarration>Modern coral reefs are the result of thousands of years of growth and development, but their demise is occurring at alarming rates around the World. In the Caribbean alone, over 60% of live coral cover has been lost in many reefs in just 30-40 years. Consequently, their ecological and economic benefits to coastal communities are also declining. Disease outbreaks and more intense and frequent bleaching (loss of the microalgae in coral tissues) events associated with increasing water temperatures are some of the main factors for coral reef mass mortalities. The highly infectious and deadly Scleractinian Coral Tissue Loss Disease (SCTLD), first identified in 2014 in Florida, is quickly moving through the Caribbean causing extensive mortalities across important reef-building corals. Current research is focused in after-infection events to identify the pathogen and characterize the signs, patterns and consequences of SCTLD transmission.  This study investigates coral tissues and the coral-associated bacteria communities before, during and after the infection has occurred in reefs in Puerto Rico. The societal broader impact of the project relates to the significant ecosystem services provided by coral reefs, which are threatened by SCTLD. The project will also support training of a graduate student.  &lt;br/&gt;&lt;br/&gt;Questions about etiological variability and the temporal dynamics of the microbiome in SCTLD-affected coral species remain unanswered. Specifically, this proposal addresses the following questions: (1) What are the changes in the microbiome composition and abundances of the susceptible coral species when infected with SCTLD? (2) What is the variability in virulence, prevalence and mortality within and amongst species in different phases of the infection and in different habitats? The research site is in La Parguera Natural Reserve, southwest Puerto Rico, where the research team has characterized and monitored several reefs and environmental conditions from the shore to the shelf edge since 2003. This project includes surveys of permanent transects and molecular characterization of tissue/mucus samples, and microbial communities within those, collected from healthy colonies of two to three of the most susceptible coral species (i.e., Meandrina meandrites, M. jacksoni and Orbicella faveolata) and colonies of two resistant species (i.e., Montastraea cavernosa, Porites astreoides) at the long-term monitoring site. The expected arrival of SCTLD to Puerto Rico in Fall 2019, offers the team of researchers a unique window of opportunity to capture reef biological conditions before, during and after infection to complement other research efforts to better understand the ecological dynamics, prevalence and consequences of this new deadly coral disease.&lt;br/&gt;&lt;br/&gt;This award reflects NSF's statutory mission and has been deemed worthy of support through evaluation using the Foundation's intellectual merit and broader impacts review criteria.</AbstractNarration>
<MinAmdLetterDate>11/07/2019</MinAmdLetterDate>
<MaxAmdLetterDate>07/24/2023</MaxAmdLetterDate>
<ARRAAmount/>
<TRAN_TYPE>Grant</TRAN_TYPE>
<CFDA_NUM>47.050</CFDA_NUM>
<NSF_PAR_USE_FLAG>1</NSF_PAR_USE_FLAG>
<FUND_AGCY_CODE>4900</FUND_AGCY_CODE>
<AWDG_AGCY_CODE>4900</AWDG_AGCY_CODE>
<AwardID>2000863</AwardID>
<Investigator>
<FirstName>Juan</FirstName>
<LastName>Cruz-Motta</LastName>
<PI_MID_INIT/>
<PI_SUFX_NAME/>
<PI_FULL_NAME>Juan Cruz-Motta</PI_FULL_NAME>
<EmailAddress><![CDATA[juan.cruz13@upr.edu]]></EmailAddress>
<NSF_ID>000717590</NSF_ID>
<StartDate>11/07/2019</StartDate>
<EndDate/>
<RoleCode>Co-Principal Investigator</RoleCode>
</Investigator>
<Investigator>
<FirstName>Ernesto</FirstName>
<LastName>Weil</LastName>
<PI_MID_INIT>F</PI_MID_INIT>
<PI_SUFX_NAME/>
<PI_FULL_NAME>Ernesto F Weil</PI_FULL_NAME>
<EmailAddress><![CDATA[ernesto.weil@upr.edu]]></EmailAddress>
<NSF_ID>000379304</NSF_ID>
<StartDate>11/07/2019</StartDate>
<EndDate/>
<RoleCode>Principal Investigator</RoleCode>
</Investigator>
<Investigator>
<FirstName>Nikolaos</FirstName>
<LastName>Schizas</LastName>
<PI_MID_INIT>V</PI_MID_INIT>
<PI_SUFX_NAME/>
<PI_FULL_NAME>Nikolaos V Schizas</PI_FULL_NAME>
<EmailAddress><![CDATA[nschizas@gmail.com]]></EmailAddress>
<NSF_ID>000311069</NSF_ID>
<StartDate>11/07/2019</StartDate>
<EndDate/>
<RoleCode>Co-Principal Investigator</RoleCode>
</Investigator>
<Institution>
<Name><![CDATA[University of Puerto Rico Mayaguez]]></Name>
<CityName>MAYAGUEZ</CityName>
<ZipCode>006806475</ZipCode>
<PhoneNumber>7878312065</PhoneNumber>
<StreetAddress><![CDATA[259 BLVD ALFONSO VALDES]]></StreetAddress>
<StreetAddress2/>
<CountryName>United States</CountryName>
<StateName>Puerto Rico</StateName>
<StateCode>PR</StateCode>
<CONGRESSDISTRICT>00</CONGRESSDISTRICT>
<CONGRESS_DISTRICT_ORG>PR00</CONGRESS_DISTRICT_ORG>
<ORG_UEI_NUM>GZRNJ1GZDBM1</ORG_UEI_NUM>
<ORG_LGL_BUS_NAME>UNIVERSITY OF PUERTO RICO</ORG_LGL_BUS_NAME>
<ORG_PRNT_UEI_NUM>RD8QJEHNYLJ7</ORG_PRNT_UEI_NUM>
</Institution>
<Performance_Institution>
<Name><![CDATA[University of Puerto Rico Mayaguez]]></Name>
<CityName>Mayaguez</CityName>
<StateCode>PR</StateCode>
<ZipCode>006819000</ZipCode>
<StreetAddress><![CDATA[Call Box 9000]]></StreetAddress>
<CountryCode>US</CountryCode>
<CountryName>United States</CountryName>
<StateName>Puerto Rico</StateName>
<CountryFlag>1</CountryFlag>
<CONGRESSDISTRICT>00</CONGRESSDISTRICT>
<CONGRESS_DISTRICT_PERF>PR00</CONGRESS_DISTRICT_PERF>
</Performance_Institution>
<ProgramElement>
<Code>164200</Code>
<Text>Special Initiatives</Text>
</ProgramElement>
<ProgramElement>
<Code>165000</Code>
<Text>BIOLOGICAL OCEANOGRAPHY</Text>
</ProgramElement>
<ProgramReference>
<Code>097Z</Code>
<Text>COVID-19 Impacts on Existing Activities</Text>
</ProgramReference>
<ProgramReference>
<Code>102Z</Code>
<Text>COVID-Disproportionate Impcts Inst-Indiv</Text>
</ProgramReference>
<ProgramReference>
<Code>7242</Code>
<Text>ECOLOGY OF INFECTIOUS DISEASES</Text>
</ProgramReference>
<ProgramReference>
<Code>7914</Code>
<Text>RAPID</Text>
</ProgramReference>
<ProgramReference>
<Code>8556</Code>
<Text>Coral Reefs</Text>
</ProgramReference>
<Appropriation>
<Code>0120</Code>
<Name>NSF RESEARCH &amp; RELATED ACTIVIT</Name>
<APP_SYMB_ID>040100</APP_SYMB_ID>
</Appropriation>
<Appropriation>
<Code>0121</Code>
<Name>NSF RESEARCH &amp; RELATED ACTIVIT</Name>
<APP_SYMB_ID>040100</APP_SYMB_ID>
</Appropriation>
<Fund>
<Code>01002021DB</Code>
<Name><![CDATA[NSF RESEARCH & RELATED ACTIVIT]]></Name>
<FUND_SYMB_ID>040100</FUND_SYMB_ID>
</Fund>
<Fund>
<Code>01002122DB</Code>
<Name><![CDATA[NSF RESEARCH & RELATED ACTIVIT]]></Name>
<FUND_SYMB_ID>040100</FUND_SYMB_ID>
</Fund>
<FUND_OBLG>2020~152834</FUND_OBLG>
<FUND_OBLG>2021~44996</FUND_OBLG>
</Award>
</rootTag>
