<?xml version="1.0" encoding="UTF-8"?>
<rootTag>
<Award>
<AwardTitle><![CDATA[Expanding Technical Career Pathways in Manufacturing for High School Students]]></AwardTitle>
<AGENCY>NSF</AGENCY>
<AwardEffectiveDate>07/01/2020</AwardEffectiveDate>
<AwardExpirationDate>06/30/2024</AwardExpirationDate>
<AwardTotalIntnAmount>584943.00</AwardTotalIntnAmount>
<AwardAmount>584943</AwardAmount>
<AwardInstrument>
<Value>Standard Grant</Value>
</AwardInstrument>
<Organization>
<Code>11040100</Code>
<Directorate>
<Abbreviation>EDU</Abbreviation>
<LongName>Directorate for STEM Education</LongName>
</Directorate>
<Division>
<Abbreviation>DUE</Abbreviation>
<LongName>Division Of Undergraduate Education</LongName>
</Division>
</Organization>
<ProgramOfficer>
<SignBlockName>Christine Delahanty</SignBlockName>
<PO_EMAI>cdelahan@nsf.gov</PO_EMAI>
<PO_PHON>7032928492</PO_PHON>
</ProgramOfficer>
<AbstractNarration><![CDATA[Engineering technology programs create pathways for students to pursue technical careers in manufacturing companies. Industry demand for skilled manufacturing technicians continues to grow nationally and even more so in the Salt Lake City, Utah region. The number of students enrolled in the Salt Lake Community College (SLCC) engineering technology program has not kept pace with the increased demand for technicians in the region. Given regional demographics, there is also an opportunity to broaden participation of women and minorities in the manufacturing workforce. Regional middle and high schools that serve a diverse population have tried several approaches to increase the awareness of students about and better prepare them for the technical trades. SLCC will collaborate in this effort with the local school district to increase the number of skilled technicians in the region.  The project will do so by building upon a existing, successful model and by offering an engineering technology certificate program for high school students. Upon graduation from high school, students will be prepared to enter the workforce directly or to earn an Associate of Applied Science in Engineering Technology from SLCC after one additional year of study. Given the diverse student population participating in the certificate program, this project will help broaden participation of underrepresented students in the technical workforce.&lt;br/&gt;&lt;br/&gt;The Jordan School District, within the Salt Lake City, Utah metropolitan area, has demonstrated success with the nationally available Prefreshman Engineering Program (PREP).  PREP includes three years of voluntary, yet extensive, summer programming designed to improve middle school students’ understanding of STEM content and make them aware of locally available technical careers.  The Jordan School District PREP program draws from a diverse population of students and has had high retention rates across multiple years of cohorts. The goal of this project is to increase the number and diversity of students in the engineering technology program at SLCC, and to support their success and entry into workforce, thus addressing regional industry needs.  This project will:  (1) add an additional year of PREP at Jordan School District to extend the program into high school; (2) provide early connections between PREP students with SLCC engineering resources; and (3) provide high school students with on-site education at SLCC leading to a certificate in engineering technology, as a one-year waypoint toward a full two-year degree by the time they graduate from high school.  The certificate program and the two-year degree program will be based on a competency-based learning strategy, which will free students from traditional scheduling constraints and lead to greater engagement with faculty. Using institutional data and student surveys, the project will assess the effects of the extended PREP program components on student persistence and program completion. This project is funded by the Advanced Technological Education program that focuses on the education of technicians for the advanced-technology fields that drive the nation's economy.&lt;br/&gt;&lt;br/&gt;This award reflects NSF's statutory mission and has been deemed worthy of support through evaluation using the Foundation's intellectual merit and broader impacts review criteria.]]></AbstractNarration>
<MinAmdLetterDate>06/22/2020</MinAmdLetterDate>
<MaxAmdLetterDate>06/10/2022</MaxAmdLetterDate>
<ARRAAmount/>
<TRAN_TYPE>Grant</TRAN_TYPE>
<CFDA_NUM>47.076</CFDA_NUM>
<NSF_PAR_USE_FLAG>1</NSF_PAR_USE_FLAG>
<FUND_AGCY_CODE>4900</FUND_AGCY_CODE>
<AWDG_AGCY_CODE>4900</AWDG_AGCY_CODE>
<AwardID>2000862</AwardID>
<Investigator>
<FirstName>Craig</FirstName>
<LastName>Caldwell</LastName>
<PI_MID_INIT/>
<PI_SUFX_NAME/>
<PI_FULL_NAME>Craig Caldwell</PI_FULL_NAME>
<EmailAddress><![CDATA[craig.caldwell@slcc.edu]]></EmailAddress>
<NSF_ID>000357435</NSF_ID>
<StartDate>06/22/2020</StartDate>
<EndDate/>
<RoleCode>Co-Principal Investigator</RoleCode>
</Investigator>
<Investigator>
<FirstName>Jean</FirstName>
<LastName>Bower</LastName>
<PI_MID_INIT>M</PI_MID_INIT>
<PI_SUFX_NAME/>
<PI_FULL_NAME>Jean M Bower</PI_FULL_NAME>
<EmailAddress><![CDATA[jean.bower@slcc.edu]]></EmailAddress>
<NSF_ID>000577579</NSF_ID>
<StartDate>06/22/2020</StartDate>
<EndDate/>
<RoleCode>Co-Principal Investigator</RoleCode>
</Investigator>
<Investigator>
<FirstName>Jonathan</FirstName>
<LastName>Barnes</LastName>
<PI_MID_INIT/>
<PI_SUFX_NAME/>
<PI_FULL_NAME>Jonathan Barnes</PI_FULL_NAME>
<EmailAddress><![CDATA[jonathan.barnes@slcc.edu]]></EmailAddress>
<NSF_ID>000810732</NSF_ID>
<StartDate>06/22/2020</StartDate>
<EndDate/>
<RoleCode>Principal Investigator</RoleCode>
</Investigator>
<Investigator>
<FirstName>Joel</FirstName>
<LastName>Clarkson</LastName>
<PI_MID_INIT>D</PI_MID_INIT>
<PI_SUFX_NAME/>
<PI_FULL_NAME>Joel D Clarkson</PI_FULL_NAME>
<EmailAddress><![CDATA[Joel.clarkson@slcc.edu]]></EmailAddress>
<NSF_ID>000826688</NSF_ID>
<StartDate>06/22/2020</StartDate>
<EndDate>06/10/2022</EndDate>
<RoleCode>Former Co-Principal Investigator</RoleCode>
</Investigator>
<Investigator>
<FirstName>Korin</FirstName>
<LastName>Holden</LastName>
<PI_MID_INIT/>
<PI_SUFX_NAME/>
<PI_FULL_NAME>Korin Holden</PI_FULL_NAME>
<EmailAddress><![CDATA[korin.holden@slcc.edu]]></EmailAddress>
<NSF_ID>000880467</NSF_ID>
<StartDate>06/10/2022</StartDate>
<EndDate/>
<RoleCode>Co-Principal Investigator</RoleCode>
</Investigator>
<Institution>
<Name>Salt Lake Community College</Name>
<CityName>SALT LAKE CITY</CityName>
<ZipCode>841233145</ZipCode>
<PhoneNumber>8019574209</PhoneNumber>
<StreetAddress>4600 S REDWOOD RD</StreetAddress>
<StreetAddress2/>
<CountryName>United States</CountryName>
<StateName>Utah</StateName>
<StateCode>UT</StateCode>
<CONGRESSDISTRICT>02</CONGRESSDISTRICT>
<CONGRESS_DISTRICT_ORG>UT02</CONGRESS_DISTRICT_ORG>
<ORG_UEI_NUM>PHNPLNMV37K8</ORG_UEI_NUM>
<ORG_LGL_BUS_NAME>SALT LAKE COMMUNITY COLLEGE</ORG_LGL_BUS_NAME>
<ORG_PRNT_UEI_NUM/>
</Institution>
<Performance_Institution>
<Name><![CDATA[Salt Lake Community College]]></Name>
<CityName>SALT LAKE CITY</CityName>
<StateCode>UT</StateCode>
<ZipCode>841300808</ZipCode>
<StreetAddress><![CDATA[4600 S Redwood Road]]></StreetAddress>
<CountryCode>US</CountryCode>
<CountryName>United States</CountryName>
<StateName>Utah</StateName>
<CountryFlag>1</CountryFlag>
<CONGRESSDISTRICT>02</CONGRESSDISTRICT>
<CONGRESS_DISTRICT_PERF>UT02</CONGRESS_DISTRICT_PERF>
</Performance_Institution>
<ProgramElement>
<Code>7412</Code>
<Text>Advanced Tech Education Prog</Text>
</ProgramElement>
<ProgramReference>
<Code>1032</Code>
<Text>ADVANCED TECHNOLOGY EDUCATION</Text>
</ProgramReference>
<ProgramReference>
<Code>9178</Code>
<Text>UNDERGRADUATE EDUCATION</Text>
</ProgramReference>
<ProgramReference>
<Code>SMET</Code>
<Text>SCIENCE, MATH, ENG &amp; TECH EDUCATION</Text>
</ProgramReference>
<Appropriation>
<Code>0420</Code>
<Name>NSF Education &amp; Human Resource</Name>
<APP_SYMB_ID>040106</APP_SYMB_ID>
</Appropriation>
<Fund>
<Code>04002021DB</Code>
<Name><![CDATA[NSF Education & Human Resource]]></Name>
<FUND_SYMB_ID>040106</FUND_SYMB_ID>
</Fund>
<FUND_OBLG>2020~584943</FUND_OBLG>
</Award>
</rootTag>
