<?xml version="1.0" encoding="UTF-8"?>
<rootTag>
<Award>
<AwardTitle><![CDATA[Excellence in Research: Parallel Linear Feedback Shift Register Based Encryption on Commodity Systems]]></AwardTitle>
<AGENCY>NSF</AGENCY>
<AwardEffectiveDate>06/15/2020</AwardEffectiveDate>
<AwardExpirationDate>05/31/2025</AwardExpirationDate>
<AwardTotalIntnAmount>499172.00</AwardTotalIntnAmount>
<AwardAmount>499172</AwardAmount>
<AwardInstrument>
<Value>Standard Grant</Value>
</AwardInstrument>
<Organization>
<Code>05050000</Code>
<Directorate>
<Abbreviation>CSE</Abbreviation>
<LongName>Direct For Computer &amp; Info Scie &amp; Enginr</LongName>
</Directorate>
<Division>
<Abbreviation>CNS</Abbreviation>
<LongName>Division Of Computer and Network Systems</LongName>
</Division>
</Organization>
<ProgramOfficer>
<SignBlockName>Subrata Acharya</SignBlockName>
<PO_EMAI>acharyas@nsf.gov</PO_EMAI>
<PO_PHON>7032922451</PO_PHON>
</ProgramOfficer>
<AbstractNarration>This research is an effort to advance knowledge in computer security as it relates to cellular telecommunications and image encryption. The present digital revolution with the ubiquitous mobile technologies and the surge in social media usage raise serious security challenges. This project is designed to address such challenges. The research will strengthen  mobile device communication channels in order to secure conversations, ensure that data is protected from interception, and prevent cellular fraud from occurring. There are two prominent standards for mobile networks in the country, and they are the Global System for Mobile Communications and the Code Division Multiple Access. While the latter is widely used in the United States,  the former has become the de-facto standard for global networks with its subscribers surpassing five billion in 2017. It is estimated that this number will increase to 5.7 billion subscribers within the next decade. This rapid growth brings with it security concerns that are addressed in this project through the development and analyses of cost effective and efficient encryption algorithms. The results and findings of the research will be widely disseminated through print media, professional conferences, seminars, and workshops. The software that will be developed from this research project will be made publicly available. Undergraduate students from under-represented minority groups in Science, Technology, Engineering and Mathematics will be exposed to research in information security.  Overall, the products from this research will have far reaching benefits to the society in areas of secure mobile communications, image encryption and the development of information security research at Fayetteville State University (a historically black college and one of the seventeen constituent institutions in the University of North Carolina System).&lt;br/&gt;&lt;br/&gt;Encrypted data transmissions through mobile communication channels are potentially vulnerable to cryptographic attacks since malicious agents may steal confidential information by running algorithms that can break the security of the encrypted data. Secure transfer of data through the combination of encryption and decryption, known as cipher, is the general approach to solving this problem in mobile communications. Specifically, stream ciphers do not suffer from propagation errors compared to other ciphers, and they tend to have better software efficiency. This research is focused on the applications of mobile communications and image encryption for which stream ciphers are often the typical choice. The research will span many aspects of stream ciphers, particularly Linear Feedback Shift Registers-based stream ciphers and their relationships to binary primitive polynomials and matrix operations. The project will include development of comprehensive software libraries written in two prominent computer-programming languages; comparative complexity and security analysis of algorithms that are stream-based; application of Graphics Processing Unit clusters for cryptanalysis of algorithms based on Compute Unified Device Architecture programming; engagement of undergraduate students in authentic research; and building research capacity in information security at Fayetteville State University.&lt;br/&gt;&lt;br/&gt;This award reflects NSF's statutory mission and has been deemed worthy of support through evaluation using the Foundation's intellectual merit and broader impacts review criteria.</AbstractNarration>
<MinAmdLetterDate>06/08/2020</MinAmdLetterDate>
<MaxAmdLetterDate>06/08/2020</MaxAmdLetterDate>
<ARRAAmount/>
<TRAN_TYPE>Grant</TRAN_TYPE>
<CFDA_NUM>47.070</CFDA_NUM>
<NSF_PAR_USE_FLAG>1</NSF_PAR_USE_FLAG>
<FUND_AGCY_CODE>4900</FUND_AGCY_CODE>
<AWDG_AGCY_CODE>4900</AWDG_AGCY_CODE>
<AwardID>2000239</AwardID>
<Investigator>
<FirstName>Daniel</FirstName>
<LastName>Okunbor</LastName>
<PI_MID_INIT>I</PI_MID_INIT>
<PI_SUFX_NAME/>
<PI_FULL_NAME>Daniel I Okunbor</PI_FULL_NAME>
<EmailAddress><![CDATA[diokunbor@uncfsu.edu]]></EmailAddress>
<NSF_ID>000279619</NSF_ID>
<StartDate>06/08/2020</StartDate>
<EndDate/>
<RoleCode>Principal Investigator</RoleCode>
</Investigator>
<Institution>
<Name><![CDATA[Fayetteville State University]]></Name>
<CityName>FAYETTEVILLE</CityName>
<ZipCode>283014298</ZipCode>
<PhoneNumber>9106721141</PhoneNumber>
<StreetAddress><![CDATA[1200 MURCHISON RD]]></StreetAddress>
<StreetAddress2/>
<CountryName>United States</CountryName>
<StateName>North Carolina</StateName>
<StateCode>NC</StateCode>
<CONGRESSDISTRICT>09</CONGRESSDISTRICT>
<CONGRESS_DISTRICT_ORG>NC09</CONGRESS_DISTRICT_ORG>
<ORG_UEI_NUM>XTD7KKHEJFL1</ORG_UEI_NUM>
<ORG_LGL_BUS_NAME>FAYETTEVILLE STATE UNIVERSITY</ORG_LGL_BUS_NAME>
<ORG_PRNT_UEI_NUM/>
</Institution>
<Performance_Institution>
<Name><![CDATA[Fayetteville State University]]></Name>
<CityName>Fayetteville</CityName>
<StateCode>NC</StateCode>
<ZipCode>283014298</ZipCode>
<StreetAddress><![CDATA[1200 Murchison Road]]></StreetAddress>
<CountryCode>US</CountryCode>
<CountryName>United States</CountryName>
<StateName>North Carolina</StateName>
<CountryFlag>1</CountryFlag>
<CONGRESSDISTRICT>09</CONGRESSDISTRICT>
<CONGRESS_DISTRICT_PERF>NC09</CONGRESS_DISTRICT_PERF>
</Performance_Institution>
<ProgramElement>
<Code>070Y00</Code>
<Text>HBCU-EiR - HBCU-Excellence in</Text>
</ProgramElement>
<ProgramReference>
<Code>041Z</Code>
<Text>HBCU-Strengthening Research Capacities</Text>
</ProgramReference>
<Appropriation>
<Code>0120</Code>
<Name>NSF RESEARCH &amp; RELATED ACTIVIT</Name>
<APP_SYMB_ID>040100</APP_SYMB_ID>
</Appropriation>
<Fund>
<Code>01002021DB</Code>
<Name><![CDATA[NSF RESEARCH & RELATED ACTIVIT]]></Name>
<FUND_SYMB_ID>040100</FUND_SYMB_ID>
</Fund>
<FUND_OBLG>2020~499172</FUND_OBLG>
</Award>
</rootTag>
