<?xml version="1.0" encoding="UTF-8"?>
<rootTag>
<Award>
<AwardTitle><![CDATA[Resource Center for Laser, Photonics, and Fiber Optics Education, LASER-TEC]]></AwardTitle>
<AGENCY>NSF</AGENCY>
<AwardEffectiveDate>09/01/2020</AwardEffectiveDate>
<AwardExpirationDate>08/31/2025</AwardExpirationDate>
<AwardTotalIntnAmount>1649997.00</AwardTotalIntnAmount>
<AwardAmount>1649997</AwardAmount>
<AwardInstrument>
<Value>Standard Grant</Value>
</AwardInstrument>
<Organization>
<Code>11040100</Code>
<Directorate>
<Abbreviation>EDU</Abbreviation>
<LongName>Directorate for STEM Education</LongName>
</Directorate>
<Division>
<Abbreviation>DUE</Abbreviation>
<LongName>Division Of Undergraduate Education</LongName>
</Division>
</Organization>
<ProgramOfficer>
<SignBlockName>Virginia Carter</SignBlockName>
<PO_EMAI>vccarter@nsf.gov</PO_EMAI>
<PO_PHON>7032924651</PO_PHON>
</ProgramOfficer>
<AbstractNarration>Lasers, optics, photonics, and fiber optics (LOPFO) are used in many advanced technologies including medical instrumentation, photonics-integrated circuits, telecommunications, advanced manufacturing, and biotechnology. The US Department of Labor projects that, between 2016 and 2026, at least 1,700 LOPFO technicians will be needed to fill open positions.  These jobs have a median annual salary of more than $63,000. However, the annual output of LOPFO technicians from all US colleges is not enough to meet the growing need. This project intends to sustain and expand efforts to meet the national shortage of qualified LOPFO technicians.  It will do so by updating, developing, and distributing LOPFA educational resources to technical college instructors and K-12 teachers, as well as to industry for use in training incumbent workers. &lt;br/&gt;&lt;br/&gt;The major goal of the project is to develop the LASER-TEC Resource Center, which will continue to support efforts to increase the LOPFO technical workforce.  The Resource Center will update and maintain educational services and materials and provide open access these resources to secondary, post-secondary, and industry educational and training programs. Project aims include: 1) developing a comprehensive, high-performing, and responsive website that will house and distribute all LOPFO educational products funded by the National Science Foundation and other US government agencies; 2) updating technical content and high-impact pedagogical strategies to improve all curricular materials; 3) creating tailored content and conducting professional development events for teachers, college instructors, counselors, advisors, administrators, incumbent industry members, and other communities to discuss best practices and increase their technical knowledge; 4) conducting outreach to inform K-12 and college educators about the availability of LOPFO resources; and 5) supporting efforts to build or enhance bridges between industries that need LOPFO technicians and colleges that offer LOPFO programs. All resources will be structured, systemized, and available as Open Education Resources under the Creative Commons ShareAlike license. In collaboration with industry, LASER-TEC will develop new modules in the areas of Raman Spectroscopy, LiDAR, High Power Diode Lasers, Femto Second Lasers, Disk Lasers, and other LOPFO technologies.  LASER-TEC will also continue its efforts in supporting historically underserved and underrepresented groups to increase diversity in this technological field. This project is funded by the Advanced Technological Education program that focuses on the education of technicians for the advanced-technology fields that drive the nation's economy.&lt;br/&gt;&lt;br/&gt;This award reflects NSF's statutory mission and has been deemed worthy of support through evaluation using the Foundation's intellectual merit and broader impacts review criteria.</AbstractNarration>
<MinAmdLetterDate>03/23/2020</MinAmdLetterDate>
<MaxAmdLetterDate>12/16/2022</MaxAmdLetterDate>
<ARRAAmount/>
<TRAN_TYPE>Grant</TRAN_TYPE>
<CFDA_NUM>47.076</CFDA_NUM>
<NSF_PAR_USE_FLAG>1</NSF_PAR_USE_FLAG>
<FUND_AGCY_CODE>4900</FUND_AGCY_CODE>
<AWDG_AGCY_CODE>4900</AWDG_AGCY_CODE>
<AwardID>2000166</AwardID>
<Investigator>
<FirstName>Alexei</FirstName>
<LastName>Glebov</LastName>
<PI_MID_INIT/>
<PI_SUFX_NAME/>
<PI_FULL_NAME>Alexei Glebov</PI_FULL_NAME>
<EmailAddress><![CDATA[aglebov@optigrate.com]]></EmailAddress>
<NSF_ID>000874128</NSF_ID>
<StartDate>12/16/2022</StartDate>
<EndDate/>
<RoleCode>Co-Principal Investigator</RoleCode>
</Investigator>
<Investigator>
<FirstName>James</FirstName>
<LastName>Pearson</LastName>
<PI_MID_INIT>E</PI_MID_INIT>
<PI_SUFX_NAME/>
<PI_FULL_NAME>James E Pearson</PI_FULL_NAME>
<EmailAddress><![CDATA[jpearson@creol.ucf.edu]]></EmailAddress>
<NSF_ID>000421554</NSF_ID>
<StartDate>03/23/2020</StartDate>
<EndDate>12/16/2022</EndDate>
<RoleCode>Former Co-Principal Investigator</RoleCode>
</Investigator>
<Investigator>
<FirstName>Natalia</FirstName>
<LastName>Chekhovskaya</LastName>
<PI_MID_INIT/>
<PI_SUFX_NAME/>
<PI_FULL_NAME>Natalia Chekhovskaya</PI_FULL_NAME>
<EmailAddress><![CDATA[nchekhov@irsc.edu]]></EmailAddress>
<NSF_ID>000812149</NSF_ID>
<StartDate>12/12/2022</StartDate>
<EndDate/>
<RoleCode>Principal Investigator</RoleCode>
</Investigator>
<Investigator>
<FirstName>Chrys</FirstName>
<LastName>Panayiotou</LastName>
<PI_MID_INIT/>
<PI_SUFX_NAME/>
<PI_FULL_NAME>Chrys Panayiotou</PI_FULL_NAME>
<EmailAddress><![CDATA[cpanayio@irsc.edu]]></EmailAddress>
<NSF_ID>000483791</NSF_ID>
<StartDate>03/23/2020</StartDate>
<EndDate>12/12/2022</EndDate>
<RoleCode>Former Principal Investigator</RoleCode>
</Investigator>
<Investigator>
<FirstName>Natalia</FirstName>
<LastName>Chekhovskaya</LastName>
<PI_MID_INIT/>
<PI_SUFX_NAME/>
<PI_FULL_NAME>Natalia Chekhovskaya</PI_FULL_NAME>
<EmailAddress><![CDATA[nchekhov@irsc.edu]]></EmailAddress>
<NSF_ID>000812149</NSF_ID>
<StartDate>03/23/2020</StartDate>
<EndDate>12/12/2022</EndDate>
<RoleCode>Former Co-Principal Investigator</RoleCode>
</Investigator>
<Investigator>
<FirstName>Gary</FirstName>
<LastName>Beasley</LastName>
<PI_MID_INIT/>
<PI_SUFX_NAME/>
<PI_FULL_NAME>Gary Beasley</PI_FULL_NAME>
<EmailAddress><![CDATA[gbeasley@cccc.edu]]></EmailAddress>
<NSF_ID>000578085</NSF_ID>
<StartDate>03/23/2020</StartDate>
<EndDate/>
<RoleCode>Co-Principal Investigator</RoleCode>
</Investigator>
<Institution>
<Name><![CDATA[Indian River State College]]></Name>
<CityName>FORT PIERCE</CityName>
<ZipCode>349815541</ZipCode>
<PhoneNumber>7724624703</PhoneNumber>
<StreetAddress><![CDATA[3209 VIRGINIA AVE]]></StreetAddress>
<StreetAddress2/>
<CountryName>United States</CountryName>
<StateName>Florida</StateName>
<StateCode>FL</StateCode>
<CONGRESSDISTRICT>21</CONGRESSDISTRICT>
<CONGRESS_DISTRICT_ORG>FL21</CONGRESS_DISTRICT_ORG>
<ORG_UEI_NUM>SLC8K4SACKJ2</ORG_UEI_NUM>
<ORG_LGL_BUS_NAME>INDIAN RIVER STATE COLLEGE</ORG_LGL_BUS_NAME>
<ORG_PRNT_UEI_NUM/>
</Institution>
<Performance_Institution>
<Name><![CDATA[Indian River State College]]></Name>
<CityName>FORT PIERCE</CityName>
<StateCode>FL</StateCode>
<ZipCode>349815596</ZipCode>
<StreetAddress><![CDATA[3209 VIRGINIA AVE]]></StreetAddress>
<CountryCode>US</CountryCode>
<CountryName>United States</CountryName>
<StateName>Florida</StateName>
<CountryFlag>1</CountryFlag>
<CONGRESSDISTRICT>21</CONGRESSDISTRICT>
<CONGRESS_DISTRICT_PERF>FL21</CONGRESS_DISTRICT_PERF>
</Performance_Institution>
<ProgramElement>
<Code>741200</Code>
<Text>Advanced Tech Education Prog</Text>
</ProgramElement>
<ProgramReference>
<Code>1032</Code>
<Text>ADVANCED TECHNOLOGY EDUCATION</Text>
</ProgramReference>
<ProgramReference>
<Code>9178</Code>
<Text>UNDERGRADUATE EDUCATION</Text>
</ProgramReference>
<ProgramReference>
<Code>SMET</Code>
<Text>SCIENCE, MATH, ENG &amp; TECH EDUCATION</Text>
</ProgramReference>
<Appropriation>
<Code>0420</Code>
<Name>NSF Education &amp; Human Resource</Name>
<APP_SYMB_ID>040106</APP_SYMB_ID>
</Appropriation>
<Fund>
<Code>04002021DB</Code>
<Name><![CDATA[NSF Education & Human Resource]]></Name>
<FUND_SYMB_ID>040106</FUND_SYMB_ID>
</Fund>
<FUND_OBLG>2020~1649997</FUND_OBLG>
</Award>
</rootTag>
