<?xml version="1.0" encoding="UTF-8"?>
<rootTag>
<Award>
<AwardTitle><![CDATA[NSF/DMR-BSF: Theory of Quantum Materials]]></AwardTitle>
<AGENCY>NSF</AGENCY>
<AwardEffectiveDate>05/15/2020</AwardEffectiveDate>
<AwardExpirationDate>04/30/2023</AwardExpirationDate>
<AwardTotalIntnAmount>420000.00</AwardTotalIntnAmount>
<AwardAmount>420000</AwardAmount>
<AwardInstrument>
<Value>Standard Grant</Value>
</AwardInstrument>
<Organization>
<Code>03070000</Code>
<Directorate>
<Abbreviation>MPS</Abbreviation>
<LongName>Direct For Mathematical &amp; Physical Scien</LongName>
</Directorate>
<Division>
<Abbreviation>DMR</Abbreviation>
<LongName>Division Of Materials Research</LongName>
</Division>
</Organization>
<ProgramOfficer>
<SignBlockName>Serdar Ogut</SignBlockName>
<PO_EMAI>sogut@nsf.gov</PO_EMAI>
<PO_PHON>7032924429</PO_PHON>
</ProgramOfficer>
<AbstractNarration>NONTECHNICAL SUMMARY&lt;br/&gt;&lt;br/&gt;This award supports theoretical research on atomic scale models of interacting electrons and ions in so-called "quantum materials". Some examples of quantum materials include high-temperature superconductors, two layers of carbon atom sheets on top of each other with a relative twist angle, and materials in which the electron-electron interaction energies are much larger compared to their kinetic energies. These systems typically have many scientifically interesting and technologically important properties that emerge collectively from the complex interactions of their constituent entities as a whole. While the specific properties of quantum materials depend sensitively on their structure and quantum chemistry, certain emergent properties, such as high-temperature superconductivity, can be understood from a more general quantum statistical mechanical perspective. The advantage of such a perspective is its generality, and ideally the promise that it could lead to mathematically well-controlled solutions to paradigmatic models that can serve as the framework for a qualitative understanding of the properties of interesting materials. In this project, the principle investigator will study an array of such atomic scale models on material systems and topics that are at the heart of contemporary condensed matter physics.&lt;br/&gt;&lt;br/&gt;Recent advances in the theory of quantum materials have had, and will continue to have, both practical and conceptual implications beyond physics. The issues involved in this project are central across a broad range of subfields of physics including the traditional study of quantum materials in a condensed matter context, studies of strongly interacting matter in a string theory and quantum gravity context, studies of cold atom condensates in atomic-molecular-and-optical physics context, and as a venue for exploring and exploiting new ideas in quantum information theory. More generally, quantum materials play an important role in a range of more applied sciences, and hence, increased understanding of the problems to be investigated in this project has the potential to influence broader developments in science and technology as well. Students and postdocs, who will be involved in this research, are likely to develop into future leaders of the field, while those who do not continue in physics will nonetheless develop skills which will allow them to make contributions to society in a broader context.&lt;br/&gt;&lt;br/&gt;TECHNICAL SUMMARY&lt;br/&gt;&lt;br/&gt;This award supports theoretical research on atomic scale models of interacting electrons and ions in quantum materials on several fronts. One focus is on the microscopic mechanisms that give rise to the various broken symmetry phases that populate the low temperature reaches of the phase diagrams of such materials, especially superconductivity and charge density waves. The research will focus on the significant non-universal, but robust, properties that determine the basic energy and temperature scales which characterize these phases, including transition temperatures. Another focus of interest are transport properties of strongly interacting systems in regimes of temperature and interaction strengths in which the quasiparticle paradigm breaks down. While the breakdown of the Fermi liquid paradigm is apparent in a variety of experimentally interesting material systems, it is likely that not all non-Fermi-liquid metals are the same. An important goal is to identify basic features that allow such states to be identified more by what they are than by what they are not, and to make progress on understanding these behaviors by identifying solvable model problems that exhibit similar properties. Finally, an important component of the research will be a continuation and extension of earlier studies of the universal properties of systems near a quantum critical point at which the nature of the ground-state order changes qualitatively, such as in quantum critical phenomena in metallic systems. &lt;br/&gt;&lt;br/&gt;Recent advances in the theory of quantum materials have had, and will continue to have, both practical and conceptual implications beyond physics. The issues involved in this project are central across a broad range of subfields of physics including the traditional study of quantum materials in a condensed matter context, studies of strongly interacting matter in a string theory and quantum gravity context, studies of cold atom condensates in atomic-molecular-and-optical physics context, and as a venue for exploring and exploiting new ideas in quantum information theory. More generally, quantum materials play an important role in a range of more applied sciences, and hence, increased understanding of the problems to be investigated in this project has the potential to influence broader developments in science and technology as well. Students and postdocs, who will be involved in this research, are likely to develop into future leaders of the field, while those who do not continue in physics will nonetheless develop skills which will allow them to make contributions to society in a broader context.&lt;br/&gt;&lt;br/&gt;This award reflects NSF's statutory mission and has been deemed worthy of support through evaluation using the Foundation's intellectual merit and broader impacts review criteria.</AbstractNarration>
<MinAmdLetterDate>03/30/2020</MinAmdLetterDate>
<MaxAmdLetterDate>03/30/2020</MaxAmdLetterDate>
<ARRAAmount/>
<TRAN_TYPE>Grant</TRAN_TYPE>
<CFDA_NUM>47.049</CFDA_NUM>
<NSF_PAR_USE_FLAG>1</NSF_PAR_USE_FLAG>
<FUND_AGCY_CODE>4900</FUND_AGCY_CODE>
<AWDG_AGCY_CODE>4900</AWDG_AGCY_CODE>
<AwardID>2000987</AwardID>
<Investigator>
<FirstName>Steven</FirstName>
<LastName>Kivelson</LastName>
<PI_MID_INIT>A</PI_MID_INIT>
<PI_SUFX_NAME/>
<PI_FULL_NAME>Steven A Kivelson</PI_FULL_NAME>
<EmailAddress><![CDATA[kivelson@stanford.edu]]></EmailAddress>
<NSF_ID>000454979</NSF_ID>
<StartDate>03/30/2020</StartDate>
<EndDate/>
<RoleCode>Principal Investigator</RoleCode>
</Investigator>
<Institution>
<Name><![CDATA[Stanford University]]></Name>
<CityName>STANFORD</CityName>
<ZipCode>943052004</ZipCode>
<PhoneNumber>6507232300</PhoneNumber>
<StreetAddress><![CDATA[450 JANE STANFORD WAY]]></StreetAddress>
<StreetAddress2/>
<CountryName>United States</CountryName>
<StateName>California</StateName>
<StateCode>CA</StateCode>
<CONGRESSDISTRICT>16</CONGRESSDISTRICT>
<CONGRESS_DISTRICT_ORG>CA16</CONGRESS_DISTRICT_ORG>
<ORG_UEI_NUM>HJD6G4D6TJY5</ORG_UEI_NUM>
<ORG_LGL_BUS_NAME>THE LELAND STANFORD JUNIOR UNIVERSITY</ORG_LGL_BUS_NAME>
<ORG_PRNT_UEI_NUM/>
</Institution>
<Performance_Institution>
<Name><![CDATA[Stanford University]]></Name>
<CityName>Stanford</CityName>
<StateCode>CA</StateCode>
<ZipCode>943052004</ZipCode>
<StreetAddress><![CDATA[476 Lomita Mall]]></StreetAddress>
<CountryCode>US</CountryCode>
<CountryName>United States</CountryName>
<StateName>California</StateName>
<CountryFlag>1</CountryFlag>
<CONGRESSDISTRICT>16</CONGRESSDISTRICT>
<CONGRESS_DISTRICT_PERF>CA16</CONGRESS_DISTRICT_PERF>
</Performance_Institution>
<ProgramElement>
<Code>176500</Code>
<Text>CONDENSED MATTER &amp; MAT THEORY</Text>
</ProgramElement>
<ProgramReference>
<Code>7203</Code>
<Text>QUANTUM INFORMATION SCIENCE</Text>
</ProgramReference>
<Appropriation>
<Code>0120</Code>
<Name>NSF RESEARCH &amp; RELATED ACTIVIT</Name>
<APP_SYMB_ID>040100</APP_SYMB_ID>
</Appropriation>
<Fund>
<Code>01002021DB</Code>
<Name><![CDATA[NSF RESEARCH & RELATED ACTIVIT]]></Name>
<FUND_SYMB_ID>040100</FUND_SYMB_ID>
</Fund>
<FUND_OBLG>2020~420000</FUND_OBLG>
<POR>
<DRECONTENT><![CDATA[<div class="porColContainerWBG"> <div class="porContentCol"><p>The electronic properties of quantum materials are diverse and of interest both because they reflect the fundamental physics of emergence and for many present and future applications.&nbsp; Many properties of such materials are sensitive to microscopic details of the local solid-state chemistry.&nbsp; However, much about the qualitative physics, and even some quantitative trends of the behaviors of such materials, can be understood without reference to any material specifics on the basis of careful theoretical treatment of stripped-down model problems that properly incorporate the quantum character of the constituent electrons and ions, and the essential interactions between them.&nbsp; Indeed, this is already apparent from the fact that various classes of quantum materials exhibit qualitative similarities in their behaviors, despite the fact that they differ significantly at the microscopic level.</p> <p>&nbsp;</p> <p>However, even such simplified models are extremely challenging to solve with any degree of mathematical control.&nbsp; The principle focus of the research supported by the present grant has been in developing new analytic and numerical approaches to well known "paradigmatic" models of interacting electrons and ions, and deploying them to obtain new insights into the possible behaviors of such systems.&nbsp; In terms of implications for &nbsp;actual materials, there are a number of important results that have emerged.&nbsp;</p> <p>&nbsp;</p> <p>The most far reaching is the finding that there is a rough bound on the maximum strength of the coupling between the itinerant electrons and the vibrational quanta of the ionic lattice ("phonons") consistent with the existence of metallic behavior.&nbsp; Since this coupling typically determines the resistivity of metals at room temperature and above, this observations explains a previously mysterious observation that the resistivity of metals is always bounded above by a value corresponding to an apparently detail independent "Plankian" value of the scattering time determined only by the temperature and Plank's constant.</p> <p>The most primitive model in the field is the so-called "Hubbard model," in which electrons live on a lattice and interact with each other only when they occupy the same site.&nbsp; Despite this extreme simplicity, no fullly satisfactory theoretical treatment of this model has been achieved to date, despite many thousands of papers reporting various approaches.&nbsp; In addition to making significant incremental advances in the understanding of this key model, the PI and his collaborators wrote an already highly influential synthetic review of the state of understanding of this problem, including many significant new points of perspective and careful exploration of promising future lines of attack.&nbsp; The simple act of dispassionately assessing the various relevant results itslef led to a considerable advance in understanding key aspects of this problem.</p><br> <p>            Last Modified: 05/15/2023<br>      Modified by: Steven&nbsp;A&nbsp;Kivelson</p> </div> <div class="porSideCol"> <div class="each-gallery"> <div class="galContent" id="gallery0"> <div class="photoCount" id="photoCount0">          Images (<span id="selectedPhoto0">1</span> of <span class="totalNumber"></span>)           </div> <div class="galControls" id="controls0"></div> <div class="galSlideshow" id="slideshow0"></div> <div class="galEmbox" id="embox"> <div class="image-title"></div> </div> </div> <div class="galNavigation" id="navigation0"> <ul class="thumbs" id="thumbs0"> <li> <a href="/por/images/Reports/POR/2023/2000987/2000987_10661428_1684149662597_Screenshot2023-05-15at12.12.37PM--rgov-214x142.jpg" original="/por/images/Reports/POR/2023/2000987/2000987_10661428_1684149662597_Screenshot2023-05-15at12.12.37PM--rgov-800width.jpg" title="Phase diagram of an electron-phonon model"><img src="/por/images/Reports/POR/2023/2000987/2000987_10661428_1684149662597_Screenshot2023-05-15at12.12.37PM--rgov-66x44.jpg" alt="Phase diagram of an electron-phonon model"></a> <div class="imageCaptionContainer"> <div class="imageCaption">The temperature dependence of the resistivity (represented as an apparent exponent) of the 2 dimensional "Holstein model" of interacting electrons and phonons computed using determinental quantum Monte Carlo methods.</div> <div class="imageCredit">"A stability bound on the &#119827; -linear resistivity of conventional metals," Chaitanya Murthy, Akshat Pandey, Ilya Esterlis, and Steven A. Kivelson, PNAS 120, e216241120 (2023)</div> <div class="imagePermisssions">Copyrighted</div> <div class="imageSubmitted">Steven&nbsp;A&nbsp;Kivelson</div> <div class="imageTitle">Phase diagram of an electron-phonon model</div> </div> </li> <li> <a href="/por/images/Reports/POR/2023/2000987/2000987_10661428_1684150244303_Screenshot2023-05-15at12.14.08PM--rgov-214x142.jpg" original="/por/images/Reports/POR/2023/2000987/2000987_10661428_1684150244303_Screenshot2023-05-15at12.14.08PM--rgov-800width.jpg" title="Ground-state phase diagrams of the Hubbard model in various simple two dimensional lattices"><img src="/por/images/Reports/POR/2023/2000987/2000987_10661428_1684150244303_Screenshot2023-05-15at12.14.08PM--rgov-66x44.jpg" alt="Ground-state phase diagrams of the Hubbard model in various simple two dimensional lattices"></a> <div class="imageCaptionContainer"> <div class="imageCaption">These phase daigrams summarize what is established and what is still under investigation concerning the groundstate phase diagrams of the Hubbard model on various simple two dimensional lattices.</div> <div class="imageCredit">"The Hubbard Model,"  Daniel P. Arovas, Erez Berg, Steven Kivelson, and Srinivas Raghu, Annual Reviews of Condensed Matter Physics 13, 239 (2022)</div> <div class="imagePermisssions">Copyrighted</div> <div class="imageSubmitted">Steven&nbsp;A&nbsp;Kivelson</div> <div class="imageTitle">Ground-state phase diagrams of the Hubbard model in various simple two dimensional lattices</div> </div> </li> </ul> </div> </div> </div> </div>]]></DRECONTENT>
<POR_COPY_TXT><![CDATA[ The electronic properties of quantum materials are diverse and of interest both because they reflect the fundamental physics of emergence and for many present and future applications.  Many properties of such materials are sensitive to microscopic details of the local solid-state chemistry.  However, much about the qualitative physics, and even some quantitative trends of the behaviors of such materials, can be understood without reference to any material specifics on the basis of careful theoretical treatment of stripped-down model problems that properly incorporate the quantum character of the constituent electrons and ions, and the essential interactions between them.  Indeed, this is already apparent from the fact that various classes of quantum materials exhibit qualitative similarities in their behaviors, despite the fact that they differ significantly at the microscopic level.     However, even such simplified models are extremely challenging to solve with any degree of mathematical control.  The principle focus of the research supported by the present grant has been in developing new analytic and numerical approaches to well known "paradigmatic" models of interacting electrons and ions, and deploying them to obtain new insights into the possible behaviors of such systems.  In terms of implications for  actual materials, there are a number of important results that have emerged.      The most far reaching is the finding that there is a rough bound on the maximum strength of the coupling between the itinerant electrons and the vibrational quanta of the ionic lattice ("phonons") consistent with the existence of metallic behavior.  Since this coupling typically determines the resistivity of metals at room temperature and above, this observations explains a previously mysterious observation that the resistivity of metals is always bounded above by a value corresponding to an apparently detail independent "Plankian" value of the scattering time determined only by the temperature and Plank's constant.  The most primitive model in the field is the so-called "Hubbard model," in which electrons live on a lattice and interact with each other only when they occupy the same site.  Despite this extreme simplicity, no fullly satisfactory theoretical treatment of this model has been achieved to date, despite many thousands of papers reporting various approaches.  In addition to making significant incremental advances in the understanding of this key model, the PI and his collaborators wrote an already highly influential synthetic review of the state of understanding of this problem, including many significant new points of perspective and careful exploration of promising future lines of attack.  The simple act of dispassionately assessing the various relevant results itslef led to a considerable advance in understanding key aspects of this problem.       Last Modified: 05/15/2023       Submitted by: Steven A Kivelson]]></POR_COPY_TXT>
</POR>
</Award>
</rootTag>
