<?xml version="1.0" encoding="UTF-8"?>
<rootTag>
<Award>
<AwardTitle><![CDATA[Organic and Polymer Structure Engineering for Na-ion and Multivalent Metal Batteries]]></AwardTitle>
<AGENCY>NSF</AGENCY>
<AwardEffectiveDate>07/01/2020</AwardEffectiveDate>
<AwardExpirationDate>06/30/2024</AwardExpirationDate>
<AwardTotalIntnAmount>430977.00</AwardTotalIntnAmount>
<AwardAmount>430977</AwardAmount>
<AwardInstrument>
<Value>Standard Grant</Value>
</AwardInstrument>
<Organization>
<Code>07020000</Code>
<Directorate>
<Abbreviation>ENG</Abbreviation>
<LongName>Directorate For Engineering</LongName>
</Directorate>
<Division>
<Abbreviation>CBET</Abbreviation>
<LongName>Div Of Chem, Bioeng, Env, &amp; Transp Sys</LongName>
</Division>
</Organization>
<ProgramOfficer>
<SignBlockName>Carole Read</SignBlockName>
<PO_EMAI>cread@nsf.gov</PO_EMAI>
<PO_PHON>7032922418</PO_PHON>
</ProgramOfficer>
<AbstractNarration>Energy storage at an affordable cost has emerged as one of the challenging issues for the energy sector, being critical for a wide range of applications ranging from electric vehicles to grid storage of renewable electricity. The high cost and scarcity of lithium and transition metal (Cobalt) resources has become a bottleneck for the development of Li-ion batteries for these larger capacity applications of energy storage and transport propulsion. Developing efficient lithium-free and transition metal-free battery technology with affordable and sustainable resources is an important research topic for advanced energy storage. This project explores battery systems beyond Li-ion batteries with emphasis on sodium-ion batteries and other potential high energy chemistries based upon magnesium (Mg) and aluminum (Al). A key enabling factor of this project is the implementation of lightweight, abundant, inexpensive, sustainable, and recyclable metal-free organic/polymer materials as promising cathodes for Na/Mg/Al batteries. Innovative structure design and facile fabrication approaches will be studied to enable the high energy, fast charge, and long lifetime batteries. Research activities will involve the training of graduate students, undergraduate researchers, and high school students, and will promote gifted minority students into the energy science ranks. A key goal of this project is to integrate research and education of high school, undergraduate, M.S. and Ph.D. students. The combined research and educational activities will provide a strong platform to train students with computational and hands-on skills in material science, chemistry, and energy science fields.&lt;br/&gt;&lt;br/&gt;The objective of this project is to seek fundamental understanding of the material structure -electrochemical performance relationships in Na-ion and multivalent metal (Mg/Al) batteries at the molecular and device levels. This project integrates multidisciplinary research, education, and outreach for sustainable energy storage beyond Li-ion batteries. Novel organic materials and polymers will be designed and synthesized with multi-functional reaction centers in one molecular unit to enhance the battery energy capacity. Extensive structural characterizations including in situ X-ray diffractometry, solid-state nuclear magnetic resonance spectroscopy, and pair distribution function analysis, will be performed to understand how the structure of organic/polymer materials determines the cation insertion/extraction mechanism and kinetics. The knowledge gained in these studies will be used to design and fabricate new organic/polymer materials to optimize the battery performance. These novel structures will significantly enhance the utilization, reaction kinetics, and stability of organic/polymer materials during charge/discharge cycles, thus improving overall energy density, power density, and cycle life. The investigation of organic/polymer materials will also include the investigation of ultralow temperature organic batteries to extend the applications of these sustainable energy storage devices in extremely cold areas such as South/North poles, and outer space.&lt;br/&gt;&lt;br/&gt;This award reflects NSF's statutory mission and has been deemed worthy of support through evaluation using the Foundation's intellectual merit and broader impacts review criteria.</AbstractNarration>
<MinAmdLetterDate>06/17/2020</MinAmdLetterDate>
<MaxAmdLetterDate>12/20/2023</MaxAmdLetterDate>
<ARRAAmount/>
<TRAN_TYPE>Grant</TRAN_TYPE>
<CFDA_NUM>47.041</CFDA_NUM>
<NSF_PAR_USE_FLAG>1</NSF_PAR_USE_FLAG>
<FUND_AGCY_CODE>4900</FUND_AGCY_CODE>
<AWDG_AGCY_CODE>4900</AWDG_AGCY_CODE>
<AwardID>2000102</AwardID>
<Investigator>
<FirstName>Mikell</FirstName>
<LastName>Paige</LastName>
<PI_MID_INIT/>
<PI_SUFX_NAME/>
<PI_FULL_NAME>Mikell Paige</PI_FULL_NAME>
<EmailAddress><![CDATA[mpaige3@gmu.edu]]></EmailAddress>
<NSF_ID>000649488</NSF_ID>
<StartDate>12/20/2023</StartDate>
<EndDate/>
<RoleCode>Principal Investigator</RoleCode>
</Investigator>
<Investigator>
<FirstName>Mikell</FirstName>
<LastName>Paige</LastName>
<PI_MID_INIT/>
<PI_SUFX_NAME/>
<PI_FULL_NAME>Mikell Paige</PI_FULL_NAME>
<EmailAddress><![CDATA[mpaige3@gmu.edu]]></EmailAddress>
<NSF_ID>000649488</NSF_ID>
<StartDate>06/17/2020</StartDate>
<EndDate>12/20/2023</EndDate>
<RoleCode>Former Co-Principal Investigator</RoleCode>
</Investigator>
<Investigator>
<FirstName>Chao</FirstName>
<LastName>Luo</LastName>
<PI_MID_INIT/>
<PI_SUFX_NAME/>
<PI_FULL_NAME>Chao Luo</PI_FULL_NAME>
<EmailAddress><![CDATA[cxl1763@miami.edu]]></EmailAddress>
<NSF_ID>000811306</NSF_ID>
<StartDate>06/17/2020</StartDate>
<EndDate>12/20/2023</EndDate>
<RoleCode>Former Principal Investigator</RoleCode>
</Investigator>
<Institution>
<Name><![CDATA[George Mason University]]></Name>
<CityName>FAIRFAX</CityName>
<ZipCode>220304422</ZipCode>
<PhoneNumber>7039932295</PhoneNumber>
<StreetAddress><![CDATA[4400 UNIVERSITY DR]]></StreetAddress>
<StreetAddress2/>
<CountryName>United States</CountryName>
<StateName>Virginia</StateName>
<StateCode>VA</StateCode>
<CONGRESSDISTRICT>11</CONGRESSDISTRICT>
<CONGRESS_DISTRICT_ORG>VA11</CONGRESS_DISTRICT_ORG>
<ORG_UEI_NUM>EADLFP7Z72E5</ORG_UEI_NUM>
<ORG_LGL_BUS_NAME>GEORGE MASON UNIVERSITY</ORG_LGL_BUS_NAME>
<ORG_PRNT_UEI_NUM>H4NRWLFCDF43</ORG_PRNT_UEI_NUM>
</Institution>
<Performance_Institution>
<Name><![CDATA[George Mason University]]></Name>
<CityName>Fairfax</CityName>
<StateCode>VA</StateCode>
<ZipCode>220304442</ZipCode>
<StreetAddress><![CDATA[4400 University Drive]]></StreetAddress>
<CountryCode>US</CountryCode>
<CountryName>United States</CountryName>
<StateName>Virginia</StateName>
<CountryFlag>1</CountryFlag>
<CONGRESSDISTRICT>11</CONGRESSDISTRICT>
<CONGRESS_DISTRICT_PERF>VA11</CONGRESS_DISTRICT_PERF>
</Performance_Institution>
<ProgramElement>
<Code>764400</Code>
<Text>EchemS-Electrochemical Systems</Text>
</ProgramElement>
<Appropriation>
<Code>0120</Code>
<Name>NSF RESEARCH &amp; RELATED ACTIVIT</Name>
<APP_SYMB_ID>040100</APP_SYMB_ID>
</Appropriation>
<Fund>
<Code>01002021DB</Code>
<Name><![CDATA[NSF RESEARCH & RELATED ACTIVIT]]></Name>
<FUND_SYMB_ID>040100</FUND_SYMB_ID>
</Fund>
<FUND_OBLG>2020~430977</FUND_OBLG>
<POR>
<DRECONTENT><![CDATA[<div class="porColContainerWBG"> <div class="porContentCol"><p>This project investigates electrochemical performances and reaction mechanisms of redox-active organic materials and polymers in Na-ion and multivalent metal (Mg/Al) batteries. During the course of the project, we have collaborated with seven research teams from five institutions, including Argonne National Lab, Brookhaven National Lab, Oak Ridge National Lab, the University of Utah, and the University of Maryland at College Park. The project resulted in more than ten peer-reviewed publications in top-tier journals, including&nbsp;<em>Chemical Reviews, ACS Nano, etc</em>. The project has trained one postdoctoral research assistant, seven graduate students, two undergraduate students, and four high school students. Five of them are&nbsp;female and underrepresented students.&nbsp;Two female students have graduated with a Ph.D. degree and have entered the U.S. energy and materials industry. The project significantly advanced our understanding toward the structure-performance correlation of organic electrode materials in rechargeable batteries.&nbsp;</p> <p>Over the project, we have achieved our goal of&nbsp;design and synthesis of new organic materials and polymers for the applications in&nbsp;Na-ion and multivalent metal (Mg/Al) batteries,&nbsp;as well as gaining fundamental insights into the critical factors that determine the performance of sustainable organic battery materials at the molecular, and system/device levels. We discovered that the combination of carbonyl and azo groups, as well as extended conjugation structures in polymers afforded cathodes with high performance in Na-ion and rechargeable Al batteries. When coupled with low-concentration or ionic liquid electrolytes, the polymer cathodes extended their high performance at room temperature to low temperatures down to -50 degree Celsius. These results lay the foundation to develop advanced organic electrode materials and electrolytes for low-temperature organic batteries. In addition, we also studied the electrochemical behaviors of various porous polymers and revealed that increasing the porosity, conjugation structures, and crosslinked structures in polymers enhanced their lifetime, voltage, and capacity. The interaction between conjugation structures in polymer cathode materials and graphene also plays a critical role in improving the electrochemical performances. These findings provide guidance for rational structure design and performance optimization of organic electrode materials in Na-ion and multivalent metal (Mg/Al) batteries.</p> <p>Research outcomes of this projects have been disseminated to scientific communities and the public through publications, presentations, and social media. Twenty-five oral and poster presentations were delivered in local and national conferences. Research opportunities were provided to local high school and undergraduate students. Educational videos and information were posted in social media to bring broad impact of this project to the public.</p> <p>&nbsp;</p><br> <p>  Last Modified: 07/29/2024<br> Modified by: Mikell&nbsp;Paige</p></div> <div class="porSideCol" ></div> </div>]]></DRECONTENT>
<POR_COPY_TXT><![CDATA[  This project investigates electrochemical performances and reaction mechanisms of redox-active organic materials and polymers in Na-ion and multivalent metal (Mg/Al) batteries. During the course of the project, we have collaborated with seven research teams from five institutions, including Argonne National Lab, Brookhaven National Lab, Oak Ridge National Lab, the University of Utah, and the University of Maryland at College Park. The project resulted in more than ten peer-reviewed publications in top-tier journals, includingChemical Reviews, ACS Nano, etc. The project has trained one postdoctoral research assistant, seven graduate students, two undergraduate students, and four high school students. Five of them arefemale and underrepresented students.Two female students have graduated with a Ph.D. degree and have entered the U.S. energy and materials industry. The project significantly advanced our understanding toward the structure-performance correlation of organic electrode materials in rechargeable batteries.   Over the project, we have achieved our goal ofdesign and synthesis of new organic materials and polymers for the applications inNa-ion and multivalent metal (Mg/Al) batteries,as well as gaining fundamental insights into the critical factors that determine the performance of sustainable organic battery materials at the molecular, and system/device levels. We discovered that the combination of carbonyl and azo groups, as well as extended conjugation structures in polymers afforded cathodes with high performance in Na-ion and rechargeable Al batteries. When coupled with low-concentration or ionic liquid electrolytes, the polymer cathodes extended their high performance at room temperature to low temperatures down to -50 degree Celsius. These results lay the foundation to develop advanced organic electrode materials and electrolytes for low-temperature organic batteries. In addition, we also studied the electrochemical behaviors of various porous polymers and revealed that increasing the porosity, conjugation structures, and crosslinked structures in polymers enhanced their lifetime, voltage, and capacity. The interaction between conjugation structures in polymer cathode materials and graphene also plays a critical role in improving the electrochemical performances. These findings provide guidance for rational structure design and performance optimization of organic electrode materials in Na-ion and multivalent metal (Mg/Al) batteries.   Research outcomes of this projects have been disseminated to scientific communities and the public through publications, presentations, and social media. Twenty-five oral and poster presentations were delivered in local and national conferences. Research opportunities were provided to local high school and undergraduate students. Educational videos and information were posted in social media to bring broad impact of this project to the public.        Last Modified: 07/29/2024       Submitted by: MikellPaige]]></POR_COPY_TXT>
</POR>
</Award>
</rootTag>
