<?xml version="1.0" encoding="UTF-8"?>
<rootTag>
<Award>
<AwardTitle><![CDATA[Wabash Modern Analysis Seminar and Mini-Conference]]></AwardTitle>
<AGENCY>NSF</AGENCY>
<AwardEffectiveDate>08/01/2020</AwardEffectiveDate>
<AwardExpirationDate>07/31/2024</AwardExpirationDate>
<AwardTotalIntnAmount>33000.00</AwardTotalIntnAmount>
<AwardAmount>33000</AwardAmount>
<AwardInstrument>
<Value>Continuing Grant</Value>
</AwardInstrument>
<Organization>
<Code>03040000</Code>
<Directorate>
<Abbreviation>MPS</Abbreviation>
<LongName>Direct For Mathematical &amp; Physical Scien</LongName>
</Directorate>
<Division>
<Abbreviation>DMS</Abbreviation>
<LongName>Division Of Mathematical Sciences</LongName>
</Division>
</Organization>
<ProgramOfficer>
<SignBlockName>Marian Bocea</SignBlockName>
<PO_EMAI>mbocea@nsf.gov</PO_EMAI>
<PO_PHON>7032922595</PO_PHON>
</ProgramOfficer>
<AbstractNarration>This award supports participation in the 2020 - 2022 meetings of the Wabash Seminar and Mini-Conference series, which consists of seminars held at Wabash College in Crawfordsville, Indiana, and an annual weekend mini-conference held in the fall on the Indiana University – Purdue University Indianapolis (IUPUI) campus. The tentative dates of the next annual mini-conference are September 19-20, 2020. The main goal of Wabash Seminar and Mini-Conference series is to bring together the community of researchers working in modern analysis in the Midwest region, along with established researchers from farther afield, in order to stimulate fruitful interactions and encourage collaboration among researchers working in different areas of modern mathematical analysis. Over the years, the seminar and mini-conference have attracted numerous faculty members, postdoctoral researchers, and graduate students from Indiana University, IUPUI, Purdue University, University of Illinois, University of Cincinnati, Vanderbilt University, and Washington University in St. Louis, among other regional institutions. The Wabash Seminar series offers an excellent opportunity for junior researchers to be exposed to, and informed about, the latest major mathematical developments in the field. Additionally, the series provides an invaluable opportunity to promote research in the Midwest region, helping junior faculty, postdocs, and graduate students in the region to gain exposure within, network with, and disseminate their research to the broader mathematical community. The Wabash Seminar and Mini-Conference series also serves to promote and mentor talented undergraduate students, preparing them for graduate school and research careers in mathematics.&lt;br/&gt;&lt;br/&gt;The Wabash Seminar and the Mini-Conference series is jointly organized by researchers from four mathematics departments: Indiana University, IUPUI, Purdue University, and the University of Illinois at Urbana-Champaign. The research groups from these universities have complementary expertise that spans many of the major directions of research in operator algebras and operator theory: free probability, von Neumann algebras, non-commutative and coarse geometry, C*-algebras and their topological invariants, operator spaces, and non-commutative harmonic analysis as well as connections to quantum information theory, ergodic theory and dynamical systems, and number theory. The regular seminars at Wabash College are scheduled on Saturday afternoons. Two one-hour speakers are invited for each seminar with ample time for discussions among the participants. The Mini-Conference is held over a weekend, from Saturday morning to early afternoon Sunday. Seven plenary speakers are invited to give 50-minute talks, and 30-minute invited and contributed talks are given by postdocs, graduate students, undergraduate students, and visitors.&lt;br/&gt;&lt;br/&gt;The website for the Wabash Seminar and Mini-Conference series is: https://www.math.purdue.edu/~tsincla/wabash/.&lt;br/&gt;&lt;br/&gt;This award reflects NSF's statutory mission and has been deemed worthy of support through evaluation using the Foundation's intellectual merit and broader impacts review criteria.</AbstractNarration>
<MinAmdLetterDate>02/11/2020</MinAmdLetterDate>
<MaxAmdLetterDate>09/15/2022</MaxAmdLetterDate>
<ARRAAmount/>
<TRAN_TYPE>Grant</TRAN_TYPE>
<CFDA_NUM>47.049</CFDA_NUM>
<NSF_PAR_USE_FLAG>1</NSF_PAR_USE_FLAG>
<FUND_AGCY_CODE>4900</FUND_AGCY_CODE>
<AWDG_AGCY_CODE>4900</AWDG_AGCY_CODE>
<AwardID>2000168</AwardID>
<Investigator>
<FirstName>Hari</FirstName>
<LastName>Bercovici</LastName>
<PI_MID_INIT/>
<PI_SUFX_NAME/>
<PI_FULL_NAME>Hari Bercovici</PI_FULL_NAME>
<EmailAddress><![CDATA[h.bercovici@gmail.com]]></EmailAddress>
<NSF_ID>000149341</NSF_ID>
<StartDate>02/11/2020</StartDate>
<EndDate/>
<RoleCode>Co-Principal Investigator</RoleCode>
</Investigator>
<Investigator>
<FirstName>Marius</FirstName>
<LastName>Junge</LastName>
<PI_MID_INIT/>
<PI_SUFX_NAME/>
<PI_FULL_NAME>Marius Junge</PI_FULL_NAME>
<EmailAddress><![CDATA[mjunge@illinois.edu]]></EmailAddress>
<NSF_ID>000302225</NSF_ID>
<StartDate>02/11/2020</StartDate>
<EndDate/>
<RoleCode>Co-Principal Investigator</RoleCode>
</Investigator>
<Investigator>
<FirstName>Daniel</FirstName>
<LastName>Ramras</LastName>
<PI_MID_INIT>A</PI_MID_INIT>
<PI_SUFX_NAME/>
<PI_FULL_NAME>Daniel A Ramras</PI_FULL_NAME>
<EmailAddress><![CDATA[dramras@iupui.edu]]></EmailAddress>
<NSF_ID>000655598</NSF_ID>
<StartDate>02/11/2020</StartDate>
<EndDate/>
<RoleCode>Co-Principal Investigator</RoleCode>
</Investigator>
<Investigator>
<FirstName>Thomas</FirstName>
<LastName>Sinclair</LastName>
<PI_MID_INIT/>
<PI_SUFX_NAME/>
<PI_FULL_NAME>Thomas Sinclair</PI_FULL_NAME>
<EmailAddress><![CDATA[tsincla@purdue.edu]]></EmailAddress>
<NSF_ID>000679140</NSF_ID>
<StartDate>02/11/2020</StartDate>
<EndDate/>
<RoleCode>Principal Investigator</RoleCode>
</Investigator>
<Institution>
<Name><![CDATA[Purdue University]]></Name>
<CityName>WEST LAFAYETTE</CityName>
<ZipCode>479061332</ZipCode>
<PhoneNumber>7654941055</PhoneNumber>
<StreetAddress><![CDATA[2550 NORTHWESTERN AVE # 1100]]></StreetAddress>
<StreetAddress2/>
<CountryName>United States</CountryName>
<StateName>Indiana</StateName>
<StateCode>IN</StateCode>
<CONGRESSDISTRICT>04</CONGRESSDISTRICT>
<CONGRESS_DISTRICT_ORG>IN04</CONGRESS_DISTRICT_ORG>
<ORG_UEI_NUM>YRXVL4JYCEF5</ORG_UEI_NUM>
<ORG_LGL_BUS_NAME>PURDUE UNIVERSITY</ORG_LGL_BUS_NAME>
<ORG_PRNT_UEI_NUM>YRXVL4JYCEF5</ORG_PRNT_UEI_NUM>
</Institution>
<Performance_Institution>
<Name><![CDATA[Purdue University]]></Name>
<CityName>West Lafayette</CityName>
<StateCode>IN</StateCode>
<ZipCode>479072067</ZipCode>
<StreetAddress><![CDATA[Mathematics Department]]></StreetAddress>
<CountryCode>US</CountryCode>
<CountryName>United States</CountryName>
<StateName>Indiana</StateName>
<CountryFlag>1</CountryFlag>
<CONGRESSDISTRICT>04</CONGRESSDISTRICT>
<CONGRESS_DISTRICT_PERF>IN04</CONGRESS_DISTRICT_PERF>
</Performance_Institution>
<ProgramElement>
<Code>128100</Code>
<Text>ANALYSIS PROGRAM</Text>
</ProgramElement>
<ProgramReference>
<Code>7556</Code>
<Text>CONFERENCE AND WORKSHOPS</Text>
</ProgramReference>
<Appropriation>
<Code>0120</Code>
<Name>NSF RESEARCH &amp; RELATED ACTIVIT</Name>
<APP_SYMB_ID>040100</APP_SYMB_ID>
</Appropriation>
<Appropriation>
<Code>0121</Code>
<Name>NSF RESEARCH &amp; RELATED ACTIVIT</Name>
<APP_SYMB_ID>040100</APP_SYMB_ID>
</Appropriation>
<Appropriation>
<Code>0122</Code>
<Name>NSF RESEARCH &amp; RELATED ACTIVIT</Name>
<APP_SYMB_ID>040100</APP_SYMB_ID>
</Appropriation>
<Fund>
<Code>01002021DB</Code>
<Name><![CDATA[NSF RESEARCH & RELATED ACTIVIT]]></Name>
<FUND_SYMB_ID>040100</FUND_SYMB_ID>
</Fund>
<Fund>
<Code>01002122DB</Code>
<Name><![CDATA[NSF RESEARCH & RELATED ACTIVIT]]></Name>
<FUND_SYMB_ID>040100</FUND_SYMB_ID>
</Fund>
<Fund>
<Code>01002223DB</Code>
<Name><![CDATA[NSF RESEARCH & RELATED ACTIVIT]]></Name>
<FUND_SYMB_ID>040100</FUND_SYMB_ID>
</Fund>
<FUND_OBLG>2020~11000</FUND_OBLG>
<FUND_OBLG>2021~11000</FUND_OBLG>
<FUND_OBLG>2022~11000</FUND_OBLG>
</Award>
</rootTag>
