<?xml version="1.0" encoding="UTF-8"?>
<rootTag>
<Award>
<AwardTitle><![CDATA[Catalyst Project: Identification of New Regulators of Endothelial Protein C Receptor Functions]]></AwardTitle>
<AGENCY>NSF</AGENCY>
<AwardEffectiveDate>08/15/2020</AwardEffectiveDate>
<AwardExpirationDate>07/31/2024</AwardExpirationDate>
<AwardTotalIntnAmount>149494.00</AwardTotalIntnAmount>
<AwardAmount>149494</AwardAmount>
<AwardInstrument>
<Value>Standard Grant</Value>
</AwardInstrument>
<Organization>
<Code>11060000</Code>
<Directorate>
<Abbreviation>EDU</Abbreviation>
<LongName>Directorate for STEM Education</LongName>
</Directorate>
<Division>
<Abbreviation>EES</Abbreviation>
<LongName>Div. of Equity for Excellence in STEM</LongName>
</Division>
</Organization>
<ProgramOfficer>
<SignBlockName>Carleitta Paige-Anderson</SignBlockName>
<PO_EMAI>cpaigean@nsf.gov</PO_EMAI>
<PO_PHON>7032922816</PO_PHON>
</ProgramOfficer>
<AbstractNarration>Catalyst Projects provide support for Historically Black Colleges and Universities to work towards establishing research capacity of faculty to strengthen science, technology, engineering and mathematics undergraduate education and research. It is expected that the award will further the faculty member's research capability, improve research and teaching at the institution, and involve undergraduate students in research experiences. This project at Texas College intends to identify and characterize important molecules that affect proteins. Undergraduate students will participate in this research that involves computer modeling. The research results will be used in coursework at Texas College. &lt;br/&gt;&lt;br/&gt;This project will identify new small molecular regulators of functions of the physiologically important multifunctional and multi-ligand transmembrane receptor protein – EPCR. Using homology modeling and molecular dynamics simulations, the project will create functionally relevant conformations of EPCR which cannot be found in published structures. Structure based molecular docking of small molecules to these conformations followed by the database searches will identify candidate molecules that will be tested experimentally to reveal their regulatory potential.&lt;br/&gt;&lt;br/&gt;This award reflects NSF's statutory mission and has been deemed worthy of support through evaluation using the Foundation's intellectual merit and broader impacts review criteria.</AbstractNarration>
<MinAmdLetterDate>07/02/2020</MinAmdLetterDate>
<MaxAmdLetterDate>07/02/2020</MaxAmdLetterDate>
<ARRAAmount/>
<TRAN_TYPE>Grant</TRAN_TYPE>
<CFDA_NUM>47.076</CFDA_NUM>
<NSF_PAR_USE_FLAG>1</NSF_PAR_USE_FLAG>
<FUND_AGCY_CODE>4900</FUND_AGCY_CODE>
<AWDG_AGCY_CODE>4900</AWDG_AGCY_CODE>
<AwardID>2000257</AwardID>
<Investigator>
<FirstName>Alexei</FirstName>
<LastName>Iakhiaev</LastName>
<PI_MID_INIT>V</PI_MID_INIT>
<PI_SUFX_NAME/>
<PI_FULL_NAME>Alexei V Iakhiaev</PI_FULL_NAME>
<EmailAddress><![CDATA[aiakhiaev@texascollege.edu]]></EmailAddress>
<NSF_ID>000229992</NSF_ID>
<StartDate>07/02/2020</StartDate>
<EndDate/>
<RoleCode>Principal Investigator</RoleCode>
</Investigator>
<Institution>
<Name><![CDATA[Texas College]]></Name>
<CityName>TYLER</CityName>
<ZipCode>757021962</ZipCode>
<PhoneNumber>9035938311</PhoneNumber>
<StreetAddress><![CDATA[2404 N GRAND AVE]]></StreetAddress>
<StreetAddress2/>
<CountryName>United States</CountryName>
<StateName>Texas</StateName>
<StateCode>TX</StateCode>
<CONGRESSDISTRICT>01</CONGRESSDISTRICT>
<CONGRESS_DISTRICT_ORG>TX01</CONGRESS_DISTRICT_ORG>
<ORG_UEI_NUM>H9QUXLM7UBJ9</ORG_UEI_NUM>
<ORG_LGL_BUS_NAME>TEXAS COLLEGE</ORG_LGL_BUS_NAME>
<ORG_PRNT_UEI_NUM/>
</Institution>
<Performance_Institution>
<Name><![CDATA[Texas College]]></Name>
<CityName/>
<StateCode>TX</StateCode>
<ZipCode>757024500</ZipCode>
<StreetAddress/>
<CountryCode>US</CountryCode>
<CountryName>United States</CountryName>
<StateName>Texas</StateName>
<CountryFlag>1</CountryFlag>
<CONGRESSDISTRICT>01</CONGRESSDISTRICT>
<CONGRESS_DISTRICT_PERF>TX01</CONGRESS_DISTRICT_PERF>
</Performance_Institution>
<ProgramElement>
<Code>159400</Code>
<Text>Hist Black Colleges and Univ</Text>
</ProgramElement>
<ProgramReference>
<Code>9178</Code>
<Text>UNDERGRADUATE EDUCATION</Text>
</ProgramReference>
<ProgramReference>
<Code>9264</Code>
<Text>RESEARCH INITIATION AWARD</Text>
</ProgramReference>
<Appropriation>
<Code>0420</Code>
<Name>NSF Education &amp; Human Resource</Name>
<APP_SYMB_ID>040106</APP_SYMB_ID>
</Appropriation>
<Fund>
<Code>04002021DB</Code>
<Name><![CDATA[NSF Education & Human Resource]]></Name>
<FUND_SYMB_ID>040106</FUND_SYMB_ID>
</Fund>
<FUND_OBLG>2020~149494</FUND_OBLG>
</Award>
</rootTag>
