<?xml version="1.0" encoding="UTF-8"?>
<rootTag>
<Award>
<AwardTitle><![CDATA[Multiple Academic Pathways for Mechatronics Technicians]]></AwardTitle>
<AGENCY>NSF</AGENCY>
<AwardEffectiveDate>06/01/2020</AwardEffectiveDate>
<AwardExpirationDate>05/31/2025</AwardExpirationDate>
<AwardTotalIntnAmount>529073.00</AwardTotalIntnAmount>
<AwardAmount>529073</AwardAmount>
<AwardInstrument>
<Value>Standard Grant</Value>
</AwardInstrument>
<Organization>
<Code>11040100</Code>
<Directorate>
<Abbreviation>EDU</Abbreviation>
<LongName>Directorate for STEM Education</LongName>
</Directorate>
<Division>
<Abbreviation>DUE</Abbreviation>
<LongName>Division Of Undergraduate Education</LongName>
</Division>
</Organization>
<ProgramOfficer>
<SignBlockName>Christine Delahanty</SignBlockName>
<PO_EMAI>cdelahan@nsf.gov</PO_EMAI>
<PO_PHON>7032928492</PO_PHON>
</ProgramOfficer>
<AbstractNarration>This project addresses a national need for skilled technicians in the advanced manufacturing field of mechatronics.  Technicians in this field implement and maintain integrated systems of mechanical devices, electronics, and software that are used to control manufacturing systems. To help meet industry demand for mechatronics technicians, this project will develop multiple academic pathways for students to pursue mechatronics education.  Pathways will be developed to will serve incumbent workers in need of upskilling, students enrolled in a degree program, and adult learners who have some college credits.  The academic programs will include an integrated employability skills curriculum, adapted from the Necessary Skills Now Network, an ATE Coordination Network.  This approach will be designed to support student success on the job. &lt;br/&gt;&lt;br/&gt;The goal of this project is to close the manufacturing skills gap, particularly in the central Florida region. Best practices of the Florida Curriculum Frameworks in Engineering Technology will be adapted to create stackable micro-credential programs in mechatronics, with each credential requiring less than 12 credit hours.  The integration of soft skills into the mechatronics program will help ensure that the students have the skills needed for long term success on the job and advancement in their careers.  The project will upgrade equipment in mechatronics labs so that students can be trained on systems that they will encounter in the workplace.  In addition to needing well-trained mechatronics technicians, industry also has a critical need for a greater number of these skilled technicians.  To this end, the project’s recruiting activities will include a focus on adult students who could complete one or more of the training pathways and perform well in mechatronics technician positions.  Such individuals can broaden participation in the mechatronics workforce.  This project is funded by the Advanced Technological Education program that focuses on the education of technicians for the advanced-technology fields that drive the nation's economy.&lt;br/&gt;&lt;br/&gt;This award reflects NSF's statutory mission and has been deemed worthy of support through evaluation using the Foundation's intellectual merit and broader impacts review criteria.</AbstractNarration>
<MinAmdLetterDate>06/09/2020</MinAmdLetterDate>
<MaxAmdLetterDate>09/10/2023</MaxAmdLetterDate>
<ARRAAmount/>
<TRAN_TYPE>Grant</TRAN_TYPE>
<CFDA_NUM>47.076</CFDA_NUM>
<NSF_PAR_USE_FLAG>1</NSF_PAR_USE_FLAG>
<FUND_AGCY_CODE>4900</FUND_AGCY_CODE>
<AWDG_AGCY_CODE>4900</AWDG_AGCY_CODE>
<AwardID>2000595</AwardID>
<Investigator>
<FirstName>Amy</FirstName>
<LastName>Albee-Levine</LastName>
<PI_MID_INIT/>
<PI_SUFX_NAME/>
<PI_FULL_NAME>Amy Albee-Levine</PI_FULL_NAME>
<EmailAddress><![CDATA[albeelea@lssc.edu]]></EmailAddress>
<NSF_ID>000802372</NSF_ID>
<StartDate>06/09/2020</StartDate>
<EndDate>09/10/2023</EndDate>
<RoleCode>Former Principal Investigator</RoleCode>
</Investigator>
<Investigator>
<FirstName>Alberto</FirstName>
<LastName>Luma</LastName>
<PI_MID_INIT/>
<PI_SUFX_NAME/>
<PI_FULL_NAME>Alberto Luma</PI_FULL_NAME>
<EmailAddress><![CDATA[LumaA@lssc.edu]]></EmailAddress>
<NSF_ID>000759883</NSF_ID>
<StartDate>06/09/2020</StartDate>
<EndDate/>
<RoleCode>Co-Principal Investigator</RoleCode>
</Investigator>
<Investigator>
<FirstName>Christopher</FirstName>
<LastName>Sargent</LastName>
<PI_MID_INIT>E</PI_MID_INIT>
<PI_SUFX_NAME/>
<PI_FULL_NAME>Christopher E Sargent</PI_FULL_NAME>
<EmailAddress><![CDATA[sargentc@lssc.edu]]></EmailAddress>
<NSF_ID>000924852</NSF_ID>
<StartDate>09/10/2023</StartDate>
<EndDate/>
<RoleCode>Principal Investigator</RoleCode>
</Investigator>
<Institution>
<Name><![CDATA[Lake-Sumter State College]]></Name>
<CityName>LEESBURG</CityName>
<ZipCode>347883950</ZipCode>
<PhoneNumber>3527873747</PhoneNumber>
<StreetAddress><![CDATA[9501 US HIGHWAY 441]]></StreetAddress>
<StreetAddress2/>
<CountryName>United States</CountryName>
<StateName>Florida</StateName>
<StateCode>FL</StateCode>
<CONGRESSDISTRICT>11</CONGRESSDISTRICT>
<CONGRESS_DISTRICT_ORG>FL11</CONGRESS_DISTRICT_ORG>
<ORG_UEI_NUM>MRGAXGQBJDG8</ORG_UEI_NUM>
<ORG_LGL_BUS_NAME>LAKE-SUMTER STATE COLLEGE</ORG_LGL_BUS_NAME>
<ORG_PRNT_UEI_NUM>PKM7NV2CNM45</ORG_PRNT_UEI_NUM>
</Institution>
<Performance_Institution>
<Name><![CDATA[Lake-Sumter State College]]></Name>
<CityName>Leesburg</CityName>
<StateCode>FL</StateCode>
<ZipCode>347883950</ZipCode>
<StreetAddress><![CDATA[9501 U.S. HWY 441]]></StreetAddress>
<CountryCode>US</CountryCode>
<CountryName>United States</CountryName>
<StateName>Florida</StateName>
<CountryFlag>1</CountryFlag>
<CONGRESSDISTRICT>11</CONGRESSDISTRICT>
<CONGRESS_DISTRICT_PERF>FL11</CONGRESS_DISTRICT_PERF>
</Performance_Institution>
<ProgramElement>
<Code>741200</Code>
<Text>Advanced Tech Education Prog</Text>
</ProgramElement>
<ProgramReference>
<Code>1032</Code>
<Text>ADVANCED TECHNOLOGY EDUCATION</Text>
</ProgramReference>
<ProgramReference>
<Code>9178</Code>
<Text>UNDERGRADUATE EDUCATION</Text>
</ProgramReference>
<ProgramReference>
<Code>SMET</Code>
<Text>SCIENCE, MATH, ENG &amp; TECH EDUCATION</Text>
</ProgramReference>
<Appropriation>
<Code>0420</Code>
<Name>NSF Education &amp; Human Resource</Name>
<APP_SYMB_ID>040106</APP_SYMB_ID>
</Appropriation>
<Fund>
<Code>04002021DB</Code>
<Name><![CDATA[NSF Education & Human Resource]]></Name>
<FUND_SYMB_ID>040106</FUND_SYMB_ID>
</Fund>
<FUND_OBLG>2020~529073</FUND_OBLG>
</Award>
</rootTag>
