<?xml version="1.0" encoding="UTF-8"?>
<rootTag>
<Award>
<AwardTitle><![CDATA[Developing a Highly Capable Biomanufacturing Technical Workforce in South Texas]]></AwardTitle>
<AGENCY>NSF</AGENCY>
<AwardEffectiveDate>06/01/2020</AwardEffectiveDate>
<AwardExpirationDate>05/31/2025</AwardExpirationDate>
<AwardTotalIntnAmount>114505.00</AwardTotalIntnAmount>
<AwardAmount>114505</AwardAmount>
<AwardInstrument>
<Value>Standard Grant</Value>
</AwardInstrument>
<Organization>
<Code>11040100</Code>
<Directorate>
<Abbreviation>EDU</Abbreviation>
<LongName>Directorate for STEM Education</LongName>
</Directorate>
<Division>
<Abbreviation>DUE</Abbreviation>
<LongName>Division Of Undergraduate Education</LongName>
</Division>
</Organization>
<ProgramOfficer>
<SignBlockName>Virginia Carter</SignBlockName>
<PO_EMAI>vccarter@nsf.gov</PO_EMAI>
<PO_PHON>7032924651</PO_PHON>
</ProgramOfficer>
<AbstractNarration>The growth of Texas companies that manufacture biological products on a contract basis has created a local and regional workforce need.  This project proposes to serve this growing biopharmaceutical manufacturing industry by developing an advanced biomanufacturing certificate and educating a skilled and diverse biomanufacturing technical workforce. The new certificate will be designed to incorporate interactive and inquiry-based laboratory learning and to provide students with real world experience with biotechnical/biomanufacturing equipment.  The project will also implement new strategies for recruitment and retention and provide educators with professional development relevant to the new certificate. The certificate is expected to serve two-year college students and high school students, as well as impact university faculty and industry partners. The project aims to provide equitable access to successful biomanufacturing careers for under-represented groups, including students who are women, Hispanic, and/or first-generation college students.&lt;br/&gt;&lt;br/&gt;This project involves a collaboration between Del Mar College and Texas A &amp; M University.  The technical merit of the project includes building upon and incorporating hands-on, instructor-led training modules covering bioprocess operations, upstream and downstream manufacturing of biologics, vaccines, quality control systems, and regulatory compliance. The goals of the project include: (1) Improving student learning with applied industry training and laboratory rotations; (2) Institutionalizing a rigorous and improved biomanufacturing curriculum for long-term impact at Del Mar College and as a model for other institutions; and (3) Adding depth to the new Del Mar College biotechnology programs through strong collaborations with Texas A&amp;M University. The project includes assessment and evaluation of the efficacy of project activities, thus adding to understanding of the factors necessary for student career success in STEM. The project will be disseminated through online media and presentations at national meetings. The project aims to benefit society by providing students with new educational and career pathways, particularly for students who are from groups that are not yet equitably represented in biomanufacturing. This project is funded by the Advanced Technological Education program that focuses on the education of technicians for the advanced-technology fields that drive the nation's economy.&lt;br/&gt;&lt;br/&gt;This award reflects NSF's statutory mission and has been deemed worthy of support through evaluation using the Foundation's intellectual merit and broader impacts review criteria.</AbstractNarration>
<MinAmdLetterDate>05/11/2020</MinAmdLetterDate>
<MaxAmdLetterDate>05/24/2021</MaxAmdLetterDate>
<ARRAAmount/>
<TRAN_TYPE>Grant</TRAN_TYPE>
<CFDA_NUM>47.076</CFDA_NUM>
<NSF_PAR_USE_FLAG>1</NSF_PAR_USE_FLAG>
<FUND_AGCY_CODE>4900</FUND_AGCY_CODE>
<AWDG_AGCY_CODE>4900</AWDG_AGCY_CODE>
<AwardID>2000871</AwardID>
<Investigator>
<FirstName>Andrew</FirstName>
<LastName>Syvyk</LastName>
<PI_MID_INIT>E</PI_MID_INIT>
<PI_SUFX_NAME/>
<PI_FULL_NAME>Andrew E Syvyk</PI_FULL_NAME>
<EmailAddress><![CDATA[andrew_e_syvyk@tamu.edu]]></EmailAddress>
<NSF_ID>000854876</NSF_ID>
<StartDate>05/24/2021</StartDate>
<EndDate/>
<RoleCode>Principal Investigator</RoleCode>
</Investigator>
<Investigator>
<FirstName>Susan</FirstName>
<LastName>Woodard</LastName>
<PI_MID_INIT/>
<PI_SUFX_NAME/>
<PI_FULL_NAME>Susan Woodard</PI_FULL_NAME>
<EmailAddress><![CDATA[swoodard@tamu.edu]]></EmailAddress>
<NSF_ID>000758934</NSF_ID>
<StartDate>05/11/2020</StartDate>
<EndDate>05/24/2021</EndDate>
<RoleCode>Former Principal Investigator</RoleCode>
</Investigator>
<Institution>
<Name><![CDATA[Texas A&M Engineering Experiment Station]]></Name>
<CityName>COLLEGE STATION</CityName>
<ZipCode>778433124</ZipCode>
<PhoneNumber>9798626777</PhoneNumber>
<StreetAddress><![CDATA[3124 TAMU]]></StreetAddress>
<StreetAddress2/>
<CountryName>United States</CountryName>
<StateName>Texas</StateName>
<StateCode>TX</StateCode>
<CONGRESSDISTRICT>10</CONGRESSDISTRICT>
<CONGRESS_DISTRICT_ORG>TX10</CONGRESS_DISTRICT_ORG>
<ORG_UEI_NUM>QD1MX6N5YTN4</ORG_UEI_NUM>
<ORG_LGL_BUS_NAME>TEXAS A&amp;M ENGINEERING EXPERIMENT STATION</ORG_LGL_BUS_NAME>
<ORG_PRNT_UEI_NUM>QD1MX6N5YTN4</ORG_PRNT_UEI_NUM>
</Institution>
<Performance_Institution>
<Name><![CDATA[Texas A&M Engineering Experiment Station]]></Name>
<CityName>College Station</CityName>
<StateCode>TX</StateCode>
<ZipCode>778454482</ZipCode>
<StreetAddress><![CDATA[MS 4482]]></StreetAddress>
<CountryCode>US</CountryCode>
<CountryName>United States</CountryName>
<StateName>Texas</StateName>
<CountryFlag>1</CountryFlag>
<CONGRESSDISTRICT>10</CONGRESSDISTRICT>
<CONGRESS_DISTRICT_PERF>TX10</CONGRESS_DISTRICT_PERF>
</Performance_Institution>
<ProgramElement>
<Code>741200</Code>
<Text>Advanced Tech Education Prog</Text>
</ProgramElement>
<ProgramReference>
<Code>1032</Code>
<Text>ADVANCED TECHNOLOGY EDUCATION</Text>
</ProgramReference>
<ProgramReference>
<Code>9178</Code>
<Text>UNDERGRADUATE EDUCATION</Text>
</ProgramReference>
<ProgramReference>
<Code>SMET</Code>
<Text>SCIENCE, MATH, ENG &amp; TECH EDUCATION</Text>
</ProgramReference>
<Appropriation>
<Code>0420</Code>
<Name>NSF Education &amp; Human Resource</Name>
<APP_SYMB_ID>040106</APP_SYMB_ID>
</Appropriation>
<Fund>
<Code>04002021DB</Code>
<Name><![CDATA[NSF Education & Human Resource]]></Name>
<FUND_SYMB_ID>040106</FUND_SYMB_ID>
</Fund>
<FUND_OBLG>2020~114505</FUND_OBLG>
</Award>
</rootTag>
