<?xml version="1.0" encoding="UTF-8"?>
<rootTag>
<Award>
<AwardTitle><![CDATA[Educating Advanced Driver Assistance Systems Technicians]]></AwardTitle>
<AGENCY>NSF</AGENCY>
<AwardEffectiveDate>07/01/2020</AwardEffectiveDate>
<AwardExpirationDate>06/30/2024</AwardExpirationDate>
<AwardTotalIntnAmount>574639.00</AwardTotalIntnAmount>
<AwardAmount>574639</AwardAmount>
<AwardInstrument>
<Value>Standard Grant</Value>
</AwardInstrument>
<Organization>
<Code>11040100</Code>
<Directorate>
<Abbreviation>EDU</Abbreviation>
<LongName>Directorate for STEM Education</LongName>
</Directorate>
<Division>
<Abbreviation>DUE</Abbreviation>
<LongName>Division Of Undergraduate Education</LongName>
</Division>
</Organization>
<ProgramOfficer>
<SignBlockName>Paul Tymann</SignBlockName>
<PO_EMAI>ptymann@nsf.gov</PO_EMAI>
<PO_PHON>7032922832</PO_PHON>
</ProgramOfficer>
<AbstractNarration>The most dramatic shift in recent transportation technology has been the development of autonomous vehicles and intelligent cars. The Bosch group estimates that more than half of all cars first registered in 2017 came with at least one advanced driver assistance system (ADAS).  Examples include rear collision warnings, parking assist, emergency braking, adaptive cruise control, blind spot monitoring, and lane keeping assist.  The deployment of ADAS in vehicles is expected to continue to grow over the next 10 years. This project aims to produce workforce-ready ADAS technicians for the automotive industry by adding instruction on ADAS systems and diagnosis to the College’s automotive technology associate degree program and developing an ADAS technician certificate. This project, backed by industry and academia, will be designed to educate graduates who are skilled in ADAS methodologies and, thus, fill a gap in the modern automotive workforce.  As a result, it will contribute to the national need for a highly capable advanced technological workforce.&lt;br/&gt;&lt;br/&gt;This project intends to improve student learning in science and engineering technician education by: 1) developing up-to-date ADAS-intelligent vehicle course content; 2) implementing an ADAS technical certificate program tied to a relevant industry credential that was developed in partnership with national automotive credentialing organizations; 3) acquiring autonomous vehicle simulation and ADAS lab training equipment; and 4) obtaining hands-on ADAS vehicle diagnostic trainers and autonomous vehicle mini-labs.  These curricular improvements and new equipment will enable students to learn fundamentals of ADAS systems and diagnosis including sensor technology such as Light Imaging, Detection and Ranging (LiDAR), wireless systems, radar units, ultrasonic transmitters, and steering angle sensors, as well as to use the same equipment that they will use in industry settings, including ADAS camera alignment fixtures with scan tools.   Project impact and success will be evaluated through performance-based techniques, using a mixed methods quasi-experimental design to analyze qualitative and quantitative data about project components.  This information will be used for ongoing project improvement.  Materials and learning objects developed by the project will be disseminated via the Center for Automotive Technology, the North Florida Transportation Planning Organization, the Florida College System, Advanced Technological Education Central, and other channels. This project is funded by the Advanced Technological Education program that focuses on the education of technicians for the advanced-technology fields that drive the nation's economy.&lt;br/&gt;&lt;br/&gt;This award reflects NSF's statutory mission and has been deemed worthy of support through evaluation using the Foundation's intellectual merit and broader impacts review criteria.</AbstractNarration>
<MinAmdLetterDate>05/12/2020</MinAmdLetterDate>
<MaxAmdLetterDate>04/22/2022</MaxAmdLetterDate>
<ARRAAmount/>
<TRAN_TYPE>Grant</TRAN_TYPE>
<CFDA_NUM>47.076</CFDA_NUM>
<NSF_PAR_USE_FLAG>1</NSF_PAR_USE_FLAG>
<FUND_AGCY_CODE>4900</FUND_AGCY_CODE>
<AWDG_AGCY_CODE>4900</AWDG_AGCY_CODE>
<AwardID>2000618</AwardID>
<Investigator>
<FirstName>Paul</FirstName>
<LastName>Soar</LastName>
<PI_MID_INIT/>
<PI_SUFX_NAME/>
<PI_FULL_NAME>Paul Soar</PI_FULL_NAME>
<EmailAddress><![CDATA[psoar@fscj.edu]]></EmailAddress>
<NSF_ID>000706578</NSF_ID>
<StartDate>05/12/2020</StartDate>
<EndDate/>
<RoleCode>Principal Investigator</RoleCode>
</Investigator>
<Investigator>
<FirstName>Steven</FirstName>
<LastName>McCauley</LastName>
<PI_MID_INIT>A</PI_MID_INIT>
<PI_SUFX_NAME/>
<PI_FULL_NAME>Steven A McCauley</PI_FULL_NAME>
<EmailAddress><![CDATA[steven.mccauley@fscj.edu]]></EmailAddress>
<NSF_ID>000812364</NSF_ID>
<StartDate>05/12/2020</StartDate>
<EndDate>04/22/2022</EndDate>
<RoleCode>Former Co-Principal Investigator</RoleCode>
</Investigator>
<Investigator>
<FirstName>Jason</FirstName>
<LastName>Hamilton</LastName>
<PI_MID_INIT>K</PI_MID_INIT>
<PI_SUFX_NAME/>
<PI_FULL_NAME>Jason K Hamilton</PI_FULL_NAME>
<EmailAddress><![CDATA[jason.hamilton@fscj.edu]]></EmailAddress>
<NSF_ID>000878216</NSF_ID>
<StartDate>04/22/2022</StartDate>
<EndDate/>
<RoleCode>Co-Principal Investigator</RoleCode>
</Investigator>
<Institution>
<Name><![CDATA[Florida State College at Jacksonville]]></Name>
<CityName>JACKSONVILLE</CityName>
<ZipCode>322023099</ZipCode>
<PhoneNumber>9046323327</PhoneNumber>
<StreetAddress><![CDATA[501 WEST STATE STREET]]></StreetAddress>
<StreetAddress2/>
<CountryName>United States</CountryName>
<StateName>Florida</StateName>
<StateCode>FL</StateCode>
<CONGRESSDISTRICT>04</CONGRESSDISTRICT>
<CONGRESS_DISTRICT_ORG>FL04</CONGRESS_DISTRICT_ORG>
<ORG_UEI_NUM>HAMMJVYDY9D9</ORG_UEI_NUM>
<ORG_LGL_BUS_NAME>FLORIDA STATE COLLEGE AT JACKSONVILLE</ORG_LGL_BUS_NAME>
<ORG_PRNT_UEI_NUM/>
</Institution>
<Performance_Institution>
<Name><![CDATA[Florida State College at Jacksonville]]></Name>
<CityName>Jacksonville</CityName>
<StateCode>FL</StateCode>
<ZipCode>322024030</ZipCode>
<StreetAddress><![CDATA[501 West State Street]]></StreetAddress>
<CountryCode>US</CountryCode>
<CountryName>United States</CountryName>
<StateName>Florida</StateName>
<CountryFlag>1</CountryFlag>
<CONGRESSDISTRICT>04</CONGRESSDISTRICT>
<CONGRESS_DISTRICT_PERF>FL04</CONGRESS_DISTRICT_PERF>
</Performance_Institution>
<ProgramElement>
<Code>741200</Code>
<Text>Advanced Tech Education Prog</Text>
</ProgramElement>
<ProgramReference>
<Code>1032</Code>
<Text>ADVANCED TECHNOLOGY EDUCATION</Text>
</ProgramReference>
<ProgramReference>
<Code>9178</Code>
<Text>UNDERGRADUATE EDUCATION</Text>
</ProgramReference>
<ProgramReference>
<Code>SMET</Code>
<Text>SCIENCE, MATH, ENG &amp; TECH EDUCATION</Text>
</ProgramReference>
<Appropriation>
<Code>0420</Code>
<Name>NSF Education &amp; Human Resource</Name>
<APP_SYMB_ID>040106</APP_SYMB_ID>
</Appropriation>
<Fund>
<Code>04002021DB</Code>
<Name><![CDATA[NSF Education & Human Resource]]></Name>
<FUND_SYMB_ID>040106</FUND_SYMB_ID>
</Fund>
<FUND_OBLG>2020~574639</FUND_OBLG>
</Award>
</rootTag>
