<?xml version="1.0" encoding="UTF-8"?>
<rootTag>
<Award>
<AwardTitle><![CDATA[Excellence in Research: Antibiotics in the rhizosphere and resistance mechanisms in plants]]></AwardTitle>
<AGENCY>NSF</AGENCY>
<AwardEffectiveDate>08/01/2020</AwardEffectiveDate>
<AwardExpirationDate>07/31/2025</AwardExpirationDate>
<AwardTotalIntnAmount>300000.00</AwardTotalIntnAmount>
<AwardAmount>505619</AwardAmount>
<AwardInstrument>
<Value>Standard Grant</Value>
</AwardInstrument>
<Organization>
<Code>08090300</Code>
<Directorate>
<Abbreviation>BIO</Abbreviation>
<LongName>Direct For Biological Sciences</LongName>
</Directorate>
<Division>
<Abbreviation>IOS</Abbreviation>
<LongName>Division Of Integrative Organismal Systems</LongName>
</Division>
</Organization>
<ProgramOfficer>
<SignBlockName>Aardra Kachroo</SignBlockName>
<PO_EMAI>akachroo@nsf.gov</PO_EMAI>
<PO_PHON>7032927826</PO_PHON>
</ProgramOfficer>
<AbstractNarration>The goal of this project is to investigate the relationship between metal uptake and antibiotic resistance in plants. Plants mine the soil to extract minerals and in so doing, may take up antibiotics produced by soil microorganisms that adversely affect normal plant function. How plants maintain adequate nutrition while limiting the uptake of antibiotics is unknown. We specifically investigate metal uptake in the model plant Arabidopsis thaliana and its resistance to the antibiotic kanamycin. We propose a model in which the interplay among various transporters explains the trade-offs between metal uptake and antibiotic resistance. Our approach that combines mathematical modeling and experimental validation would allow us to examine these otherwise complex interactions that are not intuitive. Moreover the project provides an excellent opportunity for interdisciplinary training of undergraduate students at Spelman College, a Historically Black College for women. Overall, the project will contribute to enhancing the educational environment through research, curriculum and student development opportunities.&lt;br/&gt;&lt;br/&gt;Fe and Zn are among the most abundant micronutrients found in plants. Their uptake and movement in the plant is highly regulated. Our preliminary results showed a link between metal uptake in plants and antibiotic resistance. Most notably, Fe uptake declined in plants exposed to kanamycin. We propose a model that integrates what is known about Fe and Zn homeostasis with the effects of the antibiotic kanamycin. Besides Fe, Zn and kanamycin, other factors taken into consideration are the main chelators of Fe and Zn, citrate and nicotianamine (NA), and their known or assumed transporters. The model is centered on xylem loading, a critical step prior for the long distance transport of nutrients. A corresponding dynamic mathematical model based on a Generalized Mass Action system will be formulated and tested both computationally and biochemically.  It is expected that this model will offer a new paradigm for understanding the link between metal nutrition and antibiotics in Arabidopsis and possibly crop species.&lt;br/&gt;&lt;br/&gt;This award reflects NSF's statutory mission and has been deemed worthy of support through evaluation using the Foundation's intellectual merit and broader impacts review criteria.</AbstractNarration>
<MinAmdLetterDate>06/23/2020</MinAmdLetterDate>
<MaxAmdLetterDate>08/10/2021</MaxAmdLetterDate>
<ARRAAmount/>
<TRAN_TYPE>Grant</TRAN_TYPE>
<CFDA_NUM>47.074</CFDA_NUM>
<NSF_PAR_USE_FLAG>1</NSF_PAR_USE_FLAG>
<FUND_AGCY_CODE>4900</FUND_AGCY_CODE>
<AWDG_AGCY_CODE>4900</AWDG_AGCY_CODE>
<AwardID>2000157</AwardID>
<Investigator>
<FirstName>Mentewab</FirstName>
<LastName>Ayalew</LastName>
<PI_MID_INIT/>
<PI_SUFX_NAME/>
<PI_FULL_NAME>Mentewab Ayalew</PI_FULL_NAME>
<EmailAddress><![CDATA[mayalew@spelman.edu]]></EmailAddress>
<NSF_ID>000254641</NSF_ID>
<StartDate>06/23/2020</StartDate>
<EndDate/>
<RoleCode>Principal Investigator</RoleCode>
</Investigator>
<Institution>
<Name><![CDATA[Spelman College]]></Name>
<CityName>ATLANTA</CityName>
<ZipCode>303144399</ZipCode>
<PhoneNumber>4042705897</PhoneNumber>
<StreetAddress><![CDATA[350 SPELMAN LN SW]]></StreetAddress>
<StreetAddress2/>
<CountryName>United States</CountryName>
<StateName>Georgia</StateName>
<StateCode>GA</StateCode>
<CONGRESSDISTRICT>05</CONGRESSDISTRICT>
<CONGRESS_DISTRICT_ORG>GA05</CONGRESS_DISTRICT_ORG>
<ORG_UEI_NUM>ES69D58DJPE7</ORG_UEI_NUM>
<ORG_LGL_BUS_NAME>SPELMAN COLLEGE</ORG_LGL_BUS_NAME>
<ORG_PRNT_UEI_NUM/>
</Institution>
<Performance_Institution>
<Name><![CDATA[Spelman College]]></Name>
<CityName>Atlanta</CityName>
<StateCode>GA</StateCode>
<ZipCode>303144395</ZipCode>
<StreetAddress><![CDATA[350 Spelman Ln SW]]></StreetAddress>
<CountryCode>US</CountryCode>
<CountryName>United States</CountryName>
<StateName>Georgia</StateName>
<CountryFlag>1</CountryFlag>
<CONGRESSDISTRICT>05</CONGRESSDISTRICT>
<CONGRESS_DISTRICT_PERF>GA05</CONGRESS_DISTRICT_PERF>
</Performance_Institution>
<ProgramElement>
<Code>070Y00</Code>
<Text>HBCU-EiR - HBCU-Excellence in</Text>
</ProgramElement>
<ProgramReference>
<Code>102Z</Code>
<Text>COVID-Disproportionate Impcts Inst-Indiv</Text>
</ProgramReference>
<ProgramReference>
<Code>1228</Code>
<Text>MINORITY INVOLVEMENT -- BIO</Text>
</ProgramReference>
<ProgramReference>
<Code>9178</Code>
<Text>UNDERGRADUATE EDUCATION</Text>
</ProgramReference>
<Appropriation>
<Code>0120</Code>
<Name>NSF RESEARCH &amp; RELATED ACTIVIT</Name>
<APP_SYMB_ID>040100</APP_SYMB_ID>
</Appropriation>
<Appropriation>
<Code>0121</Code>
<Name>NSF RESEARCH &amp; RELATED ACTIVIT</Name>
<APP_SYMB_ID>040100</APP_SYMB_ID>
</Appropriation>
<Fund>
<Code>01002021DB</Code>
<Name><![CDATA[NSF RESEARCH & RELATED ACTIVIT]]></Name>
<FUND_SYMB_ID>040100</FUND_SYMB_ID>
</Fund>
<Fund>
<Code>01002122DB</Code>
<Name><![CDATA[NSF RESEARCH & RELATED ACTIVIT]]></Name>
<FUND_SYMB_ID>040100</FUND_SYMB_ID>
</Fund>
<FUND_OBLG>2020~300000</FUND_OBLG>
<FUND_OBLG>2021~205619</FUND_OBLG>
</Award>
</rootTag>
