<?xml version="1.0" encoding="UTF-8"?>
<rootTag>
<Award>
<AwardTitle><![CDATA[Analysis of Properties of Effective Hamiltonians with Applications]]></AwardTitle>
<AGENCY>NSF</AGENCY>
<AwardEffectiveDate>07/01/2020</AwardEffectiveDate>
<AwardExpirationDate>06/30/2025</AwardExpirationDate>
<AwardTotalIntnAmount>302742.00</AwardTotalIntnAmount>
<AwardAmount>302742</AwardAmount>
<AwardInstrument>
<Value>Standard Grant</Value>
</AwardInstrument>
<Organization>
<Code>03040000</Code>
<Directorate>
<Abbreviation>MPS</Abbreviation>
<LongName>Direct For Mathematical &amp; Physical Scien</LongName>
</Directorate>
<Division>
<Abbreviation>DMS</Abbreviation>
<LongName>Division Of Mathematical Sciences</LongName>
</Division>
</Organization>
<ProgramOfficer>
<SignBlockName>Marian Bocea</SignBlockName>
<PO_EMAI>mbocea@nsf.gov</PO_EMAI>
<PO_PHON>7032922595</PO_PHON>
</ProgramOfficer>
<AbstractNarration>Many physical systems (e.g. composite materials and turbulent combustion) in practical applications involve small structures. It is important to “average” those small scales through suitable mathematical models (called “homogenization”) and investigate resulting macroscopic structures (“effective quantities”) that are approximations of original systems. A particularly interesting and physically relevant question is to understand how those effective quantities depend on original physical systems. Effective Hamiltonian arises from homogenizing Hamilton-Jacobi equations, which are partial differential equations (PDE) that play fundamental roles in control theory and the modeling of things like crystal growth, flame propagations, etc. For example, effective Hamiltonian serves as an important approach to model turbulent flame speed, one of the most important quantities in turbulent combustion (e.g., the spread of wild fire fanned by strong wind, the burning inside an engine), via the popular G-equation model. One goal of this project is to understand how the turbulent flame speed depends on the strength of the flow (e.g., wind velocity) and other important physical quantities like curvature effects, which could provide theoretical justifications for phenomena observed in experiments. The curvature effect is a phenomenological way to capture variance of burning temperature along the flame front. The project provides research training opportunities for graduate students.&lt;br/&gt;&lt;br/&gt;The first part of the project aims to identify optimal convergence rate in periodic homogenization of Hamilton-Jacobi equations. As the principal investigator and his collaborators have revealed in previous works, the optimal convergence rate is closely related to the shape of corresponding effective Hamiltonian. The second and third part of the project focus on studying important properties of effective Hamiltonian from perspectives of both the mathematical interest and practical applications in turbulent combustion. Although the existence of effect Hamiltonian has been established in many situations since the fundamental work of Lions-Papanicolaou-Varadhan (1987), understanding finer properties of effective Hamiltonian remains a major open problem in homogenization theory due to limitations of standard methods in PDEs. There are deep connections between properties of effective Hamiltonian and dynamical systems. In particular, the principal investigator needs to employ substantial tools/methods from ergodic theory, Aubry-Mather theory/weak KAM theory. In addition, dynamics associated with two-person zero-sum differential games is also important in dealing with non-convex Hamiltonian and the presence of curvature term (curvature effect).&lt;br/&gt;&lt;br/&gt;This award reflects NSF's statutory mission and has been deemed worthy of support through evaluation using the Foundation's intellectual merit and broader impacts review criteria.</AbstractNarration>
<MinAmdLetterDate>03/30/2020</MinAmdLetterDate>
<MaxAmdLetterDate>03/30/2020</MaxAmdLetterDate>
<ARRAAmount/>
<TRAN_TYPE>Grant</TRAN_TYPE>
<CFDA_NUM>47.049</CFDA_NUM>
<NSF_PAR_USE_FLAG>1</NSF_PAR_USE_FLAG>
<FUND_AGCY_CODE>4900</FUND_AGCY_CODE>
<AWDG_AGCY_CODE>4900</AWDG_AGCY_CODE>
<AwardID>2000191</AwardID>
<Investigator>
<FirstName>Yifeng</FirstName>
<LastName>Yu</LastName>
<PI_MID_INIT/>
<PI_SUFX_NAME/>
<PI_FULL_NAME>Yifeng Yu</PI_FULL_NAME>
<EmailAddress><![CDATA[yyu1@math.uci.edu]]></EmailAddress>
<NSF_ID>000487585</NSF_ID>
<StartDate>03/30/2020</StartDate>
<EndDate/>
<RoleCode>Principal Investigator</RoleCode>
</Investigator>
<Institution>
<Name><![CDATA[University of California-Irvine]]></Name>
<CityName>IRVINE</CityName>
<ZipCode>926970001</ZipCode>
<PhoneNumber>9498247295</PhoneNumber>
<StreetAddress><![CDATA[160 ALDRICH HALL]]></StreetAddress>
<StreetAddress2/>
<CountryName>United States</CountryName>
<StateName>California</StateName>
<StateCode>CA</StateCode>
<CONGRESSDISTRICT>47</CONGRESSDISTRICT>
<CONGRESS_DISTRICT_ORG>CA47</CONGRESS_DISTRICT_ORG>
<ORG_UEI_NUM>MJC5FCYQTPE6</ORG_UEI_NUM>
<ORG_LGL_BUS_NAME>UNIVERSITY OF CALIFORNIA IRVINE</ORG_LGL_BUS_NAME>
<ORG_PRNT_UEI_NUM>MJC5FCYQTPE6</ORG_PRNT_UEI_NUM>
</Institution>
<Performance_Institution>
<Name><![CDATA[University of California-Irvine]]></Name>
<CityName>Irvine</CityName>
<StateCode>CA</StateCode>
<ZipCode>926973875</ZipCode>
<StreetAddress><![CDATA[Rowland Hall room 410G]]></StreetAddress>
<CountryCode>US</CountryCode>
<CountryName>United States</CountryName>
<StateName>California</StateName>
<CountryFlag>1</CountryFlag>
<CONGRESSDISTRICT>47</CONGRESSDISTRICT>
<CONGRESS_DISTRICT_PERF>CA47</CONGRESS_DISTRICT_PERF>
</Performance_Institution>
<ProgramElement>
<Code>128100</Code>
<Text>ANALYSIS PROGRAM</Text>
</ProgramElement>
<Appropriation>
<Code>0120</Code>
<Name>NSF RESEARCH &amp; RELATED ACTIVIT</Name>
<APP_SYMB_ID>040100</APP_SYMB_ID>
</Appropriation>
<Fund>
<Code>01002021DB</Code>
<Name><![CDATA[NSF RESEARCH & RELATED ACTIVIT]]></Name>
<FUND_SYMB_ID>040100</FUND_SYMB_ID>
</Fund>
<FUND_OBLG>2020~302742</FUND_OBLG>
</Award>
</rootTag>
