<?xml version="1.0" encoding="UTF-8"?>
<rootTag>
<Award>
<AwardTitle><![CDATA[American Political Science Association Dissertation Improvement Grants]]></AwardTitle>
<AGENCY>NSF</AGENCY>
<AwardEffectiveDate>03/01/2020</AwardEffectiveDate>
<AwardExpirationDate>02/28/2025</AwardExpirationDate>
<AwardTotalIntnAmount>1410000.00</AwardTotalIntnAmount>
<AwardAmount>1410000</AwardAmount>
<AwardInstrument>
<Value>Continuing Grant</Value>
</AwardInstrument>
<Organization>
<Code>04050000</Code>
<Directorate>
<Abbreviation>SBE</Abbreviation>
<LongName>Direct For Social, Behav &amp; Economic Scie</LongName>
</Directorate>
<Division>
<Abbreviation>SES</Abbreviation>
<LongName>Divn Of Social and Economic Sciences</LongName>
</Division>
</Organization>
<ProgramOfficer>
<SignBlockName>Lee Walker</SignBlockName>
<PO_EMAI>lwalker@nsf.gov</PO_EMAI>
<PO_PHON>7032927174</PO_PHON>
</ProgramOfficer>
<AbstractNarration>The APSA Dissertation Improvement Grant promotes the progress of science by identifying and supporting doctoral dissertation research projects that have the potential to advance knowledge of citizenship, government, and politics, knowledge that will advance the national health, prosperity, and welfare.  It expands on the success of the current NSF program by drawing on APSA’s networks and programming to promote diversity and representation throughout the recruitment, selection, and support of awardees. Each year the program will provide research support for up to twenty research projects, as well as professional development and public engagement resources, to amplify the effect of the award on the awardee’s career and on the impact of their work.  Along with its direct effects on the potential for supported research to advance knowledge, this project will also support increased participation of women and underrepresented minorities in political science research by recruiting diverse applicant and reviewer pools to support doctoral students from diverse groups and institutions. In addition, the project will support increased public engagement with political science through ongoing attention to training and support for public engagement to strengthen and enhance the exchange between the public and political scientists.&lt;br/&gt;&lt;br/&gt;The APSA Dissertation Improvement Grant project will support doctoral dissertation research in political science to enhance and improve the conduct of doctoral dissertation projects. The program will be executed by APSA staff and supervised by the APSA Executive Director.  The APSA Dissertation Improvement Grant program will award up to twenty grants yearly of between $10,000 and $15,000 to support doctoral dissertation research that advances knowledge and understanding of citizenship, government, and politics. Awards will support basic research (applied research will not be funded) which is theoretically derived and empirically oriented. Successful proposals will focus on research costs not normally covered by the student’s university and will be evaluated based on their intellectual merit and broader impact. The program will also connect awardees to APSA’s extensive professional development and public engagement networks and resources, to amplify the effect of the award on the awardee’s career and on the impact of their work. This project will advance knowledge through support of highly promising doctoral dissertation research in political science. Importantly, it will maximize impact through diversifying the applicant pool, thus identifying and supporting dissertation research that will explore solutions to a wide range of institutional, political, and social challenges. Through recruiting diverse applicant and reviewer pools to support doctoral students from diverse groups and institutions, this program will also have a broader benefit to society by supporting increased participation of women and underrepresented minorities in political science research and the development of a diverse, globally competitive political science workforce.&lt;br/&gt;&lt;br/&gt;This award reflects NSF's statutory mission and has been deemed worthy of support through evaluation using the Foundation's intellectual merit and broader impacts review criteria.</AbstractNarration>
<MinAmdLetterDate>03/02/2020</MinAmdLetterDate>
<MaxAmdLetterDate>07/19/2024</MaxAmdLetterDate>
<ARRAAmount/>
<TRAN_TYPE>Grant</TRAN_TYPE>
<CFDA_NUM>47.075</CFDA_NUM>
<NSF_PAR_USE_FLAG>1</NSF_PAR_USE_FLAG>
<FUND_AGCY_CODE>4900</FUND_AGCY_CODE>
<AWDG_AGCY_CODE>4900</AWDG_AGCY_CODE>
<AwardID>2000500</AwardID>
<Investigator>
<FirstName>Kimberly</FirstName>
<LastName>Mealy</LastName>
<PI_MID_INIT>A</PI_MID_INIT>
<PI_SUFX_NAME/>
<PI_FULL_NAME>Kimberly A Mealy</PI_FULL_NAME>
<EmailAddress><![CDATA[kmealy@apsanet.org]]></EmailAddress>
<NSF_ID>000558047</NSF_ID>
<StartDate>03/02/2020</StartDate>
<EndDate/>
<RoleCode>Co-Principal Investigator</RoleCode>
</Investigator>
<Investigator>
<FirstName>Meghan</FirstName>
<LastName>McConaughey</LastName>
<PI_MID_INIT/>
<PI_SUFX_NAME/>
<PI_FULL_NAME>Meghan McConaughey</PI_FULL_NAME>
<EmailAddress><![CDATA[mmcconaughey@apsanet.org]]></EmailAddress>
<NSF_ID>000812278</NSF_ID>
<StartDate>03/02/2020</StartDate>
<EndDate/>
<RoleCode>Principal Investigator</RoleCode>
</Investigator>
<Investigator>
<FirstName>Steven</FirstName>
<LastName>Smith</LastName>
<PI_MID_INIT>R</PI_MID_INIT>
<PI_SUFX_NAME/>
<PI_FULL_NAME>Steven R Smith</PI_FULL_NAME>
<EmailAddress><![CDATA[smithsr@apsanet.org]]></EmailAddress>
<NSF_ID>000812288</NSF_ID>
<StartDate>03/02/2020</StartDate>
<EndDate/>
<RoleCode>Co-Principal Investigator</RoleCode>
</Investigator>
<Investigator>
<FirstName>Elizabeth</FirstName>
<LastName>Meehan</LastName>
<PI_MID_INIT/>
<PI_SUFX_NAME/>
<PI_FULL_NAME>Elizabeth Meehan</PI_FULL_NAME>
<EmailAddress><![CDATA[emeehan@apsanet.org]]></EmailAddress>
<NSF_ID>000884359</NSF_ID>
<StartDate>07/19/2024</StartDate>
<EndDate/>
<RoleCode>Co-Principal Investigator</RoleCode>
</Investigator>
<Institution>
<Name><![CDATA[American Political Science Association]]></Name>
<CityName>WASHINGTON</CityName>
<ZipCode>200361203</ZipCode>
<PhoneNumber>2024832512</PhoneNumber>
<StreetAddress><![CDATA[1527 NEW HAMPSHIRE AVE NW]]></StreetAddress>
<StreetAddress2/>
<CountryName>United States</CountryName>
<StateName>District of Columbia</StateName>
<StateCode>DC</StateCode>
<CONGRESSDISTRICT>00</CONGRESSDISTRICT>
<CONGRESS_DISTRICT_ORG>DC00</CONGRESS_DISTRICT_ORG>
<ORG_UEI_NUM>LRMVXX1DKFF3</ORG_UEI_NUM>
<ORG_LGL_BUS_NAME>AMERICAN POLITICAL SCIENCE ASSOCIATION</ORG_LGL_BUS_NAME>
<ORG_PRNT_UEI_NUM/>
</Institution>
<Performance_Institution>
<Name><![CDATA[American Political Science Association]]></Name>
<CityName>Washington</CityName>
<StateCode>DC</StateCode>
<ZipCode>200361206</ZipCode>
<StreetAddress><![CDATA[1527 New Hampshire Ave, NW]]></StreetAddress>
<CountryCode>US</CountryCode>
<CountryName>United States</CountryName>
<StateName>District of Columbia</StateName>
<CountryFlag>1</CountryFlag>
<CONGRESSDISTRICT>00</CONGRESSDISTRICT>
<CONGRESS_DISTRICT_PERF>DC00</CONGRESS_DISTRICT_PERF>
</Performance_Institution>
<ProgramElement>
<Code>118Y00</Code>
<Text>Security &amp; Preparedness</Text>
</ProgramElement>
<ProgramElement>
<Code>120Y00</Code>
<Text>AIB-Acctble Institutions&amp;Behav</Text>
</ProgramElement>
<Appropriation>
<Code/>
<Name/>
<APP_SYMB_ID/>
</Appropriation>
<Appropriation>
<Code>0120</Code>
<Name>NSF RESEARCH &amp; RELATED ACTIVIT</Name>
<APP_SYMB_ID>040100</APP_SYMB_ID>
</Appropriation>
<Fund>
<Code>01002021DB</Code>
<Name><![CDATA[NSF RESEARCH & RELATED ACTIVIT]]></Name>
<FUND_SYMB_ID>040100</FUND_SYMB_ID>
</Fund>
<Fund>
<Code>01002021DB</Code>
<Name><![CDATA[NSF RESEARCH & RELATED ACTIVIT]]></Name>
<FUND_SYMB_ID>040100</FUND_SYMB_ID>
</Fund>
<FUND_OBLG>2020~1410000</FUND_OBLG>
</Award>
</rootTag>
