<?xml version="1.0" encoding="UTF-8"?>
<rootTag>
<Award>
<AwardTitle><![CDATA[Collaborative Research: Untangling the Complex Role of Anthropocentric Thinking in Undergraduate Biology Education]]></AwardTitle>
<AGENCY>NSF</AGENCY>
<AwardEffectiveDate>10/01/2020</AwardEffectiveDate>
<AwardExpirationDate>09/30/2025</AwardExpirationDate>
<AwardTotalIntnAmount>599936.00</AwardTotalIntnAmount>
<AwardAmount>599936</AwardAmount>
<AwardInstrument>
<Value>Continuing Grant</Value>
</AwardInstrument>
<Organization>
<Code>11040000</Code>
<Directorate>
<Abbreviation>EDU</Abbreviation>
<LongName>Directorate for STEM Education</LongName>
</Directorate>
<Division>
<Abbreviation>DUE</Abbreviation>
<LongName>Division Of Undergraduate Education</LongName>
</Division>
</Organization>
<ProgramOfficer>
<SignBlockName>Jennifer Lewis</SignBlockName>
<PO_EMAI>jenlewis@nsf.gov</PO_EMAI>
<PO_PHON>7032927340</PO_PHON>
</ProgramOfficer>
<AbstractNarration>This project aims to serve the national interest by improving undergraduate biology education.  It will do so by conducting basic research on how the intuitive thinking of biology students helps and/or hinders their learning of biological concepts in STEM learning environments. The project focuses on anthropocentric thinking, a particular kind of intuitive thinking that anchors understanding of the biological world in human terms. Anthropocentric thinking results in a tendency to see humans as biologically exceptional or to reason about other organisms by analogy to humans. Previous NSF-sponsored findings show that anthropocentric thinking may have a complex role in how undergraduates learn biological science. This project intends to examine this issue from three perspectives:  1) How students from different backgrounds may vary in the degree to which they bring with anthropocentric conceptions to the biology classroom. 2) How teaching biology concepts using anthropocentric language might help and/or hinder student learning. 3) How faculty may intentionally or unintentionally use anthropocentric language in their own teaching. This research has the potential to contribute to the NSF EHR mission by discovering how specific systems of cognitive understanding may interact with formal classroom teaching to help and/or hinder science learning.&lt;br/&gt;&lt;br/&gt;This project will leverage a successful long-term collaboration between cognitive scientists and discipline-based education researchers to investigate the educational consequences of intuitive understandings. These investigators’ previous work revealed systematic relationships between patterns of intuitive, informal thought about biology, including teleological, essentialist, and anthropocentric thinking, as well as revealing misconceptions about biological concepts among students. It showed anthropocentric thinking is more strongly and consistently related to biological misconceptions than other types of intuitive thinking.  However, widespread and frequent use of anthropocentric language by biology faculty in classrooms suggests that at least some instructors see pedagogical merit in such thinking. Moreover, although this project's researchers have found similar anthropocentric thinking and misconceptions among students in two different urban institutions, anthropocentric thinking has been shown to be reduced among people from rural backgrounds. Therefore, this project intends to probe relationships between anthropocentric thinking and biological misconceptions among students from rural backgrounds. It is important to explore in depth the ways in which anthropocentric framing may facilitate learning formal biology concepts (via human examples and analogies) and/or engender misconceptions (via human exceptionalism). Accordingly, the project aims to investigate the effects of anthropocentric framing on biology learning by experimentally presenting biology concepts framed in different ways and assessing resulting learning and misconceptions. Finally, although there is widespread evidence of anthropocentric language in faculty lectures, the degree to which instructors consciously employ such language as a pedagogical strategy is unknown. Therefore, this project seeks to assess faculty metacognitive awareness of their use of anthropocentric language in biology explanations. Results of this research are expected to inform the building of an important and generative theoretical framework integrating disconnected yet theoretically interdependent lines of inquiry in cognitive science and discipline-based science education research. It has the potential to translate this theoretical framework for understanding the acquisition of expertise in life sciences into pedagogical best practices and thus influence the way undergraduate biology is taught. The proposed project is a joint effort between the Conceptual Organization, Reasoning, and Education Laboratory (CORE Lab) at Northeastern University and the Science Education Partnership and Assessment Laboratory (SEPAL) at San Francisco State University, and is supported by the EHR Core Research (ECR) program, which supports work that advances fundamental research on STEM learning and learning environments, broadening participation in STEM, and STEM workforce development.&lt;br/&gt;&lt;br/&gt;This award reflects NSF's statutory mission and has been deemed worthy of support through evaluation using the Foundation's intellectual merit and broader impacts review criteria.</AbstractNarration>
<MinAmdLetterDate>08/07/2020</MinAmdLetterDate>
<MaxAmdLetterDate>08/14/2024</MaxAmdLetterDate>
<ARRAAmount/>
<TRAN_TYPE>Grant</TRAN_TYPE>
<CFDA_NUM>47.076</CFDA_NUM>
<NSF_PAR_USE_FLAG>1</NSF_PAR_USE_FLAG>
<FUND_AGCY_CODE>4900</FUND_AGCY_CODE>
<AWDG_AGCY_CODE>4900</AWDG_AGCY_CODE>
<AwardID>2000923</AwardID>
<Investigator>
<FirstName>Laura</FirstName>
<LastName>Burrus</LastName>
<PI_MID_INIT>W</PI_MID_INIT>
<PI_SUFX_NAME/>
<PI_FULL_NAME>Laura W Burrus</PI_FULL_NAME>
<EmailAddress><![CDATA[lburrus@sfsu.edu]]></EmailAddress>
<NSF_ID>000348205</NSF_ID>
<StartDate>08/11/2021</StartDate>
<EndDate/>
<RoleCode>Principal Investigator</RoleCode>
</Investigator>
<Investigator>
<FirstName>Kimberly</FirstName>
<LastName>Tanner</LastName>
<PI_MID_INIT>D</PI_MID_INIT>
<PI_SUFX_NAME/>
<PI_FULL_NAME>Kimberly D Tanner</PI_FULL_NAME>
<EmailAddress><![CDATA[kdtanner@sfsu.edu]]></EmailAddress>
<NSF_ID>000345346</NSF_ID>
<StartDate>08/07/2020</StartDate>
<EndDate>08/11/2021</EndDate>
<RoleCode>Former Principal Investigator</RoleCode>
</Investigator>
<Institution>
<Name><![CDATA[San Francisco State University]]></Name>
<CityName>SAN FRANCISCO</CityName>
<ZipCode>941321740</ZipCode>
<PhoneNumber>4153387090</PhoneNumber>
<StreetAddress><![CDATA[1600 HOLLOWAY AVE]]></StreetAddress>
<StreetAddress2/>
<CountryName>United States</CountryName>
<StateName>California</StateName>
<StateCode>CA</StateCode>
<CONGRESSDISTRICT>11</CONGRESSDISTRICT>
<CONGRESS_DISTRICT_ORG>CA11</CONGRESS_DISTRICT_ORG>
<ORG_UEI_NUM>F4SLJ5WF59F6</ORG_UEI_NUM>
<ORG_LGL_BUS_NAME>SAN FRANCISCO STATE UNIVERSITY</ORG_LGL_BUS_NAME>
<ORG_PRNT_UEI_NUM>NUDGYLBB4S99</ORG_PRNT_UEI_NUM>
</Institution>
<Performance_Institution>
<Name><![CDATA[San Francisco State University]]></Name>
<CityName/>
<StateCode>CA</StateCode>
<ZipCode>941321722</ZipCode>
<StreetAddress/>
<CountryCode>US</CountryCode>
<CountryName>United States</CountryName>
<StateName>California</StateName>
<CountryFlag>1</CountryFlag>
<CONGRESSDISTRICT>11</CONGRESSDISTRICT>
<CONGRESS_DISTRICT_PERF>CA11</CONGRESS_DISTRICT_PERF>
</Performance_Institution>
<ProgramElement>
<Code>798000</Code>
<Text>ECR-EDU Core Research</Text>
</ProgramElement>
<ProgramReference>
<Code>8817</Code>
<Text>STEM Learning &amp; Learning Environments</Text>
</ProgramReference>
<Appropriation>
<Code>0420</Code>
<Name>NSF Education &amp; Human Resource</Name>
<APP_SYMB_ID>040106</APP_SYMB_ID>
</Appropriation>
<Appropriation>
<Code>0422</Code>
<Name>NSF Education &amp; Human Resource</Name>
<APP_SYMB_ID>040106</APP_SYMB_ID>
</Appropriation>
<Fund>
<Code>04002021DB</Code>
<Name><![CDATA[NSF Education & Human Resource]]></Name>
<FUND_SYMB_ID>040106</FUND_SYMB_ID>
</Fund>
<Fund>
<Code>04002223DB</Code>
<Name><![CDATA[NSF Education & Human Resource]]></Name>
<FUND_SYMB_ID>040106</FUND_SYMB_ID>
</Fund>
<FUND_OBLG>2020~403971</FUND_OBLG>
<FUND_OBLG>2022~195965</FUND_OBLG>
</Award>
</rootTag>
