<?xml version="1.0" encoding="UTF-8"?>
<rootTag>
<Award>
<AwardTitle><![CDATA[RAPID/Collaborative Research: Japan-U.S. Collaboration on the Seismic Performance of Reinforced Concrete Structures]]></AwardTitle>
<AGENCY>NSF</AGENCY>
<AwardEffectiveDate>11/01/2019</AwardEffectiveDate>
<AwardExpirationDate>03/31/2023</AwardExpirationDate>
<AwardTotalIntnAmount>135043.00</AwardTotalIntnAmount>
<AwardAmount>135043</AwardAmount>
<AwardInstrument>
<Value>Standard Grant</Value>
</AwardInstrument>
<Organization>
<Code>07030000</Code>
<Directorate>
<Abbreviation>ENG</Abbreviation>
<LongName>Directorate For Engineering</LongName>
</Directorate>
<Division>
<Abbreviation>CMMI</Abbreviation>
<LongName>Div Of Civil, Mechanical, &amp; Manufact Inn</LongName>
</Division>
</Organization>
<ProgramOfficer>
<SignBlockName>Joy Pauschke</SignBlockName>
<PO_EMAI>jpauschk@nsf.gov</PO_EMAI>
<PO_PHON>7032927024</PO_PHON>
</ProgramOfficer>
<AbstractNarration>Reinforced concrete (RC) structures comprise most of the multi-family residential buildings in the U.S. and many other countries. When buildings are subjected to catastrophic events such as earthquakes, there is the need to assess their level of structural safety after the event. Structural assessment activities present two challenges - collecting high quality damage data and interpreting the acquired data in a meaningful and rational way - to produce estimates of the level of safety and residual strength of the inspected building. While advanced data acquisition systems are available to collect structural damage data, new methods are needed to analyze the collected data to assess structural performance.  This Grant for Rapid Response Research (RAPID) will support a team of researchers from the University of Washington and the University of Nevada, Reno, to collaborate with researchers from Japanese universities on experimental research investigating the seismic performance of RC building systems.  The experimental research will involve the dynamic testing of a full-scale, three-story RC building as part of the ongoing Tokyo Metropolitan Resilience Project (TMRP) supported in Japan by the Ministry of Education, Culture, Sports, Science and Technology and the National Research Institute for Earth Science and Disaster Resilience. The experiments will be conducted at the world's largest shake table, E-Defense in Miki, Japan, in December 2019. The main goal of this RAPID project is to acquire, process, and analyze dynamic response and damage data pertaining to both structural and non-structural elements of the building. The data will be collected using equipment recently acquired by the NSF-supported Natural Hazards Engineering Research Infrastructure (NHERI) RAPID Facility (https://rapid.designsafe-ci.org/) and the high-speed, high-resolution digital image correlation (DIC) integrated monitoring system recently developed at the University of Nevada, Reno. The processing and interpretation of this data will advance the state of knowledge and practice in post-earthquake structural assessments of buildings. The project will train two graduate students and several undergraduate students in structural integrity research and promote collaboration between Japanese and U.S. researchers. All collected data will be archived and made publicly available in the NSF-supported NHERI Data Depot (https://www.DesignSafe-ci.org/). Additionally, the results of this project will be disseminated via journal publications, conference presentations, a public webinar, and live broadcasts. This project contributes to NSF's role in the National Earthquake Hazards Reduction Program (NEHRP). &lt;br/&gt;&lt;br/&gt;In this RAPID project, the Japanese and U.S. research team will investigate the seismic performance of a full-scale, three-story RC building system tested at the E-Defense shake table as part of the Japanese TMRP project.  The key objectives of this collaborative project are to: (1) provide better understanding of dynamic response of RC buildings, (2) investigate the capabilities of new instrumentation to capture structural performance and damage data, and (3) evaluate current post-earthquake structural assessment procedures and use the acquired data to provide information for refinements.   The collected data and structural assessment procedures will also help policymakers in the U.S., Japan, and other countries to plan retrofit efforts strategically and effectively.&lt;br/&gt;&lt;br/&gt;This award reflects NSF's statutory mission and has been deemed worthy of support through evaluation using the Foundation's intellectual merit and broader impacts review criteria.</AbstractNarration>
<MinAmdLetterDate>11/13/2019</MinAmdLetterDate>
<MaxAmdLetterDate>11/02/2022</MaxAmdLetterDate>
<ARRAAmount/>
<TRAN_TYPE>Grant</TRAN_TYPE>
<CFDA_NUM>47.041</CFDA_NUM>
<NSF_PAR_USE_FLAG>1</NSF_PAR_USE_FLAG>
<FUND_AGCY_CODE>4900</FUND_AGCY_CODE>
<AWDG_AGCY_CODE>4900</AWDG_AGCY_CODE>
<AwardID>2000478</AwardID>
<Investigator>
<FirstName>Laura</FirstName>
<LastName>Lowes</LastName>
<PI_MID_INIT>N</PI_MID_INIT>
<PI_SUFX_NAME/>
<PI_FULL_NAME>Laura N Lowes</PI_FULL_NAME>
<EmailAddress><![CDATA[lowes@uw.edu]]></EmailAddress>
<NSF_ID>000428380</NSF_ID>
<StartDate>11/13/2019</StartDate>
<EndDate/>
<RoleCode>Co-Principal Investigator</RoleCode>
</Investigator>
<Investigator>
<FirstName>Paolo</FirstName>
<LastName>Calvi</LastName>
<PI_MID_INIT/>
<PI_SUFX_NAME/>
<PI_FULL_NAME>Paolo Calvi</PI_FULL_NAME>
<EmailAddress><![CDATA[pmc85@uw.edu]]></EmailAddress>
<NSF_ID>000717698</NSF_ID>
<StartDate>11/13/2019</StartDate>
<EndDate/>
<RoleCode>Principal Investigator</RoleCode>
</Investigator>
<Institution>
<Name><![CDATA[University of Washington]]></Name>
<CityName>SEATTLE</CityName>
<ZipCode>981951016</ZipCode>
<PhoneNumber>2065434043</PhoneNumber>
<StreetAddress><![CDATA[4333 BROOKLYN AVE NE]]></StreetAddress>
<StreetAddress2/>
<CountryName>United States</CountryName>
<StateName>Washington</StateName>
<StateCode>WA</StateCode>
<CONGRESSDISTRICT>07</CONGRESSDISTRICT>
<CONGRESS_DISTRICT_ORG>WA07</CONGRESS_DISTRICT_ORG>
<ORG_UEI_NUM>HD1WMN6945W6</ORG_UEI_NUM>
<ORG_LGL_BUS_NAME>UNIVERSITY OF WASHINGTON</ORG_LGL_BUS_NAME>
<ORG_PRNT_UEI_NUM/>
</Institution>
<Performance_Institution>
<Name><![CDATA[University of Washington]]></Name>
<CityName>Seattle</CityName>
<StateCode>WA</StateCode>
<ZipCode>981952700</ZipCode>
<StreetAddress><![CDATA[4333 Brooklyn Ave NE]]></StreetAddress>
<CountryCode>US</CountryCode>
<CountryName>United States</CountryName>
<StateName>Washington</StateName>
<CountryFlag>1</CountryFlag>
<CONGRESSDISTRICT>07</CONGRESSDISTRICT>
<CONGRESS_DISTRICT_PERF>WA07</CONGRESS_DISTRICT_PERF>
</Performance_Institution>
<ProgramElement>
<Code>073Y00</Code>
<Text>ECI-Engineering for Civil Infr</Text>
</ProgramElement>
<ProgramReference>
<Code>036E</Code>
<Text>CIVIL INFRASTRUCTURE</Text>
</ProgramReference>
<ProgramReference>
<Code>039E</Code>
<Text>STRUCTURAL SYSTEMS</Text>
</ProgramReference>
<ProgramReference>
<Code>040E</Code>
<Text>Haz mitigation of structural sys</Text>
</ProgramReference>
<ProgramReference>
<Code>043E</Code>
<Text>EARTHQUAKE ENGINEERING</Text>
</ProgramReference>
<ProgramReference>
<Code>1057</Code>
<Text>CIS BASE RESEARCH</Text>
</ProgramReference>
<ProgramReference>
<Code>1576</Code>
<Text>NATIONL EARTHQK HZRD REDCT PRG</Text>
</ProgramReference>
<ProgramReference>
<Code>7231</Code>
<Text>CYBERINFRASTRUCTURE</Text>
</ProgramReference>
<ProgramReference>
<Code>7914</Code>
<Text>RAPID</Text>
</ProgramReference>
<ProgramReference>
<Code>CVIS</Code>
<Text>CIVIL INFRASTRUCTURE</Text>
</ProgramReference>
<Appropriation>
<Code>0120</Code>
<Name>NSF RESEARCH &amp; RELATED ACTIVIT</Name>
<APP_SYMB_ID>040100</APP_SYMB_ID>
</Appropriation>
<Fund>
<Code>01002021DB</Code>
<Name><![CDATA[NSF RESEARCH & RELATED ACTIVIT]]></Name>
<FUND_SYMB_ID>040100</FUND_SYMB_ID>
</Fund>
<FUND_OBLG>2020~135043</FUND_OBLG>
<POR>
<DRECONTENT><![CDATA[<div class="porColContainerWBG"> <div class="porContentCol"><p>An overwhelming amount of building data were acquired throughout full-scale shake table tests, using high-resolution ultra high-density point clouds obtained at scan rates of more than 1 million points per second using Leica P50 and Leica RTC360 terrestrial Lidar scanners.</p> <p>The collected lidar data were used to explore the damage features that can be extracted from a 3D point cloud which are important for post-disaster structural assessment purposes. More specifically, the project focused on lidar data processing and registration, estimation of residual displacements and inter-story drifts, concrete cracking and spalling identification and concrete cracking and spalling measurement. The main purpose was to develop best practice guidelines for data collection and to illustrate the potential that lidar data have with respect to the evaluation of damaged structures, paving the way for possible future research activities in this field.</p> <p>This was achieved by analyzing a series of structural components in which lidar data were processed and analyzed to assess specific structural components. These cases have shown that point cloud data can indeed be processed to obtain measurements of global residual drifts or of the extent of visible damage (e.g., crack width, spalling). Displacements and damaged areas can be computed by comparing the point clouds collected before and after an event, but it was shown that meaningful measurements can also be obtained from individual scans, which is of more practical interest because in a real scenario (most likely) point clouds would only be collected after an earthquake.</p> <p>The results obtained in this project clearly indicate that collecting post-disaster data using terrestrial lidar scanners has the potential to change the landscape creating a paradigm shift in how buildings are assessed. For instance, the use of lidar has the promise to lead to significantly more rapid and more detailed inspections, substantially reduced need of experts in the aftermath of natural disasters and greatly enhanced accuracy/consistency of the information collected.</p> <p>Additionally, acquiring damage data using lidar significantly enhances the safety of the personnel conducting building inspection and data collection as scans of the outside of a structure can be conducted with high accuracy from a safe distance, and scans of the structure&rsquo;s inside can also be conducted from a distance, once the scanners have been adequately set up. This minimizes the amount of time that inspectors are exposed to risks related to sudden post-earthquake collapses, induced for example by aftershocks.&nbsp;&nbsp;</p> <p>The results of this project have been presented at several webinars, summarized in conference and journal papers and all data have been archived and published in DesignSafe.</p> <p>&nbsp;</p><br> <p>            Last Modified: 04/17/2023<br>      Modified by: Paolo&nbsp;Calvi</p> </div> <div class="porSideCol"></div> </div>]]></DRECONTENT>
<POR_COPY_TXT><![CDATA[ An overwhelming amount of building data were acquired throughout full-scale shake table tests, using high-resolution ultra high-density point clouds obtained at scan rates of more than 1 million points per second using Leica P50 and Leica RTC360 terrestrial Lidar scanners.  The collected lidar data were used to explore the damage features that can be extracted from a 3D point cloud which are important for post-disaster structural assessment purposes. More specifically, the project focused on lidar data processing and registration, estimation of residual displacements and inter-story drifts, concrete cracking and spalling identification and concrete cracking and spalling measurement. The main purpose was to develop best practice guidelines for data collection and to illustrate the potential that lidar data have with respect to the evaluation of damaged structures, paving the way for possible future research activities in this field.  This was achieved by analyzing a series of structural components in which lidar data were processed and analyzed to assess specific structural components. These cases have shown that point cloud data can indeed be processed to obtain measurements of global residual drifts or of the extent of visible damage (e.g., crack width, spalling). Displacements and damaged areas can be computed by comparing the point clouds collected before and after an event, but it was shown that meaningful measurements can also be obtained from individual scans, which is of more practical interest because in a real scenario (most likely) point clouds would only be collected after an earthquake.  The results obtained in this project clearly indicate that collecting post-disaster data using terrestrial lidar scanners has the potential to change the landscape creating a paradigm shift in how buildings are assessed. For instance, the use of lidar has the promise to lead to significantly more rapid and more detailed inspections, substantially reduced need of experts in the aftermath of natural disasters and greatly enhanced accuracy/consistency of the information collected.  Additionally, acquiring damage data using lidar significantly enhances the safety of the personnel conducting building inspection and data collection as scans of the outside of a structure can be conducted with high accuracy from a safe distance, and scans of the structure’s inside can also be conducted from a distance, once the scanners have been adequately set up. This minimizes the amount of time that inspectors are exposed to risks related to sudden post-earthquake collapses, induced for example by aftershocks.    The results of this project have been presented at several webinars, summarized in conference and journal papers and all data have been archived and published in DesignSafe.          Last Modified: 04/17/2023       Submitted by: Paolo Calvi]]></POR_COPY_TXT>
</POR>
</Award>
</rootTag>
