<?xml version="1.0" encoding="UTF-8"?>
<rootTag>
<Award>
<AwardTitle><![CDATA[Modern Aspects of Multivariable Operator Theory and Matrix Analysis]]></AwardTitle>
<AGENCY>NSF</AGENCY>
<AwardEffectiveDate>07/01/2020</AwardEffectiveDate>
<AwardExpirationDate>09/30/2024</AwardExpirationDate>
<AwardTotalIntnAmount>249000.00</AwardTotalIntnAmount>
<AwardAmount>249000</AwardAmount>
<AwardInstrument>
<Value>Standard Grant</Value>
</AwardInstrument>
<Organization>
<Code>03040000</Code>
<Directorate>
<Abbreviation>MPS</Abbreviation>
<LongName>Direct For Mathematical &amp; Physical Scien</LongName>
</Directorate>
<Division>
<Abbreviation>DMS</Abbreviation>
<LongName>Division Of Mathematical Sciences</LongName>
</Division>
</Organization>
<ProgramOfficer>
<SignBlockName>Marian Bocea</SignBlockName>
<PO_EMAI>mbocea@nsf.gov</PO_EMAI>
<PO_PHON>7032922595</PO_PHON>
</ProgramOfficer>
<AbstractNarration>Operator theory and matrix analysis are both fundamental areas of mathematics. In large part, they were originally developed to provide a theoretical basis for quantum mechanics and other physical phenomena. An increasing number of application areas have emerged as a result of breakthroughs in operator theory and matrix analysis, which testify to their underlying importance to science and engineering. The areas of application closest to the research in this project are control systems engineering, electrical engineering, signal processing, image processing, and quantum computation. The principal investigator will build on his past work to further develop the interplay between the subdisciplines of free function theory, operator completions, statistical signal processing, matrix inequalities, and optimization. To accomplish this goal the principal investigator will continue existing collaborations as well as develop new ones, and engage actively with both graduate students and undergraduate students in the emerging research. The principal investigator will continue to maintain an intellectual environment fostering student involvement and development, providing the students with the skills, experience, and confidence to successfully pursue a career in the mathematical sciences. Thus, the project will yield both new, impactful mathematical results, as well as highly trained mathematicians prepared to join the scientific and educational workforce crucial to this nation.&lt;br/&gt;   &lt;br/&gt;Many questions in system and control theory, filter design, signal and image processing come down to function theoretic questions. The case of several variables is a highly active research area where the techniques of multivariable operator theory are highly effective. The specific themes of the current project include (i) Matrix completions, (ii) Moment problems, (iii) Free function theory, (iv) Realizations, (v) Determinantal representations, (vi) Numerical range and radius, and their generalizations, (vii) Hypergeometric functions, and (viii) Inverse eigenvalue problems. This combination of areas will lead to new avenues of research that are of interest to different research groups. All projects also have a computational component, allowing for the implementation of the results and the potential to be used by researchers in all areas of science and engineering.  The principal investigator will continue running an Analysis Seminar at Drexel University featuring local and international researchers, as well as Drexel students. The principal investigator and his students will disseminate the results via conference presentations and publications in a variety of leading mathematical journals and preprint servers.&lt;br/&gt;&lt;br/&gt;This award reflects NSF's statutory mission and has been deemed worthy of support through evaluation using the Foundation's intellectual merit and broader impacts review criteria.</AbstractNarration>
<MinAmdLetterDate>05/06/2020</MinAmdLetterDate>
<MaxAmdLetterDate>05/06/2020</MaxAmdLetterDate>
<ARRAAmount/>
<TRAN_TYPE>Grant</TRAN_TYPE>
<CFDA_NUM>47.049</CFDA_NUM>
<NSF_PAR_USE_FLAG>1</NSF_PAR_USE_FLAG>
<FUND_AGCY_CODE>4900</FUND_AGCY_CODE>
<AWDG_AGCY_CODE>4900</AWDG_AGCY_CODE>
<AwardID>2000037</AwardID>
<Investigator>
<FirstName>Hugo</FirstName>
<LastName>Woerdeman</LastName>
<PI_MID_INIT>J</PI_MID_INIT>
<PI_SUFX_NAME/>
<PI_FULL_NAME>Hugo J Woerdeman</PI_FULL_NAME>
<EmailAddress><![CDATA[hugo@math.drexel.edu]]></EmailAddress>
<NSF_ID>000243748</NSF_ID>
<StartDate>05/06/2020</StartDate>
<EndDate/>
<RoleCode>Principal Investigator</RoleCode>
</Investigator>
<Institution>
<Name><![CDATA[Drexel University]]></Name>
<CityName>PHILADELPHIA</CityName>
<ZipCode>191042875</ZipCode>
<PhoneNumber>2158956342</PhoneNumber>
<StreetAddress><![CDATA[3141 CHESTNUT ST]]></StreetAddress>
<StreetAddress2/>
<CountryName>United States</CountryName>
<StateName>Pennsylvania</StateName>
<StateCode>PA</StateCode>
<CONGRESSDISTRICT>03</CONGRESSDISTRICT>
<CONGRESS_DISTRICT_ORG>PA03</CONGRESS_DISTRICT_ORG>
<ORG_UEI_NUM>XF3XM9642N96</ORG_UEI_NUM>
<ORG_LGL_BUS_NAME>DREXEL UNIVERSITY</ORG_LGL_BUS_NAME>
<ORG_PRNT_UEI_NUM/>
</Institution>
<Performance_Institution>
<Name><![CDATA[Drexel University]]></Name>
<CityName/>
<StateCode>PA</StateCode>
<ZipCode>191021119</ZipCode>
<StreetAddress/>
<CountryCode>US</CountryCode>
<CountryName>United States</CountryName>
<StateName>Pennsylvania</StateName>
<CountryFlag>1</CountryFlag>
<CONGRESSDISTRICT>03</CONGRESSDISTRICT>
<CONGRESS_DISTRICT_PERF>PA03</CONGRESS_DISTRICT_PERF>
</Performance_Institution>
<ProgramElement>
<Code>128100</Code>
<Text>ANALYSIS PROGRAM</Text>
</ProgramElement>
<ProgramReference>
<Code>7203</Code>
<Text>QUANTUM INFORMATION SCIENCE</Text>
</ProgramReference>
<Appropriation>
<Code>0120</Code>
<Name>NSF RESEARCH &amp; RELATED ACTIVIT</Name>
<APP_SYMB_ID>040100</APP_SYMB_ID>
</Appropriation>
<Fund>
<Code>01002021DB</Code>
<Name><![CDATA[NSF RESEARCH & RELATED ACTIVIT]]></Name>
<FUND_SYMB_ID>040100</FUND_SYMB_ID>
</Fund>
<FUND_OBLG>2020~249000</FUND_OBLG>
</Award>
</rootTag>
