<?xml version="1.0" encoding="UTF-8"?>
<rootTag>
<Award>
<AwardTitle><![CDATA[Catalyst Project: Evolution and biomechanics of multifunctional structures]]></AwardTitle>
<AGENCY>NSF</AGENCY>
<AwardEffectiveDate>08/15/2020</AwardEffectiveDate>
<AwardExpirationDate>07/31/2025</AwardExpirationDate>
<AwardTotalIntnAmount>199992.00</AwardTotalIntnAmount>
<AwardAmount>199992</AwardAmount>
<AwardInstrument>
<Value>Standard Grant</Value>
</AwardInstrument>
<Organization>
<Code>11060000</Code>
<Directorate>
<Abbreviation>EDU</Abbreviation>
<LongName>Directorate for STEM Education</LongName>
</Directorate>
<Division>
<Abbreviation>EES</Abbreviation>
<LongName>Div. of Equity for Excellence in STEM</LongName>
</Division>
</Organization>
<ProgramOfficer>
<SignBlockName>Leroy Jones II</SignBlockName>
<PO_EMAI>ljones@nsf.gov</PO_EMAI>
<PO_PHON>7032924684</PO_PHON>
</ProgramOfficer>
<AbstractNarration>Catalyst Projects provide support for Historically Black Colleges and Universities to work towards establishing research capacity of faculty to strengthen science, technology, engineering and mathematics undergraduate education and research. It is expected that the award will further the faculty member's research capability, improve research and teaching at the institution and involve undergraduate students in research experiences. This project at Howard University intends to examine the change in the gill structure of an aquatic species over time. Undergraduate students will participate in this research that involves statistical analysis, 3D printers and other tools. The research results will be shared at the regional meeting of the Society of Integrative Biology. &lt;br/&gt;&lt;br/&gt;Multifunctionality (structures performing more than one function) is common among organisms. The PI proposes that multifunctionality can act as a catalyst for morphological evolution through exaptation and diversification of existing structures and regionalized specialization of serially homologous structures. This is contrary to traditional ideas of multifunctionality as a limitation on the diversity of structure. The PI will test these ideas in three groups of fishes that use their cranial anatomy for burial (flatfishes), jet propulsion (frogfishes), and both burial and jet propulsion (banjo catfishes), in addition to suction feeding and gill ventilation (all three groups). Detailed character matrices for each clade will be assembled and used to construct statistical models the evolution of multifunctionality. These character matrices will include morphometrics, ecological data, kinematics, biomechanical measurements, and multifunctionality coded as a character. This work will contribute to our understanding of the role of multifunctionality in producing Earth's rich biodiversity.&lt;br/&gt;&lt;br/&gt;This award reflects NSF's statutory mission and has been deemed worthy of support through evaluation using the Foundation's intellectual merit and broader impacts review criteria.</AbstractNarration>
<MinAmdLetterDate>08/11/2020</MinAmdLetterDate>
<MaxAmdLetterDate>07/12/2024</MaxAmdLetterDate>
<ARRAAmount/>
<TRAN_TYPE>Grant</TRAN_TYPE>
<CFDA_NUM>47.076</CFDA_NUM>
<NSF_PAR_USE_FLAG>1</NSF_PAR_USE_FLAG>
<FUND_AGCY_CODE>4900</FUND_AGCY_CODE>
<AWDG_AGCY_CODE>4900</AWDG_AGCY_CODE>
<AwardID>2000268</AwardID>
<Investigator>
<FirstName>Stacy</FirstName>
<LastName>Farina</LastName>
<PI_MID_INIT>C</PI_MID_INIT>
<PI_SUFX_NAME/>
<PI_FULL_NAME>Stacy C Farina</PI_FULL_NAME>
<EmailAddress><![CDATA[stacy.farina@howard.edu]]></EmailAddress>
<NSF_ID>000689301</NSF_ID>
<StartDate>08/11/2020</StartDate>
<EndDate/>
<RoleCode>Principal Investigator</RoleCode>
</Investigator>
<Institution>
<Name><![CDATA[Howard University]]></Name>
<CityName>WASHINGTON</CityName>
<ZipCode>200590002</ZipCode>
<PhoneNumber>2028064759</PhoneNumber>
<StreetAddress><![CDATA[2400 6TH ST NW]]></StreetAddress>
<StreetAddress2/>
<CountryName>United States</CountryName>
<StateName>District of Columbia</StateName>
<StateCode>DC</StateCode>
<CONGRESSDISTRICT>00</CONGRESSDISTRICT>
<CONGRESS_DISTRICT_ORG>DC00</CONGRESS_DISTRICT_ORG>
<ORG_UEI_NUM>DYZNJGLTHMR9</ORG_UEI_NUM>
<ORG_LGL_BUS_NAME>HOWARD UNIVERSITY</ORG_LGL_BUS_NAME>
<ORG_PRNT_UEI_NUM/>
</Institution>
<Performance_Institution>
<Name><![CDATA[Howard University]]></Name>
<CityName>Washington</CityName>
<StateCode>DC</StateCode>
<ZipCode>200591016</ZipCode>
<StreetAddress><![CDATA[415 College St NW]]></StreetAddress>
<CountryCode>US</CountryCode>
<CountryName>United States</CountryName>
<StateName>District of Columbia</StateName>
<CountryFlag>1</CountryFlag>
<CONGRESSDISTRICT>00</CONGRESSDISTRICT>
<CONGRESS_DISTRICT_PERF>DC00</CONGRESS_DISTRICT_PERF>
</Performance_Institution>
<ProgramElement>
<Code>159400</Code>
<Text>Hist Black Colleges and Univ</Text>
</ProgramElement>
<ProgramReference>
<Code>9178</Code>
<Text>UNDERGRADUATE EDUCATION</Text>
</ProgramReference>
<Appropriation>
<Code>0420</Code>
<Name>NSF Education &amp; Human Resource</Name>
<APP_SYMB_ID>040106</APP_SYMB_ID>
</Appropriation>
<Fund>
<Code>04002021DB</Code>
<Name><![CDATA[NSF Education & Human Resource]]></Name>
<FUND_SYMB_ID>040106</FUND_SYMB_ID>
</Fund>
<FUND_OBLG>2020~199992</FUND_OBLG>
</Award>
</rootTag>
