<?xml version="1.0" encoding="UTF-8"?>
<rootTag>
<Award>
<AwardTitle><![CDATA[Profiles of Technical Workforce Programs and Students at Two-Year Colleges]]></AwardTitle>
<AGENCY>NSF</AGENCY>
<AwardEffectiveDate>04/15/2020</AwardEffectiveDate>
<AwardExpirationDate>03/31/2024</AwardExpirationDate>
<AwardTotalIntnAmount>790339.00</AwardTotalIntnAmount>
<AwardAmount>790339</AwardAmount>
<AwardInstrument>
<Value>Standard Grant</Value>
</AwardInstrument>
<Organization>
<Code>11040100</Code>
<Directorate>
<Abbreviation>EDU</Abbreviation>
<LongName>Directorate for STEM Education</LongName>
</Directorate>
<Division>
<Abbreviation>DUE</Abbreviation>
<LongName>Division Of Undergraduate Education</LongName>
</Division>
</Organization>
<ProgramOfficer>
<SignBlockName>Connie Della-Piana</SignBlockName>
<PO_EMAI>cdellapi@nsf.gov</PO_EMAI>
<PO_PHON>7032925309</PO_PHON>
</ProgramOfficer>
<AbstractNarration>To maintain and expand the nation’s skilled technical workforce, it is essential to understand how technician education programs at two-year institutions support students’ academic and career pathways.  However, significant gaps exist in the data needed to build this understanding.  To address this gap, this project will develop and test a centralized system to collect the needed data.  It will also develop a state-of-the-art visualization system to display and explore this data.  These resources are intended to: (a) support peer, regional, national, and impact analyses of engineering-oriented technician programs; (b) make data available to federal and state agencies and researchers focused on STEM workforce issues; and (c) create a national digital directory of engineering-oriented technician programs at two-year colleges.  This effort builds on the American Society for Engineering’s Profiles of Engineering and Engineering Technology Colleges Survey, which focuses on programs at four-year institutions.  In addition, it responds to the National Science Board’s call for filling such data gaps, described in its report: The Skilled Technical Workforce: Crafting America’s Science and Engineering Enterprise.    &lt;br/&gt;&lt;br/&gt;The goals of the project are to: (1) develop and test a survey instrument and administration process for standardizing and collecting information on engineering-oriented technician programs at two-year institutions; (2) augment primary data collection with existing data sources; (3) design a common taxonomy and directory describing the types of two-year engineering degrees and certificates offered nationally; and (4) create and maintain an interactive data visualization system to analyze engineering-oriented technician programs at two-year institutions for peer, regional, and national comparisons.  The project will implement a centralized data gathering effort that includes survey design/administration, sampling, and item analyses for reliability and validity. Additional data acquisition activities include linking existing data files to other data repositories and to primary survey data, including development of the algorithms required to accomplish linking of these independent data sources.  Data visualization activities include the use data analytics and other approaches to facilitate the understanding of large, complex data sets.  A national Advisory Board will guide project activities and evaluate their impact. This project is funded by the Advanced Technological Education program that focuses on the education of technicians for the advanced-technology fields that drive the nation's economy.&lt;br/&gt;&lt;br/&gt;This award reflects NSF's statutory mission and has been deemed worthy of support through evaluation using the Foundation's intellectual merit and broader impacts review criteria.</AbstractNarration>
<MinAmdLetterDate>04/20/2020</MinAmdLetterDate>
<MaxAmdLetterDate>04/20/2020</MaxAmdLetterDate>
<ARRAAmount/>
<TRAN_TYPE>Grant</TRAN_TYPE>
<CFDA_NUM>47.076</CFDA_NUM>
<NSF_PAR_USE_FLAG>1</NSF_PAR_USE_FLAG>
<FUND_AGCY_CODE>4900</FUND_AGCY_CODE>
<AWDG_AGCY_CODE>4900</AWDG_AGCY_CODE>
<AwardID>2000587</AwardID>
<Investigator>
<FirstName>Ashok</FirstName>
<LastName>Agrawal</LastName>
<PI_MID_INIT>K</PI_MID_INIT>
<PI_SUFX_NAME/>
<PI_FULL_NAME>Ashok K Agrawal</PI_FULL_NAME>
<EmailAddress><![CDATA[Ashok@AgrawalAdvisory.com]]></EmailAddress>
<NSF_ID>000650746</NSF_ID>
<StartDate>04/20/2020</StartDate>
<EndDate/>
<RoleCode>Co-Principal Investigator</RoleCode>
</Investigator>
<Investigator>
<FirstName>Joseph</FirstName>
<LastName>Roy</LastName>
<PI_MID_INIT/>
<PI_SUFX_NAME/>
<PI_FULL_NAME>Joseph Roy</PI_FULL_NAME>
<EmailAddress><![CDATA[j.roy@asee.org]]></EmailAddress>
<NSF_ID>000671207</NSF_ID>
<StartDate>04/20/2020</StartDate>
<EndDate/>
<RoleCode>Principal Investigator</RoleCode>
</Investigator>
<Institution>
<Name><![CDATA[American Society For Engineering Education]]></Name>
<CityName>WASHINGTON</CityName>
<ZipCode>200362476</ZipCode>
<PhoneNumber>2023313500</PhoneNumber>
<StreetAddress><![CDATA[1818 N ST NW STE 600]]></StreetAddress>
<StreetAddress2/>
<CountryName>United States</CountryName>
<StateName>District of Columbia</StateName>
<StateCode>DC</StateCode>
<CONGRESSDISTRICT>00</CONGRESSDISTRICT>
<CONGRESS_DISTRICT_ORG>DC00</CONGRESS_DISTRICT_ORG>
<ORG_UEI_NUM>F6G9C4HMNHW4</ORG_UEI_NUM>
<ORG_LGL_BUS_NAME>AMERICAN SOCIETY FOR ENGINEERING EDUCATION</ORG_LGL_BUS_NAME>
<ORG_PRNT_UEI_NUM/>
</Institution>
<Performance_Institution>
<Name><![CDATA[American Society For Engineering Education]]></Name>
<CityName/>
<StateCode>DC</StateCode>
<ZipCode>200362476</ZipCode>
<StreetAddress/>
<CountryCode>US</CountryCode>
<CountryName>United States</CountryName>
<StateName>District of Columbia</StateName>
<CountryFlag>1</CountryFlag>
<CONGRESSDISTRICT>00</CONGRESSDISTRICT>
<CONGRESS_DISTRICT_PERF>DC00</CONGRESS_DISTRICT_PERF>
</Performance_Institution>
<ProgramElement>
<Code>741200</Code>
<Text>Advanced Tech Education Prog</Text>
</ProgramElement>
<ProgramReference>
<Code>1032</Code>
<Text>ADVANCED TECHNOLOGY EDUCATION</Text>
</ProgramReference>
<ProgramReference>
<Code>9178</Code>
<Text>UNDERGRADUATE EDUCATION</Text>
</ProgramReference>
<ProgramReference>
<Code>SMET</Code>
<Text>SCIENCE, MATH, ENG &amp; TECH EDUCATION</Text>
</ProgramReference>
<Appropriation>
<Code>0420</Code>
<Name>NSF Education &amp; Human Resource</Name>
<APP_SYMB_ID>040106</APP_SYMB_ID>
</Appropriation>
<Fund>
<Code>04002021DB</Code>
<Name><![CDATA[NSF Education & Human Resource]]></Name>
<FUND_SYMB_ID>040106</FUND_SYMB_ID>
</Fund>
<FUND_OBLG>2020~790339</FUND_OBLG>
<POR>
<DRECONTENT><![CDATA[<div class="porColContainerWBG"> <div class="porContentCol"><div id="WACViewPanel_ClipboardElement" class="WACEditing EditMode EditingSurfaceBody FireFox WACViewPanel_DisableLegacyKeyCodeAndCharCode usehover" style="overflow: hidden; visibility: visible; direction: ltr;"> <div class="SCXW248492638 BCX2"> <div class="OutlineElement Ltr SCXW248492638 BCX2" style="direction: ltr;"> <p class="Paragraph SCXW248492638 BCX2" style="font-weight: normal; font-style: normal; vertical-align: baseline; background-color: transparent; color: windowtext; text-align: left; margin: 0px 0px 16px; padding-left: 0px; padding-right: 0px; text-indent: 0px;"><span class="TextRun SCXW248492638 BCX2" style="font-size: 11pt; line-height: 20.7px; font-family: Arial,;" lang="EN-US"><span class="NormalTextRun SCXW248492638 BCX2">The </span></span><span class="TextRun SCXW248492638 BCX2" style="font-size: 11pt; font-style: italic; line-height: 20.7px; font-family: Arial,;" lang="EN-US"><span class="NormalTextRun SCXW248492638 BCX2">Profiles of Engineering Technology at Community &amp; Technical Colleges</span></span><span class="TextRun SCXW248492638 BCX2" style="font-size: 11pt; line-height: 20.7px; font-family: Arial,;" lang="EN-US"><span class="NormalTextRun SCXW248492638 BCX2"> (Profiles CTC) project aimed to bridge the knowledge gap about engineering technology and technician education offered by community colleges in the U.S. by gathering, analyzing, and </span><span class="NormalTextRun SCXW248492638 BCX2">disseminating</span><span class="NormalTextRun SCXW248492638 BCX2"> comprehensive data.</span></span><span class="EOP SCXW248492638 BCX2" style="font-size: 11pt; line-height: 20.7px; font-family: Arial,;">&nbsp;</span></p> </div> <div class="OutlineElement Ltr SCXW248492638 BCX2" style="direction: ltr;"> <p class="Paragraph SCXW248492638 BCX2" style="font-weight: normal; font-style: normal; vertical-align: baseline; background-color: transparent; color: windowtext; text-align: left; margin: 0px 0px 16px; padding-left: 0px; padding-right: 0px; text-indent: 0px;"><span class="TextRun SCXW248492638 BCX2" style="font-size: 11pt; line-height: 20.7px; font-family: Arial,;" lang="EN-US"><span class="NormalTextRun SCXW248492638 BCX2">The project was launched to fill the gaps in the data and knowledge about two-year engineering-related technician programs at two-year colleges. </span></span><span class="TextRun SCXW248492638 BCX2" style="font-size: 11pt; line-height: 18px; font-family: Arial,;" lang="EN-US"><span class="NormalTextRun SCXW248492638 BCX2">The project </span><span class="NormalTextRun SCXW248492638 BCX2">established</span><span class="NormalTextRun SCXW248492638 BCX2"> a Data Advisory Board and developed the Profiles CTC, modeled after the successful Profiles of Engineering &amp; Engineering Technology programs survey for four-</span><span class="NormalTextRun ContextualSpellingAndGrammarErrorV2Themed SCXW248492638 BCX2">year&nbsp;</span><span class="NormalTextRun ContextualSpellingAndGrammarErrorV2Themed SCXW248492638 BCX2"> programs</span><span class="NormalTextRun SCXW248492638 BCX2"> at U.S.</span><span class="NormalTextRun SCXW248492638 BCX2"> colleges </span><span class="NormalTextRun SCXW248492638 BCX2">and universities</span><span class="NormalTextRun SCXW248492638 BCX2">. This survey was </span><span class="NormalTextRun ContextualSpellingAndGrammarErrorV2Themed SCXW248492638 BCX2">pilot-tested</span><span class="NormalTextRun SCXW248492638 BCX2"> to refine data collection methods, ensuring relevance and accuracy. The data collected offers valuable insights into the demographics, enrollment trends, faculty composition, and program characteristics of community college engineering technology and technician programs, thereby enhancing our understanding of these essential educational pathways.</span></span><span class="EOP SCXW248492638 BCX2" style="font-size: 11pt; line-height: 18px; font-family: Arial,;">&nbsp;</span></p> </div> <div class="OutlineElement Ltr SCXW248492638 BCX2" style="direction: ltr;"> <p class="Paragraph SCXW248492638 BCX2" style="font-weight: normal; font-style: normal; vertical-align: baseline; background-color: transparent; color: windowtext; text-align: left; margin: 16px 0px; padding-left: 0px; padding-right: 0px; text-indent: 0px;"><span class="TextRun SCXW248492638 BCX2" style="font-size: 11pt; line-height: 20.7px; font-family: Arial,;" lang="EN-US"><span class="NormalTextRun SCXW248492638 BCX2">The broader </span><span class="NormalTextRun ContextualSpellingAndGrammarErrorV2Themed SCXW248492638 BCX2">impacts</span><span class="NormalTextRun SCXW248492638 BCX2"> of this project </span><span class="NormalTextRun ContextualSpellingAndGrammarErrorV2Themed SCXW248492638 BCX2">are</span><span class="NormalTextRun SCXW248492638 BCX2"> significant. By creating a comprehensive taxonomy and an interactive data visualization system, the project has provided community colleges, policymakers, and industry leaders with accessible, detailed information about engineering technology programs. This system allows for benchmarking, program improvement, and strategic planning, which can lead to better educational outcomes and workforce readiness.</span></span><span class="EOP SCXW248492638 BCX2" style="font-size: 11pt; line-height: 20.7px; font-family: Arial,;">&nbsp;</span></p> </div> <div class="OutlineElement Ltr SCXW248492638 BCX2" style="direction: ltr;"> <p class="Paragraph SCXW248492638 BCX2" style="font-weight: normal; font-style: normal; vertical-align: baseline; background-color: transparent; color: windowtext; text-align: left; margin: 16px 0px; padding-left: 0px; padding-right: 0px; text-indent: 0px;"><span class="TextRun SCXW248492638 BCX2" style="font-size: 11pt; line-height: 20.7px; font-family: Arial,;" lang="EN"><span class="NormalTextRun SCXW248492638 BCX2">Summary of Outcomes</span></span><span class="EOP SCXW248492638 BCX2" style="font-size: 11pt; line-height: 20.7px; font-family: Arial,;">&nbsp;</span></p> </div> <div class="ListContainerWrapper SCXW248492638 BCX2"><ol class="NumberListStyle1 SCXW248492638 BCX2"> <li class="OutlineElement Ltr SCXW248492638 BCX2" style="display: block; margin-left: 24px; font-size: 11pt; font-family: Arial,;"> <p class="Paragraph SCXW248492638 BCX2" style="font-weight: normal; font-style: normal; vertical-align: baseline; background-color: transparent; color: windowtext; text-align: left; padding-left: 0px; padding-right: 0px; text-indent: 0px;"><span class="TextRun SCXW248492638 BCX2" style="font-size: 11pt; line-height: 20.7px; font-family: Arial,;" lang="EN"><span class="NormalTextRun SCXW248492638 BCX2">Data Advisory Board:</span></span><span class="EOP SCXW248492638 BCX2" style="font-size: 11pt; line-height: 20.7px; font-family: Arial,;">&nbsp;</span></p> </li> </ol></div> <div class="ListContainerWrapper SCXW248492638 BCX2"> <ul class="BulletListStyle2 SCXW248492638 BCX2"> <li class="OutlineElement Ltr SCXW248492638 BCX2" style="display: block; margin-left: 72px; font-size: 11pt; font-family: Arial,;"> <p class="Paragraph SCXW248492638 BCX2" style="font-weight: normal; font-style: normal; vertical-align: baseline; background-color: transparent; color: windowtext; text-align: left; padding-left: 0px; padding-right: 0px; text-indent: 0px;"><span class="TextRun SCXW248492638 BCX2" style="font-size: 11pt; line-height: 20.7px; font-family: Arial,;" lang="EN-US"><span class="NormalTextRun SCXW248492638 BCX2">Composition and Expertise:</span></span><span class="TextRun SCXW248492638 BCX2" style="font-size: 11pt; line-height: 20.7px; font-family: Arial,;" lang="EN-US"><span class="NormalTextRun SCXW248492638 BCX2"> The Data Advisory Board was composed of six professionals with deep </span><span class="NormalTextRun SCXW248492638 BCX2">expertise</span><span class="NormalTextRun SCXW248492638 BCX2"> and experience in community college engineering technology and technician education. This included community college faculty, institutional </span><span class="NormalTextRun SCXW248492638 BCX2">researchers</span><span class="NormalTextRun SCXW248492638 BCX2"> and industry, providing a broad spectrum of insights.</span></span><span class="EOP SCXW248492638 BCX2" style="font-size: 11pt; line-height: 20.7px; font-family: Arial,;">&nbsp;</span></p> </li> </ul> </div> <div class="ListContainerWrapper SCXW248492638 BCX2"> <ul class="BulletListStyle2 SCXW248492638 BCX2"> <li class="OutlineElement Ltr SCXW248492638 BCX2" style="display: block; margin-left: 72px; font-size: 11pt; font-family: Arial,;"> <p class="Paragraph SCXW248492638 BCX2" style="font-weight: normal; font-style: normal; vertical-align: baseline; background-color: transparent; color: windowtext; text-align: left; padding-left: 0px; padding-right: 0px; text-indent: 0px;"><span class="TextRun SCXW248492638 BCX2" style="font-size: 11pt; line-height: 20.7px; font-family: Arial,;" lang="EN"><span class="NormalTextRun SCXW248492638 BCX2">Role and Contributions:</span></span><span class="TextRun SCXW248492638 BCX2" style="font-size: 11pt; line-height: 20.7px; font-family: Arial,;" lang="EN"><span class="NormalTextRun SCXW248492638 BCX2"> The board played a crucial role in guiding the project, offering feedback on survey content, terminology, and data collection methods. They helped ensure that the survey captured relevant and useful data, reflecting the needs and realities of community &amp; technical colleges.</span></span><span class="EOP SCXW248492638 BCX2" style="font-size: 11pt; line-height: 20.7px; font-family: Arial,;">&nbsp;</span></p> </li> </ul> </div> <div class="ListContainerWrapper SCXW248492638 BCX2"> <ul class="BulletListStyle2 SCXW248492638 BCX2"> <li class="OutlineElement Ltr SCXW248492638 BCX2" style="display: block; margin-left: 72px; font-size: 11pt; font-family: Arial,;"> <p class="Paragraph SCXW248492638 BCX2" style="font-weight: normal; font-style: normal; vertical-align: baseline; background-color: transparent; color: windowtext; text-align: left; padding-left: 0px; padding-right: 0px; text-indent: 0px;"><span class="TextRun SCXW248492638 BCX2" style="font-size: 11pt; line-height: 20.7px; font-family: Arial,;" lang="EN-US"><span class="NormalTextRun SCXW248492638 BCX2">Adaptations Due to COVID-19:</span></span><span class="TextRun SCXW248492638 BCX2" style="font-size: 11pt; line-height: 20.7px; font-family: Arial,;" lang="EN-US"><span class="NormalTextRun SCXW248492638 BCX2"> The board provided valuable input on how to adapt the survey and data collection processes in response to the disruptions caused by the COVID-19 pandemic. Their guidance helped </span><span class="NormalTextRun SCXW248492638 BCX2">maintain</span><span class="NormalTextRun SCXW248492638 BCX2"> the project's momentum despite these challenges.</span></span><span class="EOP SCXW248492638 BCX2" style="font-size: 11pt; line-height: 20.7px; font-family: Arial,;">&nbsp;</span></p> </li> </ul> </div> <div class="ListContainerWrapper SCXW248492638 BCX2"><ol class="NumberListStyle1 SCXW248492638 BCX2"> <li class="OutlineElement Ltr SCXW248492638 BCX2" style="display: block; margin-left: 24px; font-size: 11pt; font-family: Arial,;"> <p class="Paragraph SCXW248492638 BCX2" style="font-weight: normal; font-style: normal; vertical-align: baseline; background-color: transparent; color: windowtext; text-align: left; padding-left: 0px; padding-right: 0px; text-indent: 0px;"><span class="TextRun SCXW248492638 BCX2" style="font-size: 11pt; line-height: 20.7px; font-family: Arial,;" lang="EN"><span class="NormalTextRun SCXW248492638 BCX2">Profiles CTC Survey:</span></span><span class="EOP SCXW248492638 BCX2" style="font-size: 11pt; line-height: 20.7px; font-family: Arial,;">&nbsp;</span></p> </li> </ol></div> <div class="ListContainerWrapper SCXW248492638 BCX2"> <ul class="BulletListStyle2 SCXW248492638 BCX2"> <li class="OutlineElement Ltr SCXW248492638 BCX2" style="display: block; margin-left: 72px; font-size: 11pt; font-family: Arial,;"> <p class="Paragraph SCXW248492638 BCX2" style="font-weight: normal; font-style: normal; vertical-align: baseline; background-color: transparent; color: windowtext; text-align: left; padding-left: 0px; padding-right: 0px; text-indent: 0px;"><span class="TextRun SCXW248492638 BCX2" style="font-size: 11pt; line-height: 20.7px; font-family: Arial,;" lang="EN-US"><span class="NormalTextRun SCXW248492638 BCX2">Development Process:</span></span><span class="TextRun SCXW248492638 BCX2" style="font-size: 11pt; line-height: 20.7px; font-family: Arial,;" lang="EN-US"><span class="NormalTextRun SCXW248492638 BCX2"> The survey was developed through a collaborative process involving the Data Advisory Board</span><span class="NormalTextRun SCXW248492638 BCX2">, </span><span class="NormalTextRun ContextualSpellingAndGrammarErrorV2Themed SCXW248492638 BCX2">projects </span><span class="NormalTextRun ContextualSpellingAndGrammarErrorV2Themed SCXW248492638 BCX2">external</span><span class="NormalTextRun SCXW248492638 BCX2"> evaluators</span><span class="NormalTextRun SCXW248492638 BCX2">, and several ATE-PI project leaders</span><span class="NormalTextRun SCXW248492638 BCX2">. It was modeled after the established </span><span class="NormalTextRun SCXW248492638 BCX2">ASEE&rsquo;s </span><span class="NormalTextRun SCXW248492638 BCX2">Profiles 1.0 survey but tailored to the specific context of community colleges.</span></span><span class="EOP SCXW248492638 BCX2" style="font-size: 11pt; line-height: 20.7px; font-family: Arial,;">&nbsp;</span></p> </li> </ul> </div> <div class="ListContainerWrapper SCXW248492638 BCX2"> <ul class="BulletListStyle2 SCXW248492638 BCX2"> <li class="OutlineElement Ltr SCXW248492638 BCX2" style="display: block; margin-left: 72px; font-size: 11pt; font-family: Arial,;"> <p class="Paragraph SCXW248492638 BCX2" style="font-weight: normal; font-style: normal; vertical-align: baseline; background-color: transparent; color: windowtext; text-align: left; padding-left: 0px; padding-right: 0px; text-indent: 0px;"><span class="TextRun SCXW248492638 BCX2" style="font-size: 11pt; line-height: 20.7px; font-family: Arial,;" lang="EN-US"><span class="NormalTextRun SCXW248492638 BCX2">Pilot Testing:</span></span><span class="TextRun SCXW248492638 BCX2" style="font-size: 11pt; line-height: 20.7px; font-family: Arial,;" lang="EN-US"><span class="NormalTextRun SCXW248492638 BCX2"> Two waves of pilot testing were conducted to refine the survey instrument. Although the </span><span class="NormalTextRun SCXW248492638 BCX2">initial</span><span class="NormalTextRun SCXW248492638 BCX2"> pilot faced low response rates, adjustments were made to improve the survey's clarity and relevance.</span></span><span class="EOP SCXW248492638 BCX2" style="font-size: 11pt; line-height: 20.7px; font-family: Arial,;">&nbsp;</span></p> </li> </ul> </div> <div class="ListContainerWrapper SCXW248492638 BCX2"> <ul class="BulletListStyle2 SCXW248492638 BCX2"> <li class="OutlineElement Ltr SCXW248492638 BCX2" style="display: block; margin-left: 72px; font-size: 11pt; font-family: Arial,;"> <p class="Paragraph SCXW248492638 BCX2" style="font-weight: normal; font-style: normal; vertical-align: baseline; background-color: transparent; color: windowtext; text-align: left; padding-left: 0px; padding-right: 0px; text-indent: 0px;"><span class="TextRun SCXW248492638 BCX2" style="font-size: 11pt; line-height: 20.7px; font-family: Arial,;" lang="EN"><span class="NormalTextRun SCXW248492638 BCX2">Challenges and Solutions:</span></span><span class="TextRun SCXW248492638 BCX2" style="font-size: 11pt; line-height: 20.7px; font-family: Arial,;" lang="EN"><span class="NormalTextRun SCXW248492638 BCX2"> The pandemic created significant hurdles in securing survey responses. Despite these challenges, the survey was successfully developed and distributed, providing a foundation for future data collection efforts.</span></span><span class="EOP SCXW248492638 BCX2" style="font-size: 11pt; line-height: 20.7px; font-family: Arial,;">&nbsp;</span></p> </li> </ul> </div> <div class="ListContainerWrapper SCXW248492638 BCX2"><ol class="NumberListStyle1 SCXW248492638 BCX2"> <li class="OutlineElement Ltr SCXW248492638 BCX2" style="display: block; margin-left: 24px; font-size: 11pt; font-family: Arial,;"> <p class="Paragraph SCXW248492638 BCX2" style="font-weight: normal; font-style: normal; vertical-align: baseline; background-color: transparent; color: windowtext; text-align: left; padding-left: 0px; padding-right: 0px; text-indent: 0px;"><span class="TextRun SCXW248492638 BCX2" style="font-size: 11pt; line-height: 20.7px; font-family: Arial,;" lang="EN"><span class="NormalTextRun SCXW248492638 BCX2">Taxonomy Development:</span></span><span class="EOP SCXW248492638 BCX2" style="font-size: 11pt; line-height: 20.7px; font-family: Arial,;">&nbsp;</span></p> </li> </ol></div> <div class="ListContainerWrapper SCXW248492638 BCX2"> <ul class="BulletListStyle2 SCXW248492638 BCX2"> <li class="OutlineElement Ltr SCXW248492638 BCX2" style="display: block; margin-left: 72px; font-size: 11pt; font-family: Arial,;"> <p class="Paragraph SCXW248492638 BCX2" style="font-weight: normal; font-style: normal; vertical-align: baseline; background-color: transparent; color: windowtext; text-align: left; padding-left: 0px; padding-right: 0px; text-indent: 0px;"><span class="TextRun SCXW248492638 BCX2" style="font-size: 11pt; line-height: 20.7px; font-family: Arial,;" lang="EN"><span class="NormalTextRun SCXW248492638 BCX2">Creation and Purpose:</span></span><span class="TextRun SCXW248492638 BCX2" style="font-size: 11pt; line-height: 20.7px; font-family: Arial,;" lang="EN"><span class="NormalTextRun SCXW248492638 BCX2"> A comprehensive taxonomy of community college engineering technology and technician degrees and certificates was developed. This taxonomy categorizes programs by region, state, type of program, and other relevant factors.</span></span><span class="EOP SCXW248492638 BCX2" style="font-size: 11pt; line-height: 20.7px; font-family: Arial,;">&nbsp;</span></p> </li> </ul> </div> <div class="ListContainerWrapper SCXW248492638 BCX2"> <ul class="BulletListStyle2 SCXW248492638 BCX2"> <li class="OutlineElement Ltr SCXW248492638 BCX2" style="display: block; margin-left: 72px; font-size: 11pt; font-family: Arial,;"> <p class="Paragraph SCXW248492638 BCX2" style="font-weight: normal; font-style: normal; vertical-align: baseline; background-color: transparent; color: windowtext; text-align: left; padding-left: 0px; padding-right: 0px; text-indent: 0px;"><span class="TextRun SCXW248492638 BCX2" style="font-size: 11pt; line-height: 20.7px; font-family: Arial,;" lang="EN"><span class="NormalTextRun SCXW248492638 BCX2">Stakeholder Input:</span></span><span class="TextRun SCXW248492638 BCX2" style="font-size: 11pt; line-height: 20.7px; font-family: Arial,;" lang="EN"><span class="NormalTextRun SCXW248492638 BCX2"> The taxonomy was created with input from the Data Advisory Board</span><span class="NormalTextRun SCXW248492638 BCX2"> that included representations from key stakeholder communities</span><span class="NormalTextRun SCXW248492638 BCX2"> and was based on analysis of IPEDS data. It provides a standardized framework for classifying and comparing programs across different institutions.</span></span><span class="EOP SCXW248492638 BCX2" style="font-size: 11pt; line-height: 20.7px; font-family: Arial,;">&nbsp;</span></p> </li> </ul> </div> <div class="ListContainerWrapper SCXW248492638 BCX2"><ol class="NumberListStyle1 SCXW248492638 BCX2"> <li class="OutlineElement Ltr SCXW248492638 BCX2" style="display: block; margin-left: 24px; font-size: 11pt; font-family: Arial,;"> <p class="Paragraph SCXW248492638 BCX2" style="font-weight: normal; font-style: normal; vertical-align: baseline; background-color: transparent; color: windowtext; text-align: left; padding-left: 0px; padding-right: 0px; text-indent: 0px;"><span class="TextRun SCXW248492638 BCX2" style="font-size: 11pt; line-height: 20.7px; font-family: Arial,;" lang="EN"><span class="NormalTextRun SCXW248492638 BCX2">Interactive Data Visualization System:</span></span><span class="EOP SCXW248492638 BCX2" style="font-size: 11pt; line-height: 20.7px; font-family: Arial,;">&nbsp;</span></p> </li> </ol></div> <div class="ListContainerWrapper SCXW248492638 BCX2"> <ul class="BulletListStyle2 SCXW248492638 BCX2"> <li class="OutlineElement Ltr SCXW248492638 BCX2" style="display: block; margin-left: 72px; font-size: 11pt; font-family: Arial,;"> <p class="Paragraph SCXW248492638 BCX2" style="font-weight: normal; font-style: normal; vertical-align: baseline; background-color: transparent; color: windowtext; text-align: left; padding-left: 0px; padding-right: 0px; text-indent: 0px;"><span class="TextRun SCXW248492638 BCX2" style="font-size: 11pt; line-height: 20.7px; font-family: Arial,;" lang="EN"><span class="NormalTextRun SCXW248492638 BCX2">Design and Features:</span></span><span class="TextRun SCXW248492638 BCX2" style="font-size: 11pt; line-height: 20.7px; font-family: Arial,;" lang="EN"><span class="NormalTextRun SCXW248492638 BCX2"> An interactive data visualization system was designed to provide easy access to the collected data. This system includes functionalities for generating graphs and tables, making it user-friendly for a wide range of stakeholders.</span></span><span class="EOP SCXW248492638 BCX2" style="font-size: 11pt; line-height: 20.7px; font-family: Arial,;">&nbsp;</span></p> </li> </ul> </div> <div class="ListContainerWrapper SCXW248492638 BCX2"> <ul class="BulletListStyle2 SCXW248492638 BCX2"> <li class="OutlineElement Ltr SCXW248492638 BCX2" style="display: block; margin-left: 72px; font-size: 11pt; font-family: Arial,;"> <p class="Paragraph SCXW248492638 BCX2" style="font-weight: normal; font-style: normal; vertical-align: baseline; background-color: transparent; color: windowtext; text-align: left; padding-left: 0px; padding-right: 0px; text-indent: 0px;"><span class="TextRun SCXW248492638 BCX2" style="font-size: 11pt; line-height: 20.7px; font-family: Arial,;" lang="EN"><span class="NormalTextRun SCXW248492638 BCX2">Data Sources:</span></span><span class="TextRun SCXW248492638 BCX2" style="font-size: 11pt; line-height: 20.7px; font-family: Arial,;" lang="EN"><span class="NormalTextRun SCXW248492638 BCX2"> The system incorporates data from IPEDS and the Profiles 2.0 survey, offering comprehensive insights into community college engineering technology programs. It allows users to explore data on program enrollments, completions, demographics, and more.</span></span><span class="EOP SCXW248492638 BCX2" style="font-size: 11pt; line-height: 20.7px; font-family: Arial,;">&nbsp;</span></p> </li> </ul> </div> </div> <div class="SCXW248492638 BCX2"> <div class="ListContainerWrapper SCXW248492638 BCX2"> <ul class="BulletListStyle2 SCXW248492638 BCX2"> <li class="OutlineElement Ltr SCXW248492638 BCX2" style="display: block; margin-left: 72px; font-size: 11pt; font-family: Arial,;"> <p class="Paragraph SCXW248492638 BCX2" style="font-weight: normal; font-style: normal; vertical-align: baseline; background-color: transparent; color: windowtext; text-align: left; padding-left: 0px; padding-right: 0px; text-indent: 0px;"><span class="TextRun SCXW248492638 BCX2" style="font-size: 11pt; line-height: 20.7px; font-family: Arial,;" lang="EN"><span class="NormalTextRun SCXW248492638 BCX2">User Feedback and Enhancements:</span></span><span class="TextRun SCXW248492638 BCX2" style="font-size: 11pt; line-height: 20.7px; font-family: Arial,;" lang="EN"><span class="NormalTextRun SCXW248492638 BCX2"> Feedback from community college practitioners was gathered to improve the system. Enhancements were made to ensure the system is accessible, user-friendly, and meets the needs of various user groups.</span></span><span class="EOP SCXW248492638 BCX2" style="font-size: 11pt; line-height: 20.7px; font-family: Arial,;">&nbsp;</span></p> </li> </ul> </div> <div class="ListContainerWrapper SCXW248492638 BCX2"><ol class="NumberListStyle1 SCXW248492638 BCX2"> <li class="OutlineElement Ltr SCXW248492638 BCX2" style="display: block; margin-left: 24px; font-size: 11pt; font-family: Arial,;"> <p class="Paragraph SCXW248492638 BCX2" style="font-weight: normal; font-style: normal; vertical-align: baseline; background-color: transparent; color: windowtext; text-align: left; padding-left: 0px; padding-right: 0px; text-indent: 0px;"><span class="TextRun SCXW248492638 BCX2" style="font-size: 11pt; line-height: 20.7px; font-family: Arial,;" lang="EN"><span class="NormalTextRun SCXW248492638 BCX2">Scaling the Impact:</span></span><span class="EOP SCXW248492638 BCX2" style="font-size: 11pt; line-height: 20.7px; font-family: Arial,;">&nbsp;</span></p> </li> </ol></div> <div class="ListContainerWrapper SCXW248492638 BCX2"> <ul class="BulletListStyle2 SCXW248492638 BCX2"> <li class="OutlineElement Ltr SCXW248492638 BCX2" style="display: block; margin-left: 72px; font-size: 11pt; font-family: Arial,;"> <p class="Paragraph SCXW248492638 BCX2" style="font-weight: normal; font-style: normal; vertical-align: baseline; background-color: transparent; color: windowtext; text-align: left; padding-left: 0px; padding-right: 0px; text-indent: 0px;"><span class="TextRun SCXW248492638 BCX2" style="font-size: 11pt; line-height: 20.7px; font-family: Arial,;" lang="EN"><span class="NormalTextRun SCXW248492638 BCX2">Directory Compilation:</span></span><span class="TextRun SCXW248492638 BCX2" style="font-size: 11pt; line-height: 20.7px; font-family: Arial,;" lang="EN"><span class="NormalTextRun SCXW248492638 BCX2"> A directory of community &amp; technical college engineering technology programs was compiled using IPEDS data. This directory includes detailed information on programs offered, degrees conferred, and institutional characteristics.</span></span><span class="EOP SCXW248492638 BCX2" style="font-size: 11pt; line-height: 20.7px; font-family: Arial,;">&nbsp;</span></p> </li> </ul> </div> <div class="ListContainerWrapper SCXW248492638 BCX2"> <ul class="BulletListStyle2 SCXW248492638 BCX2"> <li class="OutlineElement Ltr SCXW248492638 BCX2" style="display: block; margin-left: 72px; font-size: 11pt; font-family: Arial,;"> <p class="Paragraph SCXW248492638 BCX2" style="font-weight: normal; font-style: normal; vertical-align: baseline; background-color: transparent; color: windowtext; text-align: left; padding-left: 0px; padding-right: 0px; text-indent: 0px;"><span class="TextRun SCXW248492638 BCX2" style="font-size: 11pt; line-height: 20.7px; font-family: Arial,;" lang="EN"><span class="NormalTextRun SCXW248492638 BCX2">Public Access:</span></span><span class="TextRun SCXW248492638 BCX2" style="font-size: 11pt; line-height: 20.7px; font-family: Arial,;" lang="EN"><span class="NormalTextRun SCXW248492638 BCX2"> The directory and the data visualization system are publicly available, allowing broad access to this valuable information (</span></span><a class="Hyperlink SCXW248492638 BCX2" style="text-decoration: none; color: inherit;" rel="noreferrer noopener" href="https://americansocietyforengineeringeducation.shinyapps.io/profilesctc/" target="_blank"><span class="TextRun Underlined SCXW248492638 BCX2" style="color: #1155cc; font-size: 11pt; text-decoration: underline; line-height: 20.7px; font-family: Arial,;" lang="EN"><span class="NormalTextRun SCXW248492638 BCX2">https://americansocietyforengineeringeducation.shinyapps.io/profilesctc/</span></span></a><span class="TextRun SCXW248492638 BCX2" style="font-size: 11pt; line-height: 20.7px; font-family: Arial,;" lang="EN"><span class="NormalTextRun SCXW248492638 BCX2"> ). Stakeholders can use these tools for benchmarking, program improvement, and strategic planning.</span></span><span class="EOP SCXW248492638 BCX2" style="font-size: 11pt; line-height: 20.7px; font-family: Arial,;">&nbsp;</span></p> </li> </ul> </div> <div class="ListContainerWrapper SCXW248492638 BCX2"> <ul class="BulletListStyle2 SCXW248492638 BCX2"> <li class="OutlineElement Ltr SCXW248492638 BCX2" style="display: block; margin-left: 72px; font-size: 11pt; font-family: Arial,;"> <p class="Paragraph SCXW248492638 BCX2" style="font-weight: normal; font-style: normal; vertical-align: baseline; background-color: transparent; color: windowtext; text-align: left; padding-left: 0px; padding-right: 0px; text-indent: 0px;"><span class="TextRun SCXW248492638 BCX2" style="font-size: 11pt; line-height: 20.7px; font-family: Arial,;" lang="EN-US"><span class="NormalTextRun SCXW248492638 BCX2">Research and Policy Applications:</span></span><span class="TextRun SCXW248492638 BCX2" style="font-size: 11pt; line-height: 20.7px; font-family: Arial,;" lang="EN-US"><span class="NormalTextRun SCXW248492638 BCX2"> The collected data and developed tools are valuable resources for research and policy formulation. They enable stakeholders to analyze trends, </span><span class="NormalTextRun SCXW248492638 BCX2">identify</span><span class="NormalTextRun SCXW248492638 BCX2"> gaps, and develop strategies to enhance the quality and impact of technical education.</span></span><span class="EOP SCXW248492638 BCX2" style="font-size: 11pt; line-height: 20.7px; font-family: Arial,;">&nbsp;</span></p> </li> </ul> </div> <div class="OutlineElement Ltr SCXW248492638 BCX2" style="direction: ltr;"> <p class="Paragraph SCXW248492638 BCX2" style="font-weight: normal; font-style: normal; vertical-align: baseline; background-color: transparent; color: windowtext; text-align: left; margin: 16px 0px; padding-left: 0px; padding-right: 0px; text-indent: 0px;"><span class="TextRun SCXW248492638 BCX2" style="font-size: 11pt; line-height: 20.7px; font-family: Arial,;" lang="EN"><span class="NormalTextRun SCXW248492638 BCX2">The Profiles CTC project successfully met its goals, despite the challenges posed by the COVID-19 pandemic. The data collected and the tools developed have provided a robust foundation for understanding and improving community college engineering technology and technician programs.</span></span></p> </div> <div class="OutlineElement Ltr SCXW248492638 BCX2" style="direction: ltr;"> <p class="Paragraph SCXW248492638 BCX2" style="font-weight: normal; font-style: normal; vertical-align: baseline; background-color: transparent; color: windowtext; text-align: left; margin: 16px 0px; padding-left: 0px; padding-right: 0px; text-indent: 0px;"><span class="TextRun SCXW248492638 BCX2" style="font-size: 11pt; line-height: 20.7px; font-family: Arial,;" lang="EN-US"><span class="NormalTextRun SCXW248492638 BCX2">The project leaders believe that there is a compelling need for ongoing data collection undertaken under this project. It is hoped that a sustainable system will be </span><span class="NormalTextRun SCXW248492638 BCX2">established</span><span class="NormalTextRun SCXW248492638 BCX2"> that can undertake this task</span><span class="NormalTextRun SCXW248492638 BCX2">.&nbsp;&nbsp;</span><span class="NormalTextRun SCXW248492638 BCX2">&nbsp;</span></span><span class="EOP SCXW248492638 BCX2" style="font-size: 11pt; line-height: 20.7px; font-family: Arial,;"> <br /></span></p> </div> </div> </div><br> <p>  Last Modified: 07/26/2024<br> Modified by: Joseph&nbsp;Roy</p></div> <div class="porSideCol" ></div> </div>]]></DRECONTENT>
<POR_COPY_TXT><![CDATA[     The Profiles of Engineering Technology at Community & Technical Colleges (Profiles CTC) project aimed to bridge the knowledge gap about engineering technology and technician education offered by community colleges in the U.S. by gathering, analyzing, and disseminating comprehensive data.     The project was launched to fill the gaps in the data and knowledge about two-year engineering-related technician programs at two-year colleges. The project established a Data Advisory Board and developed the Profiles CTC, modeled after the successful Profiles of Engineering & Engineering Technology programs survey for four-year programs at U.S. colleges and universities. This survey was pilot-tested to refine data collection methods, ensuring relevance and accuracy. The data collected offers valuable insights into the demographics, enrollment trends, faculty composition, and program characteristics of community college engineering technology and technician programs, thereby enhancing our understanding of these essential educational pathways.     The broader impacts of this project are significant. By creating a comprehensive taxonomy and an interactive data visualization system, the project has provided community colleges, policymakers, and industry leaders with accessible, detailed information about engineering technology programs. This system allows for benchmarking, program improvement, and strategic planning, which can lead to better educational outcomes and workforce readiness.     Summary of Outcomes      Data Advisory Board:        Composition and Expertise: The Data Advisory Board was composed of six professionals with deep expertise and experience in community college engineering technology and technician education. This included community college faculty, institutional researchers and industry, providing a broad spectrum of insights.         Role and Contributions: The board played a crucial role in guiding the project, offering feedback on survey content, terminology, and data collection methods. They helped ensure that the survey captured relevant and useful data, reflecting the needs and realities of community & technical colleges.         Adaptations Due to COVID-19: The board provided valuable input on how to adapt the survey and data collection processes in response to the disruptions caused by the COVID-19 pandemic. Their guidance helped maintain the project's momentum despite these challenges.        Profiles CTC Survey:        Development Process: The survey was developed through a collaborative process involving the Data Advisory Board, projects external evaluators, and several ATE-PI project leaders. It was modeled after the established ASEEs Profiles 1.0 survey but tailored to the specific context of community colleges.         Pilot Testing: Two waves of pilot testing were conducted to refine the survey instrument. Although the initial pilot faced low response rates, adjustments were made to improve the survey's clarity and relevance.         Challenges and Solutions: The pandemic created significant hurdles in securing survey responses. Despite these challenges, the survey was successfully developed and distributed, providing a foundation for future data collection efforts.        Taxonomy Development:        Creation and Purpose: A comprehensive taxonomy of community college engineering technology and technician degrees and certificates was developed. This taxonomy categorizes programs by region, state, type of program, and other relevant factors.         Stakeholder Input: The taxonomy was created with input from the Data Advisory Board that included representations from key stakeholder communities and was based on analysis of IPEDS data. It provides a standardized framework for classifying and comparing programs across different institutions.        Interactive Data Visualization System:        Design and Features: An interactive data visualization system was designed to provide easy access to the collected data. This system includes functionalities for generating graphs and tables, making it user-friendly for a wide range of stakeholders.         Data Sources: The system incorporates data from IPEDS and the Profiles 2.0 survey, offering comprehensive insights into community college engineering technology programs. It allows users to explore data on program enrollments, completions, demographics, and more.           User Feedback and Enhancements: Feedback from community college practitioners was gathered to improve the system. Enhancements were made to ensure the system is accessible, user-friendly, and meets the needs of various user groups.        Scaling the Impact:        Directory Compilation: A directory of community & technical college engineering technology programs was compiled using IPEDS data. This directory includes detailed information on programs offered, degrees conferred, and institutional characteristics.         Public Access: The directory and the data visualization system are publicly available, allowing broad access to this valuable information (https://americansocietyforengineeringeducation.shinyapps.io/profilesctc/ ). Stakeholders can use these tools for benchmarking, program improvement, and strategic planning.         Research and Policy Applications: The collected data and developed tools are valuable resources for research and policy formulation. They enable stakeholders to analyze trends, identify gaps, and develop strategies to enhance the quality and impact of technical education.       The Profiles CTC project successfully met its goals, despite the challenges posed by the COVID-19 pandemic. The data collected and the tools developed have provided a robust foundation for understanding and improving community college engineering technology and technician programs.     The project leaders believe that there is a compelling need for ongoing data collection undertaken under this project. It is hoped that a sustainable system will be established that can undertake this task.          Last Modified: 07/26/2024       Submitted by: JosephRoy]]></POR_COPY_TXT>
</POR>
</Award>
</rootTag>
