<?xml version="1.0" encoding="UTF-8"?>
<rootTag>
<Award>
<AwardTitle><![CDATA[Integrating Unmanned Arial Vehicle Data Analysis Credentials into a Geospatial Science and Technology Degree Program]]></AwardTitle>
<AGENCY>NSF</AGENCY>
<AwardEffectiveDate>07/01/2020</AwardEffectiveDate>
<AwardExpirationDate>06/30/2023</AwardExpirationDate>
<AwardTotalIntnAmount>300000.00</AwardTotalIntnAmount>
<AwardAmount>300000</AwardAmount>
<AwardInstrument>
<Value>Standard Grant</Value>
</AwardInstrument>
<Organization>
<Code>11040100</Code>
<Directorate>
<Abbreviation>EDU</Abbreviation>
<LongName>Directorate for STEM Education</LongName>
</Directorate>
<Division>
<Abbreviation>DUE</Abbreviation>
<LongName>Division Of Undergraduate Education</LongName>
</Division>
</Organization>
<ProgramOfficer>
<SignBlockName>Virginia Carter</SignBlockName>
<PO_EMAI>vccarter@nsf.gov</PO_EMAI>
<PO_PHON>7032924651</PO_PHON>
</ProgramOfficer>
<AbstractNarration><![CDATA[This project will develop a new standards-based and industry-validated data analytics curriculum that integrates unmanned aerial vehicles (UAVs) into an existing geospatial technology degree program. Innovations in UAV technology have increased the types and volume of data that can be collected for use by industries such as agriculture, law enforcement, environmental monitoring and remediation, and utilities.  However, to inform these industries, the collected data must be analyzed and interpreted. Recent investments by New York State and private industry in Central New York have increased the demand for UAV-related research, development, and innovation. It has also increased the demand for technicians skilled in UAV data analysis and interpretation. This project will develop new stackable credentials, including a micro-credential and certificate, that will be embedded within an associate of applied science degree in Geospatial Science and Technology.  These credentials will be designed to meet the needs of traditional students, adult learners, and industry. The project will also develop applied learning, outreach, and engagement activities to broaden participation in the program, including participation of women and economically disadvantaged individuals.  In this way, the project has the potential to increase the number and diversity of individuals entering the UAV/geospatial technology workforce, where they can have stable careers with compensation that is higher than the living wage level. &lt;br/&gt;&lt;br/&gt;This project aims to meet industry needs for a technical workforce with competencies in analyzing and applying geospatial and UAV-collected data, as well as to broaden participation in the field. The project will develop a new UAV-data analytics curriculum that includes a 24-credit certificate program and a three-course micro-credential, both of which will be embedded within a Geospatial Science and Technology (GST) associate of applied science degree program. The GST degree program includes courses in geographic information systems, remote sensing, cartography, and quantitative analysis that will be bolstered by and complement the new UAV curriculum. The project will conduct a Developing a Curriculum (DACUM) analysis and use the results to develop the stackable credentials. The DACUM results will be shared with the National Geospatial Technology Center of Excellence and made available as an open resource to other academic institutions. The project will also develop new data sets and UAV-data analytics lab exercises to collect raw data using a UAV equipped with a variety of sensors.  The varied data will be used to introduce students to the broad range of problems they will analyze in different industry sectors, such as using UAV technology to determine the extent of apple tree fungus or to inspect utility lines.  The project will recruit new students into GST and UAV-data analytics by developing informational materials, conducting outreach to incumbent workers through employer partners, and expanding the college’s partnership with a local 9-12 high school in Syracuse, New York, that has 83% of its students qualifying for free lunch and is classified as “economically disadvantaged” by the New York State Department of Education. This project is funded by the Advanced Technological Education program that focuses on the education of technicians for the advanced-technology fields that drive the nation’s economy.&lt;br/&gt;&lt;br/&gt;This award reflects NSF's statutory mission and has been deemed worthy of support through evaluation using the Foundation's intellectual merit and broader impacts review criteria.]]></AbstractNarration>
<MinAmdLetterDate>03/17/2020</MinAmdLetterDate>
<MaxAmdLetterDate>03/17/2020</MaxAmdLetterDate>
<ARRAAmount/>
<TRAN_TYPE>Grant</TRAN_TYPE>
<CFDA_NUM>47.076</CFDA_NUM>
<NSF_PAR_USE_FLAG>1</NSF_PAR_USE_FLAG>
<FUND_AGCY_CODE>4900</FUND_AGCY_CODE>
<AWDG_AGCY_CODE>4900</AWDG_AGCY_CODE>
<AwardID>2000086</AwardID>
<Investigator>
<FirstName>Justin</FirstName>
<LastName>Fiene</LastName>
<PI_MID_INIT/>
<PI_SUFX_NAME/>
<PI_FULL_NAME>Justin Fiene</PI_FULL_NAME>
<EmailAddress><![CDATA[j.fiene@sunyocc.edu]]></EmailAddress>
<NSF_ID>000706861</NSF_ID>
<StartDate>03/17/2020</StartDate>
<EndDate/>
<RoleCode>Co-Principal Investigator</RoleCode>
</Investigator>
<Investigator>
<FirstName>BUFFY</FirstName>
<LastName>QUINN</LastName>
<PI_MID_INIT/>
<PI_SUFX_NAME/>
<PI_FULL_NAME>BUFFY QUINN</PI_FULL_NAME>
<EmailAddress><![CDATA[quinnb@sunyocc.edu]]></EmailAddress>
<NSF_ID>000706764</NSF_ID>
<StartDate>03/17/2020</StartDate>
<EndDate/>
<RoleCode>Principal Investigator</RoleCode>
</Investigator>
<Institution>
<Name>SUNY Onondaga Community College</Name>
<CityName>SYRACUSE</CityName>
<ZipCode>132154580</ZipCode>
<PhoneNumber>3154982581</PhoneNumber>
<StreetAddress>4585 W SENECA TPKE</StreetAddress>
<StreetAddress2/>
<CountryName>United States</CountryName>
<StateName>New York</StateName>
<StateCode>NY</StateCode>
<CONGRESSDISTRICT>22</CONGRESSDISTRICT>
<CONGRESS_DISTRICT_ORG>NY22</CONGRESS_DISTRICT_ORG>
<ORG_UEI_NUM>SJHAGXNEXB51</ORG_UEI_NUM>
<ORG_LGL_BUS_NAME>ONONDAGA COMMUNITY COLLEGE</ORG_LGL_BUS_NAME>
<ORG_PRNT_UEI_NUM/>
</Institution>
<Performance_Institution>
<Name><![CDATA[SUNY Onondaga Community College]]></Name>
<CityName>SYRACUSE</CityName>
<StateCode>NY</StateCode>
<ZipCode>132154585</ZipCode>
<StreetAddress><![CDATA[4585 West Seneca Turnpike]]></StreetAddress>
<CountryCode>US</CountryCode>
<CountryName>United States</CountryName>
<StateName>New York</StateName>
<CountryFlag>1</CountryFlag>
<CONGRESSDISTRICT>22</CONGRESSDISTRICT>
<CONGRESS_DISTRICT_PERF>NY22</CONGRESS_DISTRICT_PERF>
</Performance_Institution>
<ProgramElement>
<Code>7412</Code>
<Text>Advanced Tech Education Prog</Text>
</ProgramElement>
<ProgramReference>
<Code>1032</Code>
<Text>ADVANCED TECHNOLOGY EDUCATION</Text>
</ProgramReference>
<ProgramReference>
<Code>9178</Code>
<Text>UNDERGRADUATE EDUCATION</Text>
</ProgramReference>
<ProgramReference>
<Code>SMET</Code>
<Text>SCIENCE, MATH, ENG &amp; TECH EDUCATION</Text>
</ProgramReference>
<Appropriation>
<Code>0420</Code>
<Name>NSF Education &amp; Human Resource</Name>
<APP_SYMB_ID>040106</APP_SYMB_ID>
</Appropriation>
<Fund>
<Code>04002021DB</Code>
<Name><![CDATA[NSF Education & Human Resource]]></Name>
<FUND_SYMB_ID>040106</FUND_SYMB_ID>
</Fund>
<FUND_OBLG>2020~300000</FUND_OBLG>
</Award>
</rootTag>
