<?xml version="1.0" encoding="UTF-8"?>
<rootTag>
<Award>
<AwardTitle><![CDATA[Facilitating Teacher Learning with Video Clips of Instruction in Science]]></AwardTitle>
<AGENCY>NSF</AGENCY>
<AwardEffectiveDate>11/01/2020</AwardEffectiveDate>
<AwardExpirationDate>04/30/2023</AwardExpirationDate>
<AwardTotalIntnAmount>700000.00</AwardTotalIntnAmount>
<AwardAmount>700000</AwardAmount>
<AwardInstrument>
<Value>Standard Grant</Value>
</AwardInstrument>
<Organization>
<Code>11090000</Code>
<Directorate>
<Abbreviation>EDU</Abbreviation>
<LongName>Directorate for STEM Education</LongName>
</Directorate>
<Division>
<Abbreviation>DRL</Abbreviation>
<LongName>Division Of Research On Learning</LongName>
</Division>
</Organization>
<ProgramOfficer>
<SignBlockName>Robert Ochsendorf</SignBlockName>
<PO_EMAI>rochsend@nsf.gov</PO_EMAI>
<PO_PHON>7032922760</PO_PHON>
</ProgramOfficer>
<AbstractNarration>Videos of teaching have become a popular tool for facilitating teacher learning, with the potential to powerfully impact teacher practice. However, less is known about specific mechanisms through which teachers learn from video. The goal of this study is to build foundational knowledge about teacher learning by using video clips of science instruction within a professional development (PD) context.  The researchers will study the infusion of principles from cognitive science as possible ways to enhance teacher learning from video (these include contrasting cases and self-explanation principles).  PD opportunities that support teachers in making sense of the information about students’ thinking and reasoning as students work are rare. Motivation to address this need has led to the interdisciplinary collaboration in this project that will study the use of video clips in teacher PD and explore teacher learning with and from video clips of science instruction in-depth. The project is jointly funded by the EHR Core Research (ECR) program, which supports work that advances the fundamental research literature on STEM learning, and by the Discovery Research K-12 program (DRK-12), which supports the research and development of innovative resources, models and tools in order to enhance STEM learning and teaching by pre-K-12 students and teachers.&lt;br/&gt;&lt;br/&gt;This design based research project will pursue descriptive accounts of teacher learning by explaining how and why teachers learn with and from video clips of instruction. The team will draw on cognitive science and learning sciences research, specifically literature on analogical reasoning and self-explanation, to unpack mechanisms through which videos support teacher learning and the conditions under which they do so. Evidence pertaining to teacher learning will be gathered through teachers’ participation in video-rich PD, semi-structured interviews with teachers around video clips and prompts for interacting with the clips, and classroom observations. Through intentionally designed video clips and supporting structures, the project will help to uncover how to support noticing of 1) students’ thinking and reasoning and 2) critical and often nuanced differences between more and less productive teaching practices that facilitate students' intellectual engagement in performance assessment tasks. The study has the potential to extend the current knowledge on the kinds of evidence-based learning structures that can enhance teachers’ learning to notice important classroom interactions as they learn to develop ambitious teaching practices.&lt;br/&gt;&lt;br/&gt;This award reflects NSF's statutory mission and has been deemed worthy of support through evaluation using the Foundation's intellectual merit and broader impacts review criteria.</AbstractNarration>
<MinAmdLetterDate>06/09/2020</MinAmdLetterDate>
<MaxAmdLetterDate>06/09/2020</MaxAmdLetterDate>
<ARRAAmount/>
<TRAN_TYPE>Grant</TRAN_TYPE>
<CFDA_NUM>47.076</CFDA_NUM>
<NSF_PAR_USE_FLAG>1</NSF_PAR_USE_FLAG>
<FUND_AGCY_CODE>4900</FUND_AGCY_CODE>
<AWDG_AGCY_CODE>4900</AWDG_AGCY_CODE>
<AwardID>2000833</AwardID>
<Investigator>
<FirstName>Jonathan</FirstName>
<LastName>Osborne</LastName>
<PI_MID_INIT/>
<PI_SUFX_NAME/>
<PI_FULL_NAME>Jonathan Osborne</PI_FULL_NAME>
<EmailAddress><![CDATA[osbornej@stanford.edu]]></EmailAddress>
<NSF_ID>000528838</NSF_ID>
<StartDate>06/09/2020</StartDate>
<EndDate/>
<RoleCode>Co-Principal Investigator</RoleCode>
</Investigator>
<Investigator>
<FirstName>Miriam</FirstName>
<LastName>Sherin</LastName>
<PI_MID_INIT>G</PI_MID_INIT>
<PI_SUFX_NAME/>
<PI_FULL_NAME>Miriam G Sherin</PI_FULL_NAME>
<EmailAddress><![CDATA[msherin@northwestern.edu]]></EmailAddress>
<NSF_ID>000297409</NSF_ID>
<StartDate>06/09/2020</StartDate>
<EndDate/>
<RoleCode>Co-Principal Investigator</RoleCode>
</Investigator>
<Investigator>
<FirstName>Jennifer</FirstName>
<LastName>Richards</LastName>
<PI_MID_INIT/>
<PI_SUFX_NAME/>
<PI_FULL_NAME>Jennifer Richards</PI_FULL_NAME>
<EmailAddress><![CDATA[jrichards@northwestern.edu]]></EmailAddress>
<NSF_ID>000701597</NSF_ID>
<StartDate>06/09/2020</StartDate>
<EndDate/>
<RoleCode>Co-Principal Investigator</RoleCode>
</Investigator>
<Investigator>
<FirstName>Jane</FirstName>
<LastName>Richey</LastName>
<PI_MID_INIT>E</PI_MID_INIT>
<PI_SUFX_NAME/>
<PI_FULL_NAME>Jane E Richey</PI_FULL_NAME>
<EmailAddress><![CDATA[Jer177@pitt.edu]]></EmailAddress>
<NSF_ID>000796649</NSF_ID>
<StartDate>06/09/2020</StartDate>
<EndDate/>
<RoleCode>Co-Principal Investigator</RoleCode>
</Investigator>
<Investigator>
<FirstName>Miray</FirstName>
<LastName>Tekkumru Kisa</LastName>
<PI_MID_INIT/>
<PI_SUFX_NAME/>
<PI_FULL_NAME>Miray Tekkumru Kisa</PI_FULL_NAME>
<EmailAddress><![CDATA[mtkisa@rand.org]]></EmailAddress>
<NSF_ID>000713008</NSF_ID>
<StartDate>06/09/2020</StartDate>
<EndDate/>
<RoleCode>Principal Investigator</RoleCode>
</Investigator>
<Institution>
<Name><![CDATA[Florida State University]]></Name>
<CityName>TALLAHASSEE</CityName>
<ZipCode>323060001</ZipCode>
<PhoneNumber>8506445260</PhoneNumber>
<StreetAddress><![CDATA[874 TRADITIONS WAY]]></StreetAddress>
<StreetAddress2/>
<CountryName>United States</CountryName>
<StateName>Florida</StateName>
<StateCode>FL</StateCode>
<CONGRESSDISTRICT>02</CONGRESSDISTRICT>
<CONGRESS_DISTRICT_ORG>FL02</CONGRESS_DISTRICT_ORG>
<ORG_UEI_NUM>JF2BLNN4PJC3</ORG_UEI_NUM>
<ORG_LGL_BUS_NAME>FLORIDA STATE UNIVERSITY</ORG_LGL_BUS_NAME>
<ORG_PRNT_UEI_NUM/>
</Institution>
<Performance_Institution>
<Name><![CDATA[Florida State University]]></Name>
<CityName>TALLAHASSEE</CityName>
<StateCode>FL</StateCode>
<ZipCode>323043476</ZipCode>
<StreetAddress><![CDATA[1114 West Call Street]]></StreetAddress>
<CountryCode>US</CountryCode>
<CountryName>United States</CountryName>
<StateName>Florida</StateName>
<CountryFlag>1</CountryFlag>
<CONGRESSDISTRICT>02</CONGRESSDISTRICT>
<CONGRESS_DISTRICT_PERF>FL02</CONGRESS_DISTRICT_PERF>
</Performance_Institution>
<ProgramElement>
<Code>764500</Code>
<Text>Discovery Research K-12</Text>
</ProgramElement>
<ProgramElement>
<Code>798000</Code>
<Text>ECR-EDU Core Research</Text>
</ProgramElement>
<ProgramReference>
<Code>8817</Code>
<Text>STEM Learning &amp; Learning Environments</Text>
</ProgramReference>
<Appropriation>
<Code>0420</Code>
<Name>NSF Education &amp; Human Resource</Name>
<APP_SYMB_ID>040106</APP_SYMB_ID>
</Appropriation>
<Fund>
<Code>04002021DB</Code>
<Name><![CDATA[NSF Education & Human Resource]]></Name>
<FUND_SYMB_ID>040106</FUND_SYMB_ID>
</Fund>
<FUND_OBLG>2020~228640</FUND_OBLG>
</Award>
</rootTag>
