<?xml version="1.0" encoding="UTF-8"?>
<rootTag>
<Award>
<AwardTitle><![CDATA[Excellence in Research: Biofilm Adhesive and Kinetic Properties Under Hydrodynamic Influences During Early Evolution Stages]]></AwardTitle>
<AGENCY>NSF</AGENCY>
<AwardEffectiveDate>08/01/2020</AwardEffectiveDate>
<AwardExpirationDate>07/31/2025</AwardExpirationDate>
<AwardTotalIntnAmount>712172.00</AwardTotalIntnAmount>
<AwardAmount>712172</AwardAmount>
<AwardInstrument>
<Value>Standard Grant</Value>
</AwardInstrument>
<Organization>
<Code>07030000</Code>
<Directorate>
<Abbreviation>ENG</Abbreviation>
<LongName>Directorate For Engineering</LongName>
</Directorate>
<Division>
<Abbreviation>CMMI</Abbreviation>
<LongName>Div Of Civil, Mechanical, &amp; Manufact Inn</LongName>
</Division>
</Organization>
<ProgramOfficer>
<SignBlockName>Wendy C. Crone</SignBlockName>
<PO_EMAI>wcrone@nsf.gov</PO_EMAI>
<PO_PHON>7032920000</PO_PHON>
</ProgramOfficer>
<AbstractNarration>Biofilms are aggregates of bacteria.  Biofilms play important roles in ecological, industrial, and biomedical processes of national relevance. For example, they are associated with biofouling, where microorganisms attach to surfaces and reduce the performance of machines. In medical fields, biofilms play a key role in the development of antibiotic-resistant microorganisms. Biofilms often form in wet environments under fluid flow. Although a large body of knowledge on biofilm formation exists, little is known about how initial single- and multi-cell interactions and fluid flow influence the growth and final structure of biofilms. This project will analyze the fundamental processes that govern cell interactions within a biofilm in fluid flow environments. The results will improve understanding of the developmental stages of microbial biofilm formation by investigating the bacteria cell responses under flow conditions. This may ultimately lead to a way to control biofilm evolution.  These outcomes could also help with novel diagnosis and treatment methods for problems caused by biofilms. This project is a collaboration between researchers at two two Historically Black Colleges and Universities (HBCUs) and one national lab.  The institutions are Howard University, Florida A&amp;M University, the National High Magnetic Field Laboratory. The project supports the interdisciplinary training of underrepresented groups.  Undergraduate, graduate, and K-12 students in STEM (Science, Technology, Engineering, and Mathematics) will participate at their respective institutions.   &lt;br/&gt; &lt;br/&gt;Biofilms constitute an inherent part of the natural life cycle of most microorganisms, and most bacterial biofilms develop under hydrodynamic stress. The hypothesis is that the cost of growing and evolving in hydrodynamic conditions for these banks of bacteria has a net effect of initiating and promoting intrinsic physical, physiological, and kinetic properties that may contribute to biofilm resistance and resilience. This project presents a novel strategy to investigate the impact of hydrodynamics that occurs within bacterial communities using live and model bacteria systems and high-resolution fluorescent velocimetry. This research integrates theoretical and experimental work with the following objectives: (1) Investigate the various hydrodynamic conditions at the substratum boundary and their effect on the adhesion kinetics and spatial distribution of bacterial cells and (2) Determine the impact of hydrodynamic forces on the intercellular and interspecies interactions during biofilm evolution, and (3) Develop a working model for predicting the kinetics of recruitment and detachment of bacteria to and from biofilms under hydrodynamic milieus.&lt;br/&gt;&lt;br/&gt;This award reflects NSF's statutory mission and has been deemed worthy of support through evaluation using the Foundation's intellectual merit and broader impacts review criteria.</AbstractNarration>
<MinAmdLetterDate>05/05/2020</MinAmdLetterDate>
<MaxAmdLetterDate>05/05/2020</MaxAmdLetterDate>
<ARRAAmount/>
<TRAN_TYPE>Grant</TRAN_TYPE>
<CFDA_NUM>47.041</CFDA_NUM>
<NSF_PAR_USE_FLAG>1</NSF_PAR_USE_FLAG>
<FUND_AGCY_CODE>4900</FUND_AGCY_CODE>
<AWDG_AGCY_CODE>4900</AWDG_AGCY_CODE>
<AwardID>2000330</AwardID>
<Investigator>
<FirstName>Patrick</FirstName>
<LastName>Ymele-Leki</LastName>
<PI_MID_INIT/>
<PI_SUFX_NAME/>
<PI_FULL_NAME>Patrick Ymele-Leki</PI_FULL_NAME>
<EmailAddress><![CDATA[patrick.ymeleleki@howard.edu]]></EmailAddress>
<NSF_ID>000646434</NSF_ID>
<StartDate>05/05/2020</StartDate>
<EndDate/>
<RoleCode>Principal Investigator</RoleCode>
</Investigator>
<Investigator>
<FirstName>Jamel</FirstName>
<LastName>Ali</LastName>
<PI_MID_INIT/>
<PI_SUFX_NAME/>
<PI_FULL_NAME>Jamel Ali</PI_FULL_NAME>
<EmailAddress><![CDATA[jali@eng.famu.fsu.edu]]></EmailAddress>
<NSF_ID>000658881</NSF_ID>
<StartDate>05/05/2020</StartDate>
<EndDate/>
<RoleCode>Co-Principal Investigator</RoleCode>
</Investigator>
<Institution>
<Name><![CDATA[Howard University]]></Name>
<CityName>WASHINGTON</CityName>
<ZipCode>200590002</ZipCode>
<PhoneNumber>2028064759</PhoneNumber>
<StreetAddress><![CDATA[2400 6TH ST NW]]></StreetAddress>
<StreetAddress2/>
<CountryName>United States</CountryName>
<StateName>District of Columbia</StateName>
<StateCode>DC</StateCode>
<CONGRESSDISTRICT>00</CONGRESSDISTRICT>
<CONGRESS_DISTRICT_ORG>DC00</CONGRESS_DISTRICT_ORG>
<ORG_UEI_NUM>DYZNJGLTHMR9</ORG_UEI_NUM>
<ORG_LGL_BUS_NAME>HOWARD UNIVERSITY</ORG_LGL_BUS_NAME>
<ORG_PRNT_UEI_NUM/>
</Institution>
<Performance_Institution>
<Name><![CDATA[Howard University]]></Name>
<CityName>Washington</CityName>
<StateCode>DC</StateCode>
<ZipCode>200591015</ZipCode>
<StreetAddress><![CDATA[2300 Sixth St NW]]></StreetAddress>
<CountryCode>US</CountryCode>
<CountryName>United States</CountryName>
<StateName>District of Columbia</StateName>
<CountryFlag>1</CountryFlag>
<CONGRESSDISTRICT>00</CONGRESSDISTRICT>
<CONGRESS_DISTRICT_PERF>DC00</CONGRESS_DISTRICT_PERF>
</Performance_Institution>
<ProgramElement>
<Code>070y00</Code>
<Text>HBCU-EiR - HBCU-Excellence in</Text>
</ProgramElement>
<ProgramReference>
<Code>028E</Code>
<Text>BIOMECHANICS</Text>
</ProgramReference>
<ProgramReference>
<Code>041Z</Code>
<Text>HBCU-Strengthening Research Capacities</Text>
</ProgramReference>
<ProgramReference>
<Code>070Z</Code>
<Text>MB-Mechanobiology</Text>
</ProgramReference>
<ProgramReference>
<Code>9102</Code>
<Text>WOMEN, MINORITY, DISABLED, NEC</Text>
</ProgramReference>
<Appropriation>
<Code>0120</Code>
<Name>NSF RESEARCH &amp; RELATED ACTIVIT</Name>
<APP_SYMB_ID>040100</APP_SYMB_ID>
</Appropriation>
<Fund>
<Code>01002021DB</Code>
<Name><![CDATA[NSF RESEARCH & RELATED ACTIVIT]]></Name>
<FUND_SYMB_ID>040100</FUND_SYMB_ID>
</Fund>
<FUND_OBLG>2020~712172</FUND_OBLG>
</Award>
</rootTag>
