<?xml version="1.0" encoding="UTF-8"?>
<rootTag>
<Award>
<AwardTitle><![CDATA[Development of More Active and More Selective Catalysts for ATRP]]></AwardTitle>
<AGENCY>NSF</AGENCY>
<AwardEffectiveDate>09/01/2020</AwardEffectiveDate>
<AwardExpirationDate>08/31/2024</AwardExpirationDate>
<AwardTotalIntnAmount>600000.00</AwardTotalIntnAmount>
<AwardAmount>600000</AwardAmount>
<AwardInstrument>
<Value>Standard Grant</Value>
</AwardInstrument>
<Organization>
<Code>03090000</Code>
<Directorate>
<Abbreviation>MPS</Abbreviation>
<LongName>Direct For Mathematical &amp; Physical Scien</LongName>
</Directorate>
<Division>
<Abbreviation>CHE</Abbreviation>
<LongName>Division Of Chemistry</LongName>
</Division>
</Organization>
<ProgramOfficer>
<SignBlockName>John Papanikolas</SignBlockName>
<PO_EMAI>jpapanik@nsf.gov</PO_EMAI>
<PO_PHON>7032928173</PO_PHON>
</ProgramOfficer>
<AbstractNarration>With this award, the Macromolecular, Supramolecular, and Nanochemistry Program in the Chemistry Division is supporting Professor Krzysztof Matyjaszewski at Carnegie Mellon University to develop new Cu-based catalysts for atom transfer radical polymerization (ATRP). Radical polymerization is a chemical reaction that sequentially adds small molecules of monomers to form long polymer chains that consist of hundreds or thousands of repeating units. This powerful synthetic method is used to make nearly half of all plastics, about 100 million tons worldwide each year. ATRP is a special type of radical polymerization that can prepare advanced polymers with precisely controlled chain lengths and shapes. ATRP is also used to prepare various hybrid materials by chemically linking synthetic polymers to biomolecules and to surfaces of inorganic particles. Professor Matyjaszewski’s team develops new catalysts for such important ATRP processes with enhanced activity and selectivity. This study will contribute to the creation of more precise polymers and expansion of range of polymerizable monomers, while using diminished levels of catalyst. By employing “green” ATRP catalysts, this research provides environmentally improved polymerization conditions, relevant for the industrial production of polymers. The broader impacts include the training undergraduate and graduate students in polymer science and educating the public about controlled radical polymerization via instructional webpages and videos.&lt;br/&gt;&lt;br/&gt;Under this ward, Professor Matyjaszewski and his  team will explore preparation of catalysts with much higher activity than the original ATRP catalysts and that retain selectivity for the ATRP pathway while suppressing Cu-induced termination and transfer reactions. ATRP is based on a reversible atom transfer process between dormant alkyl halides and growing radicals, catalyzed by redox active transition metal complexes. ATRP is used to prepare advanced polymers with well-defined architecture. They include uniform linear chains and also star, comb and cyclic polymers, as well as statistical, periodic, gradient and block copolymers. The new ATRP catalysts are based on ligands belonging to the tris(pyridylmetyl)amine, or tetra-aza-macrocycle families. Thermodynamic and kinetic properties of new complexes will be determined through electrochemical, spectroscopic and computational methods to establish the comprehensive structure/reactivity relationship. The new catalysts being developed will be employed for ATRP of (meth)acrylates and (meth)acrylamides and also for less ATRP-active monomers such as vinyl esters and N-vinylamides. The catalysts will be evaluated for their ability to activate alkyl (pseudo)halides with F-C, N3-C, SCN-C bonds, much less active species than the alkyl bromides or chlorides that are typically used in ATRP. The extremely reactive Cu-based catalysts react not only with alkyl halides but also with propagating radicals, forming transient organocuprate species. The latter paramagnetic compounds induce termination processes. Therefore, the mechanism of Cu-catalyzed termination will be studied in great detail to gain insight into the design of more selective catalysts and optimize polymerization conditions.&lt;br/&gt;&lt;br/&gt;This award reflects NSF's statutory mission and has been deemed worthy of support through evaluation using the Foundation's intellectual merit and broader impacts review criteria.</AbstractNarration>
<MinAmdLetterDate>07/15/2020</MinAmdLetterDate>
<MaxAmdLetterDate>07/15/2020</MaxAmdLetterDate>
<ARRAAmount/>
<TRAN_TYPE>Grant</TRAN_TYPE>
<CFDA_NUM>47.049</CFDA_NUM>
<NSF_PAR_USE_FLAG>1</NSF_PAR_USE_FLAG>
<FUND_AGCY_CODE>4900</FUND_AGCY_CODE>
<AWDG_AGCY_CODE>4900</AWDG_AGCY_CODE>
<AwardID>2000391</AwardID>
<Investigator>
<FirstName>Krzysztof</FirstName>
<LastName>Matyjaszewski</LastName>
<PI_MID_INIT/>
<PI_SUFX_NAME/>
<PI_FULL_NAME>Krzysztof Matyjaszewski</PI_FULL_NAME>
<EmailAddress><![CDATA[km3b@andrew.cmu.edu]]></EmailAddress>
<NSF_ID>000265803</NSF_ID>
<StartDate>07/15/2020</StartDate>
<EndDate/>
<RoleCode>Principal Investigator</RoleCode>
</Investigator>
<Institution>
<Name><![CDATA[Carnegie-Mellon University]]></Name>
<CityName>PITTSBURGH</CityName>
<ZipCode>152133815</ZipCode>
<PhoneNumber>4122688746</PhoneNumber>
<StreetAddress><![CDATA[5000 FORBES AVE]]></StreetAddress>
<StreetAddress2/>
<CountryName>United States</CountryName>
<StateName>Pennsylvania</StateName>
<StateCode>PA</StateCode>
<CONGRESSDISTRICT>12</CONGRESSDISTRICT>
<CONGRESS_DISTRICT_ORG>PA12</CONGRESS_DISTRICT_ORG>
<ORG_UEI_NUM>U3NKNFLNQ613</ORG_UEI_NUM>
<ORG_LGL_BUS_NAME>CARNEGIE MELLON UNIVERSITY</ORG_LGL_BUS_NAME>
<ORG_PRNT_UEI_NUM>U3NKNFLNQ613</ORG_PRNT_UEI_NUM>
</Institution>
<Performance_Institution>
<Name><![CDATA[Carnegie Melon University]]></Name>
<CityName>Pittsburgh</CityName>
<StateCode>PA</StateCode>
<ZipCode>152133815</ZipCode>
<StreetAddress><![CDATA[5000 Forbes Avenue]]></StreetAddress>
<CountryCode>US</CountryCode>
<CountryName>United States</CountryName>
<StateName>Pennsylvania</StateName>
<CountryFlag>1</CountryFlag>
<CONGRESSDISTRICT>12</CONGRESSDISTRICT>
<CONGRESS_DISTRICT_PERF>PA12</CONGRESS_DISTRICT_PERF>
</Performance_Institution>
<ProgramElement>
<Code>688500</Code>
<Text>Macromolec/Supramolec/Nano</Text>
</ProgramElement>
<ProgramReference>
<Code>7237</Code>
<Text>NANO NON-SOLIC SCI &amp; ENG AWD</Text>
</ProgramReference>
<Appropriation>
<Code>0120</Code>
<Name>NSF RESEARCH &amp; RELATED ACTIVIT</Name>
<APP_SYMB_ID>040100</APP_SYMB_ID>
</Appropriation>
<Fund>
<Code>01002021DB</Code>
<Name><![CDATA[NSF RESEARCH & RELATED ACTIVIT]]></Name>
<FUND_SYMB_ID>040100</FUND_SYMB_ID>
</Fund>
<FUND_OBLG>2020~600000</FUND_OBLG>
</Award>
</rootTag>
