<?xml version="1.0" encoding="UTF-8"?>
<rootTag>
<Award>
<AwardTitle><![CDATA[RAPID: Collaborative Research: Tracking Amazon Forest Fires from Source to Sink]]></AwardTitle>
<AGENCY>NSF</AGENCY>
<AwardEffectiveDate>11/01/2019</AwardEffectiveDate>
<AwardExpirationDate>10/31/2022</AwardExpirationDate>
<AwardTotalIntnAmount>77033.00</AwardTotalIntnAmount>
<AwardAmount>77033</AwardAmount>
<AwardInstrument>
<Value>Standard Grant</Value>
</AwardInstrument>
<Organization>
<Code>06040300</Code>
<Directorate>
<Abbreviation>GEO</Abbreviation>
<LongName>Directorate For Geosciences</LongName>
</Directorate>
<Division>
<Abbreviation>OCE</Abbreviation>
<LongName>Division Of Ocean Sciences</LongName>
</Division>
</Organization>
<ProgramOfficer>
<SignBlockName>Henrietta Edmonds</SignBlockName>
<PO_EMAI>hedmonds@nsf.gov</PO_EMAI>
<PO_PHON>7032927427</PO_PHON>
</ProgramOfficer>
<AbstractNarration>Fire plays a key role in Earth's ecosystem dynamics with profound effects on biogeochemical processes, climate, and environmental quality beyond the significant threat to people and infrastructures. This year has seen the most forest fires in the Amazon Basin of Brazil since 2010, providing a compelling opportunity to study the impact of fires on carbon fluxes in the Amazon River system, and, together with an auspiciously-timed cruise planned to the Guyanas mudbanks in 2020, to characterize the corresponding signature of biomass burning along the entire continuum from source on land to sink in the oceans. This project takes advantage of this opportunity through time series sampling of the dissolved and particulate load in the headwaters and the lower reaches of the Amazon River. This effort will be combined with targeted sampling campaigns across the full river depth profile at high and low discharge to capture the export of material to the Atlantic Ocean. Pyrogenic carbon concentration and composition will be measured by combining specific molecular work (anhydrous sugar levoglucosan and benzene polycarboxylic acids, or BPCAs) with ramped pyrolysis oxidation to characterize the chemical continuum that makes up pyrogenic carbon. Radiocarbon content and stable carbon isotope composition will help to distinguish pyrogenic carbon derived from combustion of living biomass (as opposed to that eroded from soils or old sediments, for example). Compared to a baseline established during a period of time when fire activity in the Amazon basin was relatively low, river samples from 2019 offer a chance to test whether pyrogenic carbon fluxes to the ocean respond to an increase in fire activity. The offshore samples will allow for characterizing how this pyrogenic carbon is transformed and/or preserved in the coastal ocean. Rapid-response funding will be essential to capitalizing on the unique combination of existing baseline data, the pronounced increase in fire activity this year, and the planned 2020 cruise. The outcome of this project will lay the groundwork for future efforts at reconstructing past fire activity, e.g., in association with upcoming drilling projects in the Amazon system supported by International Continental Scientific Drilling Program and the International Ocean Drilling Program. Finally, the project will interface with the Woods Hole Partnership Educational Program, which is designed to provide college students from underrepresented minorities opportunities to gain practical experience in marine and environmental sciences.&lt;br/&gt;&lt;br/&gt;This award reflects NSF's statutory mission and has been deemed worthy of support through evaluation using the Foundation's intellectual merit and broader impacts review criteria.</AbstractNarration>
<MinAmdLetterDate>10/28/2019</MinAmdLetterDate>
<MaxAmdLetterDate>10/28/2019</MaxAmdLetterDate>
<ARRAAmount/>
<TRAN_TYPE>Grant</TRAN_TYPE>
<CFDA_NUM>47.050</CFDA_NUM>
<NSF_PAR_USE_FLAG>1</NSF_PAR_USE_FLAG>
<FUND_AGCY_CODE>4900</FUND_AGCY_CODE>
<AWDG_AGCY_CODE>4900</AWDG_AGCY_CODE>
<AwardID>2000097</AwardID>
<Investigator>
<FirstName>Valier</FirstName>
<LastName>Galy</LastName>
<PI_MID_INIT/>
<PI_SUFX_NAME/>
<PI_FULL_NAME>Valier Galy</PI_FULL_NAME>
<EmailAddress><![CDATA[vgaly@whoi.edu]]></EmailAddress>
<NSF_ID>000498094</NSF_ID>
<StartDate>10/28/2019</StartDate>
<EndDate/>
<RoleCode>Principal Investigator</RoleCode>
</Investigator>
<Institution>
<Name><![CDATA[Woods Hole Oceanographic Institution]]></Name>
<CityName>WOODS HOLE</CityName>
<ZipCode>025431535</ZipCode>
<PhoneNumber>5082893542</PhoneNumber>
<StreetAddress><![CDATA[266 WOODS HOLE RD]]></StreetAddress>
<StreetAddress2/>
<CountryName>United States</CountryName>
<StateName>Massachusetts</StateName>
<StateCode>MA</StateCode>
<CONGRESSDISTRICT>09</CONGRESSDISTRICT>
<CONGRESS_DISTRICT_ORG>MA09</CONGRESS_DISTRICT_ORG>
<ORG_UEI_NUM>GFKFBWG2TV98</ORG_UEI_NUM>
<ORG_LGL_BUS_NAME>WOODS HOLE OCEANOGRAPHIC INSTITUTION</ORG_LGL_BUS_NAME>
<ORG_PRNT_UEI_NUM/>
</Institution>
<Performance_Institution>
<Name><![CDATA[Woods Hole Oceanographic Institution]]></Name>
<CityName>Woods Hole</CityName>
<StateCode>MA</StateCode>
<ZipCode>025431050</ZipCode>
<StreetAddress><![CDATA[266 Woods Hole Rd.]]></StreetAddress>
<CountryCode>US</CountryCode>
<CountryName>United States</CountryName>
<StateName>Massachusetts</StateName>
<CountryFlag>1</CountryFlag>
<CONGRESSDISTRICT>09</CONGRESSDISTRICT>
<CONGRESS_DISTRICT_PERF>MA09</CONGRESS_DISTRICT_PERF>
</Performance_Institution>
<ProgramElement>
<Code>167000</Code>
<Text>Chemical Oceanography</Text>
</ProgramElement>
<ProgramReference>
<Code>1389</Code>
<Text>CARBON CYCLE RESEARCH</Text>
</ProgramReference>
<ProgramReference>
<Code>7914</Code>
<Text>RAPID</Text>
</ProgramReference>
<Appropriation>
<Code>0120</Code>
<Name>NSF RESEARCH &amp; RELATED ACTIVIT</Name>
<APP_SYMB_ID>040100</APP_SYMB_ID>
</Appropriation>
<Fund>
<Code>01002021DB</Code>
<Name><![CDATA[NSF RESEARCH & RELATED ACTIVIT]]></Name>
<FUND_SYMB_ID>040100</FUND_SYMB_ID>
</Fund>
<FUND_OBLG>2020~77033</FUND_OBLG>
<POR>
<DRECONTENT><![CDATA[<div class="porColContainerWBG"> <div class="porContentCol"><p>This award allowed to initiate and sustain time series sampling of the Amazon River mainstem in Obidos (Brazil) and Tapajos River in Santarem (Brazil). Through a collaboration with scientists from UFOPA (Santarem, Brazil), samples have been collected monthly in the center of the respective mainstems. Samples were processed upon collection and preserved according to analytical needs prior to return to laboratories in the US and further analysis.</p> <p>The project uniquely established robust seasonal trends in the amount and composition of organic matter delivered by the Amazon River to the Atlantic Ocean. This provides a key baseline without which understanding the cycling of Amazon-derived organic matter on the Amazon shelf would not be possible.</p> <p>Further, the project resulted in the collection and archiving of time series samples spanning key periods of changing forest fire intensity in the Amazon basin. This will allow to study the impact of increased fires on the cycling of pyrogenic carbon in the Amazon River basin.</p> <p>This project supported parts of the master thesis research of UFOPA student Rafael Muniz, providing him a unique opportunity to establish a time series sampling program on his home Amazon River.</p> <p>The project also supported parts of the PhD research of MIT Woods Hole Oceanographic Institution joint program in oceanography student Brenna Boehman.</p> <!-- @font-face  {font-family:"Cambria Math";  panose-1:2 4 5 3 5 4 6 3 2 4;  mso-font-charset:0;  mso-generic-font-family:roman;  mso-font-pitch:variable;  mso-font-signature:-536870145 1107305727 0 0 415 0;}@font-face  {font-family:Calibri;  panose-1:2 15 5 2 2 2 4 3 2 4;  mso-font-charset:0;  mso-generic-font-family:swiss;  mso-font-pitch:variable;  mso-font-signature:-536859905 -1073732485 9 0 511 0;}p.MsoNormal, li.MsoNormal, div.MsoNormal  {mso-style-unhide:no;  mso-style-qformat:yes;  mso-style-parent:";  margin:0in;  mso-pagination:widow-orphan;  font-size:12.0pt;  font-family:"Calibri",sans-serif;  mso-ascii-font-family:Calibri;  mso-ascii-theme-font:minor-latin;  mso-fareast-font-family:Calibri;  mso-fareast-theme-font:minor-latin;  mso-hansi-font-family:Calibri;  mso-hansi-theme-font:minor-latin;  mso-bidi-font-family:"Times New Roman";  mso-bidi-theme-font:minor-bidi;  mso-font-kerning:1.0pt;  mso-ligatures:standardcontextual;}p  {mso-style-noshow:yes;  mso-style-priority:99;  mso-margin-top-alt:auto;  margin-right:0in;  mso-margin-bottom-alt:auto;  margin-left:0in;  mso-pagination:widow-orphan;  font-size:12.0pt;  font-family:"Times New Roman",serif;  mso-fareast-font-family:"Times New Roman";}.MsoChpDefault  {mso-style-type:export-only;  mso-default-props:yes;  font-family:"Calibri",sans-serif;  mso-ascii-font-family:Calibri;  mso-ascii-theme-font:minor-latin;  mso-fareast-font-family:Calibri;  mso-fareast-theme-font:minor-latin;  mso-hansi-font-family:Calibri;  mso-hansi-theme-font:minor-latin;  mso-bidi-font-family:"Times New Roman";  mso-bidi-theme-font:minor-bidi;}div.WordSection1  {page:WordSection1;} --><br> <p>            Last Modified: 07/26/2023<br>      Modified by: Valier&nbsp;Galy</p> </div> <div class="porSideCol"></div> </div>]]></DRECONTENT>
<POR_COPY_TXT><![CDATA[ This award allowed to initiate and sustain time series sampling of the Amazon River mainstem in Obidos (Brazil) and Tapajos River in Santarem (Brazil). Through a collaboration with scientists from UFOPA (Santarem, Brazil), samples have been collected monthly in the center of the respective mainstems. Samples were processed upon collection and preserved according to analytical needs prior to return to laboratories in the US and further analysis.  The project uniquely established robust seasonal trends in the amount and composition of organic matter delivered by the Amazon River to the Atlantic Ocean. This provides a key baseline without which understanding the cycling of Amazon-derived organic matter on the Amazon shelf would not be possible.  Further, the project resulted in the collection and archiving of time series samples spanning key periods of changing forest fire intensity in the Amazon basin. This will allow to study the impact of increased fires on the cycling of pyrogenic carbon in the Amazon River basin.  This project supported parts of the master thesis research of UFOPA student Rafael Muniz, providing him a unique opportunity to establish a time series sampling program on his home Amazon River.  The project also supported parts of the PhD research of MIT Woods Hole Oceanographic Institution joint program in oceanography student Brenna Boehman.        Last Modified: 07/26/2023       Submitted by: Valier Galy]]></POR_COPY_TXT>
</POR>
</Award>
</rootTag>
