<?xml version="1.0" encoding="UTF-8"?>
<rootTag>
<Award>
<AwardTitle><![CDATA[A New Technician Training Program for Advanced Building Technologies]]></AwardTitle>
<AGENCY>NSF</AGENCY>
<AwardEffectiveDate>07/01/2020</AwardEffectiveDate>
<AwardExpirationDate>12/31/2024</AwardExpirationDate>
<AwardTotalIntnAmount>455641.00</AwardTotalIntnAmount>
<AwardAmount>455641</AwardAmount>
<AwardInstrument>
<Value>Standard Grant</Value>
</AwardInstrument>
<Organization>
<Code>11040100</Code>
<Directorate>
<Abbreviation>EDU</Abbreviation>
<LongName>Directorate for STEM Education</LongName>
</Directorate>
<Division>
<Abbreviation>DUE</Abbreviation>
<LongName>Division Of Undergraduate Education</LongName>
</Division>
</Organization>
<ProgramOfficer>
<SignBlockName>Nasser Alaraje</SignBlockName>
<PO_EMAI>nalaraje@nsf.gov</PO_EMAI>
<PO_PHON>7032928063</PO_PHON>
</ProgramOfficer>
<AbstractNarration>This project aims to prepare future Air Conditioning, Heating, and Refrigeration (AHR) technicians for the rapidly changing technological advances in Building Automation Technology.  Knowledge and skills in Building Automation Technology are not included in traditional AHR training. This project intends to address a serious workforce shortage in AHR by training skilled technicians to install and maintain advanced building technologies. The project team will work with industry to develop educational materials, equip a new laboratory, recruit students into the Building Automation Technology pathway, and share best practices. Qualified Building Automation Technology technicians will serve the national interest by ensuring that buildings reach their potential energy efficiency, contributing to energy savings that have positive environmental impacts and national security implications. Properly implemented building controls, which students will learn in apprenticeships and in a new Building Automation Technology laboratory, will also improve occupants’ productivity and health.&lt;br/&gt;&lt;br/&gt;This project will create a new Building Automation Technology program to prepare students for new and high-demand technical careers. Goals include developing four new Building Automation Technology courses and a building technology laboratory to support the courses; providing faculty professional development opportunities; and recruiting new students into the program, especially women and underrepresented minorities. The project will work with the Building Efficiency for a Sustainable Tomorrow Center and industry partners to ensure that the program will be aligned with industry workforce needs and will result in high quality educational resources, including a Building Automation Technology laboratory that emulates actual building conditions. The Building Automation Technology program will support life-long educational pathways including work-based learning, apprenticeships, and four-year options. Upon validation of the curriculum and laboratory best practices, materials will be disseminated across the North Carolina Community College System and through the Building Efficiency for a Sustainable Tomorrow Center. This project will help inform the technical education community about effective practices for recruiting women and underrepresented minorities, implementing apprenticeship programs, and developing Building Automation Technology programs. This project is funded by the Advanced Technological Education program that focuses on the education of technicians for the advanced-technology fields that drive the nation's economy.&lt;br/&gt;&lt;br/&gt;This award reflects NSF's statutory mission and has been deemed worthy of support through evaluation using the Foundation's intellectual merit and broader impacts review criteria.</AbstractNarration>
<MinAmdLetterDate>03/12/2020</MinAmdLetterDate>
<MaxAmdLetterDate>03/25/2022</MaxAmdLetterDate>
<ARRAAmount/>
<TRAN_TYPE>Grant</TRAN_TYPE>
<CFDA_NUM>47.076</CFDA_NUM>
<NSF_PAR_USE_FLAG>1</NSF_PAR_USE_FLAG>
<FUND_AGCY_CODE>4900</FUND_AGCY_CODE>
<AWDG_AGCY_CODE>4900</AWDG_AGCY_CODE>
<AwardID>2000190</AwardID>
<Investigator>
<FirstName>Lora</FirstName>
<LastName>Eddington</LastName>
<PI_MID_INIT/>
<PI_SUFX_NAME/>
<PI_FULL_NAME>Lora Eddington</PI_FULL_NAME>
<EmailAddress><![CDATA[lmeddington@waketech.edu]]></EmailAddress>
<NSF_ID>000510219</NSF_ID>
<StartDate>02/15/2022</StartDate>
<EndDate/>
<RoleCode>Principal Investigator</RoleCode>
</Investigator>
<Investigator>
<FirstName>Lora</FirstName>
<LastName>Eddington</LastName>
<PI_MID_INIT/>
<PI_SUFX_NAME/>
<PI_FULL_NAME>Lora Eddington</PI_FULL_NAME>
<EmailAddress><![CDATA[lmeddington@waketech.edu]]></EmailAddress>
<NSF_ID>000510219</NSF_ID>
<StartDate>03/12/2020</StartDate>
<EndDate>02/15/2022</EndDate>
<RoleCode>Former Co-Principal Investigator</RoleCode>
</Investigator>
<Investigator>
<FirstName>Andrew</FirstName>
<LastName>Smart</LastName>
<PI_MID_INIT/>
<PI_SUFX_NAME/>
<PI_FULL_NAME>Andrew Smart</PI_FULL_NAME>
<EmailAddress><![CDATA[adsmart@waketech.edu]]></EmailAddress>
<NSF_ID>000810485</NSF_ID>
<StartDate>03/12/2020</StartDate>
<EndDate>02/15/2022</EndDate>
<RoleCode>Former Principal Investigator</RoleCode>
</Investigator>
<Investigator>
<FirstName>Constance</FirstName>
<LastName>Keen</LastName>
<PI_MID_INIT/>
<PI_SUFX_NAME/>
<PI_FULL_NAME>Constance Keen</PI_FULL_NAME>
<EmailAddress><![CDATA[cgkeen@waketech.edu]]></EmailAddress>
<NSF_ID>000810486</NSF_ID>
<StartDate>03/12/2020</StartDate>
<EndDate/>
<RoleCode>Co-Principal Investigator</RoleCode>
</Investigator>
<Investigator>
<FirstName>Zachary</FirstName>
<LastName>Taylor</LastName>
<PI_MID_INIT/>
<PI_SUFX_NAME/>
<PI_FULL_NAME>Zachary Taylor</PI_FULL_NAME>
<EmailAddress><![CDATA[zltaylor@waketech.edu]]></EmailAddress>
<NSF_ID>000875140</NSF_ID>
<StartDate>03/25/2022</StartDate>
<EndDate/>
<RoleCode>Co-Principal Investigator</RoleCode>
</Investigator>
<Institution>
<Name><![CDATA[Wake Technical Community College]]></Name>
<CityName>RALEIGH</CityName>
<ZipCode>276035655</ZipCode>
<PhoneNumber>9198665076</PhoneNumber>
<StreetAddress><![CDATA[9101 FAYETTEVILLE RD]]></StreetAddress>
<StreetAddress2/>
<CountryName>United States</CountryName>
<StateName>North Carolina</StateName>
<StateCode>NC</StateCode>
<CONGRESSDISTRICT>13</CONGRESSDISTRICT>
<CONGRESS_DISTRICT_ORG>NC13</CONGRESS_DISTRICT_ORG>
<ORG_UEI_NUM>HQFXKP7VKDL3</ORG_UEI_NUM>
<ORG_LGL_BUS_NAME>WAKE TECHNICAL COMMUNITY COLLEGE</ORG_LGL_BUS_NAME>
<ORG_PRNT_UEI_NUM>G1DDLK6DL1S3</ORG_PRNT_UEI_NUM>
</Institution>
<Performance_Institution>
<Name><![CDATA[Wake Technical Community College]]></Name>
<CityName>Raleigh</CityName>
<StateCode>NC</StateCode>
<ZipCode>276035655</ZipCode>
<StreetAddress><![CDATA[9101 Fayetteville Rd]]></StreetAddress>
<CountryCode>US</CountryCode>
<CountryName>United States</CountryName>
<StateName>North Carolina</StateName>
<CountryFlag>1</CountryFlag>
<CONGRESSDISTRICT>13</CONGRESSDISTRICT>
<CONGRESS_DISTRICT_PERF>NC13</CONGRESS_DISTRICT_PERF>
</Performance_Institution>
<ProgramElement>
<Code>741200</Code>
<Text>Advanced Tech Education Prog</Text>
</ProgramElement>
<ProgramReference>
<Code>1032</Code>
<Text>ADVANCED TECHNOLOGY EDUCATION</Text>
</ProgramReference>
<ProgramReference>
<Code>9178</Code>
<Text>UNDERGRADUATE EDUCATION</Text>
</ProgramReference>
<ProgramReference>
<Code>SMET</Code>
<Text>SCIENCE, MATH, ENG &amp; TECH EDUCATION</Text>
</ProgramReference>
<Appropriation>
<Code>0420</Code>
<Name>NSF Education &amp; Human Resource</Name>
<APP_SYMB_ID>040106</APP_SYMB_ID>
</Appropriation>
<Fund>
<Code>04002021DB</Code>
<Name><![CDATA[NSF Education & Human Resource]]></Name>
<FUND_SYMB_ID>040106</FUND_SYMB_ID>
</Fund>
<FUND_OBLG>2020~455641</FUND_OBLG>
</Award>
</rootTag>
