<?xml version="1.0" encoding="UTF-8"?>
<rootTag>
<Award>
<AwardTitle><![CDATA[Building Career Interest in Computer Science through Advanced Real-World Technology Projects]]></AwardTitle>
<AGENCY>NSF</AGENCY>
<AwardEffectiveDate>07/01/2020</AwardEffectiveDate>
<AwardExpirationDate>01/31/2021</AwardExpirationDate>
<AwardTotalIntnAmount>599350.00</AwardTotalIntnAmount>
<AwardAmount>599350</AwardAmount>
<AwardInstrument>
<Value>Standard Grant</Value>
</AwardInstrument>
<Organization>
<Code>11040100</Code>
<Directorate>
<Abbreviation>EDU</Abbreviation>
<LongName>Directorate for STEM Education</LongName>
</Directorate>
<Division>
<Abbreviation>DUE</Abbreviation>
<LongName>Division Of Undergraduate Education</LongName>
</Division>
</Organization>
<ProgramOfficer>
<SignBlockName>Paul Tymann</SignBlockName>
<PO_EMAI>ptymann@nsf.gov</PO_EMAI>
<PO_PHON>7032922832</PO_PHON>
</ProgramOfficer>
<AbstractNarration>It is estimated that the Connecticut region has 7,000 unfilled computer jobs and 12,000 unfilled jobs in advanced manufacturing.  Although African American and Latino workers now represent 29% of the general workforce population, they comprise only 15% of the computer science and 16% of the advanced manufacturing workforce.  To increase access to these high-paying technical jobs, this project will design and implement a five-week program intended to increase the interest of inner-city high school students in computer science applications in advanced manufacturing.  The program activities will take place at Connecticut’s Community Colleges, with significant input from regional computer science and advanced manufacturing industries.  The overall goal of the project is to motivate high school students to pursue careers as STEM technicians, thus helping to address advanced technology workforce needs.&lt;br/&gt;&lt;br/&gt;The project will implement problem-based learning to teach students the process of solving real-world, industry-relevant challenges that include the building, programming, and flying of drones. In addition, it will help students learn professional skills such as teamwork and leadership, through participation in the challenges and through internships in related industries. Strategies to support student persistence will include mentoring, career profile videos, student success stories, and guest speakers from industry.  The project will provide professional development workshops for high school and community college educators.  These workshops will focus on how to use drones to introduce computer science and how to integrate professional skills into the curriculum. The participating teachers will develop curriculum modules that will be distributed nationally and contribute to the sustainability of the project.  This project is funded by the Advanced Technological Education program that focuses on the education of technicians for the advanced-technology fields that drive the nation's economy.&lt;br/&gt;&lt;br/&gt;This award reflects NSF's statutory mission and has been deemed worthy of support through evaluation using the Foundation's intellectual merit and broader impacts review criteria.</AbstractNarration>
<MinAmdLetterDate>03/17/2020</MinAmdLetterDate>
<MaxAmdLetterDate>03/17/2020</MaxAmdLetterDate>
<ARRAAmount/>
<TRAN_TYPE>Grant</TRAN_TYPE>
<CFDA_NUM>47.076</CFDA_NUM>
<NSF_PAR_USE_FLAG>1</NSF_PAR_USE_FLAG>
<FUND_AGCY_CODE>4900</FUND_AGCY_CODE>
<AWDG_AGCY_CODE>4900</AWDG_AGCY_CODE>
<AwardID>2000866</AwardID>
<Investigator>
<FirstName>John</FirstName>
<LastName>Birch</LastName>
<PI_MID_INIT/>
<PI_SUFX_NAME>Mr.</PI_SUFX_NAME>
<PI_FULL_NAME>John Birch</PI_FULL_NAME>
<EmailAddress><![CDATA[thebirchgroup@snet.net]]></EmailAddress>
<NSF_ID>000060445</NSF_ID>
<StartDate>03/17/2020</StartDate>
<EndDate/>
<RoleCode>Co-Principal Investigator</RoleCode>
</Investigator>
<Investigator>
<FirstName>Mehrdad</FirstName>
<LastName>Faezi</LastName>
<PI_MID_INIT/>
<PI_SUFX_NAME/>
<PI_FULL_NAME>Mehrdad Faezi</PI_FULL_NAME>
<EmailAddress><![CDATA[mfaezi@mcc.commnet.edu]]></EmailAddress>
<NSF_ID>000681094</NSF_ID>
<StartDate>03/17/2020</StartDate>
<EndDate/>
<RoleCode>Principal Investigator</RoleCode>
</Investigator>
<Investigator>
<FirstName>Kenneth</FirstName>
<LastName>Angle</LastName>
<PI_MID_INIT/>
<PI_SUFX_NAME/>
<PI_FULL_NAME>Kenneth Angle</PI_FULL_NAME>
<EmailAddress><![CDATA[kenneth.andrew.angle@gmail.com]]></EmailAddress>
<NSF_ID>000578203</NSF_ID>
<StartDate>03/17/2020</StartDate>
<EndDate/>
<RoleCode>Co-Principal Investigator</RoleCode>
</Investigator>
<Investigator>
<FirstName>Eric</FirstName>
<LastName>Flynn</LastName>
<PI_MID_INIT/>
<PI_SUFX_NAME/>
<PI_FULL_NAME>Eric Flynn</PI_FULL_NAME>
<EmailAddress><![CDATA[eflynn@gwcc.commnet.edu]]></EmailAddress>
<NSF_ID>000631728</NSF_ID>
<StartDate>03/17/2020</StartDate>
<EndDate/>
<RoleCode>Co-Principal Investigator</RoleCode>
</Investigator>
<Investigator>
<FirstName>Ibtsam</FirstName>
<LastName>Mahfouz</LastName>
<PI_MID_INIT/>
<PI_SUFX_NAME/>
<PI_FULL_NAME>Ibtsam Mahfouz</PI_FULL_NAME>
<EmailAddress><![CDATA[imahfouz@manchestercc.edu]]></EmailAddress>
<NSF_ID>000807338</NSF_ID>
<StartDate>03/17/2020</StartDate>
<EndDate/>
<RoleCode>Co-Principal Investigator</RoleCode>
</Investigator>
<Institution>
<Name><![CDATA[Tunxis Community-Technical College]]></Name>
<CityName>FARMINGTON</CityName>
<ZipCode>060323187</ZipCode>
<PhoneNumber>8607230625</PhoneNumber>
<StreetAddress><![CDATA[271 SCOTT SWAMP RD]]></StreetAddress>
<StreetAddress2/>
<CountryName>United States</CountryName>
<StateName>Connecticut</StateName>
<StateCode>CT</StateCode>
<CONGRESSDISTRICT>05</CONGRESSDISTRICT>
<CONGRESS_DISTRICT_ORG>CT05</CONGRESS_DISTRICT_ORG>
<ORG_UEI_NUM>F3JKS4BK7SY6</ORG_UEI_NUM>
<ORG_LGL_BUS_NAME>TUNXIS COMMUNITY COLLEGE</ORG_LGL_BUS_NAME>
<ORG_PRNT_UEI_NUM>VZZZLWA1RK28</ORG_PRNT_UEI_NUM>
</Institution>
<Performance_Institution>
<Name><![CDATA[Connecticut's Community - Tech College's College of Technology]]></Name>
<CityName/>
<StateCode>CT</StateCode>
<ZipCode>061052355</ZipCode>
<StreetAddress/>
<CountryCode>US</CountryCode>
<CountryName>United States</CountryName>
<StateName>Connecticut</StateName>
<CountryFlag>1</CountryFlag>
<CONGRESSDISTRICT>01</CONGRESSDISTRICT>
<CONGRESS_DISTRICT_PERF>CT01</CONGRESS_DISTRICT_PERF>
</Performance_Institution>
<ProgramElement>
<Code>741200</Code>
<Text>Advanced Tech Education Prog</Text>
</ProgramElement>
<ProgramReference>
<Code>1032</Code>
<Text>ADVANCED TECHNOLOGY EDUCATION</Text>
</ProgramReference>
<ProgramReference>
<Code>9178</Code>
<Text>UNDERGRADUATE EDUCATION</Text>
</ProgramReference>
<ProgramReference>
<Code>SMET</Code>
<Text>SCIENCE, MATH, ENG &amp; TECH EDUCATION</Text>
</ProgramReference>
<Appropriation>
<Code>0420</Code>
<Name>NSF Education &amp; Human Resource</Name>
<APP_SYMB_ID>040106</APP_SYMB_ID>
</Appropriation>
<Fund>
<Code>04002021DB</Code>
<Name><![CDATA[NSF Education & Human Resource]]></Name>
<FUND_SYMB_ID>040106</FUND_SYMB_ID>
</Fund>
<FUND_OBLG>2020~0</FUND_OBLG>
</Award>
</rootTag>
