<?xml version="1.0" encoding="UTF-8"?>
<rootTag>
<Award>
<AwardTitle><![CDATA[Nonlinear Dynamics of Pneumatic Isolators in Ultra-Precision Manufacturing Machines]]></AwardTitle>
<AGENCY>NSF</AGENCY>
<AwardEffectiveDate>06/01/2020</AwardEffectiveDate>
<AwardExpirationDate>05/31/2024</AwardExpirationDate>
<AwardTotalIntnAmount>325524.00</AwardTotalIntnAmount>
<AwardAmount>325524</AwardAmount>
<AwardInstrument>
<Value>Standard Grant</Value>
</AwardInstrument>
<Organization>
<Code>07030000</Code>
<Directorate>
<Abbreviation>ENG</Abbreviation>
<LongName>Directorate For Engineering</LongName>
</Directorate>
<Division>
<Abbreviation>CMMI</Abbreviation>
<LongName>Div Of Civil, Mechanical, &amp; Manufact Inn</LongName>
</Division>
</Organization>
<ProgramOfficer>
<SignBlockName>Tom Kuech</SignBlockName>
<PO_EMAI>tkuech@nsf.gov</PO_EMAI>
<PO_PHON>7032922218</PO_PHON>
</ProgramOfficer>
<AbstractNarration>Ultra-precision manufacturing (UPM) machines enable the production of micro- and nano-devices that are critical for the advances in the electronics, biomedical, communications and other cutting-edge industries. As a critical step in meeting UPM machine’s stringent precision requirement, they must be isolated from unwanted vibrations stemming from fast moving machines and ground motions. For this purpose, pneumatic (passive) isolators are often preferred over active systems because of their relatively low cost and energy efficiency. Recent studies have demonstrated that the performance of pneumatic isolators can be significantly improved using more sophisticated control approaches. However, those past studies did not account for the well-known inherent complex, and nonlinear, behaviors in pneumatic isolators. The aim of this award is to support fundamental research to understand the nonlinear dynamics of passively-isolated UPM machines and determine how the benefits of nonlinear dynamics can be exploited to improve the performance of pneumatic isolators. The knowledge gained will enable U.S. manufacturing industry to build cheaper, better, and faster UPM machines, advancing national prosperity and impacting efforts to secure the national defense. In a broader context, the findings can also be applied to a broader class of nonlinear mechanical and electromechanical systems. The research work will also help broaden the representation and retention of underrepresented minority (URM) in engineering fields.&lt;br/&gt;&lt;br/&gt;The research project will be the first to conduct a nonlinear vibration analysis of pneumatic isolators to scientifically reveal whether the benefits of mode coupling observed in linear systems can be extended to nonlinear systems. To this end, a nonlinear system identification via a direct reconciliation of experimental measurements and theoretical modeling will be conducted to detect and quantify the nonlinear stiffness and nonlinear damping of pneumatic isolators. A thorough theoretical analysis will then be carried out to understand the interplay between nonlinear mode coupling, stability, and bifurcation in pneumatic isolated UPM machines. Optimal control theory will be used to determine the optimum design parameters, which will then serve as guidelines for improving the design of pneumatic isolators. Rigorous physical experimentation will be performed to guide and validate the theoretical findings. The outcome of the researched work will lead to new insights on how to exploit nonlinear dynamic phenomena for improving the performance of pneumatic isolators. The PI will continue to focus on the participation from underrepresented groups though connections to the National Society of Black Engineers and other STEM-related activities.&lt;br/&gt;&lt;br/&gt;This award reflects NSF's statutory mission and has been deemed worthy of support through evaluation using the Foundation's intellectual merit and broader impacts review criteria.</AbstractNarration>
<MinAmdLetterDate>05/12/2020</MinAmdLetterDate>
<MaxAmdLetterDate>10/29/2020</MaxAmdLetterDate>
<ARRAAmount/>
<TRAN_TYPE>Grant</TRAN_TYPE>
<CFDA_NUM>47.041</CFDA_NUM>
<NSF_PAR_USE_FLAG>1</NSF_PAR_USE_FLAG>
<FUND_AGCY_CODE>4900</FUND_AGCY_CODE>
<AWDG_AGCY_CODE>4900</AWDG_AGCY_CODE>
<AwardID>2000984</AwardID>
<Investigator>
<FirstName>Oumar</FirstName>
<LastName>Barry</LastName>
<PI_MID_INIT/>
<PI_SUFX_NAME/>
<PI_FULL_NAME>Oumar Barry</PI_FULL_NAME>
<EmailAddress><![CDATA[obarry@vt.edu]]></EmailAddress>
<NSF_ID>000751776</NSF_ID>
<StartDate>05/12/2020</StartDate>
<EndDate/>
<RoleCode>Principal Investigator</RoleCode>
</Investigator>
<Institution>
<Name><![CDATA[Virginia Polytechnic Institute and State University]]></Name>
<CityName>BLACKSBURG</CityName>
<ZipCode>240603359</ZipCode>
<PhoneNumber>5402315281</PhoneNumber>
<StreetAddress><![CDATA[300 TURNER ST NW]]></StreetAddress>
<StreetAddress2><![CDATA[STE 4200]]></StreetAddress2>
<CountryName>United States</CountryName>
<StateName>Virginia</StateName>
<StateCode>VA</StateCode>
<CONGRESSDISTRICT>09</CONGRESSDISTRICT>
<CONGRESS_DISTRICT_ORG>VA09</CONGRESS_DISTRICT_ORG>
<ORG_UEI_NUM>QDE5UHE5XD16</ORG_UEI_NUM>
<ORG_LGL_BUS_NAME>VIRGINIA POLYTECHNIC INSTITUTE &amp; STATE UNIVERSITY</ORG_LGL_BUS_NAME>
<ORG_PRNT_UEI_NUM>X6KEFGLHSJX7</ORG_PRNT_UEI_NUM>
</Institution>
<Performance_Institution>
<Name><![CDATA[Virginia Polytechnic Institute and State University]]></Name>
<CityName>Blacksburg</CityName>
<StateCode>VA</StateCode>
<ZipCode>240610001</ZipCode>
<StreetAddress><![CDATA[1145 Perry Street]]></StreetAddress>
<CountryCode>US</CountryCode>
<CountryName>United States</CountryName>
<StateName>Virginia</StateName>
<CountryFlag>1</CountryFlag>
<CONGRESSDISTRICT>09</CONGRESSDISTRICT>
<CONGRESS_DISTRICT_PERF>VA09</CONGRESS_DISTRICT_PERF>
</Performance_Institution>
<ProgramElement>
<Code>088Y00</Code>
<Text>AM-Advanced Manufacturing</Text>
</ProgramElement>
<ProgramReference>
<Code>082E</Code>
<Text>MFG MACHINES &amp; METROLOGY</Text>
</ProgramReference>
<ProgramReference>
<Code>9102</Code>
<Text>WOMEN, MINORITY, DISABLED, NEC</Text>
</ProgramReference>
<ProgramReference>
<Code>9146</Code>
<Text>MANUFACTURING BASE RESEARCH</Text>
</ProgramReference>
<ProgramReference>
<Code>MANU</Code>
<Text>MANUFACTURING</Text>
</ProgramReference>
<Appropriation>
<Code>0120</Code>
<Name>NSF RESEARCH &amp; RELATED ACTIVIT</Name>
<APP_SYMB_ID>040100</APP_SYMB_ID>
</Appropriation>
<Fund>
<Code>01002021DB</Code>
<Name><![CDATA[NSF RESEARCH & RELATED ACTIVIT]]></Name>
<FUND_SYMB_ID>040100</FUND_SYMB_ID>
</Fund>
<FUND_OBLG>2020~325524</FUND_OBLG>
<POR>
<DRECONTENT><![CDATA[<div class="porColContainerWBG"> <div class="porContentCol"><p><strong><span style="text-decoration: underline;">Overview</span></strong><strong>:</strong><strong> </strong>&nbsp;<br />Ultra-precision manufacturing (UPM) machines enable the production of micro and nano devices that drive advances in electronics, biomedical, communications, and other cutting-edge industries. To meet the stringent precision requirements of UPM machines, they must be isolated from unwanted vibrations caused by fast-moving machines and ground motions. Pneumatic (passive) isolators are often preferred over active systems due to their lower cost and energy efficiency. Recent studies have demonstrated that the performance of pneumatic isolators can be significantly improved through mode coupling. However, these studies did not account for the inherent nonlinearities in pneumatic isolators. This award has supported a fundamental scientific investigation to understand the nonlinear dynamics of UPM machines with pneumatic isolators. The investigation aims to determine how system nonlinearities can be exploited to enhance the performance of pneumatic isolators. The knowledge gained from this research can enable the U.S. manufacturing industry to improve the performance of UPM machines by effectively isolating them from surrounding vibrations, thereby contributing to the advancement and viability of precision manufacturing processes.</p> <p>&nbsp;</p> <p><strong><span style="text-decoration: underline;">Intellectual Merit</span></strong><strong><span style="text-decoration: underline;">:</span></strong></p> <p>This project provided a thorough understanding of nonlinear pneumatic isolators in UPM machines through comprehensive nonlinear vibration analysis, including system identification, theoretical analysis, and experimental validation. By using the method of multiple scales, the nonlinear dynamics of pneumatic isolators were analyzed, focusing on primary and secondary resonance. Parametric analysis through the mode coupling parameter revealed supercritical, subcritical, and s-shaped bifurcations. Experimental analyses were carried out on the prototype of UPM with pneumatic isolators to develop empirical models for nonlinear stiffness and damping, depicting the softening nonlinearity in both stiffness and damping. Further analysis identified the critical impact of these nonlinearities and isolator location, which can lead to subcritical Hopf bifurcation. Numerical optimization revealed detrimental nonlinear mode coupling, refuting previous claims of its benefits. By characterizing these nonlinear properties and their effects on mode coupling, stability, and bifurcation, the research will provide new insights and practical guidelines for designing more efficient vibration isolation systems in UPM, enhancing accuracy, productivity, and cost-efficiency. Three international peer-reviewed journal papers and two peer-reviewed conference papers have been produced from this research.</p> <p>&nbsp;</p> <p><strong><span style="text-decoration: underline;">Broder Impacts</span></strong><strong><span style="text-decoration: underline;">:</span></strong><strong>&nbsp;</strong></p> <p>The proposed research provides new insights into the nonlinear dynamics of pneumatic isolators, leading to more efficient and cost-effective vibration isolation systems for UPM machines. These findings enhance the accuracy, speed, and reliability of UPM processes and can be applied to fields such as civil infrastructure and vibration energy harvesting. The PI has successfully integrated the research findings into his graduate course ME6984: Nonlinear Vibrations and Applications at Virginia Tech, enriching the curriculum and providing students with cutting-edge knowledge and skills. This project has also provided mentorship opportunities for one Postdoc, one PhD, and one undergraduate student, fostering the next generation of researchers and engineers in the field. Additionally, the PI's outreach program aimed at recruiting underrepresented minorities into STEM fields has been running successfully. Through this program, underrepresented students are introduced to scientific research and encouraged to pursue careers in engineering, contributing to the diversity and inclusivity of the STEM workforce.<strong></strong></p> <p>&nbsp;</p><br> <p>  Last Modified: 08/18/2024<br> Modified by: Oumar&nbsp;Barry</p></div> <div class="porSideCol" ></div> </div>]]></DRECONTENT>
<POR_COPY_TXT><![CDATA[  Overview:  Ultra-precision manufacturing (UPM) machines enable the production of micro and nano devices that drive advances in electronics, biomedical, communications, and other cutting-edge industries. To meet the stringent precision requirements of UPM machines, they must be isolated from unwanted vibrations caused by fast-moving machines and ground motions. Pneumatic (passive) isolators are often preferred over active systems due to their lower cost and energy efficiency. Recent studies have demonstrated that the performance of pneumatic isolators can be significantly improved through mode coupling. However, these studies did not account for the inherent nonlinearities in pneumatic isolators. This award has supported a fundamental scientific investigation to understand the nonlinear dynamics of UPM machines with pneumatic isolators. The investigation aims to determine how system nonlinearities can be exploited to enhance the performance of pneumatic isolators. The knowledge gained from this research can enable the U.S. manufacturing industry to improve the performance of UPM machines by effectively isolating them from surrounding vibrations, thereby contributing to the advancement and viability of precision manufacturing processes.      Intellectual Merit:   This project provided a thorough understanding of nonlinear pneumatic isolators in UPM machines through comprehensive nonlinear vibration analysis, including system identification, theoretical analysis, and experimental validation. By using the method of multiple scales, the nonlinear dynamics of pneumatic isolators were analyzed, focusing on primary and secondary resonance. Parametric analysis through the mode coupling parameter revealed supercritical, subcritical, and s-shaped bifurcations. Experimental analyses were carried out on the prototype of UPM with pneumatic isolators to develop empirical models for nonlinear stiffness and damping, depicting the softening nonlinearity in both stiffness and damping. Further analysis identified the critical impact of these nonlinearities and isolator location, which can lead to subcritical Hopf bifurcation. Numerical optimization revealed detrimental nonlinear mode coupling, refuting previous claims of its benefits. By characterizing these nonlinear properties and their effects on mode coupling, stability, and bifurcation, the research will provide new insights and practical guidelines for designing more efficient vibration isolation systems in UPM, enhancing accuracy, productivity, and cost-efficiency. Three international peer-reviewed journal papers and two peer-reviewed conference papers have been produced from this research.      Broder Impacts:   The proposed research provides new insights into the nonlinear dynamics of pneumatic isolators, leading to more efficient and cost-effective vibration isolation systems for UPM machines. These findings enhance the accuracy, speed, and reliability of UPM processes and can be applied to fields such as civil infrastructure and vibration energy harvesting. The PI has successfully integrated the research findings into his graduate course ME6984: Nonlinear Vibrations and Applications at Virginia Tech, enriching the curriculum and providing students with cutting-edge knowledge and skills. This project has also provided mentorship opportunities for one Postdoc, one PhD, and one undergraduate student, fostering the next generation of researchers and engineers in the field. Additionally, the PI's outreach program aimed at recruiting underrepresented minorities into STEM fields has been running successfully. Through this program, underrepresented students are introduced to scientific research and encouraged to pursue careers in engineering, contributing to the diversity and inclusivity of the STEM workforce.        Last Modified: 08/18/2024       Submitted by: OumarBarry]]></POR_COPY_TXT>
</POR>
</Award>
</rootTag>
