<?xml version="1.0" encoding="UTF-8"?>
<rootTag>
<Award>
<AwardTitle><![CDATA[Catalyst Project: Photoelectrochemical Water Splitting for Hydrogen and Oxygen Production Using Nanostructured Materials]]></AwardTitle>
<AGENCY>NSF</AGENCY>
<AwardEffectiveDate>06/01/2020</AwardEffectiveDate>
<AwardExpirationDate>05/31/2024</AwardExpirationDate>
<AwardTotalIntnAmount>149971.00</AwardTotalIntnAmount>
<AwardAmount>149971</AwardAmount>
<AwardInstrument>
<Value>Standard Grant</Value>
</AwardInstrument>
<Organization>
<Code>11060000</Code>
<Directorate>
<Abbreviation>EDU</Abbreviation>
<LongName>Directorate for STEM Education</LongName>
</Directorate>
<Division>
<Abbreviation>EES</Abbreviation>
<LongName>Div. of Equity for Excellence in STEM</LongName>
</Division>
</Organization>
<ProgramOfficer>
<SignBlockName>Joyce Belcher</SignBlockName>
<PO_EMAI>jbelcher@nsf.gov</PO_EMAI>
<PO_PHON>7032928221</PO_PHON>
</ProgramOfficer>
<AbstractNarration>Catalyst Projects provide support for Historically Black Colleges and Universities to work towards establishing research capacity of faculty to strengthen science, technology, engineering and mathematics undergraduate education and research. It is expected that the award will further the faculty member's research capability, improve research and teaching at the institution and involve undergraduate students in research experiences.  The award to the University of Arkansas Pine Bluff has potential to broaden impacts in several areas. The goal of this project is to study the use of light, electricity and novel materials to generate hydrogen and oxygen from water. The production of these gases proves to be useful for proposed space travel. Several undergraduate students will participate in this work and learn techniques and theories related to nanomaterial fabrication and energy production.  This project is jointly funded by HBCU-UP and the Established Program to Stimulate Competitive Research (EPSCoR).&lt;br/&gt;&lt;br/&gt;Photoelectrochemical (PEC) water splitting using nanomaterials is one of the most promising techniques to generate hydrogen in an easier, cheaper and sustainable way. PEC water splitting is a process which involves generation of charge carriers (electrons and holes) by solar radiation and their transfer to respective electrodes to produce H2 and O2. However, charge separation and transportation are the major concerns in PEC water splitting. Here we propose to develop a novel and highly efficient PEC water splitting nanocatalyst, by carefully growing a PEC-efficient catalyst with a suitable band width nanomaterial on a three-dimensional nanographene scaffold via a convenient one-pot hydrothermal synthesis. This novel nanocatalyst can achieve high surface to volume ratio which therefore facilitates charge separation and suppress electron-hole pair recombination. In addition, the desired PEC catalyst’s band width can be realized by controlling its size and morphology. Optimum conditions for synthesizing the desired nanostructures will be established to maximize the water-splitting efficiency. Results will help solve the hydrogen and oxygen shortage during space missions and surface applications.&lt;br/&gt;&lt;br/&gt;This award reflects NSF's statutory mission and has been deemed worthy of support through evaluation using the Foundation's intellectual merit and broader impacts review criteria.</AbstractNarration>
<MinAmdLetterDate>05/12/2020</MinAmdLetterDate>
<MaxAmdLetterDate>04/07/2023</MaxAmdLetterDate>
<ARRAAmount/>
<TRAN_TYPE>Grant</TRAN_TYPE>
<CFDA_NUM>47.076</CFDA_NUM>
<NSF_PAR_USE_FLAG>1</NSF_PAR_USE_FLAG>
<FUND_AGCY_CODE>4900</FUND_AGCY_CODE>
<AWDG_AGCY_CODE>4900</AWDG_AGCY_CODE>
<AwardID>2000452</AwardID>
<Investigator>
<FirstName>Daoyuan</FirstName>
<LastName>Wang</LastName>
<PI_MID_INIT/>
<PI_SUFX_NAME/>
<PI_FULL_NAME>Daoyuan Wang</PI_FULL_NAME>
<EmailAddress><![CDATA[wangd@uapb.edu]]></EmailAddress>
<NSF_ID>000784387</NSF_ID>
<StartDate>05/12/2020</StartDate>
<EndDate/>
<RoleCode>Principal Investigator</RoleCode>
</Investigator>
<Institution>
<Name><![CDATA[University of Arkansas at Pine Bluff]]></Name>
<CityName>PINE BLUFF</CityName>
<ZipCode>716012780</ZipCode>
<PhoneNumber>8705758750</PhoneNumber>
<StreetAddress><![CDATA[1200 UNIVERSITY DR STOP 4984]]></StreetAddress>
<StreetAddress2/>
<CountryName>United States</CountryName>
<StateName>Arkansas</StateName>
<StateCode>AR</StateCode>
<CONGRESSDISTRICT>04</CONGRESSDISTRICT>
<CONGRESS_DISTRICT_ORG>AR04</CONGRESS_DISTRICT_ORG>
<ORG_UEI_NUM>GS4HPMAP57Q5</ORG_UEI_NUM>
<ORG_LGL_BUS_NAME>UNIVERSITY OF ARKANSAS SYSTEM</ORG_LGL_BUS_NAME>
<ORG_PRNT_UEI_NUM>CBQ1T88L7TC6</ORG_PRNT_UEI_NUM>
</Institution>
<Performance_Institution>
<Name><![CDATA[University of Arkansas at Pine Bluff]]></Name>
<CityName>Pine Bluff</CityName>
<StateCode>AR</StateCode>
<ZipCode>716012790</ZipCode>
<StreetAddress><![CDATA[1200 N University Dr]]></StreetAddress>
<CountryCode>US</CountryCode>
<CountryName>United States</CountryName>
<StateName>Arkansas</StateName>
<CountryFlag>1</CountryFlag>
<CONGRESSDISTRICT>04</CONGRESSDISTRICT>
<CONGRESS_DISTRICT_PERF>AR04</CONGRESS_DISTRICT_PERF>
</Performance_Institution>
<ProgramElement>
<Code>159400</Code>
<Text>Hist Black Colleges and Univ</Text>
</ProgramElement>
<ProgramElement>
<Code>915000</Code>
<Text>EPSCoR Co-Funding</Text>
</ProgramElement>
<ProgramReference>
<Code>9150</Code>
<Text>EXP PROG TO STIM COMP RES</Text>
</ProgramReference>
<ProgramReference>
<Code>9178</Code>
<Text>UNDERGRADUATE EDUCATION</Text>
</ProgramReference>
<ProgramReference>
<Code>9264</Code>
<Text>RESEARCH INITIATION AWARD</Text>
</ProgramReference>
<Appropriation>
<Code>0120</Code>
<Name>NSF RESEARCH &amp; RELATED ACTIVIT</Name>
<APP_SYMB_ID>040100</APP_SYMB_ID>
</Appropriation>
<Appropriation>
<Code>0420</Code>
<Name>NSF Education &amp; Human Resource</Name>
<APP_SYMB_ID>040106</APP_SYMB_ID>
</Appropriation>
<Fund>
<Code>01002021DB</Code>
<Name><![CDATA[NSF RESEARCH & RELATED ACTIVIT]]></Name>
<FUND_SYMB_ID>040100</FUND_SYMB_ID>
</Fund>
<Fund>
<Code>04002021DB</Code>
<Name><![CDATA[NSF Education & Human Resource]]></Name>
<FUND_SYMB_ID>040106</FUND_SYMB_ID>
</Fund>
<FUND_OBLG>2020~149971</FUND_OBLG>
</Award>
</rootTag>
