<?xml version="1.0" encoding="UTF-8"?>
<rootTag>
<Award>
<AwardTitle><![CDATA[Catalyst Project: Design, Fabrication and Testing of a Cost Effective Microwave Absorber]]></AwardTitle>
<AGENCY>NSF</AGENCY>
<AwardEffectiveDate>05/15/2020</AwardEffectiveDate>
<AwardExpirationDate>04/30/2025</AwardExpirationDate>
<AwardTotalIntnAmount>199963.00</AwardTotalIntnAmount>
<AwardAmount>199963</AwardAmount>
<AwardInstrument>
<Value>Standard Grant</Value>
</AwardInstrument>
<Organization>
<Code>11060000</Code>
<Directorate>
<Abbreviation>EDU</Abbreviation>
<LongName>Directorate for STEM Education</LongName>
</Directorate>
<Division>
<Abbreviation>EES</Abbreviation>
<LongName>Div. of Equity for Excellence in STEM</LongName>
</Division>
</Organization>
<ProgramOfficer>
<SignBlockName>Leroy Jones II</SignBlockName>
<PO_EMAI>ljones@nsf.gov</PO_EMAI>
<PO_PHON>7032924684</PO_PHON>
</ProgramOfficer>
<AbstractNarration>Catalyst Projects provide support for Historically Black Colleges and Universities to work towards establishing research capacity of faculty to strengthen science, technology, engineering and mathematics undergraduate education and research. It is expected that the award will further the faculty member's research capability, improve research and teaching at the institution, and involve undergraduate students in research experiences. This project at Albany State University seeks to design, fabricate, and test a microwave absorber by engineering the electrical property  of materials that are commercially available and inexpensive. It provides an opportunity for undergraduate students to enhance their education through research experiences. The researcher has established a strong collaboration with faculty at the Georgia Institute of Technology. &lt;br/&gt;&lt;br/&gt;Operational frequency or absorbing frequency of a microwave absorber depends on permittivity, permeability, and thickness of the material. This research focuses on the complex permittivity of existing materials which can be enhanced by periodic inclusions of metal strips or patches on the material. Appropriate dimensions of the metal strips or patches are determined by a 3D electromagnetic simulation package (HFSS) to obtain pre-determined material permittivity required for perfect impedance matching between the absorber and free space. Once pre-designed metal patterns are printed on dielectric layers, stability in material property is analyzed experimentally by varying the number of layers. Finally, the desired absorber is fabricated by stacking up the required number of printed layers together and the performance is evaluated with free space material measurement equipment. The concept of tuning the material property with metal inclusions, as adopted in this project, can be applied to design any planer microwave devices such as resonators, filters, directional couplers, and antennas for improved performance and to protect the human body from 5G radiations.&lt;br/&gt;&lt;br/&gt;This award reflects NSF's statutory mission and has been deemed worthy of support through evaluation using the Foundation's intellectual merit and broader impacts review criteria.</AbstractNarration>
<MinAmdLetterDate>05/04/2020</MinAmdLetterDate>
<MaxAmdLetterDate>03/19/2024</MaxAmdLetterDate>
<ARRAAmount/>
<TRAN_TYPE>Grant</TRAN_TYPE>
<CFDA_NUM>47.076</CFDA_NUM>
<NSF_PAR_USE_FLAG>1</NSF_PAR_USE_FLAG>
<FUND_AGCY_CODE>4900</FUND_AGCY_CODE>
<AWDG_AGCY_CODE>4900</AWDG_AGCY_CODE>
<AwardID>2000289</AwardID>
<Investigator>
<FirstName>Arun</FirstName>
<LastName>Saha</LastName>
<PI_MID_INIT/>
<PI_SUFX_NAME/>
<PI_FULL_NAME>Arun Saha</PI_FULL_NAME>
<EmailAddress><![CDATA[arun.saha@asurams.edu]]></EmailAddress>
<NSF_ID>000514078</NSF_ID>
<StartDate>05/04/2020</StartDate>
<EndDate/>
<RoleCode>Principal Investigator</RoleCode>
</Investigator>
<Institution>
<Name><![CDATA[Albany State University]]></Name>
<CityName>ALBANY</CityName>
<ZipCode>317052717</ZipCode>
<PhoneNumber>2294302799</PhoneNumber>
<StreetAddress><![CDATA[504 COLLEGE DR]]></StreetAddress>
<StreetAddress2/>
<CountryName>United States</CountryName>
<StateName>Georgia</StateName>
<StateCode>GA</StateCode>
<CONGRESSDISTRICT>02</CONGRESSDISTRICT>
<CONGRESS_DISTRICT_ORG>GA02</CONGRESS_DISTRICT_ORG>
<ORG_UEI_NUM>JEJGGM9MT7V9</ORG_UEI_NUM>
<ORG_LGL_BUS_NAME>ALBANY STATE UNIVERSITY</ORG_LGL_BUS_NAME>
<ORG_PRNT_UEI_NUM/>
</Institution>
<Performance_Institution>
<Name><![CDATA[Albany State University]]></Name>
<CityName>Albany</CityName>
<StateCode>GA</StateCode>
<ZipCode>317052796</ZipCode>
<StreetAddress><![CDATA[504 College Drive]]></StreetAddress>
<CountryCode>US</CountryCode>
<CountryName>United States</CountryName>
<StateName>Georgia</StateName>
<CountryFlag>1</CountryFlag>
<CONGRESSDISTRICT>02</CONGRESSDISTRICT>
<CONGRESS_DISTRICT_PERF>GA02</CONGRESS_DISTRICT_PERF>
</Performance_Institution>
<ProgramElement>
<Code>159400</Code>
<Text>Hist Black Colleges and Univ</Text>
</ProgramElement>
<ProgramReference>
<Code>9178</Code>
<Text>UNDERGRADUATE EDUCATION</Text>
</ProgramReference>
<Appropriation>
<Code>0420</Code>
<Name>NSF Education &amp; Human Resource</Name>
<APP_SYMB_ID>040106</APP_SYMB_ID>
</Appropriation>
<Fund>
<Code>04002021DB</Code>
<Name><![CDATA[NSF Education & Human Resource]]></Name>
<FUND_SYMB_ID>040106</FUND_SYMB_ID>
</Fund>
<FUND_OBLG>2020~199963</FUND_OBLG>
</Award>
</rootTag>
