<?xml version="1.0" encoding="UTF-8"?>
<rootTag>
<Award>
<AwardTitle><![CDATA[Preparing High School and Community College Students for the Cybersecurity Workforce]]></AwardTitle>
<AGENCY>NSF</AGENCY>
<AwardEffectiveDate>03/01/2021</AwardEffectiveDate>
<AwardExpirationDate>06/30/2024</AwardExpirationDate>
<AwardTotalIntnAmount>359995.00</AwardTotalIntnAmount>
<AwardAmount>124810</AwardAmount>
<AwardInstrument>
<Value>Standard Grant</Value>
</AwardInstrument>
<Organization>
<Code>11040100</Code>
<Directorate>
<Abbreviation>EDU</Abbreviation>
<LongName>Directorate for STEM Education</LongName>
</Directorate>
<Division>
<Abbreviation>DUE</Abbreviation>
<LongName>Division Of Undergraduate Education</LongName>
</Division>
</Organization>
<ProgramOfficer>
<SignBlockName>R. Corby Hovis</SignBlockName>
<PO_EMAI>chovis@nsf.gov</PO_EMAI>
<PO_PHON>7032924625</PO_PHON>
</ProgramOfficer>
<AbstractNarration>The growing number and sophistication of cybersecurity threats have created a need for many more workers with the knowledge and skills to protect digital infrastructure. To ensure the security of computers and information systems, all sectors need well-prepared technicians who can prevent, detect, and investigate cybersecurity breaches. Toward meeting this need, the project will launch a project designed to align K-12 curricula with industry needs and to foster proficiency in cybersecurity for students in the Pittsburgh area. Through this project, the College aims to: (1) increase the number of students, especially students from underrepresented groups, in its cybersecurity-focused associate degree program in information technology; (2) improve instruction to better prepare students for the local cybersecurity workforce; and (3) introduce educational activities into secondary schools to prepare students for further education in cybersecurity. &lt;br/&gt;&lt;br/&gt;The investigators will develop an innovative model for partnerships with high schools by collaborating with the Beaver County Career and Technology Center, which works with more than 17 high schools in the Pittsburgh area to prepare students in technical areas, including cybersecurity. To broaden participation in cybersecurity, the project team will target middle school and Career Tech Center students from underserved communities for participation in summer camps, cybersecurity competitions, conferences, and mentoring. To expand and strengthen cybersecurity instruction, the project team will engage teachers in applied active-learning-and-teaching methods using virtual lab environments and will offer workshops on curriculum development and topics in cybersecurity. To align the college's cybersecurity curriculum with needs of business and industry, the project team will enhance the advisory board's role in shaping the curriculum, providing presentations about the field, mentoring students, and designing internships and other pathways to jobs. The project will add instruction that helps students research the requirements for specific cybersecurity jobs and connect those requirements with the knowledge and skills they are developing in their coursework. The project evaluation will examine the effectiveness of virtual environments in training job-ready cybersecurity students, the effectiveness of industry-led approaches for encouraging high school students to apply to two-year cybersecurity programs, and the effectiveness of practices to engage business/industry partners in designing and developing curricula and recruiting students from underrepresented groups.  This project is funded by the Advanced Technological Education program, which focuses on the education of technicians for the advanced-technology fields that drive the nation's economy.&lt;br/&gt;&lt;br/&gt;This award reflects NSF's statutory mission and has been deemed worthy of support through evaluation using the Foundation's intellectual merit and broader impacts review criteria.</AbstractNarration>
<MinAmdLetterDate>02/25/2021</MinAmdLetterDate>
<MaxAmdLetterDate>08/02/2024</MaxAmdLetterDate>
<ARRAAmount/>
<TRAN_TYPE>Grant</TRAN_TYPE>
<CFDA_NUM>47.076</CFDA_NUM>
<NSF_PAR_USE_FLAG>1</NSF_PAR_USE_FLAG>
<FUND_AGCY_CODE>4900</FUND_AGCY_CODE>
<AWDG_AGCY_CODE>4900</AWDG_AGCY_CODE>
<AwardID>2000902</AwardID>
<Investigator>
<FirstName>John</FirstName>
<LastName>Scarpino</LastName>
<PI_MID_INIT>J</PI_MID_INIT>
<PI_SUFX_NAME/>
<PI_FULL_NAME>John J Scarpino</PI_FULL_NAME>
<EmailAddress><![CDATA[scarpino.john@ptcollege.edu]]></EmailAddress>
<NSF_ID>000800203</NSF_ID>
<StartDate>02/25/2021</StartDate>
<EndDate>08/05/2021</EndDate>
<RoleCode>Former Co-Principal Investigator</RoleCode>
</Investigator>
<Investigator>
<FirstName>Wilfred</FirstName>
<LastName>Mutale</LastName>
<PI_MID_INIT>C</PI_MID_INIT>
<PI_SUFX_NAME/>
<PI_FULL_NAME>Wilfred C Mutale</PI_FULL_NAME>
<EmailAddress><![CDATA[mutale.wilfred@ptcollege.edu]]></EmailAddress>
<NSF_ID>000809379</NSF_ID>
<StartDate>02/25/2021</StartDate>
<EndDate>09/14/2021</EndDate>
<RoleCode>Former Co-Principal Investigator</RoleCode>
</Investigator>
<Investigator>
<FirstName>Michael</FirstName>
<LastName>Russell</LastName>
<PI_MID_INIT>W</PI_MID_INIT>
<PI_SUFX_NAME/>
<PI_FULL_NAME>Michael W Russell</PI_FULL_NAME>
<EmailAddress><![CDATA[russell.mike@ptcollege.edu]]></EmailAddress>
<NSF_ID>000809781</NSF_ID>
<StartDate>02/25/2021</StartDate>
<EndDate/>
<RoleCode>Principal Investigator</RoleCode>
</Investigator>
<Investigator>
<FirstName>Michael</FirstName>
<LastName>Hodder</LastName>
<PI_MID_INIT>J</PI_MID_INIT>
<PI_SUFX_NAME/>
<PI_FULL_NAME>Michael J Hodder</PI_FULL_NAME>
<EmailAddress><![CDATA[hodder.michael@ptcollege.edu]]></EmailAddress>
<NSF_ID>000857178</NSF_ID>
<StartDate>08/05/2021</StartDate>
<EndDate/>
<RoleCode>Co-Principal Investigator</RoleCode>
</Investigator>
<Institution>
<Name><![CDATA[Pittsburgh Technical Institute]]></Name>
<CityName>OAKDALE</CityName>
<ZipCode>150713211</ZipCode>
<PhoneNumber>4128095263</PhoneNumber>
<StreetAddress><![CDATA[1111 MCKEE RD]]></StreetAddress>
<StreetAddress2/>
<CountryName>United States</CountryName>
<StateName>Pennsylvania</StateName>
<StateCode>PA</StateCode>
<CONGRESSDISTRICT>17</CONGRESSDISTRICT>
<CONGRESS_DISTRICT_ORG>PA17</CONGRESS_DISTRICT_ORG>
<ORG_UEI_NUM>CPSYWURUJAJ6</ORG_UEI_NUM>
<ORG_LGL_BUS_NAME>PITTSBURGH TECHNICAL COLLEGE</ORG_LGL_BUS_NAME>
<ORG_PRNT_UEI_NUM/>
</Institution>
<Performance_Institution>
<Name><![CDATA[Pittsburgh Technical Institute]]></Name>
<CityName>Oakdale</CityName>
<StateCode>PA</StateCode>
<ZipCode>150713205</ZipCode>
<StreetAddress><![CDATA[1111 McKee Road]]></StreetAddress>
<CountryCode>US</CountryCode>
<CountryName>United States</CountryName>
<StateName>Pennsylvania</StateName>
<CountryFlag>1</CountryFlag>
<CONGRESSDISTRICT>17</CONGRESSDISTRICT>
<CONGRESS_DISTRICT_PERF>PA17</CONGRESS_DISTRICT_PERF>
</Performance_Institution>
<ProgramElement>
<Code>741200</Code>
<Text>Advanced Tech Education Prog</Text>
</ProgramElement>
<ProgramReference>
<Code>1032</Code>
<Text>ADVANCED TECHNOLOGY EDUCATION</Text>
</ProgramReference>
<ProgramReference>
<Code>9178</Code>
<Text>UNDERGRADUATE EDUCATION</Text>
</ProgramReference>
<ProgramReference>
<Code>SMET</Code>
<Text>SCIENCE, MATH, ENG &amp; TECH EDUCATION</Text>
</ProgramReference>
<Appropriation>
<Code>0421</Code>
<Name>NSF Education &amp; Human Resource</Name>
<APP_SYMB_ID>040106</APP_SYMB_ID>
</Appropriation>
<Fund>
<Code>04002122DB</Code>
<Name><![CDATA[NSF Education & Human Resource]]></Name>
<FUND_SYMB_ID>040106</FUND_SYMB_ID>
</Fund>
<FUND_OBLG>2021~124809</FUND_OBLG>
</Award>
</rootTag>
