<?xml version="1.0" encoding="UTF-8"?>
<rootTag>
<Award>
<AwardTitle><![CDATA[Index in Dynamics: A Tool to Prove the Entropy Conjecture]]></AwardTitle>
<AGENCY>NSF</AGENCY>
<AwardEffectiveDate>09/01/2020</AwardEffectiveDate>
<AwardExpirationDate>08/31/2025</AwardExpirationDate>
<AwardTotalIntnAmount>140413.00</AwardTotalIntnAmount>
<AwardAmount>140413</AwardAmount>
<AwardInstrument>
<Value>Standard Grant</Value>
</AwardInstrument>
<Organization>
<Code>03040000</Code>
<Directorate>
<Abbreviation>MPS</Abbreviation>
<LongName>Direct For Mathematical &amp; Physical Scien</LongName>
</Directorate>
<Division>
<Abbreviation>DMS</Abbreviation>
<LongName>Division Of Mathematical Sciences</LongName>
</Division>
</Organization>
<ProgramOfficer>
<SignBlockName>Marian Bocea</SignBlockName>
<PO_EMAI>mbocea@nsf.gov</PO_EMAI>
<PO_PHON>7032922595</PO_PHON>
</ProgramOfficer>
<AbstractNarration>Many problems such as the motion of mechanical objects, chemical reactions, population growth, and the dynamics of the prices on the market can be modeled by dynamical systems, which are defined by a collection of states and a time-evolution law. There is a classical number associated with a dynamical system, called its entropy, that is a quantitative measure of the complexity of the system. An important problem in dynamical systems that has been unsolved for many decades is called Shub's entropy conjecture. It aims at understanding the lower bound of the entropy of a system using asymptotic information of the system. Due to the nature of this conjecture new multi-disciplinary tools from topology and dynamics are needed to fully solve the conjecture.  This project is concerned with developing a tool in dynamical systems, called index theory, in order to advance our general knowledge about the dynamics around fixed points, and with an eye to solving the entropy conjecture. Since this proposal integrates ideas from several branches of mathematics, it will further encourage interactions and collaborations among students and faculty. &lt;br/&gt;&lt;br/&gt;The specific research goal of this project is to study the following projects using index theory: 1) entropy non-degeneracy between equivalent analytic flows; 2) the relationship between the growth rate of periodic points and the growth rate of the Lefschetz for analytic maps; 3) the relationship between the growth rate of periodic points and the degree for maps with sufficient regularity on a sphere.  Through these three projects, we will show how to use the index to get entropy non-degeneracy and present how powerful index theory is in finding a topological lower bound for the growth rate of periodic orbits.  Since the three projects are all of a strong topological flavor, these projects are closely related to the entropy conjecture.  As a package, they will provide potential approaches and tools for the entropy conjecture.&lt;br/&gt;&lt;br/&gt;This award reflects NSF's statutory mission and has been deemed worthy of support through evaluation using the Foundation's intellectual merit and broader impacts review criteria.</AbstractNarration>
<MinAmdLetterDate>06/01/2020</MinAmdLetterDate>
<MaxAmdLetterDate>06/01/2020</MaxAmdLetterDate>
<ARRAAmount/>
<TRAN_TYPE>Grant</TRAN_TYPE>
<CFDA_NUM>47.049</CFDA_NUM>
<NSF_PAR_USE_FLAG>1</NSF_PAR_USE_FLAG>
<FUND_AGCY_CODE>4900</FUND_AGCY_CODE>
<AWDG_AGCY_CODE>4900</AWDG_AGCY_CODE>
<AwardID>2000167</AwardID>
<Investigator>
<FirstName>Yun</FirstName>
<LastName>Yang</LastName>
<PI_MID_INIT/>
<PI_SUFX_NAME/>
<PI_FULL_NAME>Yun Yang</PI_FULL_NAME>
<EmailAddress><![CDATA[yunyang@vt.edu]]></EmailAddress>
<NSF_ID>000732947</NSF_ID>
<StartDate>06/01/2020</StartDate>
<EndDate/>
<RoleCode>Principal Investigator</RoleCode>
</Investigator>
<Institution>
<Name><![CDATA[Virginia Polytechnic Institute and State University]]></Name>
<CityName>BLACKSBURG</CityName>
<ZipCode>240603359</ZipCode>
<PhoneNumber>5402315281</PhoneNumber>
<StreetAddress><![CDATA[300 TURNER ST NW]]></StreetAddress>
<StreetAddress2><![CDATA[STE 4200]]></StreetAddress2>
<CountryName>United States</CountryName>
<StateName>Virginia</StateName>
<StateCode>VA</StateCode>
<CONGRESSDISTRICT>09</CONGRESSDISTRICT>
<CONGRESS_DISTRICT_ORG>VA09</CONGRESS_DISTRICT_ORG>
<ORG_UEI_NUM>QDE5UHE5XD16</ORG_UEI_NUM>
<ORG_LGL_BUS_NAME>VIRGINIA POLYTECHNIC INSTITUTE &amp; STATE UNIVERSITY</ORG_LGL_BUS_NAME>
<ORG_PRNT_UEI_NUM>M515A1DKXAN8</ORG_PRNT_UEI_NUM>
</Institution>
<Performance_Institution>
<Name><![CDATA[Virginia Polytechnic Institute and State University]]></Name>
<CityName>Blacksburg</CityName>
<StateCode>VA</StateCode>
<ZipCode>240611026</ZipCode>
<StreetAddress><![CDATA[225 Stanger Street]]></StreetAddress>
<CountryCode>US</CountryCode>
<CountryName>United States</CountryName>
<StateName>Virginia</StateName>
<CountryFlag>1</CountryFlag>
<CONGRESSDISTRICT>09</CONGRESSDISTRICT>
<CONGRESS_DISTRICT_PERF>VA09</CONGRESS_DISTRICT_PERF>
</Performance_Institution>
<ProgramElement>
<Code>128100</Code>
<Text>ANALYSIS PROGRAM</Text>
</ProgramElement>
<Appropriation>
<Code>0120</Code>
<Name>NSF RESEARCH &amp; RELATED ACTIVIT</Name>
<APP_SYMB_ID>040100</APP_SYMB_ID>
</Appropriation>
<Fund>
<Code>01002021DB</Code>
<Name><![CDATA[NSF RESEARCH & RELATED ACTIVIT]]></Name>
<FUND_SYMB_ID>040100</FUND_SYMB_ID>
</Fund>
<FUND_OBLG>2020~140413</FUND_OBLG>
</Award>
</rootTag>
