<?xml version="1.0" encoding="UTF-8"?>
<rootTag>
<Award>
<AwardTitle><![CDATA[Subfactors, Tensor Categories, and Higher Dimensional Algebra]]></AwardTitle>
<AGENCY>NSF</AGENCY>
<AwardEffectiveDate>08/01/2020</AwardEffectiveDate>
<AwardExpirationDate>07/31/2024</AwardExpirationDate>
<AwardTotalIntnAmount>258456.00</AwardTotalIntnAmount>
<AwardAmount>258456</AwardAmount>
<AwardInstrument>
<Value>Standard Grant</Value>
</AwardInstrument>
<Organization>
<Code>03040000</Code>
<Directorate>
<Abbreviation>MPS</Abbreviation>
<LongName>Direct For Mathematical &amp; Physical Scien</LongName>
</Directorate>
<Division>
<Abbreviation>DMS</Abbreviation>
<LongName>Division Of Mathematical Sciences</LongName>
</Division>
</Organization>
<ProgramOfficer>
<SignBlockName>Marian Bocea</SignBlockName>
<PO_EMAI>mbocea@nsf.gov</PO_EMAI>
<PO_PHON>7032922595</PO_PHON>
</ProgramOfficer>
<AbstractNarration><![CDATA[Symmetries are movements of an object or system back onto itself.  For example, shuffling a deck of cards or rotating an atom around its nucleus.  Over the last 200 years, Group Theory has been spectacularly successful in using symmetry to study a wide variety of problems in mathematics, physics, chemistry, and engineering.  More recently, starting in the 1980s, mathematicians and mathematical physicists have developed a theory of Quantum Groups and Quantum Symmetry which adapt ideas from Group Theory to more general settings appearing in quantum physics and related mathematics.  The first spectacular application of what we now call Group Theory was Galois' use of symmetries of number systems to explain why there's a generalization of the familiar quadratic formula to solve equations using third or fourth powers, but no such formula for solving equations with fifth powers.  Galois's number systems are parallel to von Neumann factors developed to study quantum mechanics, and several of the first spectacular applications of what we would know call Quantum Groups or Quantum Symmetries appeared in Jones's study of subfactors.  More recently Quantum Symmetry has become central to certain approaches to constructing quantum computers using so-called topological phases of matter.  The main techniques used in this project involve higher dimensional algebra.  Here the idea is that we typically write mathematical symbols on a line when doing calculations, but in many settings it is better to use the whole plane to draw pictures, or to do the calculation on "paper" in more interesting shapes like circles or spheres.  Sometimes the geometry allows for insight into the mathematics, for example you can "rotate" a calculation taking place in the plane.  The goal of this project is to use higher dimensional algebra to study questions in quantum symmetry. The project will also contribute to the development of the US workforce through the training of Ph.D. and high school students.&lt;br/&gt;&lt;br/&gt;In more technical language, we use planar algebras, topological quantum field theory, and higher categories to study questions coming from von Neumann subfactors and tensor categories.  These include very example-driven questions like constructing and studying exceptional small index subfactors, as well as more theoretical questions like understanding the structure of the 3-category of fusion categories (where subfactors appear as 1-morphisms).  More specifically, this project focuses on four closely related research programs.  First, we will develop a purely algebraic analogue of the author's previous work on the classification of small index subfactors. Second we will use module categories more systematically to approach analytic questions about reconstructing subfactors from their standard invariants.  Third, we will use skein theoretic approaches and Jones's planar algebras to study tensor categories, including non-semisimple tensor categories.  Finally, we study tensor categories and braided tensor categories using higher-categories and local topological quantum field theories building on the Lurie-Baez-Dolan cobordism hypothesis.&lt;br/&gt;&lt;br/&gt;This award reflects NSF's statutory mission and has been deemed worthy of support through evaluation using the Foundation's intellectual merit and broader impacts review criteria.]]></AbstractNarration>
<MinAmdLetterDate>07/20/2020</MinAmdLetterDate>
<MaxAmdLetterDate>07/20/2020</MaxAmdLetterDate>
<ARRAAmount/>
<TRAN_TYPE>Grant</TRAN_TYPE>
<CFDA_NUM>47.049</CFDA_NUM>
<NSF_PAR_USE_FLAG>1</NSF_PAR_USE_FLAG>
<FUND_AGCY_CODE>4900</FUND_AGCY_CODE>
<AWDG_AGCY_CODE>4900</AWDG_AGCY_CODE>
<AwardID>2000093</AwardID>
<Investigator>
<FirstName>Noah</FirstName>
<LastName>Snyder</LastName>
<PI_MID_INIT>J</PI_MID_INIT>
<PI_SUFX_NAME/>
<PI_FULL_NAME>Noah J Snyder</PI_FULL_NAME>
<EmailAddress><![CDATA[nsnyder@gmail.com]]></EmailAddress>
<NSF_ID>000513338</NSF_ID>
<StartDate>07/20/2020</StartDate>
<EndDate/>
<RoleCode>Principal Investigator</RoleCode>
</Investigator>
<Institution>
<Name>Indiana University</Name>
<CityName>BLOOMINGTON</CityName>
<ZipCode>474057000</ZipCode>
<PhoneNumber>3172783473</PhoneNumber>
<StreetAddress>107 S INDIANA AVE</StreetAddress>
<StreetAddress2/>
<CountryName>United States</CountryName>
<StateName>Indiana</StateName>
<StateCode>IN</StateCode>
<CONGRESSDISTRICT>09</CONGRESSDISTRICT>
<CONGRESS_DISTRICT_ORG>IN09</CONGRESS_DISTRICT_ORG>
<ORG_UEI_NUM>YH86RTW2YVJ4</ORG_UEI_NUM>
<ORG_LGL_BUS_NAME>TRUSTEES OF INDIANA UNIVERSITY</ORG_LGL_BUS_NAME>
<ORG_PRNT_UEI_NUM/>
</Institution>
<Performance_Institution>
<Name><![CDATA[Indiana University]]></Name>
<CityName>Bloomington</CityName>
<StateCode>IN</StateCode>
<ZipCode>474057106</ZipCode>
<StreetAddress><![CDATA[831 E. 3rd St., Rawles Hall 303]]></StreetAddress>
<CountryCode>US</CountryCode>
<CountryName>United States</CountryName>
<StateName>Indiana</StateName>
<CountryFlag>1</CountryFlag>
<CONGRESSDISTRICT>09</CONGRESSDISTRICT>
<CONGRESS_DISTRICT_PERF>IN09</CONGRESS_DISTRICT_PERF>
</Performance_Institution>
<ProgramElement>
<Code>1264</Code>
<Text>ALGEBRA,NUMBER THEORY,AND COM</Text>
</ProgramElement>
<ProgramElement>
<Code>1267</Code>
<Text>TOPOLOGY</Text>
</ProgramElement>
<ProgramElement>
<Code>1281</Code>
<Text>ANALYSIS PROGRAM</Text>
</ProgramElement>
<Appropriation>
<Code>0120</Code>
<Name>NSF RESEARCH &amp; RELATED ACTIVIT</Name>
<APP_SYMB_ID>040100</APP_SYMB_ID>
</Appropriation>
<Fund>
<Code>01002021DB</Code>
<Name><![CDATA[NSF RESEARCH & RELATED ACTIVIT]]></Name>
<FUND_SYMB_ID>040100</FUND_SYMB_ID>
</Fund>
<FUND_OBLG>2020~258456</FUND_OBLG>
</Award>
</rootTag>
