<?xml version="1.0" encoding="UTF-8"?>
<rootTag>
<Award>
<AwardTitle><![CDATA[Collaborative Research: Identifying and Investigating Pathways and Critical Junctures in Two-Year Information Technology Programs]]></AwardTitle>
<AGENCY>NSF</AGENCY>
<AwardEffectiveDate>08/01/2020</AwardEffectiveDate>
<AwardExpirationDate>07/31/2025</AwardExpirationDate>
<AwardTotalIntnAmount>262347.00</AwardTotalIntnAmount>
<AwardAmount>262347</AwardAmount>
<AwardInstrument>
<Value>Standard Grant</Value>
</AwardInstrument>
<Organization>
<Code>11040100</Code>
<Directorate>
<Abbreviation>EDU</Abbreviation>
<LongName>Directorate for STEM Education</LongName>
</Directorate>
<Division>
<Abbreviation>DUE</Abbreviation>
<LongName>Division Of Undergraduate Education</LongName>
</Division>
</Organization>
<ProgramOfficer>
<SignBlockName>Connie Della-Piana</SignBlockName>
<PO_EMAI>cdellapi@nsf.gov</PO_EMAI>
<PO_PHON>7032925309</PO_PHON>
</ProgramOfficer>
<AbstractNarration>This research and development project aims to design and test a method for understanding the pathways students take through college and into careers in information technology.  Specifically, the project will gather data about former students, including institutional data (such as grades) and information from surveys and interviews.  The data will include information about students who completed the program, who did not complete the program, and who changed programs or transferred to other institutions.  These data will be analyzed to identify potential pathways and critical junctions that may lead to student success or other outcomes. The research team from Tallahassee Community College and Florida State University expect that this approach will reveal opportunities and hindrances students face as they pursue credentials in information technology. &lt;br/&gt;   &lt;br/&gt;This project aims to test the potential of integrating institutional data with phenomenological data to model student progression through post-secondary STEM programs, specifically information technology.  Framed by Tinto’s model of student attrition and persistence, it will use a mixed methods sequential exploratory design with multiple layers of data collection and analyses that merge and examine institutional data and alumni phenomenological experiential data.  It expects that this analysis will identify and verify influencers that support or hinder student success. Quantitative data analyses will consist of descriptive and comparative methods, which will be verified and informed by open coding and thematic analysis of the qualitative data.  The systematic investigation of institutional and phenomenological data has the potential to: (1) generate practical knowledge about academic/career pathways in information technology for use by stakeholders; (2) identify and examine relationships among these pathways, students experiences, and psychosocial factors; and (3) add to the analytical methods available to institutional research professionals to document, investigate, and visualize student pathway information using data dashboards.  Four Florida community colleges that collectively serve rural and urban student populations (Pensacola State College, Florida State College at Jacksonville, Chipola College, and Gulf Coast State College) will pilot test the efficacy and usefulness of the method for modeling and visualizing their students’ college and career pathways.  This project is funded by the Advanced Technological Education program that focuses on the education of technicians for the advanced-technology fields that drive the nation's economy.&lt;br/&gt;&lt;br/&gt;This award reflects NSF's statutory mission and has been deemed worthy of support through evaluation using the Foundation's intellectual merit and broader impacts review criteria.</AbstractNarration>
<MinAmdLetterDate>03/26/2020</MinAmdLetterDate>
<MaxAmdLetterDate>03/31/2020</MaxAmdLetterDate>
<ARRAAmount/>
<TRAN_TYPE>Grant</TRAN_TYPE>
<CFDA_NUM>47.076</CFDA_NUM>
<NSF_PAR_USE_FLAG>1</NSF_PAR_USE_FLAG>
<FUND_AGCY_CODE>4900</FUND_AGCY_CODE>
<AWDG_AGCY_CODE>4900</AWDG_AGCY_CODE>
<AwardID>2000583</AwardID>
<Investigator>
<FirstName>Calandra</FirstName>
<LastName>Stringer</LastName>
<PI_MID_INIT/>
<PI_SUFX_NAME/>
<PI_FULL_NAME>Calandra Stringer</PI_FULL_NAME>
<EmailAddress><![CDATA[stringec@tcc.fl.edu]]></EmailAddress>
<NSF_ID>000541486</NSF_ID>
<StartDate>03/31/2020</StartDate>
<EndDate/>
<RoleCode>Principal Investigator</RoleCode>
</Investigator>
<Investigator>
<FirstName>Stephen</FirstName>
<LastName>Dunnivant</LastName>
<PI_MID_INIT>W</PI_MID_INIT>
<PI_SUFX_NAME/>
<PI_FULL_NAME>Stephen W Dunnivant</PI_FULL_NAME>
<EmailAddress><![CDATA[Dunnivas@tcc.fl.edu]]></EmailAddress>
<NSF_ID>000811820</NSF_ID>
<StartDate>03/26/2020</StartDate>
<EndDate>03/31/2020</EndDate>
<RoleCode>Former Principal Investigator</RoleCode>
</Investigator>
<Institution>
<Name><![CDATA[Tallahassee Community College]]></Name>
<CityName>TALLAHASSEE</CityName>
<ZipCode>323042815</ZipCode>
<PhoneNumber>8502017970</PhoneNumber>
<StreetAddress><![CDATA[444 APPLEYARD DR]]></StreetAddress>
<StreetAddress2/>
<CountryName>United States</CountryName>
<StateName>Florida</StateName>
<StateCode>FL</StateCode>
<CONGRESSDISTRICT>02</CONGRESSDISTRICT>
<CONGRESS_DISTRICT_ORG>FL02</CONGRESS_DISTRICT_ORG>
<ORG_UEI_NUM>R9HCGYUHLZ25</ORG_UEI_NUM>
<ORG_LGL_BUS_NAME>TALLAHASSEE STATE COLLEGE</ORG_LGL_BUS_NAME>
<ORG_PRNT_UEI_NUM/>
</Institution>
<Performance_Institution>
<Name><![CDATA[Tallahassee Community College]]></Name>
<CityName>Tallahassee</CityName>
<StateCode>FL</StateCode>
<ZipCode>323042895</ZipCode>
<StreetAddress><![CDATA[444 Appleyard Drive]]></StreetAddress>
<CountryCode>US</CountryCode>
<CountryName>United States</CountryName>
<StateName>Florida</StateName>
<CountryFlag>1</CountryFlag>
<CONGRESSDISTRICT>02</CONGRESSDISTRICT>
<CONGRESS_DISTRICT_PERF>FL02</CONGRESS_DISTRICT_PERF>
</Performance_Institution>
<ProgramElement>
<Code>741200</Code>
<Text>Advanced Tech Education Prog</Text>
</ProgramElement>
<ProgramReference>
<Code>1032</Code>
<Text>ADVANCED TECHNOLOGY EDUCATION</Text>
</ProgramReference>
<ProgramReference>
<Code>9178</Code>
<Text>UNDERGRADUATE EDUCATION</Text>
</ProgramReference>
<ProgramReference>
<Code>SMET</Code>
<Text>SCIENCE, MATH, ENG &amp; TECH EDUCATION</Text>
</ProgramReference>
<Appropriation>
<Code>0420</Code>
<Name>NSF Education &amp; Human Resource</Name>
<APP_SYMB_ID>040106</APP_SYMB_ID>
</Appropriation>
<Fund>
<Code>04002021DB</Code>
<Name><![CDATA[NSF Education & Human Resource]]></Name>
<FUND_SYMB_ID>040106</FUND_SYMB_ID>
</Fund>
<FUND_OBLG>2020~262347</FUND_OBLG>
</Award>
</rootTag>
