<?xml version="1.0" encoding="UTF-8"?>
<rootTag>
<Award>
<AwardTitle><![CDATA[Bioreactor-based Manufacturing of Glioblastoma Organoids]]></AwardTitle>
<AGENCY>NSF</AGENCY>
<AwardEffectiveDate>05/15/2020</AwardEffectiveDate>
<AwardExpirationDate>04/30/2024</AwardExpirationDate>
<AwardTotalIntnAmount>325093.00</AwardTotalIntnAmount>
<AwardAmount>373293</AwardAmount>
<AwardInstrument>
<Value>Standard Grant</Value>
</AwardInstrument>
<Organization>
<Code>07020000</Code>
<Directorate>
<Abbreviation>ENG</Abbreviation>
<LongName>Directorate For Engineering</LongName>
</Directorate>
<Division>
<Abbreviation>CBET</Abbreviation>
<LongName>Div Of Chem, Bioeng, Env, &amp; Transp Sys</LongName>
</Division>
</Organization>
<ProgramOfficer>
<SignBlockName>Stephanie George</SignBlockName>
<PO_EMAI>stgeorge@nsf.gov</PO_EMAI>
<PO_PHON>7032927825</PO_PHON>
</ProgramOfficer>
<AbstractNarration>Glioblastoma multiforme (GBM) is the deadliest form of brain tumor. Patients typically survive only 12-15 months after their initial diagnosis. Therefore, new treatments for GBM are urgently needed. However, finding new therapies for GBM has been challenging, largely due to the lack of models that adequately mimic the patient’s condition, which is particularly important since the disease is highly heterogeneous. That is, tumors differ widely in their pathological features and respond differently to treatments.  To address these issues, this project will develop "GBM organoids," which are three-dimension masses of cells that mimic the behavior of miniature GBM tumors.  These organoids will be manufactured using GBM stem cells (specialized GBM cells that give rise to all types of cells in a GBM tumor) derived directly from patients.  Cells will be positioned using 3D printers and cultured in bioreactors.  The potential long-term outcomes of such biomanufactured organoids are reduced reliance on animal models for cancer research and a framework for suggesting novel treatments for GBM patients in the future. This project will also provide research and educational opportunities to underrepresented minority undergraduate and graduate students. International opportunities are planned that integrate the research results into summer study-abroad courses in order to help prepare the next generation of more globally competent engineers.&lt;br/&gt;&lt;br/&gt;The goal of this project is to develop GBM (glioblastoma) organoids that retain three main features of GBM tumors: intertumoral heterogeneity (i.e., molecular subtypes), intratumoral heterogeneity (i.e., cells in the inner/necrotic core exhibiting very different characteristics to those at the tumor periphery), and cancer stem cells (CSCs).  The goal will be achieved by creating GBM organoids that are homogeneous in size but retain in vivo-like intratumoral heterogeneity by using GBM CSCs. The Research Plan, designed to demonstrate that the project’s bioreactor-cultured GBM organoids can recapitulate the innate tumor microenvironment, is organized under three aims, each motivated by a scientific hypothesis. The FIRST Aim is to reproducibly biomanufacture GBM organoids in bioreactors.  Subaims are to:  a) demonstrate that sublethal fluid shear improves homogenous production of GBM organoids and b) elucidate the role of shear-induced EpCAM (Endothelial Cell Adhesion Molecule)-positive EVs (extracellular vessels) in organoid production.  Results obtained will be used to test the hypothesis that sublethal shear stress in stirred-tanks leads to GBM organoid production via EpCAM-positive extracellular vesicles (EVs). The SECOND Aim is to produce GBM organoids with perivascular niche-like ECM (extracellular matrix) and microvessels.  Subaims are to: a) demonstrate that GSCs in hyaluronic acid (HA)-rich conditions generate CD31+microvessel-like cells within GBM organoids; b) generate GBM organoids with 3D-printed HA hydrogels; c) produce GBM organoids with co-cultured microvessels and d) demonstrate  that pathological features of PDX (Patient-derived xenograft) tissues are recapitulated in biomanufactured organoids.  Results obtained will be used to test the hypothesis that tumor tissue-like angiogenesis by GSCs occurs when organoids are &gt;500 μm diameter.  The THIRD Aim is to profile the genetic composition and chemotherapy sensitivity of biomanufactured GBM organoids.  Subaims are to: a) profile the patient-specific genetic subtypes (proneural (PN), neural (N), classical (C), and mesenchymal (M)) of biomanufactured organoids and b) characterize organoids’ responses to chemotherapeutic drugs TMZ (temozolomide) and SAL(salinomycin).  Results obtained will be used to test the hypothesis that pathologically relevant organoids recapitulate the intratumoral and intertumoral diversity found in tumor tissues, and thus, can serve as better in vitro models for drug response.&lt;br/&gt;&lt;br/&gt;This award reflects NSF's statutory mission and has been deemed worthy of support through evaluation using the Foundation's intellectual merit and broader impacts review criteria.</AbstractNarration>
<MinAmdLetterDate>05/07/2020</MinAmdLetterDate>
<MaxAmdLetterDate>06/08/2023</MaxAmdLetterDate>
<ARRAAmount/>
<TRAN_TYPE>Grant</TRAN_TYPE>
<CFDA_NUM>47.041</CFDA_NUM>
<NSF_PAR_USE_FLAG>1</NSF_PAR_USE_FLAG>
<FUND_AGCY_CODE>4900</FUND_AGCY_CODE>
<AWDG_AGCY_CODE>4900</AWDG_AGCY_CODE>
<AwardID>2000053</AwardID>
<Investigator>
<FirstName>Yonghyun</FirstName>
<LastName>Kim</LastName>
<PI_MID_INIT/>
<PI_SUFX_NAME/>
<PI_FULL_NAME>Yonghyun Kim</PI_FULL_NAME>
<EmailAddress><![CDATA[ykim@eng.ua.edu]]></EmailAddress>
<NSF_ID>000629020</NSF_ID>
<StartDate>05/07/2020</StartDate>
<EndDate/>
<RoleCode>Principal Investigator</RoleCode>
</Investigator>
<Institution>
<Name><![CDATA[University of Alabama Tuscaloosa]]></Name>
<CityName>TUSCALOOSA</CityName>
<ZipCode>354012029</ZipCode>
<PhoneNumber>2053485152</PhoneNumber>
<StreetAddress><![CDATA[801 UNIVERSITY BLVD]]></StreetAddress>
<StreetAddress2/>
<CountryName>United States</CountryName>
<StateName>Alabama</StateName>
<StateCode>AL</StateCode>
<CONGRESSDISTRICT>07</CONGRESSDISTRICT>
<CONGRESS_DISTRICT_ORG>AL07</CONGRESS_DISTRICT_ORG>
<ORG_UEI_NUM>RCNJEHZ83EV6</ORG_UEI_NUM>
<ORG_LGL_BUS_NAME>UNIVERSITY OF ALABAMA</ORG_LGL_BUS_NAME>
<ORG_PRNT_UEI_NUM>TWJWHYEM8T63</ORG_PRNT_UEI_NUM>
</Institution>
<Performance_Institution>
<Name><![CDATA[University of Alabama Tuscaloosa]]></Name>
<CityName/>
<StateCode>AL</StateCode>
<ZipCode>354780104</ZipCode>
<StreetAddress/>
<CountryCode>US</CountryCode>
<CountryName>United States</CountryName>
<StateName>Alabama</StateName>
<CountryFlag>1</CountryFlag>
<CONGRESSDISTRICT>07</CONGRESSDISTRICT>
<CONGRESS_DISTRICT_PERF>AL07</CONGRESS_DISTRICT_PERF>
</Performance_Institution>
<ProgramElement>
<Code>534500</Code>
<Text>Engineering of Biomed Systems</Text>
</ProgramElement>
<ProgramElement>
<Code>747900</Code>
<Text>BMMB-Biomech &amp; Mechanobiology</Text>
</ProgramElement>
<ProgramReference>
<Code>028E</Code>
<Text>BIOMECHANICS</Text>
</ProgramReference>
<ProgramReference>
<Code>8091</Code>
<Text>BRAIN Initiative Res Support</Text>
</ProgramReference>
<ProgramReference>
<Code>9150</Code>
<Text>EXP PROG TO STIM COMP RES</Text>
</ProgramReference>
<ProgramReference>
<Code>9251</Code>
<Text>REU SUPP-Res Exp for Ugrd Supp</Text>
</ProgramReference>
<Appropriation>
<Code/>
<Name/>
<APP_SYMB_ID/>
</Appropriation>
<Appropriation>
<Code>0120</Code>
<Name>NSF RESEARCH &amp; RELATED ACTIVIT</Name>
<APP_SYMB_ID>040100</APP_SYMB_ID>
</Appropriation>
<Appropriation>
<Code>0121</Code>
<Name>NSF RESEARCH &amp; RELATED ACTIVIT</Name>
<APP_SYMB_ID>040100</APP_SYMB_ID>
</Appropriation>
<Fund>
<Code>01002324DB</Code>
<Name><![CDATA[NSF RESEARCH & RELATED ACTIVIT]]></Name>
<FUND_SYMB_ID>040100</FUND_SYMB_ID>
</Fund>
<Fund>
<Code>01002021DB</Code>
<Name><![CDATA[NSF RESEARCH & RELATED ACTIVIT]]></Name>
<FUND_SYMB_ID>040100</FUND_SYMB_ID>
</Fund>
<Fund>
<Code>01002122DB</Code>
<Name><![CDATA[NSF RESEARCH & RELATED ACTIVIT]]></Name>
<FUND_SYMB_ID>040100</FUND_SYMB_ID>
</Fund>
<FUND_OBLG>2020~325093</FUND_OBLG>
<FUND_OBLG>2021~41200</FUND_OBLG>
<FUND_OBLG>2023~7000</FUND_OBLG>
<POR>
<DRECONTENT><![CDATA[<div class="porColContainerWBG"> <div class="porContentCol"><p>Glioblastoma multiforme (GBM) is the deadliest form of brain tumor. Patients typically survive only 12-15 months after their initial diagnosis. Therefore, new treatments for GBM are urgently needed. However, finding new therapies for GBM has been challenging, largely due to the lack of models that adequately mimic the patients' condition, which is particularly important since the disease is highly heterogeneous. That is, tumors differ widely in their pathological features and respond differently to treatments. To address these issues, this project developed "GBM organoids," which are micro-scaled, tissue-like, three-dimensional masses of cells that mimic the behavior of GBM tumors, using stirred-tank bioreactors. These organoids were reproducibly biomanufactured using GBM stem cells (specialized GBM cells that give rise to all types of cells in a GBM tumor) derived directly from patients and by utilizing sublethal biophysical fluid shear. The potential long-term outcomes of such biomanufactured organoids are reduced reliance on animal models for cancer research and a framework for suggesting novel treatments for GBM patients in the future.</p> <p>&nbsp;</p> <p>The key result from this project includes the recapitulation of intratumoral spatial heterogeneity found in GBM patients in the biomanufactured GBM organoids. Furthermore, the biomanufacturing conditions allowed the GBM organoids to spatially self-organize into distinct regions, similar to what is found in patients. This also allowed them to modulate their mechanical stiffness to be reminiscent of the stiffness found in GBM patient tissues. Thus, we believe we have developed an advanced human tumor organoid model without the need of adding animal-derived products.</p> <p>&nbsp;</p> <p>The data from this project also revealed that the sublethal fluid shear stress (FSS) from the bioreactor have a positive effect on the production of extracellular vesicles (EVs). These EVs served as a means to transfer bioactive cargos to nearby cells to &ldquo;communicate&rdquo; with them and to modulate their behavior. Thus, our results provide evidence that sublethal FSS improves EV-based cell-to-cell communication.</p> <p>&nbsp;</p> <p>Finally, this project provided significant impact in STEM workforce development. Research training opportunities were provided to four PhD students, one MS student, and 11 undergraduate students. Of these, more than half were female scientists and more than a third were traditionally underrepresented minorities in STEM. As a direct result of this project, two PhD scientists were produced who have been added to the STEM workforce in the biotechnology industry and national research laboratory. The MS student and two undergraduate students are now pursuing PhD degrees. Finally, this project provided international research opportunities to graduate students to provide professional development as globally competent scientists and engineers.</p> <p>&nbsp;</p><br> <p>  Last Modified: 07/09/2024<br> Modified by: Yonghyun&nbsp;Kim</p></div> <div class="porSideCol" ></div> </div>]]></DRECONTENT>
<POR_COPY_TXT><![CDATA[  Glioblastoma multiforme (GBM) is the deadliest form of brain tumor. Patients typically survive only 12-15 months after their initial diagnosis. Therefore, new treatments for GBM are urgently needed. However, finding new therapies for GBM has been challenging, largely due to the lack of models that adequately mimic the patients' condition, which is particularly important since the disease is highly heterogeneous. That is, tumors differ widely in their pathological features and respond differently to treatments. To address these issues, this project developed "GBM organoids," which are micro-scaled, tissue-like, three-dimensional masses of cells that mimic the behavior of GBM tumors, using stirred-tank bioreactors. These organoids were reproducibly biomanufactured using GBM stem cells (specialized GBM cells that give rise to all types of cells in a GBM tumor) derived directly from patients and by utilizing sublethal biophysical fluid shear. The potential long-term outcomes of such biomanufactured organoids are reduced reliance on animal models for cancer research and a framework for suggesting novel treatments for GBM patients in the future.      The key result from this project includes the recapitulation of intratumoral spatial heterogeneity found in GBM patients in the biomanufactured GBM organoids. Furthermore, the biomanufacturing conditions allowed the GBM organoids to spatially self-organize into distinct regions, similar to what is found in patients. This also allowed them to modulate their mechanical stiffness to be reminiscent of the stiffness found in GBM patient tissues. Thus, we believe we have developed an advanced human tumor organoid model without the need of adding animal-derived products.      The data from this project also revealed that the sublethal fluid shear stress (FSS) from the bioreactor have a positive effect on the production of extracellular vesicles (EVs). These EVs served as a means to transfer bioactive cargos to nearby cells to communicate with them and to modulate their behavior. Thus, our results provide evidence that sublethal FSS improves EV-based cell-to-cell communication.      Finally, this project provided significant impact in STEM workforce development. Research training opportunities were provided to four PhD students, one MS student, and 11 undergraduate students. Of these, more than half were female scientists and more than a third were traditionally underrepresented minorities in STEM. As a direct result of this project, two PhD scientists were produced who have been added to the STEM workforce in the biotechnology industry and national research laboratory. The MS student and two undergraduate students are now pursuing PhD degrees. Finally, this project provided international research opportunities to graduate students to provide professional development as globally competent scientists and engineers.        Last Modified: 07/09/2024       Submitted by: YonghyunKim]]></POR_COPY_TXT>
</POR>
</Award>
</rootTag>
