<?xml version="1.0" encoding="UTF-8"?>
<rootTag>
<Award>
<AwardTitle><![CDATA[A Proposal for Travel Support for Students International Sedimentary Geoscience Congress Flagstaff, AZ, USA, 26-29 April, 2020]]></AwardTitle>
<AGENCY>NSF</AGENCY>
<AwardEffectiveDate>01/15/2020</AwardEffectiveDate>
<AwardExpirationDate>12/31/2024</AwardExpirationDate>
<AwardTotalIntnAmount>50000.00</AwardTotalIntnAmount>
<AwardAmount>50000</AwardAmount>
<AwardInstrument>
<Value>Standard Grant</Value>
</AwardInstrument>
<Organization>
<Code>06030000</Code>
<Directorate>
<Abbreviation>GEO</Abbreviation>
<LongName>Directorate For Geosciences</LongName>
</Directorate>
<Division>
<Abbreviation>EAR</Abbreviation>
<LongName>Division Of Earth Sciences</LongName>
</Division>
</Organization>
<ProgramOfficer>
<SignBlockName>Margaret Fraiser</SignBlockName>
<PO_EMAI>mfraiser@nsf.gov</PO_EMAI>
<PO_PHON>7032924660</PO_PHON>
</ProgramOfficer>
<AbstractNarration>The need for larger numbers of people in the geosciences workforce in the United States is great. Educational experiences outside of formal school curricula have been shown to increase not only student interest in the geosciences but the number of students choosing geosciences and STEM-related professions as well. The formal and informal interactions among geoscientists from all career stages that are facilitated in conference settings comprise excellent means to reinforce students' desires to continue the study of geosciences towards careers in academia, government or industry. Student travel grants to attend the International Sedimentary Geoscience Congress in Flagstaff, Arizona allow students opportunities to connect with one another and with a diverse range of early career and established sedimentary geoscientists across disciplines and broad geographic regions. These travel awards also allow students to attend specialized workshops, short courses, and field trips that are complementary to the core scientific program of the conference.&lt;br/&gt;&lt;br/&gt;The International Sedimentary Geoscience Congress is a global meeting devoted to sedimentary geoscience and was initiated by the Society for Sedimentary Geology in cooperation with the Sedimentary Geology Division of the Geological Society of America and the International Association of Sedimentologists. The meeting in April 2020 is the first of a planned series that will convene every four years and its theme is 'The past is the key to a sustainable future'. This award is funding undergraduate and graduate students typically underrepresented in the geosciences and related fields.&lt;br/&gt;&lt;br/&gt;This award reflects NSF's statutory mission and has been deemed worthy of support through evaluation using the Foundation's intellectual merit and broader impacts review criteria.</AbstractNarration>
<MinAmdLetterDate>01/14/2020</MinAmdLetterDate>
<MaxAmdLetterDate>02/01/2024</MaxAmdLetterDate>
<ARRAAmount/>
<TRAN_TYPE>Grant</TRAN_TYPE>
<CFDA_NUM>47.050</CFDA_NUM>
<NSF_PAR_USE_FLAG>1</NSF_PAR_USE_FLAG>
<FUND_AGCY_CODE>4900</FUND_AGCY_CODE>
<AWDG_AGCY_CODE>4900</AWDG_AGCY_CODE>
<AwardID>2000748</AwardID>
<Investigator>
<FirstName>Howard</FirstName>
<LastName>Harper</LastName>
<PI_MID_INIT>E</PI_MID_INIT>
<PI_SUFX_NAME>Jr</PI_SUFX_NAME>
<PI_FULL_NAME>Howard E Harper</PI_FULL_NAME>
<EmailAddress><![CDATA[hharper@sepm.org]]></EmailAddress>
<NSF_ID>000588803</NSF_ID>
<StartDate>01/14/2020</StartDate>
<EndDate/>
<RoleCode>Principal Investigator</RoleCode>
</Investigator>
<Institution>
<Name><![CDATA[Society of Sedimentary Geology SEPM]]></Name>
<CityName>TULSA</CityName>
<ZipCode>741356373</ZipCode>
<PhoneNumber>9188994621</PhoneNumber>
<StreetAddress><![CDATA[4111 S DARLINGTON AVE]]></StreetAddress>
<StreetAddress2><![CDATA[STE 100]]></StreetAddress2>
<CountryName>United States</CountryName>
<StateName>Oklahoma</StateName>
<StateCode>OK</StateCode>
<CONGRESSDISTRICT>01</CONGRESSDISTRICT>
<CONGRESS_DISTRICT_ORG>OK01</CONGRESS_DISTRICT_ORG>
<ORG_UEI_NUM>V2FMLN3JXFN6</ORG_UEI_NUM>
<ORG_LGL_BUS_NAME>SEPM</ORG_LGL_BUS_NAME>
<ORG_PRNT_UEI_NUM/>
</Institution>
<Performance_Institution>
<Name><![CDATA[Society for Sedimentary Geology]]></Name>
<CityName>Broken Arrow</CityName>
<StateCode>OK</StateCode>
<ZipCode>740125950</ZipCode>
<StreetAddress><![CDATA[1621 S EUCALYPTUS AVE]]></StreetAddress>
<CountryCode>US</CountryCode>
<CountryName>United States</CountryName>
<StateName>Oklahoma</StateName>
<CountryFlag>1</CountryFlag>
<CONGRESSDISTRICT>01</CONGRESSDISTRICT>
<CONGRESS_DISTRICT_PERF>OK01</CONGRESS_DISTRICT_PERF>
</Performance_Institution>
<ProgramElement>
<Code>745900</Code>
<Text>Sedimentary Geo &amp; Paleobiology</Text>
</ProgramElement>
<ProgramReference>
<Code>9150</Code>
<Text>EXP PROG TO STIM COMP RES</Text>
</ProgramReference>
<Appropriation>
<Code>0120</Code>
<Name>NSF RESEARCH &amp; RELATED ACTIVIT</Name>
<APP_SYMB_ID>040100</APP_SYMB_ID>
</Appropriation>
<Fund>
<Code>01002021DB</Code>
<Name><![CDATA[NSF RESEARCH & RELATED ACTIVIT]]></Name>
<FUND_SYMB_ID>040100</FUND_SYMB_ID>
</Fund>
<FUND_OBLG>2020~50000</FUND_OBLG>
</Award>
</rootTag>
