<?xml version="1.0" encoding="UTF-8"?>
<rootTag>
<Award>
<AwardTitle><![CDATA[RAPID: Collaborative Research: Tracking Amazon Forest Fires from Source to Sink]]></AwardTitle>
<AGENCY>NSF</AGENCY>
<AwardEffectiveDate>11/01/2019</AwardEffectiveDate>
<AwardExpirationDate>10/31/2021</AwardExpirationDate>
<AwardTotalIntnAmount>63789.00</AwardTotalIntnAmount>
<AwardAmount>63789</AwardAmount>
<AwardInstrument>
<Value>Standard Grant</Value>
</AwardInstrument>
<Organization>
<Code>06040300</Code>
<Directorate>
<Abbreviation>GEO</Abbreviation>
<LongName>Directorate For Geosciences</LongName>
</Directorate>
<Division>
<Abbreviation>OCE</Abbreviation>
<LongName>Division Of Ocean Sciences</LongName>
</Division>
</Organization>
<ProgramOfficer>
<SignBlockName>Henrietta Edmonds</SignBlockName>
<PO_EMAI>hedmonds@nsf.gov</PO_EMAI>
<PO_PHON>7032927427</PO_PHON>
</ProgramOfficer>
<AbstractNarration>Fire plays a key role in Earth's ecosystem dynamics with profound effects on biogeochemical processes, climate, and environmental quality beyond the significant threat to people and infrastructures. This year has seen the most forest fires in the Amazon Basin of Brazil since 2010, providing a compelling opportunity to study the impact of fires on carbon fluxes in the Amazon River system, and, together with an auspiciously-timed cruise planned to the Guyanas mudbanks in 2020, to characterize the corresponding signature of biomass burning along the entire continuum from source on land to sink in the oceans. This project takes advantage of this opportunity through time series sampling of the dissolved and particulate load in the headwaters and the lower reaches of the Amazon River. This effort will be combined with targeted sampling campaigns across the full river depth profile at high and low discharge to capture the export of material to the Atlantic Ocean. Pyrogenic carbon concentration and composition will be measured by combining specific molecular work (anhydrous sugar levoglucosan and benzene polycarboxylic acids, or BPCAs) with ramped pyrolysis oxidation to characterize the chemical continuum that makes up pyrogenic carbon. Radiocarbon content and stable carbon isotope composition will help to distinguish pyrogenic carbon derived from combustion of living biomass (as opposed to that eroded from soils or old sediments, for example). Compared to a baseline established during a period of time when fire activity in the Amazon basin was relatively low, river samples from 2019 offer a chance to test whether pyrogenic carbon fluxes to the ocean respond to an increase in fire activity. The offshore samples will allow for characterizing how this pyrogenic carbon is transformed and/or preserved in the coastal ocean. Rapid-response funding will be essential to capitalizing on the unique combination of existing baseline data, the pronounced increase in fire activity this year, and the planned 2020 cruise. The outcome of this project will lay the groundwork for future efforts at reconstructing past fire activity, e.g., in association with upcoming drilling projects in the Amazon system supported by International Continental Scientific Drilling Program and the International Ocean Drilling Program. Finally, the project will interface with the Woods Hole Partnership Educational Program, which is designed to provide college students from underrepresented minorities opportunities to gain practical experience in marine and environmental sciences.&lt;br/&gt;&lt;br/&gt;This award reflects NSF's statutory mission and has been deemed worthy of support through evaluation using the Foundation's intellectual merit and broader impacts review criteria.</AbstractNarration>
<MinAmdLetterDate>10/28/2019</MinAmdLetterDate>
<MaxAmdLetterDate>10/28/2019</MaxAmdLetterDate>
<ARRAAmount/>
<TRAN_TYPE>Grant</TRAN_TYPE>
<CFDA_NUM>47.050</CFDA_NUM>
<NSF_PAR_USE_FLAG>1</NSF_PAR_USE_FLAG>
<FUND_AGCY_CODE>4900</FUND_AGCY_CODE>
<AWDG_AGCY_CODE>4900</AWDG_AGCY_CODE>
<AwardID>2000127</AwardID>
<Investigator>
<FirstName>A  Joshua</FirstName>
<LastName>West</LastName>
<PI_MID_INIT/>
<PI_SUFX_NAME/>
<PI_FULL_NAME>A  Joshua West</PI_FULL_NAME>
<EmailAddress><![CDATA[joshwest@usc.edu]]></EmailAddress>
<NSF_ID>000561838</NSF_ID>
<StartDate>10/28/2019</StartDate>
<EndDate/>
<RoleCode>Principal Investigator</RoleCode>
</Investigator>
<Institution>
<Name><![CDATA[University of Southern California]]></Name>
<CityName>LOS ANGELES</CityName>
<ZipCode>90033</ZipCode>
<PhoneNumber>2137407762</PhoneNumber>
<StreetAddress><![CDATA[3720 S FLOWER ST FL 3]]></StreetAddress>
<StreetAddress2/>
<CountryName>United States</CountryName>
<StateName>California</StateName>
<StateCode>CA</StateCode>
<CONGRESSDISTRICT>34</CONGRESSDISTRICT>
<CONGRESS_DISTRICT_ORG>CA34</CONGRESS_DISTRICT_ORG>
<ORG_UEI_NUM>G88KLJR3KYT5</ORG_UEI_NUM>
<ORG_LGL_BUS_NAME>UNIVERSITY OF SOUTHERN CALIFORNIA</ORG_LGL_BUS_NAME>
<ORG_PRNT_UEI_NUM/>
</Institution>
<Performance_Institution>
<Name><![CDATA[USC Department of Earth Sciences]]></Name>
<CityName>Los Angeles</CityName>
<StateCode>CA</StateCode>
<ZipCode>900890740</ZipCode>
<StreetAddress><![CDATA[3651 Trousdale Parkway, ZHS 117]]></StreetAddress>
<CountryCode>US</CountryCode>
<CountryName>United States</CountryName>
<StateName>California</StateName>
<CountryFlag>1</CountryFlag>
<CONGRESSDISTRICT>37</CONGRESSDISTRICT>
<CONGRESS_DISTRICT_PERF>CA37</CONGRESS_DISTRICT_PERF>
</Performance_Institution>
<ProgramElement>
<Code>167000</Code>
<Text>Chemical Oceanography</Text>
</ProgramElement>
<ProgramReference>
<Code>1389</Code>
<Text>CARBON CYCLE RESEARCH</Text>
</ProgramReference>
<ProgramReference>
<Code>7914</Code>
<Text>RAPID</Text>
</ProgramReference>
<Appropriation>
<Code>0120</Code>
<Name>NSF RESEARCH &amp; RELATED ACTIVIT</Name>
<APP_SYMB_ID>040100</APP_SYMB_ID>
</Appropriation>
<Fund>
<Code>01002021DB</Code>
<Name><![CDATA[NSF RESEARCH & RELATED ACTIVIT]]></Name>
<FUND_SYMB_ID>040100</FUND_SYMB_ID>
</Fund>
<FUND_OBLG>2020~63789</FUND_OBLG>
<POR>
<DRECONTENT><![CDATA[<div class="porColContainerWBG"> <div class="porContentCol"><p>Wildfires represent one of the defining processes in Earth?s environmental system, with profound implications that extend from local to global scales. One of the by-products left behind after wildfires is pyrogenic (i.e., fire-derived) carbon (PyC). PyC has distinct chemical properties that are different from most of the other carbon in the environment. As a result, PyC may play an important role in the carbon cycle; for example, it may be more likely to survive transport in rivers to the ocean, where it can be buried in sediments for long periods of time (from thousands to millions of years). If PyC is well preserved on its journey from the land to the oceans, the PyC in sediments may provide a record of fire activity in the past. These records could provide unique information to test potential links between fires and environmental change, for example associated with changing climate or human activities. Yet the transport of PyC through rivers to the oceans remains to be fully understood, especially whether increases in PyC fire activity on land can be directly connected to increased PyC in ocean sediments.</p> <p>This grant provided rapid response funding with the goal of using the dramatic increase in fire activity in the Amazon Basin in 2019 as a natural experiment to assess how river transport of PyC, and its ultimate burial in offshore sediments, responded to a continental-scale increase in burning. Specifically, the work sought to test the hypothesis that increased fire activity in the Amazon in 2019 and 2020 led to enhanced delivery of PyC to and through the Amazon River system. Key to this research plan was the observation that the area of the Amazon burned in both 2019 and 2020 was over twice the 2009-2018 average. The rapid response funding from this award was critical in enabling the collection of a unique set of samples from the Amazon River beginning in late 2019, to test for the immediate response to the increased burning by also taking advantage of baseline samples collected during the 2010s. &nbsp;</p> <p>The award supported (1) the purchase and installation of new instrumentation (specifically a Ion Chromatography PAD detector) for measurement of levoglucosan, one of the important and chemically distinct components of pyrogenic carbon, at the University of Southern California, (2) the training of a graduate student in the use of this instrumentation and in the science behind PyC, and (3) the collection of samples from the Amazon River in coordination with collaborators in Brazil. Further fieldwork to collect samples from additional sites along the Amazon River was proposed but did not prove possible to implement on the timeframe of the award because of travel restrictions imposed by the COVID-19 pandemic. Nonetheless, the availability of rapid response funding made it possible to collect unique and time-critical samples, and together with the instrumentation supported by this grant, these samples provide the opportunity to use this natural experiment to test for observable delivery of PyC from the land to the oceans following changes in burn area. The grant directly supported one graduate student and led to a new collaboration that is enabling the participation of another PhD student on an upcoming cruise the Amazon mud banks, as part of linking river fluxes to the ocean.</p><br> <p>            Last Modified: 07/08/2022<br>      Modified by: A  Joshua&nbsp;West</p> </div> <div class="porSideCol"></div> </div>]]></DRECONTENT>
<POR_COPY_TXT><![CDATA[ Wildfires represent one of the defining processes in Earth?s environmental system, with profound implications that extend from local to global scales. One of the by-products left behind after wildfires is pyrogenic (i.e., fire-derived) carbon (PyC). PyC has distinct chemical properties that are different from most of the other carbon in the environment. As a result, PyC may play an important role in the carbon cycle; for example, it may be more likely to survive transport in rivers to the ocean, where it can be buried in sediments for long periods of time (from thousands to millions of years). If PyC is well preserved on its journey from the land to the oceans, the PyC in sediments may provide a record of fire activity in the past. These records could provide unique information to test potential links between fires and environmental change, for example associated with changing climate or human activities. Yet the transport of PyC through rivers to the oceans remains to be fully understood, especially whether increases in PyC fire activity on land can be directly connected to increased PyC in ocean sediments.  This grant provided rapid response funding with the goal of using the dramatic increase in fire activity in the Amazon Basin in 2019 as a natural experiment to assess how river transport of PyC, and its ultimate burial in offshore sediments, responded to a continental-scale increase in burning. Specifically, the work sought to test the hypothesis that increased fire activity in the Amazon in 2019 and 2020 led to enhanced delivery of PyC to and through the Amazon River system. Key to this research plan was the observation that the area of the Amazon burned in both 2019 and 2020 was over twice the 2009-2018 average. The rapid response funding from this award was critical in enabling the collection of a unique set of samples from the Amazon River beginning in late 2019, to test for the immediate response to the increased burning by also taking advantage of baseline samples collected during the 2010s.    The award supported (1) the purchase and installation of new instrumentation (specifically a Ion Chromatography PAD detector) for measurement of levoglucosan, one of the important and chemically distinct components of pyrogenic carbon, at the University of Southern California, (2) the training of a graduate student in the use of this instrumentation and in the science behind PyC, and (3) the collection of samples from the Amazon River in coordination with collaborators in Brazil. Further fieldwork to collect samples from additional sites along the Amazon River was proposed but did not prove possible to implement on the timeframe of the award because of travel restrictions imposed by the COVID-19 pandemic. Nonetheless, the availability of rapid response funding made it possible to collect unique and time-critical samples, and together with the instrumentation supported by this grant, these samples provide the opportunity to use this natural experiment to test for observable delivery of PyC from the land to the oceans following changes in burn area. The grant directly supported one graduate student and led to a new collaboration that is enabling the participation of another PhD student on an upcoming cruise the Amazon mud banks, as part of linking river fluxes to the ocean.       Last Modified: 07/08/2022       Submitted by: A  Joshua West]]></POR_COPY_TXT>
</POR>
</Award>
</rootTag>
