<?xml version="1.0" encoding="UTF-8"?>
<rootTag>
<Award>
<AwardTitle><![CDATA[Online Instructional Resources for Material Science Technology Education]]></AwardTitle>
<AGENCY>NSF</AGENCY>
<AwardEffectiveDate>09/01/2020</AwardEffectiveDate>
<AwardExpirationDate>08/31/2023</AwardExpirationDate>
<AwardTotalIntnAmount>487565.00</AwardTotalIntnAmount>
<AwardAmount>487565</AwardAmount>
<AwardInstrument>
<Value>Standard Grant</Value>
</AwardInstrument>
<Organization>
<Code>11040100</Code>
<Directorate>
<Abbreviation>EDU</Abbreviation>
<LongName>Directorate for STEM Education</LongName>
</Directorate>
<Division>
<Abbreviation>DUE</Abbreviation>
<LongName>Division Of Undergraduate Education</LongName>
</Division>
</Organization>
<ProgramOfficer>
<SignBlockName>Christine Delahanty</SignBlockName>
<PO_EMAI>cdelahan@nsf.gov</PO_EMAI>
<PO_PHON>7032928492</PO_PHON>
</ProgramOfficer>
<AbstractNarration>Over the last one hundred years, material scientists have greatly improved traditional materials.  They have also made technological breakthroughs that produced new nanoscale, biological, smart, and composite materials. This project will support a national network for materials technology education.  The network will include educational institutions, industry, and professional societies.  The long-term goal of the project is to ensure that materials technology education meets industry standards and produces technicians who are well prepared for work across different manufacturing sectors.  To achieve this goal, the project will develop and share online resources to support the materials technological education of students and incumbent workers.&lt;br/&gt;&lt;br/&gt;The project builds upon the experience and infrastructure of the National Resource Center for Materials Technology Education at Edmonds Community College.  Its goal is to support the development of instructional resources for the materials science education community. National network members come from community colleges, four-year institutions, industry partners, community organizations and professional societies. The specific aims of the project include: to improve and expand national access to an online collection of high-quality instructional resources including competency-based modules, presentations, labs, and demonstrations; to implement dissemination strategies that promote increased awareness of online resources, support partnerships, and expand strategic opportunities for the materials science education community; and to leverage the expertise of collaborating national partners to achieve strategic scalability of instructional resources. During this project, technician skill gaps will be identified, instructional modules that address the skill gaps will be developed, and a handbook on materials technology education will be written through a joint effort of network members. The project evaluation will provide insights on how the instructional resources impact students in the national network of educational institutions. This project is funded by the Advanced Technological Education program that focuses on the education of technicians for the advanced-technology fields that drive the nation's economy.&lt;br/&gt;&lt;br/&gt;This award reflects NSF's statutory mission and has been deemed worthy of support through evaluation using the Foundation's intellectual merit and broader impacts review criteria.</AbstractNarration>
<MinAmdLetterDate>03/18/2020</MinAmdLetterDate>
<MaxAmdLetterDate>03/18/2020</MaxAmdLetterDate>
<ARRAAmount/>
<TRAN_TYPE>Grant</TRAN_TYPE>
<CFDA_NUM>47.076</CFDA_NUM>
<NSF_PAR_USE_FLAG>1</NSF_PAR_USE_FLAG>
<FUND_AGCY_CODE>4900</FUND_AGCY_CODE>
<AWDG_AGCY_CODE>4900</AWDG_AGCY_CODE>
<AwardID>2000347</AwardID>
<Investigator>
<FirstName>Thomas</FirstName>
<LastName>Stoebe</LastName>
<PI_MID_INIT>G</PI_MID_INIT>
<PI_SUFX_NAME/>
<PI_FULL_NAME>Thomas G Stoebe</PI_FULL_NAME>
<EmailAddress><![CDATA[stoebe@u.washington.edu]]></EmailAddress>
<NSF_ID>000465825</NSF_ID>
<StartDate>03/18/2020</StartDate>
<EndDate/>
<RoleCode>Co-Principal Investigator</RoleCode>
</Investigator>
<Investigator>
<FirstName>Imelda</FirstName>
<LastName>Cossette</LastName>
<PI_MID_INIT>E</PI_MID_INIT>
<PI_SUFX_NAME/>
<PI_FULL_NAME>Imelda E Cossette</PI_FULL_NAME>
<EmailAddress><![CDATA[mel.cossette@edcc.edu]]></EmailAddress>
<NSF_ID>000430977</NSF_ID>
<StartDate>03/18/2020</StartDate>
<EndDate/>
<RoleCode>Principal Investigator</RoleCode>
</Investigator>
<Investigator>
<FirstName>Cynthia</FirstName>
<LastName>Howell</LastName>
<PI_MID_INIT/>
<PI_SUFX_NAME/>
<PI_FULL_NAME>Cynthia Howell</PI_FULL_NAME>
<EmailAddress><![CDATA[chowell@mines.edu]]></EmailAddress>
<NSF_ID>000480834</NSF_ID>
<StartDate>03/18/2020</StartDate>
<EndDate/>
<RoleCode>Co-Principal Investigator</RoleCode>
</Investigator>
<Institution>
<Name><![CDATA[Edmonds Community College]]></Name>
<CityName>LYNNWOOD</CityName>
<ZipCode>980365912</ZipCode>
<PhoneNumber>4256401112</PhoneNumber>
<StreetAddress><![CDATA[20000 68TH AVE W]]></StreetAddress>
<StreetAddress2/>
<CountryName>United States</CountryName>
<StateName>Washington</StateName>
<StateCode>WA</StateCode>
<CONGRESSDISTRICT>02</CONGRESSDISTRICT>
<CONGRESS_DISTRICT_ORG>WA02</CONGRESS_DISTRICT_ORG>
<ORG_UEI_NUM>LJVKA6H1AFF8</ORG_UEI_NUM>
<ORG_LGL_BUS_NAME>EDMONDS COLLEGE</ORG_LGL_BUS_NAME>
<ORG_PRNT_UEI_NUM>LJVKA6H1AFF8</ORG_PRNT_UEI_NUM>
</Institution>
<Performance_Institution>
<Name><![CDATA[Edmonds Community College]]></Name>
<CityName>Lynnwood</CityName>
<StateCode>WA</StateCode>
<ZipCode>980365912</ZipCode>
<StreetAddress><![CDATA[20000 68th Ave W]]></StreetAddress>
<CountryCode>US</CountryCode>
<CountryName>United States</CountryName>
<StateName>Washington</StateName>
<CountryFlag>1</CountryFlag>
<CONGRESSDISTRICT>02</CONGRESSDISTRICT>
<CONGRESS_DISTRICT_PERF>WA02</CONGRESS_DISTRICT_PERF>
</Performance_Institution>
<ProgramElement>
<Code>741200</Code>
<Text>Advanced Tech Education Prog</Text>
</ProgramElement>
<ProgramReference>
<Code>1032</Code>
<Text>ADVANCED TECHNOLOGY EDUCATION</Text>
</ProgramReference>
<ProgramReference>
<Code>9178</Code>
<Text>UNDERGRADUATE EDUCATION</Text>
</ProgramReference>
<ProgramReference>
<Code>SMET</Code>
<Text>SCIENCE, MATH, ENG &amp; TECH EDUCATION</Text>
</ProgramReference>
<Appropriation>
<Code>0420</Code>
<Name>NSF Education &amp; Human Resource</Name>
<APP_SYMB_ID>040106</APP_SYMB_ID>
</Appropriation>
<Fund>
<Code>04002021DB</Code>
<Name><![CDATA[NSF Education & Human Resource]]></Name>
<FUND_SYMB_ID>040106</FUND_SYMB_ID>
</Fund>
<FUND_OBLG>2020~487565</FUND_OBLG>
<POR>
<DRECONTENT><![CDATA[<div class="porColContainerWBG"> <div class="porContentCol"><p>MatEdU (Online Instructional Resources for Material Science Technology Education, NSF ATE DUE #2000347, 09/01/2020 - 08/31/2023), under the leadership of PI Mel Cossette, is a nationally/internationally recognized pioneer and leader in materials and materials science technology education impacting thousands of educators, students, and colleagues across the US. An active network of networks, MatEdU is a focal point where industry, education, policy makers, and community collaborate to meet materials technology workforce needs. Strategic partnering with academia, cross-discipline industries, non-profits, and professional societies have enabled MatEdU to accelerate/extend the availability, growth, and scalability of its robust collection of technician education resources for easy access and broad use/application. The overarching goals fulfilled by the grant: 1) Expanded and enhanced MatEdU&rsquo;s online library of high-quality resources to support the convergence of materials with existing and emerging technologies; 2) Improved web-based resources and web access to online resources; 3) Disseminated widely to increase website awareness and online engagement; and 4) Provided strategic scalability of resources through longstanding partnerships/collaborations and rising networks/communities. MatEdU has directly impacted hundreds of educational programs on a national level through partnering with many 2- and 4-year institutions, high schools, and skills centers; serving as mentor to 11 cohorts/mentees of Mentor-Connect; and advancing diversity, equity, inclusion, and accessibility (DEIA) initiatives.</p> <p>Intellectual Merits MatEdU responds to the national need for curriculum/instructional resources in materials technology to fortify the engineering and advanced manufacturing US workforce. MatEdU offers instructional content/tools/resources to understand materials technology, advanced manufacturing, and engineering design and production processes. It is essential for STEM students and technicians to understand the nonstop increasing quantity and complexity of materials used in advanced manufacturing industries and related sectors. Technicians that understand the relationships between materials properties and production processes leads to improved US quality, productivity and global competitiveness in advanced materials and manufacturing technologies.</p> <p>Broad Impacts MatEdU has made substantial contributions to advance to materials science technology education and related disciplines such as advanced manufacturing, additive manufacturing, and emerging technologies. Through development/dissemination of the core competencies, MatEdU has been a major contributor to enhanced quality of education in manufacturing processes, as well as engineering design. Visitors to the MatEdU website now number over 300K, tracking ~15,000 hits in 2022-2023. See https://www.materialseducation.org. Please note: The MatEdU website and online resources will be migrating to the Micro Nano Technology Education Center (MNT-EC, DUE# 2000281) by 2024.</p> <p>&nbsp;</p><br> <p>            Last Modified: 09/26/2023<br>      Modified by: Imelda&nbsp;E&nbsp;Cossette</p> </div> <div class="porSideCol"></div> </div>]]></DRECONTENT>
<POR_COPY_TXT><![CDATA[ MatEdU (Online Instructional Resources for Material Science Technology Education, NSF ATE DUE #2000347, 09/01/2020 - 08/31/2023), under the leadership of PI Mel Cossette, is a nationally/internationally recognized pioneer and leader in materials and materials science technology education impacting thousands of educators, students, and colleagues across the US. An active network of networks, MatEdU is a focal point where industry, education, policy makers, and community collaborate to meet materials technology workforce needs. Strategic partnering with academia, cross-discipline industries, non-profits, and professional societies have enabled MatEdU to accelerate/extend the availability, growth, and scalability of its robust collection of technician education resources for easy access and broad use/application. The overarching goals fulfilled by the grant: 1) Expanded and enhanced MatEdU’s online library of high-quality resources to support the convergence of materials with existing and emerging technologies; 2) Improved web-based resources and web access to online resources; 3) Disseminated widely to increase website awareness and online engagement; and 4) Provided strategic scalability of resources through longstanding partnerships/collaborations and rising networks/communities. MatEdU has directly impacted hundreds of educational programs on a national level through partnering with many 2- and 4-year institutions, high schools, and skills centers; serving as mentor to 11 cohorts/mentees of Mentor-Connect; and advancing diversity, equity, inclusion, and accessibility (DEIA) initiatives.  Intellectual Merits MatEdU responds to the national need for curriculum/instructional resources in materials technology to fortify the engineering and advanced manufacturing US workforce. MatEdU offers instructional content/tools/resources to understand materials technology, advanced manufacturing, and engineering design and production processes. It is essential for STEM students and technicians to understand the nonstop increasing quantity and complexity of materials used in advanced manufacturing industries and related sectors. Technicians that understand the relationships between materials properties and production processes leads to improved US quality, productivity and global competitiveness in advanced materials and manufacturing technologies.  Broad Impacts MatEdU has made substantial contributions to advance to materials science technology education and related disciplines such as advanced manufacturing, additive manufacturing, and emerging technologies. Through development/dissemination of the core competencies, MatEdU has been a major contributor to enhanced quality of education in manufacturing processes, as well as engineering design. Visitors to the MatEdU website now number over 300K, tracking ~15,000 hits in 2022-2023. See https://www.materialseducation.org. Please note: The MatEdU website and online resources will be migrating to the Micro Nano Technology Education Center (MNT-EC, DUE# 2000281) by 2024.          Last Modified: 09/26/2023       Submitted by: Imelda E Cossette]]></POR_COPY_TXT>
</POR>
</Award>
</rootTag>
