<?xml version="1.0" encoding="UTF-8"?>
<rootTag>
<Award>
<AwardTitle><![CDATA[Expanding Remote Delivery of Information Technologies Education in a Rural Environment]]></AwardTitle>
<AGENCY>NSF</AGENCY>
<AwardEffectiveDate>07/01/2020</AwardEffectiveDate>
<AwardExpirationDate>06/30/2024</AwardExpirationDate>
<AwardTotalIntnAmount>470059.00</AwardTotalIntnAmount>
<AwardAmount>470059</AwardAmount>
<AwardInstrument>
<Value>Standard Grant</Value>
</AwardInstrument>
<Organization>
<Code>11040100</Code>
<Directorate>
<Abbreviation>EDU</Abbreviation>
<LongName>Directorate for STEM Education</LongName>
</Directorate>
<Division>
<Abbreviation>DUE</Abbreviation>
<LongName>Division Of Undergraduate Education</LongName>
</Division>
</Organization>
<ProgramOfficer>
<SignBlockName>Paul Tymann</SignBlockName>
<PO_EMAI>ptymann@nsf.gov</PO_EMAI>
<PO_PHON>7032922832</PO_PHON>
</ProgramOfficer>
<AbstractNarration>Between 2019 and 2023, Information Technology (IT) jobs are expected to grow 10% in northwest Arkansas.  The demand for IT professionals in Arkansas is already outpacing the number of graduates being produced.  This project aims to address this need by remotely delivering IT courses to rural students in a six-county area in north-central Arkansas.  The use of remote-access labs will provide state of the art, hands-on coursework to these students, thus preparing them for employment as IT technicians in northwest Arkansas. This project has the potential to change the lives of students who are unable to move outside of their local area for IT education or work.&lt;br/&gt;&lt;br/&gt;The college will expand delivery of remote content to include the associate degree in Information Technology, and will improve the curriculum by adding new content, including cloud technologies, virtualization, and Internet of Things.  The students will have access to real-world problem solving and teamwork in the capstone course, as well as internship opportunities.  Such changes will build employability skills into the program so that students are ready for immediate employment after graduation. This program will offer year-round access with multiple entry points, providing more flexible opportunities for program completion.  The project has the potential to help diversify the workforce and grow the economy in rural areas by providing access to high-tech jobs for low-income students.  This project is funded by the Advanced Technological Education program that focuses on the education of technicians for the advanced-technology fields that drive the nation's economy.&lt;br/&gt;&lt;br/&gt;This award reflects NSF's statutory mission and has been deemed worthy of support through evaluation using the Foundation's intellectual merit and broader impacts review criteria.</AbstractNarration>
<MinAmdLetterDate>05/27/2020</MinAmdLetterDate>
<MaxAmdLetterDate>05/27/2020</MaxAmdLetterDate>
<ARRAAmount/>
<TRAN_TYPE>Grant</TRAN_TYPE>
<CFDA_NUM>47.076</CFDA_NUM>
<NSF_PAR_USE_FLAG>1</NSF_PAR_USE_FLAG>
<FUND_AGCY_CODE>4900</FUND_AGCY_CODE>
<AWDG_AGCY_CODE>4900</AWDG_AGCY_CODE>
<AwardID>2000933</AwardID>
<Investigator>
<FirstName>Laura</FirstName>
<LastName>Berry</LastName>
<PI_MID_INIT>J</PI_MID_INIT>
<PI_SUFX_NAME/>
<PI_FULL_NAME>Laura J Berry</PI_FULL_NAME>
<EmailAddress><![CDATA[lberry@northark.edu]]></EmailAddress>
<NSF_ID>000666680</NSF_ID>
<StartDate>05/27/2020</StartDate>
<EndDate/>
<RoleCode>Principal Investigator</RoleCode>
</Investigator>
<Investigator>
<FirstName>Cheryl</FirstName>
<LastName>Keymer</LastName>
<PI_MID_INIT/>
<PI_SUFX_NAME/>
<PI_FULL_NAME>Cheryl Keymer</PI_FULL_NAME>
<EmailAddress><![CDATA[ckeymer@northark.edu]]></EmailAddress>
<NSF_ID>000719489</NSF_ID>
<StartDate>05/27/2020</StartDate>
<EndDate/>
<RoleCode>Co-Principal Investigator</RoleCode>
</Investigator>
<Investigator>
<FirstName>Rick</FirstName>
<LastName>Williams</LastName>
<PI_MID_INIT/>
<PI_SUFX_NAME/>
<PI_FULL_NAME>Rick Williams</PI_FULL_NAME>
<EmailAddress><![CDATA[rwilliams@northark.edu]]></EmailAddress>
<NSF_ID>000763933</NSF_ID>
<StartDate>05/27/2020</StartDate>
<EndDate/>
<RoleCode>Co-Principal Investigator</RoleCode>
</Investigator>
<Institution>
<Name><![CDATA[North Arkansas College]]></Name>
<CityName>HARRISON</CityName>
<ZipCode>726015508</ZipCode>
<PhoneNumber>8703913280</PhoneNumber>
<StreetAddress><![CDATA[1515 PIONEER DR]]></StreetAddress>
<StreetAddress2/>
<CountryName>United States</CountryName>
<StateName>Arkansas</StateName>
<StateCode>AR</StateCode>
<CONGRESSDISTRICT>01</CONGRESSDISTRICT>
<CONGRESS_DISTRICT_ORG>AR01</CONGRESS_DISTRICT_ORG>
<ORG_UEI_NUM>QMHWYGPV2FN6</ORG_UEI_NUM>
<ORG_LGL_BUS_NAME>NORTH ARKANSAS COLLEGE</ORG_LGL_BUS_NAME>
<ORG_PRNT_UEI_NUM/>
</Institution>
<Performance_Institution>
<Name><![CDATA[North Arkansas College]]></Name>
<CityName>Harrison</CityName>
<StateCode>AR</StateCode>
<ZipCode>726015599</ZipCode>
<StreetAddress><![CDATA[1515 Pioneer Drive]]></StreetAddress>
<CountryCode>US</CountryCode>
<CountryName>United States</CountryName>
<StateName>Arkansas</StateName>
<CountryFlag>1</CountryFlag>
<CONGRESSDISTRICT>01</CONGRESSDISTRICT>
<CONGRESS_DISTRICT_PERF>AR01</CONGRESS_DISTRICT_PERF>
</Performance_Institution>
<ProgramElement>
<Code>741200</Code>
<Text>Advanced Tech Education Prog</Text>
</ProgramElement>
<ProgramReference>
<Code>1032</Code>
<Text>ADVANCED TECHNOLOGY EDUCATION</Text>
</ProgramReference>
<ProgramReference>
<Code>9150</Code>
<Text>EXP PROG TO STIM COMP RES</Text>
</ProgramReference>
<ProgramReference>
<Code>9178</Code>
<Text>UNDERGRADUATE EDUCATION</Text>
</ProgramReference>
<ProgramReference>
<Code>SMET</Code>
<Text>SCIENCE, MATH, ENG &amp; TECH EDUCATION</Text>
</ProgramReference>
<Appropriation>
<Code>0420</Code>
<Name>NSF Education &amp; Human Resource</Name>
<APP_SYMB_ID>040106</APP_SYMB_ID>
</Appropriation>
<Fund>
<Code>04002021DB</Code>
<Name><![CDATA[NSF Education & Human Resource]]></Name>
<FUND_SYMB_ID>040106</FUND_SYMB_ID>
</Fund>
<FUND_OBLG>2020~470059</FUND_OBLG>
</Award>
</rootTag>
