<?xml version="1.0" encoding="UTF-8"?>
<rootTag>
<Award>
<AwardTitle><![CDATA[Collaborative Research: Preparing the Workforce for Industry 4.0's Intelligent Industrial Robotics]]></AwardTitle>
<AGENCY>NSF</AGENCY>
<AwardEffectiveDate>07/01/2020</AwardEffectiveDate>
<AwardExpirationDate>01/31/2025</AwardExpirationDate>
<AwardTotalIntnAmount>166769.00</AwardTotalIntnAmount>
<AwardAmount>166769</AwardAmount>
<AwardInstrument>
<Value>Standard Grant</Value>
</AwardInstrument>
<Organization>
<Code>11040100</Code>
<Directorate>
<Abbreviation>EDU</Abbreviation>
<LongName>Directorate for STEM Education</LongName>
</Directorate>
<Division>
<Abbreviation>DUE</Abbreviation>
<LongName>Division Of Undergraduate Education</LongName>
</Division>
</Organization>
<ProgramOfficer>
<SignBlockName>Paul Tymann</SignBlockName>
<PO_EMAI>ptymann@nsf.gov</PO_EMAI>
<PO_PHON>7032922832</PO_PHON>
</ProgramOfficer>
<AbstractNarration>According to the International Federation of Robotics, nearly 75% of the global market for next-generation industrial robotics is in China, Japan, Korea, and Taiwan. To remain competitive, U.S. industries need to rapidly accelerate the use of intelligent robotics.  As a result, the nation needs to train highly skilled technicians who can program, use, maintain, and repair intelligent industrial robots. This collaborative project will address the nation’s shortfall of qualified technicians in intelligent industrial robotics.  It intends to do so by establishing a collaboration between academic institutions and major manufacturers in the eastern and central regions of Tennessee and Alabama. Together these partners will define the necessary skillset for the next-generation industrial robotics technical workforce.  They will also develop a curriculum that will allow students to learn those skills. This project will result in one of the first programs in the nation for workforce training in intelligent robotics and artificial intelligence technologies.  This effort will thus support U.S. businesses and industries to rapidly and effectively incorporate next-generation robotics in their workplace.&lt;br/&gt;&lt;br/&gt;The project has the following specific aims:  1) develop intelligent robotics curricular modules; 2) implement train-the-trainer workshops for educators; 3) identify skill sets needed for handling the next-generation robotics; 4) develop a knowledge base of next-generation robotics for secondary and post-secondary educators; and 5) increase public awareness of next-generation robotics.  By using a collaboration among four academic institutions in the eastern and central regions of Tennessee and Alabama, and involving major manufacturers in the region, the project expects to deliver outcomes that will be sustainable and can be replicated or adapted at other institutions.  This project intends to develop one of the first programs in the nation for workforce training at community and technical colleges in intelligent robotics and artificial intelligence technologies.  Since community and technical college supply a significant percentage of the industrial workforce, this project has the potential to help U.S. businesses and industries rapidly and effectively incorporate next-generation robotics in their workplace.  This project is funded by the Advanced Technological Education program that focuses on the education of technicians for the advanced-technology fields that drive the nation's economy.&lt;br/&gt;&lt;br/&gt;This award reflects NSF's statutory mission and has been deemed worthy of support through evaluation using the Foundation's intellectual merit and broader impacts review criteria.</AbstractNarration>
<MinAmdLetterDate>04/07/2020</MinAmdLetterDate>
<MaxAmdLetterDate>04/07/2020</MaxAmdLetterDate>
<ARRAAmount/>
<TRAN_TYPE>Grant</TRAN_TYPE>
<CFDA_NUM>47.076</CFDA_NUM>
<NSF_PAR_USE_FLAG>1</NSF_PAR_USE_FLAG>
<FUND_AGCY_CODE>4900</FUND_AGCY_CODE>
<AWDG_AGCY_CODE>4900</AWDG_AGCY_CODE>
<AwardID>2000776</AwardID>
<Investigator>
<FirstName>Lyn</FirstName>
<LastName>Potter</LastName>
<PI_MID_INIT/>
<PI_SUFX_NAME/>
<PI_FULL_NAME>Lyn Potter</PI_FULL_NAME>
<EmailAddress><![CDATA[lyn.potter@chattanoogastate.edu]]></EmailAddress>
<NSF_ID>000540946</NSF_ID>
<StartDate>04/07/2020</StartDate>
<EndDate/>
<RoleCode>Principal Investigator</RoleCode>
</Investigator>
<Investigator>
<FirstName>Jerry</FirstName>
<LastName>Roberts</LastName>
<PI_MID_INIT>L</PI_MID_INIT>
<PI_SUFX_NAME>Sr</PI_SUFX_NAME>
<PI_FULL_NAME>Jerry L Roberts</PI_FULL_NAME>
<EmailAddress><![CDATA[jerry.roberts@chattanoogastate.edu]]></EmailAddress>
<NSF_ID>000809312</NSF_ID>
<StartDate>04/07/2020</StartDate>
<EndDate/>
<RoleCode>Co-Principal Investigator</RoleCode>
</Investigator>
<Institution>
<Name><![CDATA[Chattanooga State Community College]]></Name>
<CityName>CHATTANOOGA</CityName>
<ZipCode>374061018</ZipCode>
<PhoneNumber>4236974455</PhoneNumber>
<StreetAddress><![CDATA[4501 AMNICOLA HWY]]></StreetAddress>
<StreetAddress2/>
<CountryName>United States</CountryName>
<StateName>Tennessee</StateName>
<StateCode>TN</StateCode>
<CONGRESSDISTRICT>03</CONGRESSDISTRICT>
<CONGRESS_DISTRICT_ORG>TN03</CONGRESS_DISTRICT_ORG>
<ORG_UEI_NUM>WMRHNQD93F33</ORG_UEI_NUM>
<ORG_LGL_BUS_NAME>CHATTANOOGA STATE COMMUNITY COLLEGE</ORG_LGL_BUS_NAME>
<ORG_PRNT_UEI_NUM>JBG7T7RXQ2B7</ORG_PRNT_UEI_NUM>
</Institution>
<Performance_Institution>
<Name><![CDATA[Chattanooga State Community College]]></Name>
<CityName>Chattanooga</CityName>
<StateCode>TN</StateCode>
<ZipCode>374061097</ZipCode>
<StreetAddress><![CDATA[4501 Amnicola Highway]]></StreetAddress>
<CountryCode>US</CountryCode>
<CountryName>United States</CountryName>
<StateName>Tennessee</StateName>
<CountryFlag>1</CountryFlag>
<CONGRESSDISTRICT>03</CONGRESSDISTRICT>
<CONGRESS_DISTRICT_PERF>TN03</CONGRESS_DISTRICT_PERF>
</Performance_Institution>
<ProgramElement>
<Code>741200</Code>
<Text>Advanced Tech Education Prog</Text>
</ProgramElement>
<ProgramReference>
<Code>1032</Code>
<Text>ADVANCED TECHNOLOGY EDUCATION</Text>
</ProgramReference>
<ProgramReference>
<Code>9178</Code>
<Text>UNDERGRADUATE EDUCATION</Text>
</ProgramReference>
<ProgramReference>
<Code>SMET</Code>
<Text>SCIENCE, MATH, ENG &amp; TECH EDUCATION</Text>
</ProgramReference>
<Appropriation>
<Code>0420</Code>
<Name>NSF Education &amp; Human Resource</Name>
<APP_SYMB_ID>040106</APP_SYMB_ID>
</Appropriation>
<Fund>
<Code>04002021DB</Code>
<Name><![CDATA[NSF Education & Human Resource]]></Name>
<FUND_SYMB_ID>040106</FUND_SYMB_ID>
</Fund>
<FUND_OBLG>2020~166769</FUND_OBLG>
</Award>
</rootTag>
