<?xml version="1.0" encoding="UTF-8"?>
<rootTag>
<Award>
<AwardTitle><![CDATA[Research Initiation Award: The Dynamics of Apoptosis in Leishmania donovani and the Genes Involved]]></AwardTitle>
<AGENCY>NSF</AGENCY>
<AwardEffectiveDate>05/01/2020</AwardEffectiveDate>
<AwardExpirationDate>04/30/2025</AwardExpirationDate>
<AwardTotalIntnAmount>299508.00</AwardTotalIntnAmount>
<AwardAmount>299508</AwardAmount>
<AwardInstrument>
<Value>Standard Grant</Value>
</AwardInstrument>
<Organization>
<Code>11060000</Code>
<Directorate>
<Abbreviation>EDU</Abbreviation>
<LongName>Directorate for STEM Education</LongName>
</Directorate>
<Division>
<Abbreviation>EES</Abbreviation>
<LongName>Div. of Equity for Excellence in STEM</LongName>
</Division>
</Organization>
<ProgramOfficer>
<SignBlockName>Carleitta Paige-Anderson</SignBlockName>
<PO_EMAI>cpaigean@nsf.gov</PO_EMAI>
<PO_PHON>7032922816</PO_PHON>
</ProgramOfficer>
<AbstractNarration>Research Initiation Awards provide support for junior and mid-career faculty at Historically Black Colleges and Universities who are building new research programs or redirecting and rebuilding existing research programs. It is expected that the award helps to further the faculty member's research capability and effectiveness, improve research and teaching at the home institution, and involves undergraduate students in research experiences. The award to Morehouse College has potential to broaden impacts in several areas. The goal of this project is to study programmed cell death in a model single organism. Comprehension of program cell death in this organism may serve as a model to dissect death pathways in higher organisms.  The proposed work will expose underrepresented minority students to cell biology, parasitology, molecular biology and bioinformatics.&lt;br/&gt;&lt;br/&gt;Currently, we lack knowledge regarding the dedicated molecular pathways that coordinate programmed cellular death (PCD) in single-celled organisms. Of interest is apoptosis, a form of PCD characterized by several conserved features such as cell shrinkage, plasma membrane blebbing, and DNA fragmentation. The occurrence of apoptosis in single-celled organisms remains a debated issue, the resolution of which may have significant implications on our understanding of evolutionary processes. While studies have provided evidence of apoptosis in single-celled organisms, including Leishmania, it remains unclear whether apoptosis in Leishmania shares markers of apoptosis with those found in multicellular organisms, and if so, what mechanisms drive the process. The goal of the proposed study is to characterize apoptosis in Leishmania donovani to advance knowledge towards the identification and evaluation of proteins involved in apoptosis in L. donovani. Specifically, the research aims of this project are to: 1) evaluate the kinetics of apoptosis by examining morphological and biochemical features of apoptosis and 2) analyze gene expression in normal and apoptotic cell populations using RNA-Seq analysis. The proposed project may provide new insight into unicellular apoptosis with potentially novel transcriptional players that are distinct from (or perhaps distantly related to) apoptotic proteins in multicellular organisms. The understanding of apoptosis in Leishmania may also serve as a model to dissect apoptotic pathways and analyze apoptosis in higher eukaryotes.&lt;br/&gt;&lt;br/&gt;This award reflects NSF's statutory mission and has been deemed worthy of support through evaluation using the Foundation's intellectual merit and broader impacts review criteria.</AbstractNarration>
<MinAmdLetterDate>03/27/2020</MinAmdLetterDate>
<MaxAmdLetterDate>03/27/2020</MaxAmdLetterDate>
<ARRAAmount/>
<TRAN_TYPE>Grant</TRAN_TYPE>
<CFDA_NUM>47.076</CFDA_NUM>
<NSF_PAR_USE_FLAG>1</NSF_PAR_USE_FLAG>
<FUND_AGCY_CODE>4900</FUND_AGCY_CODE>
<AWDG_AGCY_CODE>4900</AWDG_AGCY_CODE>
<AwardID>2000095</AwardID>
<Investigator>
<FirstName>Dwann</FirstName>
<LastName>Davenport</LastName>
<PI_MID_INIT/>
<PI_SUFX_NAME/>
<PI_FULL_NAME>Dwann Davenport</PI_FULL_NAME>
<EmailAddress><![CDATA[dwann.davenport@morehouse.edu]]></EmailAddress>
<NSF_ID>000784563</NSF_ID>
<StartDate>03/27/2020</StartDate>
<EndDate/>
<RoleCode>Principal Investigator</RoleCode>
</Investigator>
<Institution>
<Name><![CDATA[Morehouse College]]></Name>
<CityName>ATLANTA</CityName>
<ZipCode>303143773</ZipCode>
<PhoneNumber>4706390633</PhoneNumber>
<StreetAddress><![CDATA[830 WESTVIEW DR SW]]></StreetAddress>
<StreetAddress2/>
<CountryName>United States</CountryName>
<StateName>Georgia</StateName>
<StateCode>GA</StateCode>
<CONGRESSDISTRICT>05</CONGRESSDISTRICT>
<CONGRESS_DISTRICT_ORG>GA05</CONGRESS_DISTRICT_ORG>
<ORG_UEI_NUM>KTE2MFWTKAE5</ORG_UEI_NUM>
<ORG_LGL_BUS_NAME>MOREHOUSE COLLEGE (INC.)</ORG_LGL_BUS_NAME>
<ORG_PRNT_UEI_NUM>KTE2MFWTKAE5</ORG_PRNT_UEI_NUM>
</Institution>
<Performance_Institution>
<Name><![CDATA[Morehouse College]]></Name>
<CityName/>
<StateCode>GA</StateCode>
<ZipCode>303143773</ZipCode>
<StreetAddress/>
<CountryCode>US</CountryCode>
<CountryName>United States</CountryName>
<StateName>Georgia</StateName>
<CountryFlag>1</CountryFlag>
<CONGRESSDISTRICT>05</CONGRESSDISTRICT>
<CONGRESS_DISTRICT_PERF>GA05</CONGRESS_DISTRICT_PERF>
</Performance_Institution>
<ProgramElement>
<Code>159400</Code>
<Text>Hist Black Colleges and Univ</Text>
</ProgramElement>
<ProgramReference>
<Code>9178</Code>
<Text>UNDERGRADUATE EDUCATION</Text>
</ProgramReference>
<ProgramReference>
<Code>9264</Code>
<Text>RESEARCH INITIATION AWARD</Text>
</ProgramReference>
<Appropriation>
<Code>0420</Code>
<Name>NSF Education &amp; Human Resource</Name>
<APP_SYMB_ID>040106</APP_SYMB_ID>
</Appropriation>
<Fund>
<Code>04002021DB</Code>
<Name><![CDATA[NSF Education & Human Resource]]></Name>
<FUND_SYMB_ID>040106</FUND_SYMB_ID>
</Fund>
<FUND_OBLG>2020~299508</FUND_OBLG>
</Award>
</rootTag>
