<?xml version="1.0" encoding="UTF-8"?>
<rootTag>
<Award>
<AwardTitle><![CDATA[Workshop on Replication of a Community-Engaged Educational Ecosystem]]></AwardTitle>
<AGENCY>NSF</AGENCY>
<AwardEffectiveDate>01/01/2020</AwardEffectiveDate>
<AwardExpirationDate>12/31/2022</AwardExpirationDate>
<AwardTotalIntnAmount>27438.00</AwardTotalIntnAmount>
<AwardAmount>27438</AwardAmount>
<AwardInstrument>
<Value>Standard Grant</Value>
</AwardInstrument>
<Organization>
<Code>11040000</Code>
<Directorate>
<Abbreviation>EDU</Abbreviation>
<LongName>Directorate for STEM Education</LongName>
</Directorate>
<Division>
<Abbreviation>DUE</Abbreviation>
<LongName>Division Of Undergraduate Education</LongName>
</Division>
</Organization>
<ProgramOfficer>
<SignBlockName>Jill Nelson</SignBlockName>
<PO_EMAI/>
<PO_PHON/>
</ProgramOfficer>
<AbstractNarration>The National Academy of Engineering identified solving “complex social issues” as a grand challenge for the 21st century. This project aims to serve the national interest by preparing engineers to work in interdisciplinary teams that can address such complex challenges.   The University of Notre Dame, through the Center for Civic Innovation, led prior work in Indiana known as the Bowman Creek Educational Ecosystem project.  Through this project, students and faculty from universities, community colleges, and high school worked together with community groups, local businesses, and city government on complex problems such as storm water management and the reuse of abandoned properties.  During their work, the students developed important STEM skills, as well as 21st century skills, such as critical thinking and collaboration. This workshop will explore how to replicate the successes of the Bowman Creed Educational Ecosystem in other deindustrialized cities.  &lt;br/&gt;&lt;br/&gt;Exposing undergraduate engineering students to interdisciplinary and socially relevant problem solving has the potential to inform students’ career choices and preparation as engineers.  In addition, to have successful engineering careers, engineering undergraduates must learn to work with professionals across sectors that include non-governmental organizations, government agencies, and industry.  The proposed workshop will lay the groundwork to replicate a strategy for accomplishing both goals.  Specifically, the workshop will explore how to replicate Indiana’s Bowman Creek Educational Ecosystem in communities in Youngstown, Ohio and Erie, Pennsylvania.  Participants will include representatives of academia, city government, and other community partners to discuss evolution of the Bowman Creek Educational Ecosystem, and to generalize the Community-Engaged Educational Ecosystem model, build a community of practice, identify barriers to replication, and determine funding models.  Workshop organizers plan to disseminate results through technical reports, a meeting of the Metrolab Network (an organization devoted to civic and university partnerships), and a conference presentation at a gathering such as the American Society for Engineering conference.  This project is supported by the NSF Improving Undergraduate STEM Education Program: Education and Human Resources (IUSE: EHR) Program, which supports research and development projects to improve the effectiveness of STEM education for all students. Through the Institutional and Community Transformation track, the program supports efforts to improve and transform STEM education across institutions of higher education and disciplinary communities.&lt;br/&gt;&lt;br/&gt;This award reflects NSF's statutory mission and has been deemed worthy of support through evaluation using the Foundation's intellectual merit and broader impacts review criteria.</AbstractNarration>
<MinAmdLetterDate>01/09/2020</MinAmdLetterDate>
<MaxAmdLetterDate>12/20/2021</MaxAmdLetterDate>
<ARRAAmount/>
<TRAN_TYPE>Grant</TRAN_TYPE>
<CFDA_NUM>47.076</CFDA_NUM>
<NSF_PAR_USE_FLAG>1</NSF_PAR_USE_FLAG>
<FUND_AGCY_CODE>4900</FUND_AGCY_CODE>
<AWDG_AGCY_CODE>4900</AWDG_AGCY_CODE>
<AwardID>2000009</AwardID>
<Investigator>
<FirstName>Jay</FirstName>
<LastName>Brockman</LastName>
<PI_MID_INIT>B</PI_MID_INIT>
<PI_SUFX_NAME/>
<PI_FULL_NAME>Jay B Brockman</PI_FULL_NAME>
<EmailAddress><![CDATA[jbb@nd.edu]]></EmailAddress>
<NSF_ID>000105438</NSF_ID>
<StartDate>01/09/2020</StartDate>
<EndDate/>
<RoleCode>Principal Investigator</RoleCode>
</Investigator>
<Institution>
<Name><![CDATA[University of Notre Dame]]></Name>
<CityName>NOTRE DAME</CityName>
<ZipCode>465565708</ZipCode>
<PhoneNumber>5746317432</PhoneNumber>
<StreetAddress><![CDATA[940 GRACE HALL]]></StreetAddress>
<StreetAddress2/>
<CountryName>United States</CountryName>
<StateName>Indiana</StateName>
<StateCode>IN</StateCode>
<CONGRESSDISTRICT>02</CONGRESSDISTRICT>
<CONGRESS_DISTRICT_ORG>IN02</CONGRESS_DISTRICT_ORG>
<ORG_UEI_NUM>FPU6XGFXMBE9</ORG_UEI_NUM>
<ORG_LGL_BUS_NAME>UNIVERSITY OF NOTRE DAME DU LAC</ORG_LGL_BUS_NAME>
<ORG_PRNT_UEI_NUM>FPU6XGFXMBE9</ORG_PRNT_UEI_NUM>
</Institution>
<Performance_Institution>
<Name><![CDATA[University of Notre Dame]]></Name>
<CityName/>
<StateCode>IN</StateCode>
<ZipCode>465565637</ZipCode>
<StreetAddress/>
<CountryCode>US</CountryCode>
<CountryName>United States</CountryName>
<StateName>Indiana</StateName>
<CountryFlag>1</CountryFlag>
<CONGRESSDISTRICT>02</CONGRESSDISTRICT>
<CONGRESS_DISTRICT_PERF>IN02</CONGRESS_DISTRICT_PERF>
</Performance_Institution>
<ProgramElement>
<Code>199800</Code>
<Text>IUSE</Text>
</ProgramElement>
<ProgramReference>
<Code>7556</Code>
<Text>CONFERENCE AND WORKSHOPS</Text>
</ProgramReference>
<ProgramReference>
<Code>8209</Code>
<Text>Improv Undergrad STEM Ed(IUSE)</Text>
</ProgramReference>
<ProgramReference>
<Code>9178</Code>
<Text>UNDERGRADUATE EDUCATION</Text>
</ProgramReference>
<Appropriation>
<Code>0420</Code>
<Name>NSF Education &amp; Human Resource</Name>
<APP_SYMB_ID>040106</APP_SYMB_ID>
</Appropriation>
<Fund>
<Code>04002021DB</Code>
<Name><![CDATA[NSF Education & Human Resource]]></Name>
<FUND_SYMB_ID>040106</FUND_SYMB_ID>
</Fund>
<FUND_OBLG>2020~27438</FUND_OBLG>
<POR>
<DRECONTENT><![CDATA[<div class="porColContainerWBG"> <div class="porContentCol"><p>Many communities in the United States, particularly deindustrialized areas, struggle to attract, develop, and retain the very STEM skills in their workforce that would help to attract greater investment and revitalize their communities. Thus, while STEM attraction and retention is a national crisis, its impact felt within these communities is particularly acute. Addressing this issue requires innovation at a regional level, where higher education and K-12 educators and local government, industry, and organizations work together to develop a STEM workforce in a manner that not only enhances their STEM skills, but also strengthens their attraction to the region.&nbsp; With support from a prior NSF grant, a program called the Bowman Creek Educational Ecosystem (BCE2) developed by the University of Notre Dame and community partners in South Bend, IN engaged university, community college, and high school interns from in projects ranging from stormwater management, adaptive reuse of vacant and abandoned properties, and the use of Internet of Things and data analytics to address issues vital to the community while building key STEM and 21st century skills.</p> <p>&nbsp;</p> <p>The purpose of this grant was to convene a workshop is to explore the conditions for replicating a generalization of BCE2, the Community-Engaged Educational Ecosystem Model (CEEEM), in other communities.&nbsp; An online workshop in October 2021, followed by an in-person workshop in June 2022 in South Bend, IN convened participants from Youngstown State University in Youngstown, OH and the University of Louisville in Louisville, KY, as well as community partners from both cities.&nbsp; Following the initiation of this workshop grant, the team of workshop sites were subsequently awarded an NSF IUSE grant, 2111510 "Collaborative Research: Replication of a Community-Engaged Educational Ecosystem Model in Rust Belt Cities," to pursue replication activities in Youngstown and Louisville.</p> <p>&nbsp;</p><br> <p>            Last Modified: 07/20/2023<br>      Modified by: Jay&nbsp;B&nbsp;Brockman</p> </div> <div class="porSideCol"></div> </div>]]></DRECONTENT>
<POR_COPY_TXT><![CDATA[ Many communities in the United States, particularly deindustrialized areas, struggle to attract, develop, and retain the very STEM skills in their workforce that would help to attract greater investment and revitalize their communities. Thus, while STEM attraction and retention is a national crisis, its impact felt within these communities is particularly acute. Addressing this issue requires innovation at a regional level, where higher education and K-12 educators and local government, industry, and organizations work together to develop a STEM workforce in a manner that not only enhances their STEM skills, but also strengthens their attraction to the region.  With support from a prior NSF grant, a program called the Bowman Creek Educational Ecosystem (BCE2) developed by the University of Notre Dame and community partners in South Bend, IN engaged university, community college, and high school interns from in projects ranging from stormwater management, adaptive reuse of vacant and abandoned properties, and the use of Internet of Things and data analytics to address issues vital to the community while building key STEM and 21st century skills.     The purpose of this grant was to convene a workshop is to explore the conditions for replicating a generalization of BCE2, the Community-Engaged Educational Ecosystem Model (CEEEM), in other communities.  An online workshop in October 2021, followed by an in-person workshop in June 2022 in South Bend, IN convened participants from Youngstown State University in Youngstown, OH and the University of Louisville in Louisville, KY, as well as community partners from both cities.  Following the initiation of this workshop grant, the team of workshop sites were subsequently awarded an NSF IUSE grant, 2111510 "Collaborative Research: Replication of a Community-Engaged Educational Ecosystem Model in Rust Belt Cities," to pursue replication activities in Youngstown and Louisville.          Last Modified: 07/20/2023       Submitted by: Jay B Brockman]]></POR_COPY_TXT>
</POR>
</Award>
</rootTag>
