<?xml version="1.0" encoding="UTF-8"?>
<rootTag>
<Award>
<AwardTitle><![CDATA[Expanding Pathways for Advanced Manufacturing Technicians in West Virginia]]></AwardTitle>
<AGENCY>NSF</AGENCY>
<AwardEffectiveDate>10/01/2020</AwardEffectiveDate>
<AwardExpirationDate>09/30/2024</AwardExpirationDate>
<AwardTotalIntnAmount>453597.00</AwardTotalIntnAmount>
<AwardAmount>453597</AwardAmount>
<AwardInstrument>
<Value>Standard Grant</Value>
</AwardInstrument>
<Organization>
<Code>11040100</Code>
<Directorate>
<Abbreviation>EDU</Abbreviation>
<LongName>Directorate for STEM Education</LongName>
</Directorate>
<Division>
<Abbreviation>DUE</Abbreviation>
<LongName>Division Of Undergraduate Education</LongName>
</Division>
</Organization>
<ProgramOfficer>
<SignBlockName>Christine Delahanty</SignBlockName>
<PO_EMAI>cdelahan@nsf.gov</PO_EMAI>
<PO_PHON>7032928492</PO_PHON>
</ProgramOfficer>
<AbstractNarration><![CDATA[Blue Ridge Community and Technical College has a unique geographical location spanning  rural communities to the west and more suburban areas of Maryland and Virginia to the east. For many years, this location was relatively isolated and faced economic challenges common to much of Appalachia. Recently, manufacturing-related employment in the eastern panhandle of West Virginia is growing rapidly as companies expand operations or open new facilities. Building on an existing partnership with regional industry, this project aims to provide technical education in advanced manufacturing to address industry workforce needs in the region. Specifically, this project will develop a dual credit program in advanced manufacturing, so that high school students can earn both high school and college credits as they pursue advanced manufacturing credentials.  The project will also develop a gateway mathematics course to help prepare students for college mathematics. These enhancements in the STEM educational infrastructure and advanced manufacturing pathways are expected to expand technical career opportunities for low income students in the West Virginia eastern panhandle region. &lt;br/&gt;&lt;br/&gt;The primary objectives of this project are to expand the college’s Advanced Manufacturing Technology program to include high school students and to improve completion, retention, and enrollment of students in the program. Project activities that will be used to achieve these objectives include: 1) implementing Math JumpStart and intensive advising to strengthen specific STEM skills for high school students and young adults; 2) developing new hybrid advanced manufacturing courses to expand pathways for students employed either full- or part-time and in need of specific STEM skills enhancement; and 3)  equipping a new lab facility at the Pines Center in Morgan County to enable experiential learning aligned with real-life employment experiences at regional manufacturing partners. Industry will be engaged with the project through regional industry conferences and meetings of the Industry Advisory Committee. Outreach activities to recruit more students will focus on high schools, community organizations, and local government offices. Project outcomes will be evaluated through a formative and summative evaluation design using data about project outcomes from surveys, focus groups, and aggregated college data. A primary public benefit of this project is increased access to technical careers for students from households with generational poverty, thus supporting upward economic mobility. This project is funded by the Advanced Technological Education program that focuses on the education of technicians for the advanced-technology fields that drive the nation's economy.&lt;br/&gt;&lt;br/&gt;This award reflects NSF's statutory mission and has been deemed worthy of support through evaluation using the Foundation's intellectual merit and broader impacts review criteria.]]></AbstractNarration>
<MinAmdLetterDate>06/15/2020</MinAmdLetterDate>
<MaxAmdLetterDate>06/15/2020</MaxAmdLetterDate>
<ARRAAmount/>
<TRAN_TYPE>Grant</TRAN_TYPE>
<CFDA_NUM>47.076</CFDA_NUM>
<NSF_PAR_USE_FLAG>1</NSF_PAR_USE_FLAG>
<FUND_AGCY_CODE>4900</FUND_AGCY_CODE>
<AWDG_AGCY_CODE>4900</AWDG_AGCY_CODE>
<AwardID>2000773</AwardID>
<Investigator>
<FirstName>Laura</FirstName>
<LastName>Busey</LastName>
<PI_MID_INIT/>
<PI_SUFX_NAME/>
<PI_FULL_NAME>Laura Busey</PI_FULL_NAME>
<EmailAddress><![CDATA[lbusey@blueridgectc.edu]]></EmailAddress>
<NSF_ID>000627284</NSF_ID>
<StartDate>06/15/2020</StartDate>
<EndDate/>
<RoleCode>Co-Principal Investigator</RoleCode>
</Investigator>
<Investigator>
<FirstName>Patricia</FirstName>
<LastName>Irwin</LastName>
<PI_MID_INIT/>
<PI_SUFX_NAME/>
<PI_FULL_NAME>Patricia Irwin</PI_FULL_NAME>
<EmailAddress><![CDATA[pirwin@blueridgectc.edu]]></EmailAddress>
<NSF_ID>000759048</NSF_ID>
<StartDate>06/15/2020</StartDate>
<EndDate/>
<RoleCode>Co-Principal Investigator</RoleCode>
</Investigator>
<Investigator>
<FirstName>Adam</FirstName>
<LastName>Bridendolph</LastName>
<PI_MID_INIT/>
<PI_SUFX_NAME/>
<PI_FULL_NAME>Adam Bridendolph</PI_FULL_NAME>
<EmailAddress><![CDATA[ABRIDEND@blueridgectc.edu]]></EmailAddress>
<NSF_ID>000758453</NSF_ID>
<StartDate>06/15/2020</StartDate>
<EndDate/>
<RoleCode>Principal Investigator</RoleCode>
</Investigator>
<Institution>
<Name>Blue Ridge Community &amp; Technical College</Name>
<CityName>MARTINSBURG</CityName>
<ZipCode>254036043</ZipCode>
<PhoneNumber>3042604380</PhoneNumber>
<StreetAddress>13650 APPLE HARVEST DR</StreetAddress>
<StreetAddress2/>
<CountryName>United States</CountryName>
<StateName>West Virginia</StateName>
<StateCode>WV</StateCode>
<CONGRESSDISTRICT>02</CONGRESSDISTRICT>
<CONGRESS_DISTRICT_ORG>WV02</CONGRESS_DISTRICT_ORG>
<ORG_UEI_NUM>LQNJJLNNG3R4</ORG_UEI_NUM>
<ORG_LGL_BUS_NAME>BLUE RIDGE COMMUNITY AND TECHNICAL COLLEGE</ORG_LGL_BUS_NAME>
<ORG_PRNT_UEI_NUM/>
</Institution>
<Performance_Institution>
<Name><![CDATA[Blue Ridge Community and Technical College]]></Name>
<CityName>Martinsburg</CityName>
<StateCode>WV</StateCode>
<ZipCode>254036043</ZipCode>
<StreetAddress><![CDATA[13650 Apple Harvest Drive]]></StreetAddress>
<CountryCode>US</CountryCode>
<CountryName>United States</CountryName>
<StateName>West Virginia</StateName>
<CountryFlag>1</CountryFlag>
<CONGRESSDISTRICT>02</CONGRESSDISTRICT>
<CONGRESS_DISTRICT_PERF>WV02</CONGRESS_DISTRICT_PERF>
</Performance_Institution>
<ProgramElement>
<Code>7412</Code>
<Text>Advanced Tech Education Prog</Text>
</ProgramElement>
<ProgramReference>
<Code>1032</Code>
<Text>ADVANCED TECHNOLOGY EDUCATION</Text>
</ProgramReference>
<ProgramReference>
<Code>9150</Code>
<Text>EXP PROG TO STIM COMP RES</Text>
</ProgramReference>
<ProgramReference>
<Code>9178</Code>
<Text>UNDERGRADUATE EDUCATION</Text>
</ProgramReference>
<ProgramReference>
<Code>SMET</Code>
<Text>SCIENCE, MATH, ENG &amp; TECH EDUCATION</Text>
</ProgramReference>
<Appropriation>
<Code>0420</Code>
<Name>NSF Education &amp; Human Resource</Name>
<APP_SYMB_ID>040106</APP_SYMB_ID>
</Appropriation>
<Fund>
<Code>04002021DB</Code>
<Name><![CDATA[NSF Education & Human Resource]]></Name>
<FUND_SYMB_ID>040106</FUND_SYMB_ID>
</Fund>
<FUND_OBLG>2020~453597</FUND_OBLG>
</Award>
</rootTag>
