<?xml version="1.0" encoding="UTF-8"?>
<rootTag>
<Award>
<AwardTitle><![CDATA[Excellence in Research: Subatomic Physics at VUU]]></AwardTitle>
<AGENCY>NSF</AGENCY>
<AwardEffectiveDate>07/01/2020</AwardEffectiveDate>
<AwardExpirationDate>06/30/2025</AwardExpirationDate>
<AwardTotalIntnAmount>307740.00</AwardTotalIntnAmount>
<AwardAmount>307740</AwardAmount>
<AwardInstrument>
<Value>Standard Grant</Value>
</AwardInstrument>
<Organization>
<Code>03010000</Code>
<Directorate>
<Abbreviation>MPS</Abbreviation>
<LongName>Direct For Mathematical &amp; Physical Scien</LongName>
</Directorate>
<Division>
<Abbreviation>PHY</Abbreviation>
<LongName>Division Of Physics</LongName>
</Division>
</Organization>
<ProgramOfficer>
<SignBlockName>Allena K. Opper</SignBlockName>
<PO_EMAI>aopper@nsf.gov</PO_EMAI>
<PO_PHON>7032928958</PO_PHON>
</ProgramOfficer>
<AbstractNarration>The goal of the proposed research is to understand the microscopic structure of the neutron using modern nuclear accelerator techniques; and to train the next generation of STEM workers in this advanced field of research.  Virginia Union University is a Historically Black College with several oustanding assets.  They have a diverse student body and so are able to recruit from an undergraduate population of traditionally under-represented groups.  In addition, the University is only about an hour's drive from the Thomas Jefferson National Accelerator Facility (JLAB) and so it is neither difficult, nor expensive, for the faculty and students to travel to JLAB to do their experimental work. Through this research, graduates of the VUU program will receive hands-on experience and emerge as well-trained nuclear scientists who are capable of important contributions to national energy, medical, and security needs.&lt;br/&gt;&lt;br/&gt;The proposal describes contributions to the BONuS12 experiment at JLAB. The BONuS12 experiment is designed to measure the structure function of the neutron. In general, there is a lack of neutron structure function data in the literature because a pure neutron target does not exist and thus the data must be inferred from neutron rich targets (such as deuterium).  This project will contribute to the BONuS12 experiment by significantly improving the systematic errors associated with knowing the density of the target by building a slow controls system to monitor the flow of gas into the target region.  This is an ideal undergraduate project when mentored by an experienced faculty member.  The PI will also participate in the analysis of the F2 structure function data.  The structure function analysis project is not a task that undergraduates can complete, alone, but elements of the analysis are approachable by undergraduates and the analyses will serve as a excellent tutorial for the students in modern data handling and analysis techniques.&lt;br/&gt;&lt;br/&gt;This award reflects NSF's statutory mission and has been deemed worthy of support through evaluation using the Foundation's intellectual merit and broader impacts review criteria.</AbstractNarration>
<MinAmdLetterDate>06/22/2020</MinAmdLetterDate>
<MaxAmdLetterDate>05/03/2024</MaxAmdLetterDate>
<ARRAAmount/>
<TRAN_TYPE>Grant</TRAN_TYPE>
<CFDA_NUM>47.049</CFDA_NUM>
<NSF_PAR_USE_FLAG>1</NSF_PAR_USE_FLAG>
<FUND_AGCY_CODE>4900</FUND_AGCY_CODE>
<AWDG_AGCY_CODE>4900</AWDG_AGCY_CODE>
<AwardID>2000108</AwardID>
<Investigator>
<FirstName>Narbe</FirstName>
<LastName>Kalantarians</LastName>
<PI_MID_INIT/>
<PI_SUFX_NAME/>
<PI_FULL_NAME>Narbe Kalantarians</PI_FULL_NAME>
<EmailAddress><![CDATA[NKalantarians@vuu.edu]]></EmailAddress>
<NSF_ID>000732275</NSF_ID>
<StartDate>06/22/2020</StartDate>
<EndDate/>
<RoleCode>Principal Investigator</RoleCode>
</Investigator>
<Institution>
<Name><![CDATA[Virginia Union University]]></Name>
<CityName>RICHMOND</CityName>
<ZipCode>232201784</ZipCode>
<PhoneNumber>8042575807</PhoneNumber>
<StreetAddress><![CDATA[1500 N LOMBARDY ST]]></StreetAddress>
<StreetAddress2/>
<CountryName>United States</CountryName>
<StateName>Virginia</StateName>
<StateCode>VA</StateCode>
<CONGRESSDISTRICT>04</CONGRESSDISTRICT>
<CONGRESS_DISTRICT_ORG>VA04</CONGRESS_DISTRICT_ORG>
<ORG_UEI_NUM>Q7CRZX7MD775</ORG_UEI_NUM>
<ORG_LGL_BUS_NAME>VIRGINIA UNION UNIVERSITY</ORG_LGL_BUS_NAME>
<ORG_PRNT_UEI_NUM/>
</Institution>
<Performance_Institution>
<Name><![CDATA[Virginia Union University]]></Name>
<CityName>Richmond</CityName>
<StateCode>VA</StateCode>
<ZipCode>232201711</ZipCode>
<StreetAddress><![CDATA[1500 N. Lombardy St.]]></StreetAddress>
<CountryCode>US</CountryCode>
<CountryName>United States</CountryName>
<StateName>Virginia</StateName>
<CountryFlag>1</CountryFlag>
<CONGRESSDISTRICT>04</CONGRESSDISTRICT>
<CONGRESS_DISTRICT_PERF>VA04</CONGRESS_DISTRICT_PERF>
</Performance_Institution>
<ProgramElement>
<Code>070Y00</Code>
<Text>HBCU-EiR - HBCU-Excellence in</Text>
</ProgramElement>
<Appropriation>
<Code>0120</Code>
<Name>NSF RESEARCH &amp; RELATED ACTIVIT</Name>
<APP_SYMB_ID>040100</APP_SYMB_ID>
</Appropriation>
<Fund>
<Code>01002021DB</Code>
<Name><![CDATA[NSF RESEARCH & RELATED ACTIVIT]]></Name>
<FUND_SYMB_ID>040100</FUND_SYMB_ID>
</Fund>
<FUND_OBLG>2020~307740</FUND_OBLG>
</Award>
</rootTag>
