<?xml version="1.0" encoding="UTF-8"?>
<rootTag>
<Award>
<AwardTitle><![CDATA[Calibration and Analysis of Mount Wilson Magnetograms and Dopplergrams for the Years 1967 to 2013]]></AwardTitle>
<AGENCY>NSF</AGENCY>
<AwardEffectiveDate>04/01/2020</AwardEffectiveDate>
<AwardExpirationDate>03/31/2024</AwardExpirationDate>
<AwardTotalIntnAmount>295947.00</AwardTotalIntnAmount>
<AwardAmount>295947</AwardAmount>
<AwardInstrument>
<Value>Standard Grant</Value>
</AwardInstrument>
<Organization>
<Code>06020203</Code>
<Directorate>
<Abbreviation>GEO</Abbreviation>
<LongName>Directorate For Geosciences</LongName>
</Directorate>
<Division>
<Abbreviation>AGS</Abbreviation>
<LongName>Div Atmospheric &amp; Geospace Sciences</LongName>
</Division>
</Organization>
<ProgramOfficer>
<SignBlockName>Lisa Winter</SignBlockName>
<PO_EMAI>lwinter@nsf.gov</PO_EMAI>
<PO_PHON>7032928519</PO_PHON>
</ProgramOfficer>
<AbstractNarration>The Sun influences the Earth and its environment in a large range of phenomena, such as aircraft radiation levels, atmospheric drag on spacecraft, long-distance power transmission, pipeline charging and radio communication (especially at high latitudes), etc.  Severe solar storms can disrupt global communications and damage spacecraft.  These effects have been detailed in "Committee on the Societal and Economic Impacts of Severe Space Weather Events: A Workshop, National Research Council (2008)," and are further discussed in "Committee on a Decadal Strategy for Solar and Space Physics (Heliophysics): National Research Council (2013)."  The most recent solar cycle 24 was of relatively low strength, and the upcoming cycle 25 is beginning slowly.  Cosmic ray records, as recovered by proxy indicators, suggest that the solar cycle goes through long periods of strength and weakness lasting one or more centuries, which are called grand maxima and grand minima.  In the past few decades, there has been considerable progress in understanding the mechanisms governing the Sun's magnetic cycle.  In this process, comparisons between model output, including predicted cycle variability and the observed characteristics of the solar cycle, is an essential step in the validation of the models.  This 3-year research project is aimed at increasing the number of available solar cycles from four to five by carrying out a new calibration process of the unique magnetogram data gathered by the Mount Wilson Observatory (MWO), thus improving their quality for further use by the broader solar-heliospheric community.&lt;br/&gt;&lt;br/&gt;The MWO, under the direction of G.E. Hale and H.W. Babcock, pioneered in the discovery and measurement of solar surface magnetic fields.  From 1964 to 1985, under the direction of R.F. Howard, the visible solar disk magnetic fields were measured and digitally recorded on magnetic tape.  The PI of this project, R.K. Ulrich, managed the program from 1986 to 2013.  The full digital record spans 46 years, or about four solar cycles.  For the years 1967 to 1973, a major part of solar cycle 20, no other set of regular magnetic field measurements is available.  In April 1973 a program of daily magnetogram observations was started at the Kitt Peak National Observatory, and in May 1975 daily observations began at the Stanford Solar Observatory, now the Wilcox Solar Observatory (WSO), with data from space-based systems becoming available in 1995.  All these data series, except that from the MWO, continue today.  During this 3-year project, the PI will carry out a new calibration of the MWO magnetogram and Dopplergram series, which will take into account various changes in the instrument hardware, calibration data acquisition methods and software reduction methods.  Initial analysis of the magnetograms from 1967-1969 shows that there are significant irregularities in the nominal calibration process.  Also, all the magnetogram measurements depend on complex spectral line formation processes so that the derived fields are different for each of the series referenced above and, within each series, across jumps due to instrument and calibration changes. The resulting dataset of magnetograms consistently calibrated over an extended period of time is important for cross-calibrating (and identifying systematics in) the magnetic field measurements taken with other instruments during the same period of time.  The use of solar surface magnetograms is required for the calculation and prediction of conditions in the heliosphere.  An "Open Magnetic Field Flux Problem" has been noted in several studies, so that the calibration and interpretation of the magnetogram observations has become a central issue.  This project will address this issue following up on the work carried out previously by the project team.  The data products from various stages of the recalibration, including the final, best result will be retained and made available to the community and public through partnership with the Stanford Helioseismology Archive which is part of the JSOC system at Stanford University.  The project team will work with the broader solar community to incorporate the MWO magnetograms into the ADAPT/WSA pipeline, which yields predicted properties of the solar wind.  The research and EPO agenda of this project supports the Strategic Goals of the AGS Division in discovery, learning, diversity, and interdisciplinary research.&lt;br/&gt;&lt;br/&gt;This award reflects NSF's statutory mission and has been deemed worthy of support through evaluation using the Foundation's intellectual merit and broader impacts review criteria.</AbstractNarration>
<MinAmdLetterDate>03/02/2020</MinAmdLetterDate>
<MaxAmdLetterDate>03/02/2020</MaxAmdLetterDate>
<ARRAAmount/>
<TRAN_TYPE>Grant</TRAN_TYPE>
<CFDA_NUM>47.050</CFDA_NUM>
<NSF_PAR_USE_FLAG>1</NSF_PAR_USE_FLAG>
<FUND_AGCY_CODE>4900</FUND_AGCY_CODE>
<AWDG_AGCY_CODE>4900</AWDG_AGCY_CODE>
<AwardID>2000994</AwardID>
<Investigator>
<FirstName>Roger</FirstName>
<LastName>Ulrich</LastName>
<PI_MID_INIT>K</PI_MID_INIT>
<PI_SUFX_NAME/>
<PI_FULL_NAME>Roger K Ulrich</PI_FULL_NAME>
<EmailAddress><![CDATA[ulrich@astro.ucla.edu]]></EmailAddress>
<NSF_ID>000411962</NSF_ID>
<StartDate>03/02/2020</StartDate>
<EndDate/>
<RoleCode>Principal Investigator</RoleCode>
</Investigator>
<Institution>
<Name><![CDATA[University of California-Los Angeles]]></Name>
<CityName>LOS ANGELES</CityName>
<ZipCode>900244200</ZipCode>
<PhoneNumber>3107940102</PhoneNumber>
<StreetAddress><![CDATA[10889 WILSHIRE BLVD STE 700]]></StreetAddress>
<StreetAddress2/>
<CountryName>United States</CountryName>
<StateName>California</StateName>
<StateCode>CA</StateCode>
<CONGRESSDISTRICT>36</CONGRESSDISTRICT>
<CONGRESS_DISTRICT_ORG>CA36</CONGRESS_DISTRICT_ORG>
<ORG_UEI_NUM>RN64EPNH8JC6</ORG_UEI_NUM>
<ORG_LGL_BUS_NAME>UNIVERSITY OF CALIFORNIA, LOS ANGELES</ORG_LGL_BUS_NAME>
<ORG_PRNT_UEI_NUM/>
</Institution>
<Performance_Institution>
<Name><![CDATA[University of California-Los Angeles]]></Name>
<CityName/>
<StateCode>CA</StateCode>
<ZipCode>900951547</ZipCode>
<StreetAddress/>
<CountryCode>US</CountryCode>
<CountryName>United States</CountryName>
<StateName>California</StateName>
<CountryFlag>1</CountryFlag>
<CONGRESSDISTRICT>36</CONGRESSDISTRICT>
<CONGRESS_DISTRICT_PERF>CA36</CONGRESS_DISTRICT_PERF>
</Performance_Institution>
<ProgramElement>
<Code>152300</Code>
<Text>SOLAR-TERRESTRIAL</Text>
</ProgramElement>
<ProgramReference>
<Code>0000</Code>
<Text>UNASSIGNED</Text>
</ProgramReference>
<ProgramReference>
<Code>OTHR</Code>
<Text>OTHER RESEARCH OR EDUCATION</Text>
</ProgramReference>
<Appropriation>
<Code>0120</Code>
<Name>NSF RESEARCH &amp; RELATED ACTIVIT</Name>
<APP_SYMB_ID>040100</APP_SYMB_ID>
</Appropriation>
<Fund>
<Code>01002021DB</Code>
<Name><![CDATA[NSF RESEARCH & RELATED ACTIVIT]]></Name>
<FUND_SYMB_ID>040100</FUND_SYMB_ID>
</Fund>
<FUND_OBLG>2020~295947</FUND_OBLG>
<POR>
<DRECONTENT><![CDATA[<div class="porColContainerWBG"> <div class="porContentCol"><p>The 150-foot Solar Tower Telescope on Mt. Wilson has provided measurements of the sun's surface velocities and magnetic fields over the period 1967 to 2013.&nbsp; In 1980 Robert Howard and Barry LaBonte discovered the pattern of faster and slower rotation rate variations related to the solar magnetic field active regions they called the Torsional Oscillations (TO hereafter).&nbsp; The variations extend to higher latitudes than the magnetic fields it is hard to attribute the TO to a direct magnetic cause.&nbsp; &nbsp;The direct Doppler measurement method used at MWO is hard to replicate elsewhere with interference filters due to the difficulty of obtaining a flat field with such instruments.&nbsp; Methods of helioseismology avoid this flat field problem and have confirmed the TO with a variety of observing systems.&nbsp; The direct Doppler from MWO provide an important anchor point for studies of the TO.</p> <p>Data calibration and reduction methods were reviewed and updated throughout the project with the most recent methods being applied to a reduction carried out in 2019.&nbsp; The data products produced by this reduction included files in fits format for the magnetic field, Doppler velocities and spectral line intensity ratios between 5250 and 5237 (the synoptic program line and a comparison line from CrII).&nbsp; The Doppler velocities yield new determinations of the TO as well as the meridional circulation.&nbsp; A comparison of these deviation maps is shown in the included figure.&nbsp; The white lines on both figures are from the maxima of the TO.&nbsp; It is clear that the maxima of the meridional circulation deviations closel follow those from the TO.&nbsp; Evidently both sets of deviation are governed by the same underlying physical process.</p> <p>The times of TO maxima preceed the appearance of magnetic fields and active magnetic regions.&nbsp; These maxima can thus be used as a predictive indicator of the time of each new solar cycle of magnetic field activity.&nbsp; Solar magnetic fields are the source of the interplanetary fields which can be disruptive of terrestrial communications and spacecraft operations.&nbsp; &nbsp;A good leadtime indicator from the TO can be helpful in long range planning of a variety of societal activities.</p> <p>The new finding that there is an upwelling of matter at the solar poles near the times of solar minima is an indicator of a possibly important part of the solar cycle mechanism.</p><br> <p>  Last Modified: 07/08/2024<br> Modified by: Roger&nbsp;K&nbsp;Ulrich</p></div> <div class="porSideCol" ><div class="each-gallery"> <div class="galContent" id="gallery0"> <div class="photoCount" id="photoCount0">          Images (<span id="selectedPhoto0">1</span> of <span class="totalNumber"></span>)          </div> <div class="galControls onePhoto" id="controls0"></div> <div class="galSlideshow" id="slideshow0"></div> <div class="galEmbox" id="embox"> <div class="image-title"></div> </div> </div> <div class="galNavigation" id="navigation0"> <ul class="thumbs" id="thumbs0"> <li> <a href="/por/images/Reports/POR/2024/2000994/2000994_10655608_1720459924041_rnaasac905ff1_hr--rgov-214x142.jpg" original="/por/images/Reports/POR/2024/2000994/2000994_10655608_1720459924041_rnaasac905ff1_hr--rgov-800width.jpg" title="Polar upwelling at 3 solar minima"><img src="/por/images/Reports/POR/2024/2000994/2000994_10655608_1720459924041_rnaasac905ff1_hr--rgov-66x44.jpg" alt="Polar upwelling at 3 solar minima"></a> <div class="imageCaptionContainer"> <div class="imageCaption">This figure compares the Torsional Oscillations (top) with the unsubtracted meridional flow (bottom).  Times of solar sunspot minima are shown with vertical lines.  The short interval of approach velocity in the lower plot indicates a polar upwelling.</div> <div class="imageCredit">Ulrich, Tran and Boyden</div> <div class="imagePermisssions">Royalty-free (restricted use - cannot be shared)</div> <div class="imageSubmitted">Roger&nbsp;K&nbsp;Ulrich <div class="imageTitle">Polar upwelling at 3 solar minima</div> </div> </li><li> <a href="/por/images/Reports/POR/2024/2000994/2000994_10655608_1720456479174_bhosmeo_compare--rgov-214x142.jpg" original="/por/images/Reports/POR/2024/2000994/2000994_10655608_1720456479174_bhosmeo_compare--rgov-800width.jpg" title="zonal_sectoral_comparison"><img src="/por/images/Reports/POR/2024/2000994/2000994_10655608_1720456479174_bhosmeo_compare--rgov-66x44.jpg" alt="zonal_sectoral_comparison"></a> <div class="imageCaptionContainer"> <div class="imageCaption">Comparison between zonal and sectoral velocity deviations from a 30-year average.</div> <div class="imageCredit">Ulrich, Tran and Boyden</div> <div class="imagePermisssions">Royalty-free (restricted use - cannot be shared)</div> <div class="imageSubmitted">Roger&nbsp;K&nbsp;Ulrich <div class="imageTitle">zonal_sectoral_comparison</div> </div> </li></ul> </div> </div></div> </div>]]></DRECONTENT>
<POR_COPY_TXT><![CDATA[  The 150-foot Solar Tower Telescope on Mt. Wilson has provided measurements of the sun's surface velocities and magnetic fields over the period 1967 to 2013. In 1980 Robert Howard and Barry LaBonte discovered the pattern of faster and slower rotation rate variations related to the solar magnetic field active regions they called the Torsional Oscillations (TO hereafter). The variations extend to higher latitudes than the magnetic fields it is hard to attribute the TO to a direct magnetic cause. The direct Doppler measurement method used at MWO is hard to replicate elsewhere with interference filters due to the difficulty of obtaining a flat field with such instruments. Methods of helioseismology avoid this flat field problem and have confirmed the TO with a variety of observing systems. The direct Doppler from MWO provide an important anchor point for studies of the TO.   Data calibration and reduction methods were reviewed and updated throughout the project with the most recent methods being applied to a reduction carried out in 2019. The data products produced by this reduction included files in fits format for the magnetic field, Doppler velocities and spectral line intensity ratios between 5250 and 5237 (the synoptic program line and a comparison line from CrII). The Doppler velocities yield new determinations of the TO as well as the meridional circulation. A comparison of these deviation maps is shown in the included figure. The white lines on both figures are from the maxima of the TO. It is clear that the maxima of the meridional circulation deviations closel follow those from the TO. Evidently both sets of deviation are governed by the same underlying physical process.   The times of TO maxima preceed the appearance of magnetic fields and active magnetic regions. These maxima can thus be used as a predictive indicator of the time of each new solar cycle of magnetic field activity. Solar magnetic fields are the source of the interplanetary fields which can be disruptive of terrestrial communications and spacecraft operations. A good leadtime indicator from the TO can be helpful in long range planning of a variety of societal activities.   The new finding that there is an upwelling of matter at the solar poles near the times of solar minima is an indicator of a possibly important part of the solar cycle mechanism.     Last Modified: 07/08/2024       Submitted by: RogerKUlrich]]></POR_COPY_TXT>
</POR>
</Award>
</rootTag>
