<?xml version="1.0" encoding="UTF-8"?>
<rootTag>
<Award>
<AwardTitle><![CDATA[Brazos Analysis Seminar]]></AwardTitle>
<AGENCY>NSF</AGENCY>
<AwardEffectiveDate>02/01/2020</AwardEffectiveDate>
<AwardExpirationDate>01/31/2024</AwardExpirationDate>
<AwardTotalIntnAmount>49999.00</AwardTotalIntnAmount>
<AwardAmount>49999</AwardAmount>
<AwardInstrument>
<Value>Standard Grant</Value>
</AwardInstrument>
<Organization>
<Code>03040000</Code>
<Directorate>
<Abbreviation>MPS</Abbreviation>
<LongName>Direct For Mathematical &amp; Physical Scien</LongName>
</Directorate>
<Division>
<Abbreviation>DMS</Abbreviation>
<LongName>Division Of Mathematical Sciences</LongName>
</Division>
</Organization>
<ProgramOfficer>
<SignBlockName>Marian Bocea</SignBlockName>
<PO_EMAI>mbocea@nsf.gov</PO_EMAI>
<PO_PHON>7032922595</PO_PHON>
</ProgramOfficer>
<AbstractNarration>This award provides three years of funding to help defray the expenses of participants in the semi-annual conference series "Brazos Analysis Seminar" 2020-2022, the first meeting of which will be held March 28-29, 2020 at Texas A&amp;M University. Subsequent meetings will rotate among University of Houston, Texas Christian University, University of Texas at Tyler, Baylor University, and Texas A&amp;M University. The Brazos Analysis Seminar will bring together analysts at academic institutions within the South-Central region of the United States on a regular basis to communicate their research, with a particular emphasis on providing an opportunity for young researchers and graduate students to meet, collaborate and disseminate their work on a regular basis during the academic year. The format for the seminar provides ample opportunity for graduate students, postdocs, and junior investigators to present their work, start new collaborations, learn about the latest developments in modern analysis, and to advance their careers.&lt;br/&gt;&lt;br/&gt;The scientific topics of this conference series will  focus  on the analytic theory of  operator algebras and operator spaces and their connections to  harmonic analysis, ergodic theory, dynamical systems, and quantum information theory. These connections include free probability methods in the study of quantum groups, Fourier multiplier theory on noncommutative Lp spaces,  dynamical system methods and  K-theory methods in the classification of C∗-algebras and von Neumann algebras,  etale groupoids, and inverse semigroups. In each meeting, there will be three plenary talks given by prominent experts, six contributed talks presented by three experts from the region and three upper-level PhD students. The goal is to keep both early-career and senior researchers in south-central institutions abreast of the latest major mathematical developments in noncommutative analysis, and to enhance and advance research on related topics. Additional information is available on the seminar website https://sites.google.com/site/brazosanalysisseminar.&lt;br/&gt;&lt;br/&gt;This award reflects NSF's statutory mission and has been deemed worthy of support through evaluation using the Foundation's intellectual merit and broader impacts review criteria.</AbstractNarration>
<MinAmdLetterDate>12/23/2019</MinAmdLetterDate>
<MaxAmdLetterDate>12/23/2019</MaxAmdLetterDate>
<ARRAAmount/>
<TRAN_TYPE>Grant</TRAN_TYPE>
<CFDA_NUM>47.049</CFDA_NUM>
<NSF_PAR_USE_FLAG>1</NSF_PAR_USE_FLAG>
<FUND_AGCY_CODE>4900</FUND_AGCY_CODE>
<AWDG_AGCY_CODE>4900</AWDG_AGCY_CODE>
<AwardID>2000012</AwardID>
<Investigator>
<FirstName>Tao</FirstName>
<LastName>Mei</LastName>
<PI_MID_INIT/>
<PI_SUFX_NAME/>
<PI_FULL_NAME>Tao Mei</PI_FULL_NAME>
<EmailAddress><![CDATA[tao_mei@baylor.edu]]></EmailAddress>
<NSF_ID>000492701</NSF_ID>
<StartDate>12/23/2019</StartDate>
<EndDate/>
<RoleCode>Principal Investigator</RoleCode>
</Investigator>
<Investigator>
<FirstName>David</FirstName>
<LastName>Milan</LastName>
<PI_MID_INIT/>
<PI_SUFX_NAME/>
<PI_FULL_NAME>David Milan</PI_FULL_NAME>
<EmailAddress><![CDATA[dmilan@uttyler.edu]]></EmailAddress>
<NSF_ID>000649784</NSF_ID>
<StartDate>12/23/2019</StartDate>
<EndDate/>
<RoleCode>Co-Principal Investigator</RoleCode>
</Investigator>
<Investigator>
<FirstName>Michael</FirstName>
<LastName>Brannan</LastName>
<PI_MID_INIT/>
<PI_SUFX_NAME/>
<PI_FULL_NAME>Michael Brannan</PI_FULL_NAME>
<EmailAddress><![CDATA[mbrannan@math.tamu.edu]]></EmailAddress>
<NSF_ID>000677828</NSF_ID>
<StartDate>12/23/2019</StartDate>
<EndDate/>
<RoleCode>Co-Principal Investigator</RoleCode>
</Investigator>
<Investigator>
<FirstName>Mehrdad</FirstName>
<LastName>Kalantar</LastName>
<PI_MID_INIT/>
<PI_SUFX_NAME/>
<PI_FULL_NAME>Mehrdad Kalantar</PI_FULL_NAME>
<EmailAddress><![CDATA[kalantar@math.uh.edu]]></EmailAddress>
<NSF_ID>000704185</NSF_ID>
<StartDate>12/23/2019</StartDate>
<EndDate/>
<RoleCode>Co-Principal Investigator</RoleCode>
</Investigator>
<Investigator>
<FirstName>Jose</FirstName>
<LastName>Carrion Muniz</LastName>
<PI_MID_INIT/>
<PI_SUFX_NAME/>
<PI_FULL_NAME>Jose Carrion Muniz</PI_FULL_NAME>
<EmailAddress><![CDATA[j.carrion@tcu.edu]]></EmailAddress>
<NSF_ID>000705551</NSF_ID>
<StartDate>12/23/2019</StartDate>
<EndDate/>
<RoleCode>Co-Principal Investigator</RoleCode>
</Investigator>
<Institution>
<Name><![CDATA[Baylor University]]></Name>
<CityName>WACO</CityName>
<ZipCode>767061003</ZipCode>
<PhoneNumber>2547103817</PhoneNumber>
<StreetAddress><![CDATA[700 S UNIVERSITY PARKS DR]]></StreetAddress>
<StreetAddress2/>
<CountryName>United States</CountryName>
<StateName>Texas</StateName>
<StateCode>TX</StateCode>
<CONGRESSDISTRICT>17</CONGRESSDISTRICT>
<CONGRESS_DISTRICT_ORG>TX17</CONGRESS_DISTRICT_ORG>
<ORG_UEI_NUM>C6T9BYG5EYX5</ORG_UEI_NUM>
<ORG_LGL_BUS_NAME>BAYLOR UNIVERSITY</ORG_LGL_BUS_NAME>
<ORG_PRNT_UEI_NUM/>
</Institution>
<Performance_Institution>
<Name><![CDATA[Baylor University]]></Name>
<CityName>waco</CityName>
<StateCode>TX</StateCode>
<ZipCode>767987360</ZipCode>
<StreetAddress><![CDATA[One bear place]]></StreetAddress>
<CountryCode>US</CountryCode>
<CountryName>United States</CountryName>
<StateName>Texas</StateName>
<CountryFlag>1</CountryFlag>
<CONGRESSDISTRICT>17</CONGRESSDISTRICT>
<CONGRESS_DISTRICT_PERF>TX17</CONGRESS_DISTRICT_PERF>
</Performance_Institution>
<ProgramElement>
<Code>128100</Code>
<Text>ANALYSIS PROGRAM</Text>
</ProgramElement>
<ProgramReference>
<Code>7556</Code>
<Text>CONFERENCE AND WORKSHOPS</Text>
</ProgramReference>
<Appropriation>
<Code>0120</Code>
<Name>NSF RESEARCH &amp; RELATED ACTIVIT</Name>
<APP_SYMB_ID>040100</APP_SYMB_ID>
</Appropriation>
<Fund>
<Code>01002021DB</Code>
<Name><![CDATA[NSF RESEARCH & RELATED ACTIVIT]]></Name>
<FUND_SYMB_ID>040100</FUND_SYMB_ID>
</Fund>
<FUND_OBLG>2020~49999</FUND_OBLG>
<POR>
<DRECONTENT><![CDATA[<div class="porColContainerWBG"> <div class="porContentCol"><p>This project has provided a regular recurring venue for graduate students and junior  mathematicians in the South-Central region of the US to meet and learn. Under the support of this NSF grant,&nbsp; the PI's organized three in person, one hyberide, and two zoom meetings (totally six meetings) of the semi-annual {\it Brazos Analysis Seminar} from Spring 2020 to Fall 2023, rotately on the campuses of&nbsp; Texas A\&amp;M University (Fall 2020 and Spring 2023), Texas Christian University (Spring 2021), University of Texas at Tyler (Fall 2021),&nbsp; the University of Houston (Fall 2022), and Baylor University (Fall 2023).</p> <p><br />This conference series brought together analysts at academic institutions within the South-Central region of the United States on a regular basis to communicate their research. The conferences especially encouraged&nbsp; young researchers, graduate students, and members from under-represented groups within the community to meet, collaborate and disseminate their work on a regular basis throughout the academic year, even during the Covid19 pandemic. &nbsp;</p> <p><br />Among the total 50 invited speakers for the six meetings, 19 speakers were students or postdocs when invited, and&nbsp; 9 of them are female speakers. See the list below.<br />The program and talk abstracts can be found at the conference website (please scroll down to the bottom for the links to the previous meetings):<br /><br />https://sites.google.com/site/brazosanalysisseminar<br /><br />&nbsp;<br /><br />The general theme of the talks at these meeting&nbsp; was initially focused on topics related to noncommutative&nbsp; analysis and was extended to a very wide spectrum of topics in functional analysis and its applications including operator algebras, harmonic analysis, spectral theory, function theory, quantum information theory, mathematical physics, and random matrix theory. &nbsp;<br />In each meeting, there were 3-4 plenary talks given by prominent experts from institutions in North America (occasionally from Europe or Asia).<br />The organizers also invited six contributed talks presented by 3 experts from the region, and 3 postdocs and/or upper level PhD students.&nbsp; The research areas of&nbsp; noncommutative analysis&nbsp;&nbsp; have evolved and expanded in multiple directions. The Brazos Analysis Seminar series provided an excellent opportunity to both junior and senior researchers to be exposed and kept informed of the latest major mathematical developments in Modern Analysis. The PI's organized a Career Panel with the panelists being<br />the plenary speakers at the&nbsp; Fall Meeting 2020. It was an open and very relaxed discussion<br />where graduate students and postdocs could ask questions and seek advice from<br />the plenary speakers and other senior participants.<br /><br />The attendance for each meeting of the Brazos Analysis Seminar ranged from 40-60 participants, including Ph.D students, <br />postdocs, and visitors. Typically, more than half of the participants were graduate students and postdocs. <br />Besides the five sponsoring schools, these events attracted faculty and graduate students from New Mexico State University,&nbsp; Rice University, Sam Houston State University,&nbsp;&nbsp; University of Texas at San Antonio,&nbsp; University of Texas at Austin,&nbsp; University of Louisiana at Lafayette and&nbsp;&nbsp; schools from other part of the USA, e.g. Michigan State University, Ohio State University, Purdue University, UC San Diego, University of Illinois, Vanderbilt University, Washington University in St. Louis.</p><br> <p>  Last Modified: 05/31/2024<br> Modified by: Tao&nbsp;Mei</p></div> <div class="porSideCol" ></div> </div>]]></DRECONTENT>
<POR_COPY_TXT><![CDATA[  This project has provided a regular recurring venue for graduate students and junior  mathematicians in the South-Central region of the US to meet and learn. Under the support of this NSF grant, the PI's organized three in person, one hyberide, and two zoom meetings (totally six meetings) of the semi-annual {\it Brazos Analysis Seminar} from Spring 2020 to Fall 2023, rotately on the campuses of Texas A\&M University (Fall 2020 and Spring 2023), Texas Christian University (Spring 2021), University of Texas at Tyler (Fall 2021), the University of Houston (Fall 2022), and Baylor University (Fall 2023).    This conference series brought together analysts at academic institutions within the South-Central region of the United States on a regular basis to communicate their research. The conferences especially encouraged young researchers, graduate students, and members from under-represented groups within the community to meet, collaborate and disseminate their work on a regular basis throughout the academic year, even during the Covid19 pandemic.     Among the total 50 invited speakers for the six meetings, 19 speakers were students or postdocs when invited, and 9 of them are female speakers. See the list below. The program and talk abstracts can be found at the conference website (please scroll down to the bottom for the links to the previous meetings):  https://sites.google.com/site/brazosanalysisseminar    The general theme of the talks at these meeting was initially focused on topics related to noncommutative analysis and was extended to a very wide spectrum of topics in functional analysis and its applications including operator algebras, harmonic analysis, spectral theory, function theory, quantum information theory, mathematical physics, and random matrix theory.  In each meeting, there were 3-4 plenary talks given by prominent experts from institutions in North America (occasionally from Europe or Asia). The organizers also invited six contributed talks presented by 3 experts from the region, and 3 postdocs and/or upper level PhD students. The research areas of noncommutative analysis have evolved and expanded in multiple directions. The Brazos Analysis Seminar series provided an excellent opportunity to both junior and senior researchers to be exposed and kept informed of the latest major mathematical developments in Modern Analysis. The PI's organized a Career Panel with the panelists being the plenary speakers at the Fall Meeting 2020. It was an open and very relaxed discussion where graduate students and postdocs could ask questions and seek advice from the plenary speakers and other senior participants.  The attendance for each meeting of the Brazos Analysis Seminar ranged from 40-60 participants, including Ph.D students,  postdocs, and visitors. Typically, more than half of the participants were graduate students and postdocs.  Besides the five sponsoring schools, these events attracted faculty and graduate students from New Mexico State University, Rice University, Sam Houston State University, University of Texas at San Antonio, University of Texas at Austin, University of Louisiana at Lafayette and schools from other part of the USA, e.g. Michigan State University, Ohio State University, Purdue University, UC San Diego, University of Illinois, Vanderbilt University, Washington University in St. Louis.     Last Modified: 05/31/2024       Submitted by: TaoMei]]></POR_COPY_TXT>
</POR>
</Award>
</rootTag>
