<?xml version="1.0" encoding="UTF-8"?>
<rootTag>
<Award>
<AwardTitle><![CDATA[Collaborative Research: Algebra Instruction at Community Colleges: Validating Measures of Quality Instruction]]></AwardTitle>
<AGENCY>NSF</AGENCY>
<AwardEffectiveDate>09/15/2020</AwardEffectiveDate>
<AwardExpirationDate>02/28/2026</AwardExpirationDate>
<AwardTotalIntnAmount>501852.00</AwardTotalIntnAmount>
<AwardAmount>602222</AwardAmount>
<AwardInstrument>
<Value>Continuing Grant</Value>
</AwardInstrument>
<Organization>
<Code>11040000</Code>
<Directorate>
<Abbreviation>EDU</Abbreviation>
<LongName>Directorate for STEM Education</LongName>
</Directorate>
<Division>
<Abbreviation>DUE</Abbreviation>
<LongName>Division Of Undergraduate Education</LongName>
</Division>
</Organization>
<ProgramOfficer>
<SignBlockName>Margret Hjalmarson</SignBlockName>
<PO_EMAI>mhjalmar@nsf.gov</PO_EMAI>
<PO_PHON>7032925186</PO_PHON>
</ProgramOfficer>
<AbstractNarration>This STEM Learning and Learning Environments project seeks to advance understanding of algebra education at community colleges.  It will build on prior work to explore further the relationship between the quality of instruction in college algebra classes and teachers’ mathematical knowledge for teaching.  This “knowledge for teaching” is the mathematical understanding that teachers need in order to be effective teachers of mathematics.  For example, this knowledge enables teachers to explore and diagnose why students are struggling with a mathematical concept and provide targeted help.  Despite its critical role in US higher education, instruction at community colleges is a neglected sector of instructional capacity in the United States. To advance mathematics education research related to the first two years of college, this project will develop the Mathematical Knowledge for Teaching Community College Algebra assessment.  This assessment will identify the specialized knowledge that teachers need for teaching community college algebra in a way that supports student growth in thinking about fundamental mathematical concepts. The project will also advance previous work by refining the Evaluating the Quality of Instruction of Post-secondary Mathematics instrument, which assesses characteristics of high-quality instruction in community college algebra courses.  These efforts will enhance the research tools available for studying post-secondary teaching at community colleges, specifically in College Algebra.  Since college algebra is often a gateway course to STEM degrees, this project has the potential to improve the recruitment into and success of students in STEM fields and, thus, support STEM workforce development. &lt;br/&gt;&lt;br/&gt;The project involves four primary institutions: University of Michigan, University of Minnesota, Maricopa Community College District, and Oregon State University.  The primary goals of the proposed research are to: (1) develop, pilot, field test, validate, and disseminate the Mathematical Knowledge for Teaching Community College Algebra assessment; (2) refine items in the Evaluating the Quality of Instruction of Post-secondary Mathematics video-coding instrument to address aspects of instruction that support diversity, equity, and inclusion in mathematics classrooms; and (3) theoretically  and empirically explore the connection between the constructs that underlie both instruments. The project will use a mixed methods design that involves qualitative analysis of artifacts, item development, and psychometric testing, with the input of community college faculty in all the phases of the study, including integrating community college faculty as research associates, and thus building capacity for future research collaborations.  At the conclusion of this project, two instruments will be available to support multiple efforts to advance the quality of instruction in postsecondary settings and the professional development of instructors.  This project is supported by the EHR Core Research program, which supports work that advances fundamental research on STEM learning and learning environments, broadening participation in STEM, and STEM workforce development.&lt;br/&gt;&lt;br/&gt;This award reflects NSF's statutory mission and has been deemed worthy of support through evaluation using the Foundation's intellectual merit and broader impacts review criteria.</AbstractNarration>
<MinAmdLetterDate>07/24/2020</MinAmdLetterDate>
<MaxAmdLetterDate>07/23/2024</MaxAmdLetterDate>
<ARRAAmount/>
<TRAN_TYPE>Grant</TRAN_TYPE>
<CFDA_NUM>47.076</CFDA_NUM>
<NSF_PAR_USE_FLAG>1</NSF_PAR_USE_FLAG>
<FUND_AGCY_CODE>4900</FUND_AGCY_CODE>
<AWDG_AGCY_CODE>4900</AWDG_AGCY_CODE>
<AwardID>2000527</AwardID>
<Investigator>
<FirstName>Irene</FirstName>
<LastName>Duranczyk</LastName>
<PI_MID_INIT>M</PI_MID_INIT>
<PI_SUFX_NAME/>
<PI_FULL_NAME>Irene M Duranczyk</PI_FULL_NAME>
<EmailAddress><![CDATA[duran026@umn.edu]]></EmailAddress>
<NSF_ID>000329462</NSF_ID>
<StartDate>07/24/2020</StartDate>
<EndDate/>
<RoleCode>Principal Investigator</RoleCode>
</Investigator>
<Institution>
<Name><![CDATA[University of Minnesota-Twin Cities]]></Name>
<CityName>MINNEAPOLIS</CityName>
<ZipCode>554552009</ZipCode>
<PhoneNumber>6126245599</PhoneNumber>
<StreetAddress><![CDATA[200 OAK ST SE]]></StreetAddress>
<StreetAddress2/>
<CountryName>United States</CountryName>
<StateName>Minnesota</StateName>
<StateCode>MN</StateCode>
<CONGRESSDISTRICT>05</CONGRESSDISTRICT>
<CONGRESS_DISTRICT_ORG>MN05</CONGRESS_DISTRICT_ORG>
<ORG_UEI_NUM>KABJZBBJ4B54</ORG_UEI_NUM>
<ORG_LGL_BUS_NAME>REGENTS OF THE UNIVERSITY OF MINNESOTA</ORG_LGL_BUS_NAME>
<ORG_PRNT_UEI_NUM/>
</Institution>
<Performance_Institution>
<Name><![CDATA[STEM Education Center]]></Name>
<CityName>St Paul</CityName>
<StateCode>MN</StateCode>
<ZipCode>551086103</ZipCode>
<StreetAddress><![CDATA[1954 Buford Ave]]></StreetAddress>
<CountryCode>US</CountryCode>
<CountryName>United States</CountryName>
<StateName>Minnesota</StateName>
<CountryFlag>1</CountryFlag>
<CONGRESSDISTRICT>04</CONGRESSDISTRICT>
<CONGRESS_DISTRICT_PERF>MN04</CONGRESS_DISTRICT_PERF>
</Performance_Institution>
<ProgramElement>
<Code>798000</Code>
<Text>ECR-EDU Core Research</Text>
</ProgramElement>
<ProgramReference>
<Code>8817</Code>
<Text>STEM Learning &amp; Learning Environments</Text>
</ProgramReference>
<Appropriation>
<Code/>
<Name/>
<APP_SYMB_ID/>
</Appropriation>
<Appropriation>
<Code>0420</Code>
<Name>NSF Education &amp; Human Resource</Name>
<APP_SYMB_ID>040106</APP_SYMB_ID>
</Appropriation>
<Appropriation>
<Code>0421</Code>
<Name>NSF Education &amp; Human Resource</Name>
<APP_SYMB_ID>040106</APP_SYMB_ID>
</Appropriation>
<Appropriation>
<Code>0422</Code>
<Name>NSF Education &amp; Human Resource</Name>
<APP_SYMB_ID>040106</APP_SYMB_ID>
</Appropriation>
<Fund>
<Code>04002425DB</Code>
<Name><![CDATA[NSF STEM Education]]></Name>
<FUND_SYMB_ID>040106</FUND_SYMB_ID>
</Fund>
<Fund>
<Code>04002021DB</Code>
<Name><![CDATA[NSF Education & Human Resource]]></Name>
<FUND_SYMB_ID>040106</FUND_SYMB_ID>
</Fund>
<Fund>
<Code>04002122DB</Code>
<Name><![CDATA[NSF Education & Human Resource]]></Name>
<FUND_SYMB_ID>040106</FUND_SYMB_ID>
</Fund>
<Fund>
<Code>04002223DB</Code>
<Name><![CDATA[NSF Education & Human Resource]]></Name>
<FUND_SYMB_ID>040106</FUND_SYMB_ID>
</Fund>
<FUND_OBLG>2020~166271</FUND_OBLG>
<FUND_OBLG>2021~170025</FUND_OBLG>
<FUND_OBLG>2022~165556</FUND_OBLG>
<FUND_OBLG>2024~100370</FUND_OBLG>
</Award>
</rootTag>
