<?xml version="1.0" encoding="UTF-8"?>
<rootTag>
<Award>
<AwardTitle><![CDATA[Excellence in Research: Direct synthesis of water soluble iron oxide nanoparticles with high relaxivity and interaction with small molecules]]></AwardTitle>
<AGENCY>NSF</AGENCY>
<AwardEffectiveDate>07/15/2020</AwardEffectiveDate>
<AwardExpirationDate>06/30/2025</AwardExpirationDate>
<AwardTotalIntnAmount>475000.00</AwardTotalIntnAmount>
<AwardAmount>475000</AwardAmount>
<AwardInstrument>
<Value>Standard Grant</Value>
</AwardInstrument>
<Organization>
<Code>03070000</Code>
<Directorate>
<Abbreviation>MPS</Abbreviation>
<LongName>Direct For Mathematical &amp; Physical Scien</LongName>
</Directorate>
<Division>
<Abbreviation>DMR</Abbreviation>
<LongName>Division Of Materials Research</LongName>
</Division>
</Organization>
<ProgramOfficer>
<SignBlockName>Nitsa Rosenzweig</SignBlockName>
<PO_EMAI>nirosenz@nsf.gov</PO_EMAI>
<PO_PHON>7032927256</PO_PHON>
</ProgramOfficer>
<AbstractNarration>Nontechnical Summary:&lt;br/&gt;&lt;br/&gt;This project investigates how magnetic resonance image (MRI) signals change as iron oxide nanoparticles interact with bioactive molecules. The understanding of such signal changes provides a scientific foundation to monitor drug delivery and release using MRI, which will significantly improve the treatment of diseases such as cancer as the dosage and frequency of drugs can be adjusted based on real-time drug uptake information. The major challenges of current approaches for monitoring drug delivery include lack of high sensitivity and limited tissue volume to be imaged. We overcome these challenges by synthesizing high water-soluble iron oxide nanoparticles and using them as MRI agents. MRI is a powerful imaging technique in clinical practice because it provides images with excellent details in a non-invasive, whole-body, and real-time monitoring manner. The multifunctional properties of nanoparticles provide unique advantages for the precise delivery of therapeutic agents with the assistance of imaging. The broad impacts of the project will be achieved by: (1) disseminating the knowledge obtained from this research to the science community for monitoring drug delivery where a non-invasive monitor is extremely important; (2) providing cutting-edge research opportunities for undergraduate and graduate students, particularly those from underrepresented students at Jackson State University (JSU); (3) promoting STEM education via exhibitions during the Mississippi Science Maker at Mississippi Museum of Nature and Science.&lt;br/&gt;&lt;br/&gt;Technical summary:&lt;br/&gt;&lt;br/&gt;Nanoparticles can improve drug efficacy and reduce toxicity by altering pharmacokinetics. To track the delivery behavior of drugs, fluorescent tags or radiotracers are usually attached. However, the intrinsic drawback of fluorescent tags lies in the limitation of tissue penetration of light. Availability is a significant challenge for radiotracer approaches. In comparison, iron oxide nanoparticles (IONPs) could be used as a self-reported drug delivery system because of their capability to change water relaxivity in tissue and their excellent biocompatibility. Despite intensive interests, the effect of bioactive molecules on the T1-weighted magnetic property of extrasmall iron oxide nanoparticles (ESIONPs) has not been studied. In addition, the T1 relaxation performance of IONPs is relatively low. The partial reason is that the monodispersal IONPs synthesized by current methods can only be dissolved in an organic solvent. A sophisticated surface modification is required to make them water soluble. In this project, a stepwise growth method will be explored to directly synthesize water soluble ESIONPs with a high T1 relaxation performance. The interaction of ESIONPs with bioactive molecules will be investigated as self-reported nano platform for drug delivery. The project will gain a fundamental understanding of T1 relaxivity of ESIONPs interacting with bioactive molecules.&lt;br/&gt;&lt;br/&gt;This award reflects NSF's statutory mission and has been deemed worthy of support through evaluation using the Foundation's intellectual merit and broader impacts review criteria.</AbstractNarration>
<MinAmdLetterDate>06/01/2020</MinAmdLetterDate>
<MaxAmdLetterDate>06/01/2020</MaxAmdLetterDate>
<ARRAAmount/>
<TRAN_TYPE>Grant</TRAN_TYPE>
<CFDA_NUM>47.049</CFDA_NUM>
<NSF_PAR_USE_FLAG>1</NSF_PAR_USE_FLAG>
<FUND_AGCY_CODE>4900</FUND_AGCY_CODE>
<AWDG_AGCY_CODE>4900</AWDG_AGCY_CODE>
<AwardID>2000135</AwardID>
<Investigator>
<FirstName>Jie</FirstName>
<LastName>Zheng</LastName>
<PI_MID_INIT/>
<PI_SUFX_NAME/>
<PI_FULL_NAME>Jie Zheng</PI_FULL_NAME>
<EmailAddress><![CDATA[zhengj@wustl.edu]]></EmailAddress>
<NSF_ID>000756578</NSF_ID>
<StartDate>06/01/2020</StartDate>
<EndDate/>
<RoleCode>Co-Principal Investigator</RoleCode>
</Investigator>
<Investigator>
<FirstName>Yongfeng</FirstName>
<LastName>Zhao</LastName>
<PI_MID_INIT/>
<PI_SUFX_NAME/>
<PI_FULL_NAME>Yongfeng Zhao</PI_FULL_NAME>
<EmailAddress><![CDATA[yongfeng.zhao@jsums.edu]]></EmailAddress>
<NSF_ID>000705992</NSF_ID>
<StartDate>06/01/2020</StartDate>
<EndDate/>
<RoleCode>Principal Investigator</RoleCode>
</Investigator>
<Institution>
<Name><![CDATA[Jackson State University]]></Name>
<CityName>JACKSON</CityName>
<ZipCode>392170002</ZipCode>
<PhoneNumber>6019792008</PhoneNumber>
<StreetAddress><![CDATA[1400 J R LYNCH ST]]></StreetAddress>
<StreetAddress2/>
<CountryName>United States</CountryName>
<StateName>Mississippi</StateName>
<StateCode>MS</StateCode>
<CONGRESSDISTRICT>02</CONGRESSDISTRICT>
<CONGRESS_DISTRICT_ORG>MS02</CONGRESS_DISTRICT_ORG>
<ORG_UEI_NUM>WFVHMSF6BU45</ORG_UEI_NUM>
<ORG_LGL_BUS_NAME>JACKSON STATE UNIVERSITY</ORG_LGL_BUS_NAME>
<ORG_PRNT_UEI_NUM/>
</Institution>
<Performance_Institution>
<Name><![CDATA[Jackson State University]]></Name>
<CityName>Jackson</CityName>
<StateCode>MS</StateCode>
<ZipCode>392170002</ZipCode>
<StreetAddress><![CDATA[400 J R LYNCH ST.]]></StreetAddress>
<CountryCode>US</CountryCode>
<CountryName>United States</CountryName>
<StateName>Mississippi</StateName>
<CountryFlag>1</CountryFlag>
<CONGRESSDISTRICT>02</CONGRESSDISTRICT>
<CONGRESS_DISTRICT_PERF>MS02</CONGRESS_DISTRICT_PERF>
</Performance_Institution>
<ProgramElement>
<Code>070Y00</Code>
<Text>HBCU-EiR - HBCU-Excellence in</Text>
</ProgramElement>
<ProgramElement>
<Code>762300</Code>
<Text>BIOMATERIALS PROGRAM</Text>
</ProgramElement>
<ProgramReference>
<Code>7237</Code>
<Text>NANO NON-SOLIC SCI &amp; ENG AWD</Text>
</ProgramReference>
<ProgramReference>
<Code>7573</Code>
<Text>BIO-RELATED MATERIALS RESEARCH</Text>
</ProgramReference>
<ProgramReference>
<Code>8614</Code>
<Text>Nanomaterials</Text>
</ProgramReference>
<ProgramReference>
<Code>9150</Code>
<Text>EXP PROG TO STIM COMP RES</Text>
</ProgramReference>
<Appropriation>
<Code>0120</Code>
<Name>NSF RESEARCH &amp; RELATED ACTIVIT</Name>
<APP_SYMB_ID>040100</APP_SYMB_ID>
</Appropriation>
<Fund>
<Code>01002021DB</Code>
<Name><![CDATA[NSF RESEARCH & RELATED ACTIVIT]]></Name>
<FUND_SYMB_ID>040100</FUND_SYMB_ID>
</Fund>
<FUND_OBLG>2020~475000</FUND_OBLG>
</Award>
</rootTag>
