<?xml version="1.0" encoding="UTF-8"?>
<rootTag>
<Award>
<AwardTitle><![CDATA[Using High-Resolution Mass Spectrometry to Develop Advanced Laboratory Skills in Collaboration with Industry]]></AwardTitle>
<AGENCY>NSF</AGENCY>
<AwardEffectiveDate>05/15/2020</AwardEffectiveDate>
<AwardExpirationDate>11/30/2025</AwardExpirationDate>
<AwardTotalIntnAmount>428082.00</AwardTotalIntnAmount>
<AwardAmount>495338</AwardAmount>
<AwardInstrument>
<Value>Standard Grant</Value>
</AwardInstrument>
<Organization>
<Code>11040100</Code>
<Directorate>
<Abbreviation>EDU</Abbreviation>
<LongName>Directorate for STEM Education</LongName>
</Directorate>
<Division>
<Abbreviation>DUE</Abbreviation>
<LongName>Division Of Undergraduate Education</LongName>
</Division>
</Organization>
<ProgramOfficer>
<SignBlockName>Michael Davis</SignBlockName>
<PO_EMAI>mdavis@nsf.gov</PO_EMAI>
<PO_PHON>7032920000</PO_PHON>
</ProgramOfficer>
<AbstractNarration>Biotechnology is one of the fastest-growing industries in the country. To meet the growing biotechnology workforce needs, the National Center for Biotechnology Workforce at Forsyth Technical Community College has been supporting nationwide education and training of technicians in biotechnology, bioprocessing, and related programs at community colleges. Biotechnology industries increasingly need workers with hands-on training in high-resolution mass spectrometry.   This project aims to expand the breadth and relevance of its support for biotechnology technician education by acquiring a high-resolution mass spectrometer. This state-of-the-art analytical tool can identify specific chemicals in a sample, even when the sample contains only a trillionth of a gram of that chemical.  Such information is used in industries ranging from environmental testing, and food and beverage production, to drug discovery and manufacturing.  The project proposes to use this spectrometer to train students and faculty in state-of-the art high-resolution mass spectrometry technology, thus aligning  technician education with emerging workforce needs.&lt;br/&gt;&lt;br/&gt;The project has two goals.  First, it plans to acquire a high-resolution mass spectrometer and collaborate with industry partners to use real-world bioscience projects to provide students with skills-based instruction in how to use this technology.  Second, it plans to provide workshops that will help high school STEM educators increase their understanding of the bioscience industry, including the use of high-resolution mass spectrometry. These workshops are intended to provide teachers with the knowledge and skills they need to guide students into community college technician education programs that lead to bioscience careers. The College will partner with educators, employers, and entrepreneurs in and around Innovation Quarter in downtown Winston-Salem, NC, to develop instructional labs using high-resolution mass spectrometry on industry-related projects. Labs will include standard operating procedures on how to use the instrument to collect high-resolution mass spectrometry data, as well as how to interpret these data. This skills-based learning will serve faculty and students from the College and high school STEM programs, as well as those at other local universities. The workshops will also serve educators from across the nation who will be selected for their interest in and potential to develop advanced skills training that connects their local industry with the classroom. This project is funded by the Advanced Technological Education program that focuses on the education of technicians for the advanced-technology fields that drive the nation's economy.&lt;br/&gt;&lt;br/&gt;This award reflects NSF's statutory mission and has been deemed worthy of support through evaluation using the Foundation's intellectual merit and broader impacts review criteria.</AbstractNarration>
<MinAmdLetterDate>05/13/2020</MinAmdLetterDate>
<MaxAmdLetterDate>05/31/2024</MaxAmdLetterDate>
<ARRAAmount/>
<TRAN_TYPE>Grant</TRAN_TYPE>
<CFDA_NUM>47.076</CFDA_NUM>
<NSF_PAR_USE_FLAG>1</NSF_PAR_USE_FLAG>
<FUND_AGCY_CODE>4900</FUND_AGCY_CODE>
<AWDG_AGCY_CODE>4900</AWDG_AGCY_CODE>
<AwardID>2000764</AwardID>
<Investigator>
<FirstName>Russ</FirstName>
<LastName>Read</LastName>
<PI_MID_INIT>H</PI_MID_INIT>
<PI_SUFX_NAME/>
<PI_FULL_NAME>Russ H Read</PI_FULL_NAME>
<EmailAddress><![CDATA[rread@forsythtech.edu]]></EmailAddress>
<NSF_ID>000515011</NSF_ID>
<StartDate>05/13/2020</StartDate>
<EndDate/>
<RoleCode>Co-Principal Investigator</RoleCode>
</Investigator>
<Investigator>
<FirstName>Jason</FirstName>
<LastName>Gagliano</LastName>
<PI_MID_INIT>M</PI_MID_INIT>
<PI_SUFX_NAME/>
<PI_FULL_NAME>Jason M Gagliano</PI_FULL_NAME>
<EmailAddress><![CDATA[jgagliano@forsythtech.edu]]></EmailAddress>
<NSF_ID>000812201</NSF_ID>
<StartDate>05/13/2020</StartDate>
<EndDate/>
<RoleCode>Principal Investigator</RoleCode>
</Investigator>
<Institution>
<Name><![CDATA[Forsyth Technical Community College]]></Name>
<CityName>WINSTON SALEM</CityName>
<ZipCode>271035150</ZipCode>
<PhoneNumber>3367347177</PhoneNumber>
<StreetAddress><![CDATA[2100 SILAS CREEK PKWY]]></StreetAddress>
<StreetAddress2/>
<CountryName>United States</CountryName>
<StateName>North Carolina</StateName>
<StateCode>NC</StateCode>
<CONGRESSDISTRICT>05</CONGRESSDISTRICT>
<CONGRESS_DISTRICT_ORG>NC05</CONGRESS_DISTRICT_ORG>
<ORG_UEI_NUM>TME1ADLUMMD8</ORG_UEI_NUM>
<ORG_LGL_BUS_NAME>FORSYTH TECHNICAL COMMUNITY COLLEGE</ORG_LGL_BUS_NAME>
<ORG_PRNT_UEI_NUM/>
</Institution>
<Performance_Institution>
<Name><![CDATA[Forsyth Technical Community College]]></Name>
<CityName>Winston Salem</CityName>
<StateCode>NC</StateCode>
<ZipCode>271035197</ZipCode>
<StreetAddress><![CDATA[2100 Silas Creek Pkwy]]></StreetAddress>
<CountryCode>US</CountryCode>
<CountryName>United States</CountryName>
<StateName>North Carolina</StateName>
<CountryFlag>1</CountryFlag>
<CONGRESSDISTRICT>05</CONGRESSDISTRICT>
<CONGRESS_DISTRICT_PERF>NC05</CONGRESS_DISTRICT_PERF>
</Performance_Institution>
<ProgramElement>
<Code>741200</Code>
<Text>Advanced Tech Education Prog</Text>
</ProgramElement>
<ProgramReference>
<Code>1032</Code>
<Text>ADVANCED TECHNOLOGY EDUCATION</Text>
</ProgramReference>
<ProgramReference>
<Code>9178</Code>
<Text>UNDERGRADUATE EDUCATION</Text>
</ProgramReference>
<ProgramReference>
<Code>SMET</Code>
<Text>SCIENCE, MATH, ENG &amp; TECH EDUCATION</Text>
</ProgramReference>
<Appropriation>
<Code/>
<Name/>
<APP_SYMB_ID/>
</Appropriation>
<Appropriation>
<Code>0420</Code>
<Name>NSF Education &amp; Human Resource</Name>
<APP_SYMB_ID>040106</APP_SYMB_ID>
</Appropriation>
<Fund>
<Code>04002425DB</Code>
<Name><![CDATA[NSF STEM Education]]></Name>
<FUND_SYMB_ID>040106</FUND_SYMB_ID>
</Fund>
<Fund>
<Code>04002021DB</Code>
<Name><![CDATA[NSF Education & Human Resource]]></Name>
<FUND_SYMB_ID>040106</FUND_SYMB_ID>
</Fund>
<FUND_OBLG>2020~428082</FUND_OBLG>
<FUND_OBLG>2024~67256</FUND_OBLG>
</Award>
</rootTag>
