<?xml version="1.0" encoding="UTF-8"?>
<rootTag>
<Award>
<AwardTitle><![CDATA[Research Initiation Award: Development and Evaluation of Biomimetics Antibiotic Surface]]></AwardTitle>
<AGENCY>NSF</AGENCY>
<AwardEffectiveDate>04/01/2020</AwardEffectiveDate>
<AwardExpirationDate>03/31/2025</AwardExpirationDate>
<AwardTotalIntnAmount>300000.00</AwardTotalIntnAmount>
<AwardAmount>609699</AwardAmount>
<AwardInstrument>
<Value>Standard Grant</Value>
</AwardInstrument>
<Organization>
<Code>11060000</Code>
<Directorate>
<Abbreviation>EDU</Abbreviation>
<LongName>Directorate for STEM Education</LongName>
</Directorate>
<Division>
<Abbreviation>EES</Abbreviation>
<LongName>Div. of Equity for Excellence in STEM</LongName>
</Division>
</Organization>
<ProgramOfficer>
<SignBlockName>Carleitta Paige-Anderson</SignBlockName>
<PO_EMAI>cpaigean@nsf.gov</PO_EMAI>
<PO_PHON>7032922816</PO_PHON>
</ProgramOfficer>
<AbstractNarration>Research Initiation Awards provide support for junior and mid-career faculty at Historically Black Colleges and Universities who are building new research programs or redirecting and rebuilding existing research programs. It is expected that the award helps to further the faculty member's research capability and effectiveness, improves research and teaching at the home institution, and involves undergraduate students in research experiences. The award to Hampton University has potential broader impacts in a number of areas. The goal of this project is to develop a biomimetic surface inspired by cicada insect wings on the 3D generated polyether ether ketone (PEEK) structure to provide inherent antibacterial properties.  The results of this research can have wide-ranging impact in the biomedical, chemical, and food industries where bacterial contamination is of concern.  Undergraduate and high-school students are involved in this research. &lt;br/&gt;&lt;br/&gt;This project will develop a biomimetic surface at the nanoscale on a customized 3D PEEK structure for providing bactericidal and bone osseointegration properties to the polymer. The specific aims of this project are to: develop and optimize a protocol to print customized PEEK structure with minimum artifacts; identify an economical method to develop nano-pillars on the surface of the 3D printed PEEK and then functionalize the generated nano-pillars with bone protein factor; and evaluate the bactericidal and bone osseointegration properties of the newly modified surfaces. Findings from this work will provide a better understanding of ways to modify the surface at the nanoscale and mechanisms by which bacterial cells are killed on contact while allowing the mammalian cells to grow on them simultaneously. This project will be conducted in collaboration with Virginia Commonwealth University.&lt;br/&gt;&lt;br/&gt;This award reflects NSF's statutory mission and has been deemed worthy of support through evaluation using the Foundation's intellectual merit and broader impacts review criteria.</AbstractNarration>
<MinAmdLetterDate>03/26/2020</MinAmdLetterDate>
<MaxAmdLetterDate>09/12/2023</MaxAmdLetterDate>
<ARRAAmount/>
<TRAN_TYPE>Grant</TRAN_TYPE>
<CFDA_NUM>47.076</CFDA_NUM>
<NSF_PAR_USE_FLAG>1</NSF_PAR_USE_FLAG>
<FUND_AGCY_CODE>4900</FUND_AGCY_CODE>
<AWDG_AGCY_CODE>4900</AWDG_AGCY_CODE>
<AwardID>2000061</AwardID>
<Investigator>
<FirstName>Rupak</FirstName>
<LastName>Dua</LastName>
<PI_MID_INIT/>
<PI_SUFX_NAME/>
<PI_FULL_NAME>Rupak Dua</PI_FULL_NAME>
<EmailAddress><![CDATA[duar@ada.org]]></EmailAddress>
<NSF_ID>000803455</NSF_ID>
<StartDate>03/26/2020</StartDate>
<EndDate>09/12/2023</EndDate>
<RoleCode>Former Principal Investigator</RoleCode>
</Investigator>
<Investigator>
<FirstName>Mohamed</FirstName>
<LastName>Noufal</LastName>
<PI_MID_INIT/>
<PI_SUFX_NAME/>
<PI_FULL_NAME>Mohamed Noufal</PI_FULL_NAME>
<EmailAddress><![CDATA[MOHAMED.NOUFAL@HAMPTONU.EDU]]></EmailAddress>
<NSF_ID>000924555</NSF_ID>
<StartDate>09/12/2023</StartDate>
<EndDate/>
<RoleCode>Principal Investigator</RoleCode>
</Investigator>
<Institution>
<Name><![CDATA[Hampton University]]></Name>
<CityName>HAMPTON</CityName>
<ZipCode>236694561</ZipCode>
<PhoneNumber>7577275363</PhoneNumber>
<StreetAddress><![CDATA[200 WILLIAM R HARVEY WAY]]></StreetAddress>
<StreetAddress2/>
<CountryName>United States</CountryName>
<StateName>Virginia</StateName>
<StateCode>VA</StateCode>
<CONGRESSDISTRICT>03</CONGRESSDISTRICT>
<CONGRESS_DISTRICT_ORG>VA03</CONGRESS_DISTRICT_ORG>
<ORG_UEI_NUM>KSJKE3KVNBB4</ORG_UEI_NUM>
<ORG_LGL_BUS_NAME>HAMPTON UNIVERSITY</ORG_LGL_BUS_NAME>
<ORG_PRNT_UEI_NUM/>
</Institution>
<Performance_Institution>
<Name><![CDATA[Hampton University]]></Name>
<CityName>Hampton</CityName>
<StateCode>VA</StateCode>
<ZipCode>236680108</ZipCode>
<StreetAddress><![CDATA[100 E. Queen Street]]></StreetAddress>
<CountryCode>US</CountryCode>
<CountryName>United States</CountryName>
<StateName>Virginia</StateName>
<CountryFlag>1</CountryFlag>
<CONGRESSDISTRICT>03</CONGRESSDISTRICT>
<CONGRESS_DISTRICT_PERF>VA03</CONGRESS_DISTRICT_PERF>
</Performance_Institution>
<ProgramElement>
<Code>159400</Code>
<Text>Hist Black Colleges and Univ</Text>
</ProgramElement>
<ProgramReference>
<Code>102Z</Code>
<Text>COVID-Disproportionate Impcts Inst-Indiv</Text>
</ProgramReference>
<ProgramReference>
<Code>9178</Code>
<Text>UNDERGRADUATE EDUCATION</Text>
</ProgramReference>
<ProgramReference>
<Code>9264</Code>
<Text>RESEARCH INITIATION AWARD</Text>
</ProgramReference>
<Appropriation>
<Code/>
<Name/>
<APP_SYMB_ID/>
</Appropriation>
<Appropriation>
<Code>0420</Code>
<Name>NSF Education &amp; Human Resource</Name>
<APP_SYMB_ID>040106</APP_SYMB_ID>
</Appropriation>
<Appropriation>
<Code>0421</Code>
<Name>NSF Education &amp; Human Resource</Name>
<APP_SYMB_ID>040106</APP_SYMB_ID>
</Appropriation>
<Fund>
<Code>04002223DB</Code>
<Name><![CDATA[NSF Education & Human Resource]]></Name>
<FUND_SYMB_ID>040106</FUND_SYMB_ID>
</Fund>
<Fund>
<Code>04002021DB</Code>
<Name><![CDATA[NSF Education & Human Resource]]></Name>
<FUND_SYMB_ID>040106</FUND_SYMB_ID>
</Fund>
<Fund>
<Code>04002122DB</Code>
<Name><![CDATA[NSF Education & Human Resource]]></Name>
<FUND_SYMB_ID>040106</FUND_SYMB_ID>
</Fund>
<FUND_OBLG>2020~300000</FUND_OBLG>
<FUND_OBLG>2021~59700</FUND_OBLG>
<FUND_OBLG>2022~249999</FUND_OBLG>
</Award>
</rootTag>
