<?xml version="1.0" encoding="UTF-8"?>
<rootTag>
<Award>
<AwardTitle><![CDATA[Collaborative Research: Developing Business Communication Skills in Manufacturing Technician Education]]></AwardTitle>
<AGENCY>NSF</AGENCY>
<AwardEffectiveDate>08/15/2020</AwardEffectiveDate>
<AwardExpirationDate>07/31/2024</AwardExpirationDate>
<AwardTotalIntnAmount>217452.00</AwardTotalIntnAmount>
<AwardAmount>217452</AwardAmount>
<AwardInstrument>
<Value>Standard Grant</Value>
</AwardInstrument>
<Organization>
<Code>11040100</Code>
<Directorate>
<Abbreviation>EDU</Abbreviation>
<LongName>Directorate for STEM Education</LongName>
</Directorate>
<Division>
<Abbreviation>DUE</Abbreviation>
<LongName>Division Of Undergraduate Education</LongName>
</Division>
</Organization>
<ProgramOfficer>
<SignBlockName>Connie Della-Piana</SignBlockName>
<PO_EMAI>cdellapi@nsf.gov</PO_EMAI>
<PO_PHON>7032925309</PO_PHON>
</ProgramOfficer>
<AbstractNarration>The advanced manufacturing and production fields have growing need for skilled technicians who can communicate effectively in teams.  In response to this workforce demand, the project team will develop and test an adaptive virtual reality (VR) platform to help manufacturing technician students learn business communication skills.  The platform will deliver interactive case studies that allow students to practice business communication skills needed in a smart factory context.  To support integration of these adaptive VR case studies within courses, faculty in advanced manufacturing programs will participate in extensive professional development as they collaboratively develop new VR business communication case studies.  In addition, the project will support faculty externships in industry to enhance their knowledge of current trends, skills requirements, new tools, and career opportunities in advanced manufacturing.  This knowledge will help them improve their teaching and better serve their students.  To strengthen the alignment between coursework and job tasks, the project draws on the long-standing partnership between Ivy Tech Community College of Indiana, Purdue University, and industry partners.  Recognizing that the incumbent manufacturing workforce is maturing, the project also focuses on fostering and investigating the communication skills that facilitate the transfer of highly specialized technical skills, knowledge, and expertise across the multiple generations in the manufacturing workforce. &lt;br/&gt;&lt;br/&gt;The intellectual merit of the project rests on the implementation of a research and development cycle that facilitates the development, testing, investigation, and revision of project activities and deliverables for improvement and goal attainment (e.g., advanced manufacturing technicians who develop the technical knowledge and skills, as well as the soft skills to work efficiently and effectively in modern manufacturing).  To answer a priori and emerging questions, the project will conduct a mixed methods study to advance knowledge of the effectiveness of integrating the learning of technical knowledge/skills with soft skills in curricular and educational materials (i.e., case studies within a virtual reality platform).  The quantitative and qualitative study will examine the integration of manufacturing and communication job tasks through pre-post outcomes assessments, structured interviews and focus groups, descriptive and trend analyses, analyses of the quality of deliverables and products, and thematic content analyses of information from interviews, focus group discussions, and open-ended survey questions. This project is funded by the Advanced Technological Education program that focuses on the education of technicians for the advanced-technology fields that drive the nation's economy.&lt;br/&gt;&lt;br/&gt;This award reflects NSF's statutory mission and has been deemed worthy of support through evaluation using the Foundation's intellectual merit and broader impacts review criteria.</AbstractNarration>
<MinAmdLetterDate>08/07/2020</MinAmdLetterDate>
<MaxAmdLetterDate>08/20/2024</MaxAmdLetterDate>
<ARRAAmount/>
<TRAN_TYPE>Grant</TRAN_TYPE>
<CFDA_NUM>47.076</CFDA_NUM>
<NSF_PAR_USE_FLAG>1</NSF_PAR_USE_FLAG>
<FUND_AGCY_CODE>4900</FUND_AGCY_CODE>
<AWDG_AGCY_CODE>4900</AWDG_AGCY_CODE>
<AwardID>2000888</AwardID>
<Investigator>
<FirstName>Sue</FirstName>
<LastName>Smith</LastName>
<PI_MID_INIT>G</PI_MID_INIT>
<PI_SUFX_NAME/>
<PI_FULL_NAME>Sue G Smith</PI_FULL_NAME>
<EmailAddress><![CDATA[sgsmith@ivytech.edu]]></EmailAddress>
<NSF_ID>000563299</NSF_ID>
<StartDate>08/07/2020</StartDate>
<EndDate>08/20/2024</EndDate>
<RoleCode>Former Principal Investigator</RoleCode>
</Investigator>
<Investigator>
<FirstName>Aaron</FirstName>
<LastName>Baute</LastName>
<PI_MID_INIT/>
<PI_SUFX_NAME/>
<PI_FULL_NAME>Aaron Baute</PI_FULL_NAME>
<EmailAddress><![CDATA[abaute@ivytech.edu]]></EmailAddress>
<NSF_ID>000672176</NSF_ID>
<StartDate>08/07/2020</StartDate>
<EndDate>09/14/2021</EndDate>
<RoleCode>Former Co-Principal Investigator</RoleCode>
</Investigator>
<Investigator>
<FirstName>David</FirstName>
<LastName>Gray</LastName>
<PI_MID_INIT>I</PI_MID_INIT>
<PI_SUFX_NAME/>
<PI_FULL_NAME>David I Gray</PI_FULL_NAME>
<EmailAddress><![CDATA[dgray54@ivytech.edu]]></EmailAddress>
<NSF_ID>000862751</NSF_ID>
<StartDate>09/14/2021</StartDate>
<EndDate/>
<RoleCode>Co-Principal Investigator</RoleCode>
</Investigator>
<Investigator>
<FirstName>Glen</FirstName>
<LastName>Roberson</LastName>
<PI_MID_INIT/>
<PI_SUFX_NAME/>
<PI_FULL_NAME>Glen Roberson</PI_FULL_NAME>
<EmailAddress><![CDATA[groberso@ivytech.edu]]></EmailAddress>
<NSF_ID>000294215</NSF_ID>
<StartDate>08/20/2024</StartDate>
<EndDate/>
<RoleCode>Principal Investigator</RoleCode>
</Investigator>
<Institution>
<Name><![CDATA[Ivy Tech Community College of Indiana]]></Name>
<CityName>INDIANAPOLIS</CityName>
<ZipCode>462085752</ZipCode>
<PhoneNumber>3179167980</PhoneNumber>
<StreetAddress><![CDATA[50 W FALL CREEK PARKWAY NORTH DR]]></StreetAddress>
<StreetAddress2/>
<CountryName>United States</CountryName>
<StateName>Indiana</StateName>
<StateCode>IN</StateCode>
<CONGRESSDISTRICT>07</CONGRESSDISTRICT>
<CONGRESS_DISTRICT_ORG>IN07</CONGRESS_DISTRICT_ORG>
<ORG_UEI_NUM>XGMKKTCV87C1</ORG_UEI_NUM>
<ORG_LGL_BUS_NAME>IVY TECH COMMUNITY COLLEGE OF INDIANA</ORG_LGL_BUS_NAME>
<ORG_PRNT_UEI_NUM>XGMKKTCV87C1</ORG_PRNT_UEI_NUM>
</Institution>
<Performance_Institution>
<Name><![CDATA[Ivy Tech Community College]]></Name>
<CityName>Indianapolis</CityName>
<StateCode>IN</StateCode>
<ZipCode>462085725</ZipCode>
<StreetAddress><![CDATA[50 W Fall Creek Parkway N Drive]]></StreetAddress>
<CountryCode>US</CountryCode>
<CountryName>United States</CountryName>
<StateName>Indiana</StateName>
<CountryFlag>1</CountryFlag>
<CONGRESSDISTRICT>07</CONGRESSDISTRICT>
<CONGRESS_DISTRICT_PERF>IN07</CONGRESS_DISTRICT_PERF>
</Performance_Institution>
<ProgramElement>
<Code>741200</Code>
<Text>Advanced Tech Education Prog</Text>
</ProgramElement>
<ProgramReference>
<Code>1032</Code>
<Text>ADVANCED TECHNOLOGY EDUCATION</Text>
</ProgramReference>
<ProgramReference>
<Code>9178</Code>
<Text>UNDERGRADUATE EDUCATION</Text>
</ProgramReference>
<ProgramReference>
<Code>SMET</Code>
<Text>SCIENCE, MATH, ENG &amp; TECH EDUCATION</Text>
</ProgramReference>
<Appropriation>
<Code>0420</Code>
<Name>NSF Education &amp; Human Resource</Name>
<APP_SYMB_ID>040106</APP_SYMB_ID>
</Appropriation>
<Fund>
<Code>04002021DB</Code>
<Name><![CDATA[NSF Education & Human Resource]]></Name>
<FUND_SYMB_ID>040106</FUND_SYMB_ID>
</Fund>
<FUND_OBLG>2020~217452</FUND_OBLG>
</Award>
</rootTag>
