<?xml version="1.0" encoding="UTF-8"?>
<rootTag>
<Award>
<AwardTitle><![CDATA[Research Initiation Award: Unraveling the Elemental Abundances and Dust Properties of the Interstellar Medium]]></AwardTitle>
<AGENCY>NSF</AGENCY>
<AwardEffectiveDate>05/15/2020</AwardEffectiveDate>
<AwardExpirationDate>04/30/2025</AwardExpirationDate>
<AwardTotalIntnAmount>190384.00</AwardTotalIntnAmount>
<AwardAmount>190384</AwardAmount>
<AwardInstrument>
<Value>Standard Grant</Value>
</AwardInstrument>
<Organization>
<Code>11060000</Code>
<Directorate>
<Abbreviation>EDU</Abbreviation>
<LongName>Directorate for STEM Education</LongName>
</Directorate>
<Division>
<Abbreviation>EES</Abbreviation>
<LongName>Div. of Equity for Excellence in STEM</LongName>
</Division>
</Organization>
<ProgramOfficer>
<SignBlockName>Joyce Belcher</SignBlockName>
<PO_EMAI>jbelcher@nsf.gov</PO_EMAI>
<PO_PHON>7032928221</PO_PHON>
</ProgramOfficer>
<AbstractNarration>Research Initiation Awards provide support for junior and mid-career faculty at Historically Black Colleges and Universities who are building new research programs or redirecting and rebuilding existing research programs. It is expected that the award helps to further the faculty member's research capability and effectiveness, improves research and teaching at the home institution, and involves undergraduate students in research experiences. The award to Lincoln University, Missouri, has potential broader impacts in a number of areas. The goal of this project is to study the relationship between dust properties and the interstellar environments.  The project is a collaborative effort with faculty at the University of Missouri-Columbia, involves undergraduate students in the research, and is developing three undergraduate astronomy courses.&lt;br/&gt;&lt;br/&gt;While it is well recognized that both the Galactic interstellar extinction curves and the gas-phase abundances of carbon, oxygen, and other metal elements exhibit considerable variations from one sightline to another, as yet, most of the dust extinction modeling efforts have been directed to the Galactic average extinction curve which is obtained by averaging over many clouds of different gas and dust properties. Therefore, any details concerning the relationship between the dust properties and the interstellar environments are lost. By utilizing the wealth of extinction and abundance data obtained by the International Ultraviolet Explorer, Hubble Space Telescope, and the Far-Ultraviolet Spectroscopic Explorer, this project explores the dust properties of over one hundred individual sight lines by simultaneously both fitting the observed extinction curve from the near-infrared to the far-ultraviolet and conforming to the observed abundance constraints. Thus insight into the physical nature of interstellar grains and how they are related to the physical and chemical conditions of their environments will be gained. The results of the research will greatly benefit the analysis and understanding of the previously acquired data from various space missions, as well as of future data obtained.&lt;br/&gt;&lt;br/&gt;This award reflects NSF's statutory mission and has been deemed worthy of support through evaluation using the Foundation's intellectual merit and broader impacts review criteria.</AbstractNarration>
<MinAmdLetterDate>04/13/2020</MinAmdLetterDate>
<MaxAmdLetterDate>04/23/2024</MaxAmdLetterDate>
<ARRAAmount/>
<TRAN_TYPE>Grant</TRAN_TYPE>
<CFDA_NUM>47.076</CFDA_NUM>
<NSF_PAR_USE_FLAG>1</NSF_PAR_USE_FLAG>
<FUND_AGCY_CODE>4900</FUND_AGCY_CODE>
<AWDG_AGCY_CODE>4900</AWDG_AGCY_CODE>
<AwardID>2000036</AwardID>
<Investigator>
<FirstName>Ajay</FirstName>
<LastName>Mishra</LastName>
<PI_MID_INIT/>
<PI_SUFX_NAME/>
<PI_FULL_NAME>Ajay Mishra</PI_FULL_NAME>
<EmailAddress><![CDATA[MishraA@lincolnu.edu]]></EmailAddress>
<NSF_ID>000783441</NSF_ID>
<StartDate>04/13/2020</StartDate>
<EndDate/>
<RoleCode>Principal Investigator</RoleCode>
</Investigator>
<Institution>
<Name><![CDATA[Lincoln University]]></Name>
<CityName>JEFFERSON CITY</CityName>
<ZipCode>651013537</ZipCode>
<PhoneNumber>5736815030</PhoneNumber>
<StreetAddress><![CDATA[820 CHESTNUT ST]]></StreetAddress>
<StreetAddress2/>
<CountryName>United States</CountryName>
<StateName>Missouri</StateName>
<StateCode>MO</StateCode>
<CONGRESSDISTRICT>03</CONGRESSDISTRICT>
<CONGRESS_DISTRICT_ORG>MO03</CONGRESS_DISTRICT_ORG>
<ORG_UEI_NUM>JJLJP4TQ9HM7</ORG_UEI_NUM>
<ORG_LGL_BUS_NAME>LINCOLN UNIVERSITY</ORG_LGL_BUS_NAME>
<ORG_PRNT_UEI_NUM/>
</Institution>
<Performance_Institution>
<Name><![CDATA[Lincoln University]]></Name>
<CityName>Jefferson City</CityName>
<StateCode>MO</StateCode>
<ZipCode>651013537</ZipCode>
<StreetAddress><![CDATA[820 Chestnut Street]]></StreetAddress>
<CountryCode>US</CountryCode>
<CountryName>United States</CountryName>
<StateName>Missouri</StateName>
<CountryFlag>1</CountryFlag>
<CONGRESSDISTRICT>03</CONGRESSDISTRICT>
<CONGRESS_DISTRICT_PERF>MO03</CONGRESS_DISTRICT_PERF>
</Performance_Institution>
<ProgramElement>
<Code>159400</Code>
<Text>Hist Black Colleges and Univ</Text>
</ProgramElement>
<ProgramReference>
<Code>9150</Code>
<Text>EXP PROG TO STIM COMP RES</Text>
</ProgramReference>
<ProgramReference>
<Code>9178</Code>
<Text>UNDERGRADUATE EDUCATION</Text>
</ProgramReference>
<ProgramReference>
<Code>9264</Code>
<Text>RESEARCH INITIATION AWARD</Text>
</ProgramReference>
<Appropriation>
<Code>0420</Code>
<Name>NSF Education &amp; Human Resource</Name>
<APP_SYMB_ID>040106</APP_SYMB_ID>
</Appropriation>
<Fund>
<Code>04002021DB</Code>
<Name><![CDATA[NSF Education & Human Resource]]></Name>
<FUND_SYMB_ID>040106</FUND_SYMB_ID>
</Fund>
<FUND_OBLG>2020~190384</FUND_OBLG>
</Award>
</rootTag>
