<?xml version="1.0" encoding="UTF-8"?>
<rootTag>
<Award>
<AwardTitle><![CDATA[Advancing Strategies in Cybersecurity Education and Career Development]]></AwardTitle>
<AGENCY>NSF</AGENCY>
<AwardEffectiveDate>09/01/2020</AwardEffectiveDate>
<AwardExpirationDate>08/31/2024</AwardExpirationDate>
<AwardTotalIntnAmount>410000.00</AwardTotalIntnAmount>
<AwardAmount>410000</AwardAmount>
<AwardInstrument>
<Value>Standard Grant</Value>
</AwardInstrument>
<Organization>
<Code>11040100</Code>
<Directorate>
<Abbreviation>EDU</Abbreviation>
<LongName>Directorate for STEM Education</LongName>
</Directorate>
<Division>
<Abbreviation>DUE</Abbreviation>
<LongName>Division Of Undergraduate Education</LongName>
</Division>
</Organization>
<ProgramOfficer>
<SignBlockName>R. Corby Hovis</SignBlockName>
<PO_EMAI>chovis@nsf.gov</PO_EMAI>
<PO_PHON>7032924625</PO_PHON>
</ProgramOfficer>
<AbstractNarration>Keeping computers and information systems secure is a critical need and a major challenge. Thus, business, industry, and government need well-prepared technicians who can prevent, detect, and investigate cybersecurity breaches. The growth of cyber-threats has created a need for many more workers who have the knowledge and skills to protect digital infrastructure. This project will provide opportunities to broaden participation in the cybersecurity workforce by educating technicians to meet the evolving needs of the cybersecurity field and by strengthening the pipeline from high school to college to employer. This project will build on the results of Miami Dade College's prior NSF-funded project (DUE-1800958), which focused on building the capacity of college faculty in cybersecurity, developing a College Credit Certificate and a two-year Associate of Science degree in cybersecurity, and creating a pathway to these credentials for first-time-in-college and nontraditional students. The new project will focus on strengthening the relationship with high schools to improve the pipeline of students to the college's cybersecurity programs and supporting the retention, graduation, and job placement of students in the Associate of Science in Cybersecurity program.&lt;br/&gt;&lt;br/&gt;The project's objectives are to strengthen the pipeline from high school to college-level cybersecurity degree programs and to increase students' employability by aligning their learning with employer-informed technical and soft-skill competencies embedded in structured, applied learning experiences. Activities will include implementing an applied cybersecurity curriculum across partner high schools in the Miami-Dade County Public Schools, providing professional development for high school teachers, offering dual-enrollment courses for partner high schools, hosting cybersecurity summer camps for high school students, collaborating with business/industry partners to place students in internships and jobs, developing a competency checklist and a sample internship plan to guide employers and students, and providing academic success coaching to help students complete the Associate of Science in Cybersecurity program. The project evaluation will specifically examine strategies for recruiting high school students into cybersecurity, especially students from groups that are not yet equitably represented in STEM careers.  Evaluation will also include measures of high school teachers’ preparation for teaching cybersecurity and the preparedness of the students who move into cybersecurity positions at local companies.  This project is funded by the Advanced Technological Education (ATE) program, which focuses on the education of technicians for the advanced-technology fields that drive the nation's economy.&lt;br/&gt;&lt;br/&gt;This award reflects NSF's statutory mission and has been deemed worthy of support through evaluation using the Foundation's intellectual merit and broader impacts review criteria.</AbstractNarration>
<MinAmdLetterDate>08/12/2020</MinAmdLetterDate>
<MaxAmdLetterDate>10/08/2021</MaxAmdLetterDate>
<ARRAAmount/>
<TRAN_TYPE>Grant</TRAN_TYPE>
<CFDA_NUM>47.076</CFDA_NUM>
<NSF_PAR_USE_FLAG>1</NSF_PAR_USE_FLAG>
<FUND_AGCY_CODE>4900</FUND_AGCY_CODE>
<AWDG_AGCY_CODE>4900</AWDG_AGCY_CODE>
<AwardID>2000442</AwardID>
<Investigator>
<FirstName>Manuel</FirstName>
<LastName>Perez</LastName>
<PI_MID_INIT/>
<PI_SUFX_NAME/>
<PI_FULL_NAME>Manuel Perez</PI_FULL_NAME>
<EmailAddress><![CDATA[Mperez@mdc.edu]]></EmailAddress>
<NSF_ID>000864152</NSF_ID>
<StartDate>10/08/2021</StartDate>
<EndDate/>
<RoleCode>Co-Principal Investigator</RoleCode>
</Investigator>
<Investigator>
<FirstName>Nelly</FirstName>
<LastName>Delessy</LastName>
<PI_MID_INIT/>
<PI_SUFX_NAME/>
<PI_FULL_NAME>Nelly Delessy</PI_FULL_NAME>
<EmailAddress><![CDATA[ndelessy@mdc.edu]]></EmailAddress>
<NSF_ID>000766731</NSF_ID>
<StartDate>08/12/2020</StartDate>
<EndDate/>
<RoleCode>Co-Principal Investigator</RoleCode>
</Investigator>
<Investigator>
<FirstName>Antonio</FirstName>
<LastName>Delgado</LastName>
<PI_MID_INIT/>
<PI_SUFX_NAME/>
<PI_FULL_NAME>Antonio Delgado</PI_FULL_NAME>
<EmailAddress><![CDATA[adelgad9@mdc.edu]]></EmailAddress>
<NSF_ID>000756193</NSF_ID>
<StartDate>08/12/2020</StartDate>
<EndDate>10/08/2021</EndDate>
<RoleCode>Former Co-Principal Investigator</RoleCode>
</Investigator>
<Investigator>
<FirstName>Diego</FirstName>
<LastName>Tibaquira</LastName>
<PI_MID_INIT/>
<PI_SUFX_NAME/>
<PI_FULL_NAME>Diego Tibaquira</PI_FULL_NAME>
<EmailAddress><![CDATA[dtibaqui@mdc.edu]]></EmailAddress>
<NSF_ID>000756191</NSF_ID>
<StartDate>08/12/2020</StartDate>
<EndDate/>
<RoleCode>Principal Investigator</RoleCode>
</Investigator>
<Institution>
<Name><![CDATA[Miami Dade College]]></Name>
<CityName>MIAMI</CityName>
<ZipCode>331322206</ZipCode>
<PhoneNumber>3052373910</PhoneNumber>
<StreetAddress><![CDATA[245 NE 4TH ST BLDG 3000]]></StreetAddress>
<StreetAddress2/>
<CountryName>United States</CountryName>
<StateName>Florida</StateName>
<StateCode>FL</StateCode>
<CONGRESSDISTRICT>27</CONGRESSDISTRICT>
<CONGRESS_DISTRICT_ORG>FL27</CONGRESS_DISTRICT_ORG>
<ORG_UEI_NUM>SJ72FRUKYQH4</ORG_UEI_NUM>
<ORG_LGL_BUS_NAME>MIAMI-DADE COLLEGE</ORG_LGL_BUS_NAME>
<ORG_PRNT_UEI_NUM/>
</Institution>
<Performance_Institution>
<Name><![CDATA[Miami Dade College Wolfson Campus]]></Name>
<CityName>Miami</CityName>
<StateCode>FL</StateCode>
<ZipCode>331322204</ZipCode>
<StreetAddress><![CDATA[300 NE 2nd Ave.]]></StreetAddress>
<CountryCode>US</CountryCode>
<CountryName>United States</CountryName>
<StateName>Florida</StateName>
<CountryFlag>1</CountryFlag>
<CONGRESSDISTRICT>27</CONGRESSDISTRICT>
<CONGRESS_DISTRICT_PERF>FL27</CONGRESS_DISTRICT_PERF>
</Performance_Institution>
<ProgramElement>
<Code>741200</Code>
<Text>Advanced Tech Education Prog</Text>
</ProgramElement>
<ProgramReference>
<Code>1032</Code>
<Text>ADVANCED TECHNOLOGY EDUCATION</Text>
</ProgramReference>
<ProgramReference>
<Code>9178</Code>
<Text>UNDERGRADUATE EDUCATION</Text>
</ProgramReference>
<ProgramReference>
<Code>SMET</Code>
<Text>SCIENCE, MATH, ENG &amp; TECH EDUCATION</Text>
</ProgramReference>
<Appropriation>
<Code>0420</Code>
<Name>NSF Education &amp; Human Resource</Name>
<APP_SYMB_ID>040106</APP_SYMB_ID>
</Appropriation>
<Fund>
<Code>04002021DB</Code>
<Name><![CDATA[NSF Education & Human Resource]]></Name>
<FUND_SYMB_ID>040106</FUND_SYMB_ID>
</Fund>
<FUND_OBLG>2020~410000</FUND_OBLG>
</Award>
</rootTag>
