<?xml version="1.0" encoding="UTF-8"?>
<rootTag>
<Award>
<AwardTitle><![CDATA[Meeting the Bay Area's Electronics Technician Workforce Need]]></AwardTitle>
<AGENCY>NSF</AGENCY>
<AwardEffectiveDate>09/01/2020</AwardEffectiveDate>
<AwardExpirationDate>08/31/2025</AwardExpirationDate>
<AwardTotalIntnAmount>592538.00</AwardTotalIntnAmount>
<AwardAmount>592538</AwardAmount>
<AwardInstrument>
<Value>Standard Grant</Value>
</AwardInstrument>
<Organization>
<Code>11040100</Code>
<Directorate>
<Abbreviation>EDU</Abbreviation>
<LongName>Directorate for STEM Education</LongName>
</Directorate>
<Division>
<Abbreviation>DUE</Abbreviation>
<LongName>Division Of Undergraduate Education</LongName>
</Division>
</Organization>
<ProgramOfficer>
<SignBlockName>Paul Tymann</SignBlockName>
<PO_EMAI>ptymann@nsf.gov</PO_EMAI>
<PO_PHON>7032922832</PO_PHON>
</ProgramOfficer>
<AbstractNarration>In the Bay Area, there are currently over 10,000 job openings for electronics technicians.  In addition, the number of electronics technician jobs is projected to grow at a rate of over 20% within the next ten years.  This project aims to meet local workforce needs by developing a new engineering electronics technology program.  This program will be developed in partnership with local industry to ensure that graduates of the program have the knowledge, skills, and competencies needed to meet this critical local workforce need.  The new program has the potential to improve the capacity and quality of the electronics technician workforce in the Bay Area and to serve as a model for building new engineering technology programs. &lt;br/&gt;&lt;br/&gt;This project will adopt, adapt, and develop courses covering DC and AC circuits, math for electronics, electronics test and measurement, schematic entry, custom cabling, printed circuit board design and manufacturing, soldering and printed circuit board rework, and battery technology. The program will align with the eleven elements of high-quality Career Technical Education programs as outlined by the California Department of Education.  The project will include an intensive student support program and a funded internship and job placement program with integrated support from industry partners.  This project is funded by the Advanced Technological Education program that focuses on the education of technicians for the advanced-technology fields that drive the nation's economy.&lt;br/&gt;&lt;br/&gt;This award reflects NSF's statutory mission and has been deemed worthy of support through evaluation using the Foundation's intellectual merit and broader impacts review criteria.</AbstractNarration>
<MinAmdLetterDate>04/01/2020</MinAmdLetterDate>
<MaxAmdLetterDate>04/01/2020</MaxAmdLetterDate>
<ARRAAmount/>
<TRAN_TYPE>Grant</TRAN_TYPE>
<CFDA_NUM>47.076</CFDA_NUM>
<NSF_PAR_USE_FLAG>1</NSF_PAR_USE_FLAG>
<FUND_AGCY_CODE>4900</FUND_AGCY_CODE>
<AWDG_AGCY_CODE>4900</AWDG_AGCY_CODE>
<AwardID>2000971</AwardID>
<Investigator>
<FirstName>Jenny</FirstName>
<LastName>Le</LastName>
<PI_MID_INIT>N</PI_MID_INIT>
<PI_SUFX_NAME/>
<PI_FULL_NAME>Jenny N Le</PI_FULL_NAME>
<EmailAddress><![CDATA[lej@smccd.edu]]></EmailAddress>
<NSF_ID>000812223</NSF_ID>
<StartDate>04/01/2020</StartDate>
<EndDate/>
<RoleCode>Co-Principal Investigator</RoleCode>
</Investigator>
<Investigator>
<FirstName>Thomas</FirstName>
<LastName>McCall</LastName>
<PI_MID_INIT>B</PI_MID_INIT>
<PI_SUFX_NAME/>
<PI_FULL_NAME>Thomas B McCall</PI_FULL_NAME>
<EmailAddress><![CDATA[mccallt@smccd.edu]]></EmailAddress>
<NSF_ID>000812225</NSF_ID>
<StartDate>04/01/2020</StartDate>
<EndDate/>
<RoleCode>Co-Principal Investigator</RoleCode>
</Investigator>
<Investigator>
<FirstName>Nicholas</FirstName>
<LastName>Langhoff</LastName>
<PI_MID_INIT>P</PI_MID_INIT>
<PI_SUFX_NAME/>
<PI_FULL_NAME>Nicholas P Langhoff</PI_FULL_NAME>
<EmailAddress><![CDATA[langhoffn@smccd.edu]]></EmailAddress>
<NSF_ID>000661891</NSF_ID>
<StartDate>04/01/2020</StartDate>
<EndDate/>
<RoleCode>Principal Investigator</RoleCode>
</Investigator>
<Institution>
<Name><![CDATA[San Mateo County Community College District]]></Name>
<CityName>SAN MATEO</CityName>
<ZipCode>944023651</ZipCode>
<PhoneNumber>6503586755</PhoneNumber>
<StreetAddress><![CDATA[3401 CSM DR]]></StreetAddress>
<StreetAddress2/>
<CountryName>United States</CountryName>
<StateName>California</StateName>
<StateCode>CA</StateCode>
<CONGRESSDISTRICT>15</CONGRESSDISTRICT>
<CONGRESS_DISTRICT_ORG>CA15</CONGRESS_DISTRICT_ORG>
<ORG_UEI_NUM>QB6NNZ72CPH5</ORG_UEI_NUM>
<ORG_LGL_BUS_NAME>SAN MATEO COUNTY COMMUNITY COLLEGE DISTRICT</ORG_LGL_BUS_NAME>
<ORG_PRNT_UEI_NUM/>
</Institution>
<Performance_Institution>
<Name><![CDATA[Skyline College]]></Name>
<CityName>San Bruno</CityName>
<StateCode>CA</StateCode>
<ZipCode>940661698</ZipCode>
<StreetAddress><![CDATA[3300 College Drive, SMT Division]]></StreetAddress>
<CountryCode>US</CountryCode>
<CountryName>United States</CountryName>
<StateName>California</StateName>
<CountryFlag>1</CountryFlag>
<CONGRESSDISTRICT>15</CONGRESSDISTRICT>
<CONGRESS_DISTRICT_PERF>CA15</CONGRESS_DISTRICT_PERF>
</Performance_Institution>
<ProgramElement>
<Code>741200</Code>
<Text>Advanced Tech Education Prog</Text>
</ProgramElement>
<ProgramReference>
<Code>1032</Code>
<Text>ADVANCED TECHNOLOGY EDUCATION</Text>
</ProgramReference>
<ProgramReference>
<Code>9178</Code>
<Text>UNDERGRADUATE EDUCATION</Text>
</ProgramReference>
<ProgramReference>
<Code>SMET</Code>
<Text>SCIENCE, MATH, ENG &amp; TECH EDUCATION</Text>
</ProgramReference>
<Appropriation>
<Code>0420</Code>
<Name>NSF Education &amp; Human Resource</Name>
<APP_SYMB_ID>040106</APP_SYMB_ID>
</Appropriation>
<Fund>
<Code>04002021DB</Code>
<Name><![CDATA[NSF Education & Human Resource]]></Name>
<FUND_SYMB_ID>040106</FUND_SYMB_ID>
</Fund>
<FUND_OBLG>2020~592538</FUND_OBLG>
</Award>
</rootTag>
