<?xml version="1.0" encoding="UTF-8"?>
<rootTag>
<Award>
<AwardTitle><![CDATA[Collaborative Research: Investigating How to Better Prepare Undergraduate Students for Physics Labs that Focus on Experimental Science]]></AwardTitle>
<AGENCY>NSF</AGENCY>
<AwardEffectiveDate>10/01/2020</AwardEffectiveDate>
<AwardExpirationDate>09/30/2023</AwardExpirationDate>
<AwardTotalIntnAmount>59987.00</AwardTotalIntnAmount>
<AwardAmount>59987</AwardAmount>
<AwardInstrument>
<Value>Standard Grant</Value>
</AwardInstrument>
<Organization>
<Code>11040000</Code>
<Directorate>
<Abbreviation>EDU</Abbreviation>
<LongName>Directorate for STEM Education</LongName>
</Directorate>
<Division>
<Abbreviation>DUE</Abbreviation>
<LongName>Division Of Undergraduate Education</LongName>
</Division>
</Organization>
<ProgramOfficer>
<SignBlockName>Dawn Rickey</SignBlockName>
<PO_EMAI>drickey@nsf.gov</PO_EMAI>
<PO_PHON>7032924674</PO_PHON>
</ProgramOfficer>
<AbstractNarration>This project aims to serve the national interest by identifying strategies to support students’ understanding of experimental science. The major goal is to identify instructional strategies that better prepare undergraduate students for doing authentic scientific experimentation in physics labs. Traditional laboratory exercises have trained students to view instructional laboratories as places to do rote procedures that lead to known results. This project will probe how to help students reframe their expectations so that they consider physics labs as places to engage in scientific experiementation.  Specifically, this project intends to identify strategies that help students think of physics labs as places where they will design their own experiments and draw their own conclusions from the data they collect. By working across multiple institutions, the project will provide many examples of students’ authentic science laboratory activities, as well an extensive database of students' work and engagement. The latter will document the rich diversity of resources and experiences students bring from their diverse backgrounds to their science laboratory work.&lt;br/&gt; &lt;br/&gt;This project aims to understand student experiences in non-traditional science labs, specifically physics, through the theoretical lens of framing. A person's frame is defined here as a stable (either local or more global) set of expectations about the activity taking place. Prior literature suggests that small things can influence the ways students frame an instructional activity, which in turn can have a large impact on student learning. This research project is designed to (a) identify the various ways students frame activities in a diverse set of non-traditional labs, (b) identify ways students shift or change how they frame lab activities, and (c) formulate testable predictions for ways to help students develop stable, productive frames for experimental science. This project is supported by the EHR Core Research program, which supports work that advances fundamental research on STEM learning and learning environments, broadening participation in STEM, and STEM workforce development.&lt;br/&gt;&lt;br/&gt;This award reflects NSF's statutory mission and has been deemed worthy of support through evaluation using the Foundation's intellectual merit and broader impacts review criteria.</AbstractNarration>
<MinAmdLetterDate>08/04/2020</MinAmdLetterDate>
<MaxAmdLetterDate>08/04/2020</MaxAmdLetterDate>
<ARRAAmount/>
<TRAN_TYPE>Grant</TRAN_TYPE>
<CFDA_NUM>47.076</CFDA_NUM>
<NSF_PAR_USE_FLAG>1</NSF_PAR_USE_FLAG>
<FUND_AGCY_CODE>4900</FUND_AGCY_CODE>
<AWDG_AGCY_CODE>4900</AWDG_AGCY_CODE>
<AwardID>2000711</AwardID>
<Investigator>
<FirstName>Rachel</FirstName>
<LastName>Scherr</LastName>
<PI_MID_INIT>E</PI_MID_INIT>
<PI_SUFX_NAME/>
<PI_FULL_NAME>Rachel E Scherr</PI_FULL_NAME>
<EmailAddress><![CDATA[rescherr@uw.edu]]></EmailAddress>
<NSF_ID>000624253</NSF_ID>
<StartDate>08/04/2020</StartDate>
<EndDate/>
<RoleCode>Principal Investigator</RoleCode>
</Investigator>
<Institution>
<Name><![CDATA[University of Washington]]></Name>
<CityName>SEATTLE</CityName>
<ZipCode>981951016</ZipCode>
<PhoneNumber>2065434043</PhoneNumber>
<StreetAddress><![CDATA[4333 BROOKLYN AVE NE]]></StreetAddress>
<StreetAddress2/>
<CountryName>United States</CountryName>
<StateName>Washington</StateName>
<StateCode>WA</StateCode>
<CONGRESSDISTRICT>07</CONGRESSDISTRICT>
<CONGRESS_DISTRICT_ORG>WA07</CONGRESS_DISTRICT_ORG>
<ORG_UEI_NUM>HD1WMN6945W6</ORG_UEI_NUM>
<ORG_LGL_BUS_NAME>UNIVERSITY OF WASHINGTON</ORG_LGL_BUS_NAME>
<ORG_PRNT_UEI_NUM/>
</Institution>
<Performance_Institution>
<Name><![CDATA[University of Washington, Bothell]]></Name>
<CityName>Bothell</CityName>
<StateCode>WA</StateCode>
<ZipCode>980118246</ZipCode>
<StreetAddress><![CDATA[18115 Campus Way NE, Box 358538]]></StreetAddress>
<CountryCode>US</CountryCode>
<CountryName>United States</CountryName>
<StateName>Washington</StateName>
<CountryFlag>1</CountryFlag>
<CONGRESSDISTRICT>01</CONGRESSDISTRICT>
<CONGRESS_DISTRICT_PERF>WA01</CONGRESS_DISTRICT_PERF>
</Performance_Institution>
<ProgramElement>
<Code>798000</Code>
<Text>ECR-EDU Core Research</Text>
</ProgramElement>
<ProgramReference>
<Code>8817</Code>
<Text>STEM Learning &amp; Learning Environments</Text>
</ProgramReference>
<Appropriation>
<Code>0420</Code>
<Name>NSF Education &amp; Human Resource</Name>
<APP_SYMB_ID>040106</APP_SYMB_ID>
</Appropriation>
<Fund>
<Code>04002021DB</Code>
<Name><![CDATA[NSF Education & Human Resource]]></Name>
<FUND_SYMB_ID>040106</FUND_SYMB_ID>
</Fund>
<FUND_OBLG>2020~59987</FUND_OBLG>
<POR>
<DRECONTENT><![CDATA[<div class="porColContainerWBG"> <div class="porContentCol"><div class="OutlineElement Ltr SCXW99645546 BCX0"> <p class="Paragraph SCXW99645546 BCX0"><span class="TextRun SCXW99645546 BCX0" lang="EN-US" xml:lang="EN-US"><span class="NormalTextRun SCXW99645546 BCX0">This project aim</span><span class="NormalTextRun SCXW99645546 BCX0">ed</span><span class="NormalTextRun SCXW99645546 BCX0"> to serve the national interest by identifying strategies to better prepare</span><span class="NormalTextRun SCXW99645546 BCX0"> </span><span class="NormalTextRun SCXW99645546 BCX0">science students to do original research. Too often, traditional laboratory exercises have</span><span class="NormalTextRun SCXW99645546 BCX0"> </span><span class="NormalTextRun SCXW99645546 BCX0">trained students to expect to follow rote procedures and confirm known results. This project</span><span class="NormalTextRun SCXW99645546 BCX0"> explored how to support</span><span class="NormalTextRun SCXW99645546 BCX0"> students to learn and to use practices of authentic scientific research in instructional</span><span class="NormalTextRun SCXW99645546 BCX0"> </span><span class="NormalTextRun SCXW99645546 BCX0">laboratories</span><span class="NormalTextRun SCXW99645546 BCX0">.</span><span class="NormalTextRun SCXW99645546 BCX0"> By documenting and analyzing students' expectations across multiple institutions, this</span><span class="NormalTextRun SCXW99645546 BCX0"> </span><span class="NormalTextRun SCXW99645546 BCX0">project provide</span><span class="NormalTextRun SCXW99645546 BCX0">d</span><span class="NormalTextRun SCXW99645546 BCX0"> many examples of successful authentic science lab activities, as well as an</span><span class="NormalTextRun SCXW99645546 BCX0"> </span><span class="NormalTextRun SCXW99645546 BCX0">extensive database of students' work and engagement.&nbsp;</span></span><span class="EOP SCXW99645546 BCX0">&nbsp;</span></p> </div> <div class="OutlineElement Ltr SCXW99645546 BCX0"> <p class="Paragraph SCXW99645546 BCX0"><span class="TextRun SCXW99645546 BCX0" lang="EN-US" xml:lang="EN-US"><span class="NormalTextRun SCXW99645546 BCX0">This project </span><span class="NormalTextRun SCXW99645546 BCX0">evaluated</span><span class="NormalTextRun SCXW99645546 BCX0"> student experiences in non-traditional science labs, specifically</span><span class="NormalTextRun SCXW99645546 BCX0"> </span><span class="NormalTextRun SCXW99645546 BCX0">physics, through the theoretical lens of framing. Framing here means forming a sense of what is</span><span class="NormalTextRun SCXW99645546 BCX0"> </span><span class="NormalTextRun SCXW99645546 BCX0">taking place in some situation; a frame is a stable set of expectations based on past</span><span class="NormalTextRun SCXW99645546 BCX0"> </span><span class="NormalTextRun SCXW99645546 BCX0">experiences. Students&rsquo; past experiences of labs designed to guide them toward predetermined</span><span class="NormalTextRun SCXW99645546 BCX0"> </span><span class="NormalTextRun SCXW99645546 BCX0">results, for example, can structure their expectations for their next labs. Prior research suggests</span><span class="NormalTextRun SCXW99645546 BCX0"> </span><span class="NormalTextRun SCXW99645546 BCX0">that the ways students frame an </span><span class="NormalTextRun SCXW99645546 BCX0">instructional activity impact</span><span class="NormalTextRun SCXW99645546 BCX0"> how they behave and how they</span><span class="NormalTextRun SCXW99645546 BCX0"> </span><span class="NormalTextRun SCXW99645546 BCX0">learn.&nbsp;</span></span><span class="EOP SCXW99645546 BCX0">&nbsp;</span></p> </div> <div class="OutlineElement Ltr SCXW99645546 BCX0"> <p class="Paragraph SCXW99645546 BCX0"><span class="TextRun SCXW99645546 BCX0" lang="EN-US" xml:lang="EN-US"><span class="NormalTextRun SCXW99645546 BCX0">W</span><span class="NormalTextRun SCXW99645546 BCX0">e </span><span class="NormalTextRun SCXW99645546 BCX0">identified</span><span class="NormalTextRun SCXW99645546 BCX0"> several </span><span class="NormalTextRun SCXW99645546 BCX0">frames that students exhibit in their introductory physics labs, defined by the types of experimental predictions they hold and their sense of epistemic agency (authority to generate knowledge through their investigations):</span></span><span class="EOP SCXW99645546 BCX0">&nbsp;</span></p> </div> <div class="OutlineElement Ltr SCXW99645546 BCX0"> <p class="Paragraph SCXW99645546 BCX0"><span class="TextRun SCXW99645546 BCX0" lang="EN-US" xml:lang="EN-US"><span class="NormalTextRun SCXW99645546 BCX0">&bull; Hoops &mdash; student</span><span class="NormalTextRun SCXW99645546 BCX0">s</span><span class="NormalTextRun SCXW99645546 BCX0"> expect that they must satisfy a sequence of required steps,</span></span><span class="EOP SCXW99645546 BCX0">&nbsp;</span></p> </div> <div class="OutlineElement Ltr SCXW99645546 BCX0"> <p class="Paragraph SCXW99645546 BCX0"><span class="TextRun SCXW99645546 BCX0" lang="EN-US" xml:lang="EN-US"><span class="NormalTextRun SCXW99645546 BCX0">mandated by authority (i.e., jump through a set of hoops)</span><span class="NormalTextRun SCXW99645546 BCX0">, with no articulated experimental prediction and low epistemic agency</span><span class="NormalTextRun SCXW99645546 BCX0">;</span></span><span class="EOP SCXW99645546 BCX0">&nbsp;</span></p> </div> <div class="OutlineElement Ltr SCXW99645546 BCX0"> <p class="Paragraph SCXW99645546 BCX0"><span class="TextRun SCXW99645546 BCX0" lang="EN-US" xml:lang="EN-US"><span class="NormalTextRun SCXW99645546 BCX0">&bull; </span><span class="NormalTextRun SCXW99645546 BCX0">Low Agency-</span><span class="NormalTextRun SCXW99645546 BCX0">Confirmation &mdash; students</span><span class="NormalTextRun SCXW99645546 BCX0"> </span><span class="NormalTextRun SCXW99645546 BCX0">expect that the </span><span class="NormalTextRun SCXW99645546 BCX0">experiment</span><span class="NormalTextRun SCXW99645546 BCX0"> will confirm </span><span class="NormalTextRun SCXW99645546 BCX0">(or prove) </span><span class="NormalTextRun SCXW99645546 BCX0">a</span><span class="NormalTextRun SCXW99645546 BCX0"> predicted r</span><span class="NormalTextRun SCXW99645546 BCX0">esult</span><span class="NormalTextRun SCXW99645546 BCX0"> that they explicitly articulate and indicate low epistemic agency</span><span class="NormalTextRun SCXW99645546 BCX0">;</span></span><span class="EOP SCXW99645546 BCX0">&nbsp;</span></p> </div> <div class="OutlineElement Ltr SCXW99645546 BCX0"> <p class="Paragraph SCXW99645546 BCX0"><span class="TextRun SCXW99645546 BCX0" lang="EN-US" xml:lang="EN-US"><span class="NormalTextRun SCXW99645546 BCX0">&bull; Low Agency-</span><span class="NormalTextRun SCXW99645546 BCX0">Falsification</span><span class="NormalTextRun SCXW99645546 BCX0"> &mdash; students expect that the experiment will </span><span class="NormalTextRun SCXW99645546 BCX0">falsify (or disprove)</span><span class="NormalTextRun SCXW99645546 BCX0"> a </span><span class="NormalTextRun SCXW99645546 BCX0">predicted </span><span class="NormalTextRun SCXW99645546 BCX0">result that they explicitly articulate and indicate low epistemic agency;</span></span><span class="EOP SCXW99645546 BCX0">&nbsp;</span></p> </div> <div class="OutlineElement Ltr SCXW99645546 BCX0"> <p class="Paragraph SCXW99645546 BCX0"><span class="TextRun SCXW99645546 BCX0" lang="EN-US" xml:lang="EN-US"><span class="NormalTextRun SCXW99645546 BCX0">&bull; </span><span class="NormalTextRun SCXW99645546 BCX0">High</span><span class="NormalTextRun SCXW99645546 BCX0"> Agency-Confirmation &mdash; students expect that the experiment will confirm </span><span class="NormalTextRun SCXW99645546 BCX0">(or prove) a predicted </span><span class="NormalTextRun SCXW99645546 BCX0">result that they explicitly articulate</span><span class="NormalTextRun SCXW99645546 BCX0">, but </span><span class="NormalTextRun SCXW99645546 BCX0">indicate </span><span class="NormalTextRun SCXW99645546 BCX0">higher</span><span class="NormalTextRun SCXW99645546 BCX0"> epistemic agency</span><span class="NormalTextRun SCXW99645546 BCX0">, such as to obtain a different result</span><span class="NormalTextRun SCXW99645546 BCX0">;</span></span><span class="EOP SCXW99645546 BCX0">&nbsp;</span></p> </div> <div class="OutlineElement Ltr SCXW99645546 BCX0"> <p class="Paragraph SCXW99645546 BCX0"><span class="TextRun SCXW99645546 BCX0" lang="EN-US" xml:lang="EN-US"><span class="NormalTextRun SCXW99645546 BCX0">&bull; High Agency-</span><span class="NormalTextRun SCXW99645546 BCX0">Falsification</span><span class="NormalTextRun SCXW99645546 BCX0"> &mdash; students expect that the experiment will </span><span class="NormalTextRun SCXW99645546 BCX0">falsify</span><span class="NormalTextRun SCXW99645546 BCX0"> (or </span><span class="NormalTextRun SCXW99645546 BCX0">dis</span><span class="NormalTextRun SCXW99645546 BCX0">prove) a predicted result that they explicitly articulate, but indicate higher epistemic agency, such as to obtain a different result;</span></span><span class="EOP SCXW99645546 BCX0">&nbsp;</span></p> </div> <div class="OutlineElement Ltr SCXW99645546 BCX0"> <p class="Paragraph SCXW99645546 BCX0"><span class="TextRun SCXW99645546 BCX0" lang="EN-US" xml:lang="EN-US"><span class="NormalTextRun SCXW99645546 BCX0">&bull; </span><span class="NormalTextRun SCXW99645546 BCX0">Discovery</span><span class="NormalTextRun SCXW99645546 BCX0"> &mdash; students expect</span><span class="NormalTextRun SCXW99645546 BCX0"> that the </span><span class="NormalTextRun SCXW99645546 BCX0">experiment</span><span class="NormalTextRun SCXW99645546 BCX0"> will generate some result, with no articulated experimental prediction and high epistemic agency to generate their own conclusions.</span></span><span class="EOP SCXW99645546 BCX0">&nbsp;</span></p> </div> <div class="OutlineElement Ltr SCXW99645546 BCX0"> <p class="Paragraph SCXW99645546 BCX0"><span class="TextRun SCXW99645546 BCX0" lang="EN-US" xml:lang="EN-US">Students&rsquo; behaviors associated with these frames indicated that the high agency frames were most often associated with productive scientific practices (such as forming conclusions based on data rather than external authority and conducting follow-up investigations to explore results). Furthermore, epistemic agency, rather than experimental predictions, was more indicative of productive scientific practices. For example, students exhibiting confirmation framings could still engage in productive problem solving and troubleshooting when results disagreed with their expectations.</span><span class="EOP SCXW99645546 BCX0">&nbsp;</span></p> </div> <div class="OutlineElement Ltr SCXW99645546 BCX0"> <p class="Paragraph SCXW99645546 BCX0"><span class="TextRun SCXW99645546 BCX0" lang="EN-US" xml:lang="EN-US"><span class="NormalTextRun SCXW99645546 BCX0">The research</span><span class="NormalTextRun SCXW99645546 BCX0"> also evaluated</span><span class="NormalTextRun SCXW99645546 BCX0"> ways students shift or change how they frame lab activities</span><span class="NormalTextRun SCXW99645546 BCX0"> and how instructors can successfully (and unsuccessfully) support such shifts. The analysis found that </span><span class="NormalTextRun SCXW99645546 BCX0">students had an easier time shifting their experimental predictions than their epistemic agency in response to instructor bids to shift frames. The results provide </span><span class="NormalTextRun SCXW99645546 BCX0">testable predictions for ways</span><span class="NormalTextRun SCXW99645546 BCX0"> instructors can</span><span class="NormalTextRun SCXW99645546 BCX0"> help students develop stable, productive frames</span><span class="NormalTextRun SCXW99645546 BCX0"> </span><span class="NormalTextRun SCXW99645546 BCX0">for experimental science.</span></span><span class="EOP SCXW99645546 BCX0">&nbsp;</span></p> </div><br> <p>            Last Modified: 10/19/2023<br>      Modified by: Rachel&nbsp;E&nbsp;Scherr</p> </div> <div class="porSideCol"></div> </div>]]></DRECONTENT>
<POR_COPY_TXT><![CDATA[ This project aimed to serve the national interest by identifying strategies to better prepare science students to do original research. Too often, traditional laboratory exercises have trained students to expect to follow rote procedures and confirm known results. This project explored how to support students to learn and to use practices of authentic scientific research in instructional laboratories. By documenting and analyzing students' expectations across multiple institutions, this project provided many examples of successful authentic science lab activities, as well as an extensive database of students' work and engagement.     This project evaluated student experiences in non-traditional science labs, specifically physics, through the theoretical lens of framing. Framing here means forming a sense of what is taking place in some situation; a frame is a stable set of expectations based on past experiences. Students’ past experiences of labs designed to guide them toward predetermined results, for example, can structure their expectations for their next labs. Prior research suggests that the ways students frame an instructional activity impact how they behave and how they learn.     We identified several frames that students exhibit in their introductory physics labs, defined by the types of experimental predictions they hold and their sense of epistemic agency (authority to generate knowledge through their investigations):    &bull; Hoops &mdash; students expect that they must satisfy a sequence of required steps,    mandated by authority (i.e., jump through a set of hoops), with no articulated experimental prediction and low epistemic agency;    &bull; Low Agency-Confirmation &mdash; students expect that the experiment will confirm (or prove) a predicted result that they explicitly articulate and indicate low epistemic agency;    &bull; Low Agency-Falsification &mdash; students expect that the experiment will falsify (or disprove) a predicted result that they explicitly articulate and indicate low epistemic agency;    &bull; High Agency-Confirmation &mdash; students expect that the experiment will confirm (or prove) a predicted result that they explicitly articulate, but indicate higher epistemic agency, such as to obtain a different result;    &bull; High Agency-Falsification &mdash; students expect that the experiment will falsify (or disprove) a predicted result that they explicitly articulate, but indicate higher epistemic agency, such as to obtain a different result;    &bull; Discovery &mdash; students expect that the experiment will generate some result, with no articulated experimental prediction and high epistemic agency to generate their own conclusions.    Students’ behaviors associated with these frames indicated that the high agency frames were most often associated with productive scientific practices (such as forming conclusions based on data rather than external authority and conducting follow-up investigations to explore results). Furthermore, epistemic agency, rather than experimental predictions, was more indicative of productive scientific practices. For example, students exhibiting confirmation framings could still engage in productive problem solving and troubleshooting when results disagreed with their expectations.    The research also evaluated ways students shift or change how they frame lab activities and how instructors can successfully (and unsuccessfully) support such shifts. The analysis found that students had an easier time shifting their experimental predictions than their epistemic agency in response to instructor bids to shift frames. The results provide testable predictions for ways instructors can help students develop stable, productive frames for experimental science.         Last Modified: 10/19/2023       Submitted by: Rachel E Scherr]]></POR_COPY_TXT>
</POR>
</Award>
</rootTag>
