<?xml version="1.0" encoding="UTF-8"?>
<rootTag>
<Award>
<AwardTitle><![CDATA[Teachers as learners of equitable discussion practices]]></AwardTitle>
<AGENCY>NSF</AGENCY>
<AwardEffectiveDate>07/01/2020</AwardEffectiveDate>
<AwardExpirationDate>06/30/2025</AwardExpirationDate>
<AwardTotalIntnAmount>2498566.00</AwardTotalIntnAmount>
<AwardAmount>2498566</AwardAmount>
<AwardInstrument>
<Value>Continuing Grant</Value>
</AwardInstrument>
<Organization>
<Code>11090000</Code>
<Directorate>
<Abbreviation>EDU</Abbreviation>
<LongName>Directorate for STEM Education</LongName>
</Directorate>
<Division>
<Abbreviation>DRL</Abbreviation>
<LongName>Division Of Research On Learning</LongName>
</Division>
</Organization>
<ProgramOfficer>
<SignBlockName>Eric Knuth</SignBlockName>
<PO_EMAI>eknuth@nsf.gov</PO_EMAI>
<PO_PHON>7032928402</PO_PHON>
</ProgramOfficer>
<AbstractNarration>Growing evidence about the powerful effects of skillful teaching on students’ learning creates a need for professional development that impacts teachers’ actual practice. Teaching practices have been shown to play a crucial role in the reproduction or disruption of injustice. This project aims to create opportunities for teachers to notice and understand how normalized practice often reproduces inequity and learn ways to disrupt typical patterns of inequity in their classroom. The project will design and study professional development that works on practice centered on the disruption of patterns of injustice. This project focuses on classroom discussions because they can be a key site for either reproducing or disrupting inequities and they have been established as a powerful instructional practice. In addition to studying the impact of the professional development on teachers’ teaching skill, the project also explores teachers’ perceptions of their learning, influences on teachers’ professional learning, and the impact of a mathematics-focused professional development versus a generalized focus on teaching practice and perception of learning. The project will generate new knowledge regarding ways in which elementary mathematics teachers can be supported to learn effective teaching practices. &lt;br/&gt;&lt;br/&gt;Teachers benefit from professional development that addresses both the technical and contextual aspects of teaching practice, including the identities of their students and associated patterns of inequity in schools and society. This research will examine how elementary teachers’ perceptions of professional learning and influences on such learning in combination with professional development on leading discussions, impact their skill with and willingness to take up teaching that disrupts patterns of inequity in classrooms. In terms of influences on teachers’ professional learning, the project will address teachers’ beliefs about students and learning, their understanding of the pervasiveness of inequity in normalized practice, contextual factors such as their relationship with administration or their status in the school community, and their readiness for, skill with, and implementation of the practice upon beginning the professional learning. The studies will examine: (1) What are teachers’ perceptions of their own learning, discussion-leading practice, and attention to disrupting inequity? How well matched are these perceptions with external measures? What supports do teachers perceive as impacting their learning? How does principal selection criteria and communication with teachers about their selection impact teachers’ perceptions and engagement? (2) In what ways does professional development on leading discussions combined with peer and coach support impact teachers’ skill and willingness to engage in that teaching practice including disrupting patterns of inequity? (3) Does a mathematics focus produce different outcomes than a generalized focus for teaching practice or perception of learning? The project will collect and analyze several types of data, including measures of skill with leading mathematics and literacy discussions, teacher perceptions, and willingness and skill with disrupting patterns of inequity during discussions. This project will contribute foundational knowledge and theory related to (a) teachers’ perceptions of and influences on their learning to lead discussions with attention to disrupting inequity, (b) components of professional development that impact teaching practice, and c) how subject matter specificity effects these first two areas.&lt;br/&gt;&lt;br/&gt;This award reflects NSF's statutory mission and has been deemed worthy of support through evaluation using the Foundation's intellectual merit and broader impacts review criteria.</AbstractNarration>
<MinAmdLetterDate>04/24/2020</MinAmdLetterDate>
<MaxAmdLetterDate>09/22/2023</MaxAmdLetterDate>
<ARRAAmount/>
<TRAN_TYPE>Grant</TRAN_TYPE>
<CFDA_NUM>47.076</CFDA_NUM>
<NSF_PAR_USE_FLAG>1</NSF_PAR_USE_FLAG>
<FUND_AGCY_CODE>4900</FUND_AGCY_CODE>
<AWDG_AGCY_CODE>4900</AWDG_AGCY_CODE>
<AwardID>2000189</AwardID>
<Investigator>
<FirstName>Deborah</FirstName>
<LastName>Ball</LastName>
<PI_MID_INIT>L</PI_MID_INIT>
<PI_SUFX_NAME/>
<PI_FULL_NAME>Deborah L Ball</PI_FULL_NAME>
<EmailAddress><![CDATA[dball@umich.edu]]></EmailAddress>
<NSF_ID>000091275</NSF_ID>
<StartDate>04/24/2020</StartDate>
<EndDate>05/07/2021</EndDate>
<RoleCode>Former Co-Principal Investigator</RoleCode>
</Investigator>
<Investigator>
<FirstName>Deborah</FirstName>
<LastName>Ball</LastName>
<PI_MID_INIT>L</PI_MID_INIT>
<PI_SUFX_NAME/>
<PI_FULL_NAME>Deborah L Ball</PI_FULL_NAME>
<EmailAddress><![CDATA[dball@umich.edu]]></EmailAddress>
<NSF_ID>000091275</NSF_ID>
<StartDate>05/07/2021</StartDate>
<EndDate/>
<RoleCode>Principal Investigator</RoleCode>
</Investigator>
<Investigator>
<FirstName>Leslie</FirstName>
<LastName>Herrenkohl</LastName>
<PI_MID_INIT>R</PI_MID_INIT>
<PI_SUFX_NAME/>
<PI_FULL_NAME>Leslie R Herrenkohl</PI_FULL_NAME>
<EmailAddress><![CDATA[leslierh@umich.edu]]></EmailAddress>
<NSF_ID>000180654</NSF_ID>
<StartDate>04/24/2020</StartDate>
<EndDate/>
<RoleCode>Co-Principal Investigator</RoleCode>
</Investigator>
<Investigator>
<FirstName>Meghan</FirstName>
<LastName>Shaughnessy</LastName>
<PI_MID_INIT/>
<PI_SUFX_NAME/>
<PI_FULL_NAME>Meghan Shaughnessy</PI_FULL_NAME>
<EmailAddress><![CDATA[mshaugh@bu.edu]]></EmailAddress>
<NSF_ID>000635758</NSF_ID>
<StartDate>04/24/2020</StartDate>
<EndDate>05/07/2021</EndDate>
<RoleCode>Former Principal Investigator</RoleCode>
</Investigator>
<Investigator>
<FirstName>Meghan</FirstName>
<LastName>Shaughnessy</LastName>
<PI_MID_INIT/>
<PI_SUFX_NAME/>
<PI_FULL_NAME>Meghan Shaughnessy</PI_FULL_NAME>
<EmailAddress><![CDATA[mshaugh@bu.edu]]></EmailAddress>
<NSF_ID>000635758</NSF_ID>
<StartDate>05/07/2021</StartDate>
<EndDate/>
<RoleCode>Co-Principal Investigator</RoleCode>
</Investigator>
<Investigator>
<FirstName>Nicole</FirstName>
<LastName>Garcia</LastName>
<PI_MID_INIT>M</PI_MID_INIT>
<PI_SUFX_NAME/>
<PI_FULL_NAME>Nicole M Garcia</PI_FULL_NAME>
<EmailAddress><![CDATA[nmgarcia@umich.edu]]></EmailAddress>
<NSF_ID>000713330</NSF_ID>
<StartDate>04/24/2020</StartDate>
<EndDate/>
<RoleCode>Co-Principal Investigator</RoleCode>
</Investigator>
<Institution>
<Name><![CDATA[Regents of the University of Michigan - Ann Arbor]]></Name>
<CityName>ANN ARBOR</CityName>
<ZipCode>481091079</ZipCode>
<PhoneNumber>7347636438</PhoneNumber>
<StreetAddress><![CDATA[1109 GEDDES AVE, SUITE 3300]]></StreetAddress>
<StreetAddress2/>
<CountryName>United States</CountryName>
<StateName>Michigan</StateName>
<StateCode>MI</StateCode>
<CONGRESSDISTRICT>06</CONGRESSDISTRICT>
<CONGRESS_DISTRICT_ORG>MI06</CONGRESS_DISTRICT_ORG>
<ORG_UEI_NUM>GNJ7BBP73WE9</ORG_UEI_NUM>
<ORG_LGL_BUS_NAME>REGENTS OF THE UNIVERSITY OF MICHIGAN</ORG_LGL_BUS_NAME>
<ORG_PRNT_UEI_NUM/>
</Institution>
<Performance_Institution>
<Name><![CDATA[University of Michigan Ann Arbor]]></Name>
<CityName>Ann Arbor</CityName>
<StateCode>MI</StateCode>
<ZipCode>481091274</ZipCode>
<StreetAddress><![CDATA[3003 South State St.]]></StreetAddress>
<CountryCode>US</CountryCode>
<CountryName>United States</CountryName>
<StateName>Michigan</StateName>
<CountryFlag>1</CountryFlag>
<CONGRESSDISTRICT>06</CONGRESSDISTRICT>
<CONGRESS_DISTRICT_PERF>MI06</CONGRESS_DISTRICT_PERF>
</Performance_Institution>
<ProgramElement>
<Code>798000</Code>
<Text>ECR-EDU Core Research</Text>
</ProgramElement>
<ProgramReference>
<Code>8817</Code>
<Text>STEM Learning &amp; Learning Environments</Text>
</ProgramReference>
<Appropriation>
<Code/>
<Name/>
<APP_SYMB_ID/>
</Appropriation>
<Appropriation>
<Code/>
<Name/>
<APP_SYMB_ID/>
</Appropriation>
<Appropriation>
<Code/>
<Name/>
<APP_SYMB_ID/>
</Appropriation>
<Appropriation>
<Code/>
<Name/>
<APP_SYMB_ID/>
</Appropriation>
<Fund>
<Code>04002021DB</Code>
<Name><![CDATA[NSF Education & Human Resource]]></Name>
<FUND_SYMB_ID>040106</FUND_SYMB_ID>
</Fund>
<Fund>
<Code>04002122DB</Code>
<Name><![CDATA[NSF Education & Human Resource]]></Name>
<FUND_SYMB_ID>040106</FUND_SYMB_ID>
</Fund>
<Fund>
<Code>04002324DB</Code>
<Name><![CDATA[NSF STEM Education]]></Name>
<FUND_SYMB_ID>040106</FUND_SYMB_ID>
</Fund>
<Fund>
<Code>04002223DB</Code>
<Name><![CDATA[NSF Education & Human Resource]]></Name>
<FUND_SYMB_ID>040106</FUND_SYMB_ID>
</Fund>
<FUND_OBLG>2020~521173</FUND_OBLG>
<FUND_OBLG>2021~597412</FUND_OBLG>
<FUND_OBLG>2022~652668</FUND_OBLG>
<FUND_OBLG>2023~727313</FUND_OBLG>
</Award>
</rootTag>
