<?xml version="1.0" encoding="UTF-8"?>
<rootTag>
<Award>
<AwardTitle><![CDATA[Strengthening Middle School Mathematical Argumentation through Teacher Coaching: Bridging from Professional Development to Classroom Practice]]></AwardTitle>
<AGENCY>NSF</AGENCY>
<AwardEffectiveDate>08/19/2019</AwardEffectiveDate>
<AwardExpirationDate>06/30/2025</AwardExpirationDate>
<AwardTotalIntnAmount>2999775.00</AwardTotalIntnAmount>
<AwardAmount>2999775</AwardAmount>
<AwardInstrument>
<Value>Continuing Grant</Value>
</AwardInstrument>
<Organization>
<Code>11090000</Code>
<Directorate>
<Abbreviation>EDU</Abbreviation>
<LongName>Directorate for STEM Education</LongName>
</Directorate>
<Division>
<Abbreviation>DRL</Abbreviation>
<LongName>Division Of Research On Learning</LongName>
</Division>
</Organization>
<ProgramOfficer>
<SignBlockName>Melissa J. Luna</SignBlockName>
<PO_EMAI>mjluna@nsf.gov</PO_EMAI>
<PO_PHON>7032928288</PO_PHON>
</ProgramOfficer>
<AbstractNarration>The Bridging Professional Development project is a professional learning experience for middle school teachers to support them in developing five mathematical practices in their teaching focused on mathematical argumentation. These practices are: create mathematical arguments, use appropriate tools strategically, look for and make use of structure, attend to precision, and look for and express regularity in repeated reasoning.   Mathematics argumentation is an important component of complex problem solving and supporting students in understanding the why, not just the how, of mathematics. The professional development intervention consists of summer workshop focused on approximations of teaching practice, and coaching during the school year.  The coaching component includes face-to-face coaching and a video-based tool that allows teachers and coaches to engage with records of classroom interactions. The project expands the successful Bridging professional development work by adding four additional mathematical practices that relate to argumentation, adding the coaching component, collecting data on students' equitable participation in classroom discussions, and piloting an impact study to determine whether the professional development that includes coaching leads to improved mathematics teaching and learning, and the mechanisms by which that hypothesized improvement occurs.&lt;br/&gt;&lt;br/&gt;The Bridging series of professional development projects are built on a theoretical framework that begins with providing teachers with opportunities to engage in meaningful mathematics teaching practices, identify teaching moves that would support students in learning those practices, and to try out those moves with other teachers in approximations of teaching practice. The outcomes of such activity are increased teacher knowledge that can be mobilized in the planning and enactment of lessons, and improved pedagogical moves in the classroom.  This in turn is likely to lead to increased student engagement and mathematics achievement.  In this award, Bridging adds cycles of coaching to support teachers in translating lessons learned from approximations of practice to the work in their classrooms with students, and to provide ongoing school-year support for implementation. The research components of the project focus on understanding the practice of the coaches, including the design and deployment of coaching training and coaching sessions, as it relates to teachers' abilities to foster stronger student engagement in mathematical practices. The project will recruit 25 teachers at middle schools with experienced mathematics coaches to participate, with teachers directed to select a single focus class for data collection.  Case studies will be pursued with six teachers and three coaches that represent diverse backgrounds, experiences, and levels of prior knowledge. Video records of coaching training and sessions will be collected and analyzed, along with lessons plans and teacher-enacted lessons, to determine the influence of the coaching on practice. The study will also investigate the ways in which teacher engagement in the professional developments leads to changes in teacher practice and student outcomes.  Video records of practice, written lesson plans, student work, and interviews will be collected and analyzed to determine the impact on teaching practice.  Teachers' mathematical knowledge for teaching will also be assessed at key points in the project to assess teacher learning, and student standardized assessment scores and performance assessment outcomes will be collected to assess student learning.  &lt;br/&gt;&lt;br/&gt;The Discovery Research preK-12 program (DRK-12) seeks to significantly enhance the learning and teaching of science, technology, engineering and mathematics (STEM) by preK-12 students and teachers, through research and development of innovative resources, models and tools. Projects in the DRK-12 program build on fundamental research in STEM education and prior research and development efforts that provide theoretical and empirical justification for proposed projects.&lt;br/&gt;&lt;br/&gt;This award reflects NSF's statutory mission and has been deemed worthy of support through evaluation using the Foundation's intellectual merit and broader impacts review criteria.</AbstractNarration>
<MinAmdLetterDate>11/22/2019</MinAmdLetterDate>
<MaxAmdLetterDate>12/21/2021</MaxAmdLetterDate>
<ARRAAmount/>
<TRAN_TYPE>Grant</TRAN_TYPE>
<CFDA_NUM>47.076</CFDA_NUM>
<NSF_PAR_USE_FLAG>1</NSF_PAR_USE_FLAG>
<FUND_AGCY_CODE>4900</FUND_AGCY_CODE>
<AWDG_AGCY_CODE>4900</AWDG_AGCY_CODE>
<AwardID>2000545</AwardID>
<Investigator>
<FirstName>Jennifer</FirstName>
<LastName>Knudsen</LastName>
<PI_MID_INIT/>
<PI_SUFX_NAME/>
<PI_FULL_NAME>Jennifer Knudsen</PI_FULL_NAME>
<EmailAddress><![CDATA[jennifer_knudsen@terc.edu]]></EmailAddress>
<NSF_ID>000428221</NSF_ID>
<StartDate>04/01/2021</StartDate>
<EndDate/>
<RoleCode>Co-Principal Investigator</RoleCode>
</Investigator>
<Investigator>
<FirstName>Teresa</FirstName>
<LastName>Lara-Meloy</LastName>
<PI_MID_INIT/>
<PI_SUFX_NAME/>
<PI_FULL_NAME>Teresa Lara-Meloy</PI_FULL_NAME>
<EmailAddress><![CDATA[teresa_lara-meloy@terc.edu]]></EmailAddress>
<NSF_ID>000588636</NSF_ID>
<StartDate>11/22/2019</StartDate>
<EndDate/>
<RoleCode>Principal Investigator</RoleCode>
</Investigator>
<Investigator>
<FirstName>Shuai</FirstName>
<LastName>Wang</LastName>
<PI_MID_INIT/>
<PI_SUFX_NAME/>
<PI_FULL_NAME>Shuai Wang</PI_FULL_NAME>
<EmailAddress><![CDATA[sam.wang@sri.com]]></EmailAddress>
<NSF_ID>000789947</NSF_ID>
<StartDate>04/01/2021</StartDate>
<EndDate>12/21/2021</EndDate>
<RoleCode>Former Co-Principal Investigator</RoleCode>
</Investigator>
<Institution>
<Name><![CDATA[TERC Inc]]></Name>
<CityName>CAMBRIDGE</CityName>
<ZipCode>021401339</ZipCode>
<PhoneNumber>6178739600</PhoneNumber>
<StreetAddress><![CDATA[2067 MASSACHUSETTS AVE STE 26]]></StreetAddress>
<StreetAddress2/>
<CountryName>United States</CountryName>
<StateName>Massachusetts</StateName>
<StateCode>MA</StateCode>
<CONGRESSDISTRICT>05</CONGRESSDISTRICT>
<CONGRESS_DISTRICT_ORG>MA05</CONGRESS_DISTRICT_ORG>
<ORG_UEI_NUM>GSLCJ3M62XX1</ORG_UEI_NUM>
<ORG_LGL_BUS_NAME>TERC, INC.</ORG_LGL_BUS_NAME>
<ORG_PRNT_UEI_NUM/>
</Institution>
<Performance_Institution>
<Name><![CDATA[TERC Inc]]></Name>
<CityName>Cambridge</CityName>
<StateCode>MA</StateCode>
<ZipCode>021401339</ZipCode>
<StreetAddress><![CDATA[2067 Massachusetts Avenue]]></StreetAddress>
<CountryCode>US</CountryCode>
<CountryName>United States</CountryName>
<StateName>Massachusetts</StateName>
<CountryFlag>1</CountryFlag>
<CONGRESSDISTRICT>05</CONGRESSDISTRICT>
<CONGRESS_DISTRICT_PERF>MA05</CONGRESS_DISTRICT_PERF>
</Performance_Institution>
<ProgramElement>
<Code>764500</Code>
<Text>Discovery Research K-12</Text>
</ProgramElement>
<Appropriation>
<Code>0419</Code>
<Name>NSF Education &amp; Human Resource</Name>
<APP_SYMB_ID>040106</APP_SYMB_ID>
</Appropriation>
<Appropriation>
<Code>0421</Code>
<Name>NSF Education &amp; Human Resource</Name>
<APP_SYMB_ID>040106</APP_SYMB_ID>
</Appropriation>
<Fund>
<Code>04001920DB</Code>
<Name><![CDATA[NSF Education & Human Resource]]></Name>
<FUND_SYMB_ID>040106</FUND_SYMB_ID>
</Fund>
<Fund>
<Code>04002122DB</Code>
<Name><![CDATA[NSF Education & Human Resource]]></Name>
<FUND_SYMB_ID>040106</FUND_SYMB_ID>
</Fund>
<FUND_OBLG>2019~1490444</FUND_OBLG>
<FUND_OBLG>2021~1509331</FUND_OBLG>
</Award>
</rootTag>
