<?xml version="1.0" encoding="UTF-8"?>
<rootTag>
<Award>
<AwardTitle><![CDATA[Research Initiation Award: Nanoscale fine-tuning of porosity of NiO/carbon hollow nanocomposites templated by polymeric micelles for next generation energy storage devices]]></AwardTitle>
<AGENCY>NSF</AGENCY>
<AwardEffectiveDate>05/01/2020</AwardEffectiveDate>
<AwardExpirationDate>04/30/2025</AwardExpirationDate>
<AwardTotalIntnAmount>299999.00</AwardTotalIntnAmount>
<AwardAmount>352046</AwardAmount>
<AwardInstrument>
<Value>Standard Grant</Value>
</AwardInstrument>
<Organization>
<Code>11060000</Code>
<Directorate>
<Abbreviation>EDU</Abbreviation>
<LongName>Directorate for STEM Education</LongName>
</Directorate>
<Division>
<Abbreviation>EES</Abbreviation>
<LongName>Div. of Equity for Excellence in STEM</LongName>
</Division>
</Organization>
<ProgramOfficer>
<SignBlockName>Leroy Jones II</SignBlockName>
<PO_EMAI>ljones@nsf.gov</PO_EMAI>
<PO_PHON>7032924684</PO_PHON>
</ProgramOfficer>
<AbstractNarration>Research Initiation Awards provide support for junior and mid-career faculty at Historically Black Colleges and Universities who are building new research programs or redirecting and rebuilding existing research programs. It is expected that the award helps to further the faculty member's research capability and effectiveness, improve research and teaching at the home institution, and involves undergraduate students in research experiences. The award to North Carolina Agricultural &amp; Technical State University has potential to broaden impacts in several areas. The proposed study will develop one-pot synthetic methods that will have an impact in electrochemical energy storage. The research will result in the development of new tools and fabrication of new materials. Undergraduate students will received training in research, design, development and manufacturing of new materials for energy storage. &lt;br/&gt;&lt;br/&gt;The goal of the project is to synthesize porous hollow NiO/carbon nanocomposites for electrode materials. A bottom up sol-gel approach will be adopted in which the laboratory synthesized block copolymer and low molecular weight surfactant will be used as template and structure directing agent. The main challenge in sol-gel synthesis is the interaction of inorganic sources with polymer template. The polymeric template will be designed in such a way that it can arrest inorganic/organic source strongly. Fine-tuning of shape, size, porosity, and crystallinity of nanoporous materials will be readily achieved by changing either the template’s molecular weight or its solution properties. This research will provide a greater understanding of combination of soft and hard chemistry to design hierarchical nanoporous hollow NiO/carbon nanocomposites. The nanoporous materials will be explored as an electrode material for supercapacitors. The hollow nanospheres with an interior nickel oxide layer and an exterior carbon layer will protect each of these components from electrochemical dissolution and show improved supercapacitive performance. The project will make a significant contribution to fundamental understanding of the relationships among morphologies, pore structures, and surface atomic structures of electrode materials to enhance the electrochemical properties of energy storage devices.&lt;br/&gt;&lt;br/&gt;This award reflects NSF's statutory mission and has been deemed worthy of support through evaluation using the Foundation's intellectual merit and broader impacts review criteria.</AbstractNarration>
<MinAmdLetterDate>03/26/2020</MinAmdLetterDate>
<MaxAmdLetterDate>06/27/2022</MaxAmdLetterDate>
<ARRAAmount/>
<TRAN_TYPE>Grant</TRAN_TYPE>
<CFDA_NUM>47.076</CFDA_NUM>
<NSF_PAR_USE_FLAG>1</NSF_PAR_USE_FLAG>
<FUND_AGCY_CODE>4900</FUND_AGCY_CODE>
<AWDG_AGCY_CODE>4900</AWDG_AGCY_CODE>
<AwardID>2000310</AwardID>
<Investigator>
<FirstName>Bishnu</FirstName>
<LastName>Bastakoti</LastName>
<PI_MID_INIT>P</PI_MID_INIT>
<PI_SUFX_NAME/>
<PI_FULL_NAME>Bishnu P Bastakoti</PI_FULL_NAME>
<EmailAddress><![CDATA[bpbastakoti@ncat.edu]]></EmailAddress>
<NSF_ID>000788192</NSF_ID>
<StartDate>03/26/2020</StartDate>
<EndDate/>
<RoleCode>Principal Investigator</RoleCode>
</Investigator>
<Institution>
<Name><![CDATA[North Carolina Agricultural & Technical State University]]></Name>
<CityName>GREENSBORO</CityName>
<ZipCode>274110002</ZipCode>
<PhoneNumber>3363347995</PhoneNumber>
<StreetAddress><![CDATA[1601 E MARKET ST]]></StreetAddress>
<StreetAddress2/>
<CountryName>United States</CountryName>
<StateName>North Carolina</StateName>
<StateCode>NC</StateCode>
<CONGRESSDISTRICT>06</CONGRESSDISTRICT>
<CONGRESS_DISTRICT_ORG>NC06</CONGRESS_DISTRICT_ORG>
<ORG_UEI_NUM>SKH5GMBR9GL3</ORG_UEI_NUM>
<ORG_LGL_BUS_NAME>NORTH CAROLINA AGRICULTURAL AND TECHNICAL STATE UNIVERSITY</ORG_LGL_BUS_NAME>
<ORG_PRNT_UEI_NUM/>
</Institution>
<Performance_Institution>
<Name><![CDATA[North Carolina  A&T State University]]></Name>
<CityName>Greensboro</CityName>
<StateCode>NC</StateCode>
<ZipCode>274110001</ZipCode>
<StreetAddress><![CDATA[1601 East Market Street New Scie]]></StreetAddress>
<CountryCode>US</CountryCode>
<CountryName>United States</CountryName>
<StateName>North Carolina</StateName>
<CountryFlag>1</CountryFlag>
<CONGRESSDISTRICT>06</CONGRESSDISTRICT>
<CONGRESS_DISTRICT_PERF>NC06</CONGRESS_DISTRICT_PERF>
</Performance_Institution>
<ProgramElement>
<Code>159400</Code>
<Text>Hist Black Colleges and Univ</Text>
</ProgramElement>
<ProgramReference>
<Code>9178</Code>
<Text>UNDERGRADUATE EDUCATION</Text>
</ProgramReference>
<ProgramReference>
<Code>9264</Code>
<Text>RESEARCH INITIATION AWARD</Text>
</ProgramReference>
<Appropriation>
<Code/>
<Name/>
<APP_SYMB_ID/>
</Appropriation>
<Appropriation>
<Code>0420</Code>
<Name>NSF Education &amp; Human Resource</Name>
<APP_SYMB_ID>040106</APP_SYMB_ID>
</Appropriation>
<Fund>
<Code>04002223DB</Code>
<Name><![CDATA[NSF Education & Human Resource]]></Name>
<FUND_SYMB_ID>040106</FUND_SYMB_ID>
</Fund>
<Fund>
<Code>04002021DB</Code>
<Name><![CDATA[NSF Education & Human Resource]]></Name>
<FUND_SYMB_ID>040106</FUND_SYMB_ID>
</Fund>
<FUND_OBLG>2020~299999</FUND_OBLG>
<FUND_OBLG>2022~52047</FUND_OBLG>
</Award>
</rootTag>
