<?xml version="1.0" encoding="UTF-8"?>
<rootTag>
<Award>
<AwardTitle><![CDATA[Preparing Robotics Technicians for Industry 4.0]]></AwardTitle>
<AGENCY>NSF</AGENCY>
<AwardEffectiveDate>07/01/2020</AwardEffectiveDate>
<AwardExpirationDate>06/30/2024</AwardExpirationDate>
<AwardTotalIntnAmount>299961.00</AwardTotalIntnAmount>
<AwardAmount>299961</AwardAmount>
<AwardInstrument>
<Value>Standard Grant</Value>
</AwardInstrument>
<Organization>
<Code>11040100</Code>
<Directorate>
<Abbreviation>EDU</Abbreviation>
<LongName>Directorate for STEM Education</LongName>
</Directorate>
<Division>
<Abbreviation>DUE</Abbreviation>
<LongName>Division Of Undergraduate Education</LongName>
</Division>
</Organization>
<ProgramOfficer>
<SignBlockName>Paul Tymann</SignBlockName>
<PO_EMAI>ptymann@nsf.gov</PO_EMAI>
<PO_PHON>7032922832</PO_PHON>
</ProgramOfficer>
<AbstractNarration>The fourth Industrial Revolution, also known as Industry 4.0, is already transforming the way companies create products. One consequence of Industry 4.0 is the integration of new technologies into manufacturing processes. Examples of these technologies include the Industrial Internet of Things (IIoT), autonomous robots, and cyber-physical systems.  Given the rapidly changing tools and processes, manufacturers nationwide often struggle to find technicians with the skills needed in these new work environments. An especially critical need exists for qualified automation/robotics technicians.  This project aims to address this urgent need in advanced manufacturing by educating technicians who have mechanical skills, together with knowledge of and skills in emerging robotic technologies. Working with industry and educational partners, Stark State College plans to improve training of automation and robotics technicians who will meet current and future industry demands. Potential societal benefits of this project include an updated, industry-aligned automation/robotics curriculum; a stackable technician educational pathway with lower time to degree; development of low-cost training units that simulate advanced manufacturing environments; and a professional development model to better prepare instructors to train tomorrow's automation/robotics technicians. &lt;br/&gt;&lt;br/&gt;The goals of the project include increasing capacity to effectively train automation/robotics technicians, improving the quality of technician education by better aligning it to workforce needs, and expanding awareness of advanced manufacturing careers among high school students and thus increase participation in automation/robotics programs at both secondary and postsecondary levels. The project aims to achieve these goals by: 1) updating the automation/robotics program curriculum to include training on Industry 4.0 technologies, such as IIoT; 2) creating a new IIoT-focused educational pathway to support student recruitment and retention from high school through associate degree completion; 3) developing low-cost training units to complement the new pathway and curriculum; 4) conducting IIoT boot camps and workshops to engage high school students; and 5) providing professional development to high school and college faculty to grow teaching proficiency and encourage curriculum adoption. Project deliverables and outcomes will be disseminated through regional and national meetings, publications, and webinars or other online mechanisms. This project is funded by the Advanced Technological Education program that focuses on the education of technicians for the advanced-technology fields that drive the nation's economy.&lt;br/&gt;&lt;br/&gt;This award reflects NSF's statutory mission and has been deemed worthy of support through evaluation using the Foundation's intellectual merit and broader impacts review criteria.</AbstractNarration>
<MinAmdLetterDate>03/17/2020</MinAmdLetterDate>
<MaxAmdLetterDate>03/17/2020</MaxAmdLetterDate>
<ARRAAmount/>
<TRAN_TYPE>Grant</TRAN_TYPE>
<CFDA_NUM>47.076</CFDA_NUM>
<NSF_PAR_USE_FLAG>1</NSF_PAR_USE_FLAG>
<FUND_AGCY_CODE>4900</FUND_AGCY_CODE>
<AWDG_AGCY_CODE>4900</AWDG_AGCY_CODE>
<AwardID>2000904</AwardID>
<Investigator>
<FirstName>Richard</FirstName>
<LastName>Hartmann</LastName>
<PI_MID_INIT>L</PI_MID_INIT>
<PI_SUFX_NAME>II</PI_SUFX_NAME>
<PI_FULL_NAME>Richard L Hartmann</PI_FULL_NAME>
<EmailAddress><![CDATA[rhartmann@starkstate.edu]]></EmailAddress>
<NSF_ID>000650360</NSF_ID>
<StartDate>03/17/2020</StartDate>
<EndDate/>
<RoleCode>Principal Investigator</RoleCode>
</Investigator>
<Investigator>
<FirstName>Donald</FirstName>
<LastName>Ball</LastName>
<PI_MID_INIT/>
<PI_SUFX_NAME/>
<PI_FULL_NAME>Donald Ball</PI_FULL_NAME>
<EmailAddress><![CDATA[dball@starkstate.edu]]></EmailAddress>
<NSF_ID>000811083</NSF_ID>
<StartDate>03/17/2020</StartDate>
<EndDate/>
<RoleCode>Co-Principal Investigator</RoleCode>
</Investigator>
<Institution>
<Name><![CDATA[Stark State College of Technology]]></Name>
<CityName>NORTH CANTON</CityName>
<ZipCode>447207228</ZipCode>
<PhoneNumber>3304946170</PhoneNumber>
<StreetAddress><![CDATA[6200 FRANK AVE NW]]></StreetAddress>
<StreetAddress2/>
<CountryName>United States</CountryName>
<StateName>Ohio</StateName>
<StateCode>OH</StateCode>
<CONGRESSDISTRICT>13</CONGRESSDISTRICT>
<CONGRESS_DISTRICT_ORG>OH13</CONGRESS_DISTRICT_ORG>
<ORG_UEI_NUM>CJRNG45SK9D1</ORG_UEI_NUM>
<ORG_LGL_BUS_NAME>STARK STATE COLLEGE OF TECHNOLOGY</ORG_LGL_BUS_NAME>
<ORG_PRNT_UEI_NUM/>
</Institution>
<Performance_Institution>
<Name><![CDATA[Stark State College of Technology]]></Name>
<CityName>NORTH CANTON</CityName>
<StateCode>OH</StateCode>
<ZipCode>447207299</ZipCode>
<StreetAddress><![CDATA[6200 FRANK AVENUE NW]]></StreetAddress>
<CountryCode>US</CountryCode>
<CountryName>United States</CountryName>
<StateName>Ohio</StateName>
<CountryFlag>1</CountryFlag>
<CONGRESSDISTRICT>13</CONGRESSDISTRICT>
<CONGRESS_DISTRICT_PERF>OH13</CONGRESS_DISTRICT_PERF>
</Performance_Institution>
<ProgramElement>
<Code>741200</Code>
<Text>Advanced Tech Education Prog</Text>
</ProgramElement>
<ProgramReference>
<Code>1032</Code>
<Text>ADVANCED TECHNOLOGY EDUCATION</Text>
</ProgramReference>
<ProgramReference>
<Code>9178</Code>
<Text>UNDERGRADUATE EDUCATION</Text>
</ProgramReference>
<ProgramReference>
<Code>SMET</Code>
<Text>SCIENCE, MATH, ENG &amp; TECH EDUCATION</Text>
</ProgramReference>
<Appropriation>
<Code>0420</Code>
<Name>NSF Education &amp; Human Resource</Name>
<APP_SYMB_ID>040106</APP_SYMB_ID>
</Appropriation>
<Fund>
<Code>04002021DB</Code>
<Name><![CDATA[NSF Education & Human Resource]]></Name>
<FUND_SYMB_ID>040106</FUND_SYMB_ID>
</Fund>
<FUND_OBLG>2020~299961</FUND_OBLG>
</Award>
</rootTag>
