<?xml version="1.0" encoding="UTF-8"?>
<rootTag>
<Award>
<AwardTitle><![CDATA[Conference: Integrable systems in geometry and mathematical physics; July 13-17, 2020; Trieste, Italy]]></AwardTitle>
<AGENCY>NSF</AGENCY>
<AwardEffectiveDate>03/01/2020</AwardEffectiveDate>
<AwardExpirationDate>02/28/2023</AwardExpirationDate>
<AwardTotalIntnAmount>25000.00</AwardTotalIntnAmount>
<AwardAmount>25000</AwardAmount>
<AwardInstrument>
<Value>Standard Grant</Value>
</AwardInstrument>
<Organization>
<Code>03040000</Code>
<Directorate>
<Abbreviation>MPS</Abbreviation>
<LongName>Direct For Mathematical &amp; Physical Scien</LongName>
</Directorate>
<Division>
<Abbreviation>DMS</Abbreviation>
<LongName>Division Of Mathematical Sciences</LongName>
</Division>
</Organization>
<ProgramOfficer>
<SignBlockName>Joanna Kania-Bartoszynska</SignBlockName>
<PO_EMAI>jkaniaba@nsf.gov</PO_EMAI>
<PO_PHON>7032924881</PO_PHON>
</ProgramOfficer>
<AbstractNarration>The Conference Integrable Systems in Geometry and Mathematical Physics will be organized at SISSA, Trieste, Italy, July 13-17, 2020.  It is a satellite event to the 8th European Congress of Mathematics:  https://www.8ecm.si/program/satellite-events. The venue of the conference, SISSA is one of the leading European research universities, situated in Trieste, which is one of the most important scientific hubs in Italy.  The meeting will focus on the most recent developments at the crossroads of geometry and dynamical systems, with a special focus on integrable systems and applications to mathematical physics. The notion of integrable system in classical mechanics dates back to Joseph Liouville (1809-1882) and has an illustrious and long history. The modern resurgence of activity was initiated  by the analysis of soliton solutions of nonlinear wave equations like the Korteweg deVries and Kadomtsev-Petviashvili equations. The conference aims to bring together both leading mathematicians that have contributed and are contributing to the success and dissemination of methods and ideas originating from integrable systems in all areas of mathematics and physics and also junior researchers and graduate students who should take over the lead in this fascinating field in the near future.&lt;br/&gt;&lt;br/&gt;The renewed interest in integrable systems brought along the invention and development of far reaching solution techniques, including the inverse scattering method and the Sato-Segal-Wilson theory of infinite Grassmannians. The notion of integrable systems has since expanded considerably and often refers to a wide range of techniques. The development of techniques and new classes of integrable models has both cross-fertilized and received input from distant areas of mathematics and physics.  There will be two types of presentations: (i) 25-30  plenary talks by leading specialists in the fields of geometry, dynamics, and integrability. (ii) Poster session mostly for young researchers working in the fields, with 10 minutes introductory oral presentation for each of them. The scientific background of the conference is based on relationships between several popular areas of research. Thus, it has a potential to attract young mathematicians,  minorities and women to participate in exciting cross-disciplinary research and look for new applications of their research in other fields of science. The results of this event will be disseminated by the participants from around the world. https://indico.sissa.it/event/41/&lt;br/&gt;&lt;br/&gt;This award reflects NSF's statutory mission and has been deemed worthy of support through evaluation using the Foundation's intellectual merit and broader impacts review criteria.</AbstractNarration>
<MinAmdLetterDate>12/20/2019</MinAmdLetterDate>
<MaxAmdLetterDate>12/20/2019</MaxAmdLetterDate>
<ARRAAmount/>
<TRAN_TYPE>Grant</TRAN_TYPE>
<CFDA_NUM>47.049</CFDA_NUM>
<NSF_PAR_USE_FLAG>1</NSF_PAR_USE_FLAG>
<FUND_AGCY_CODE>4900</FUND_AGCY_CODE>
<AWDG_AGCY_CODE>4900</AWDG_AGCY_CODE>
<AwardID>2000628</AwardID>
<Investigator>
<FirstName>Vladimir</FirstName>
<LastName>Dragovic</LastName>
<PI_MID_INIT/>
<PI_SUFX_NAME/>
<PI_FULL_NAME>Vladimir Dragovic</PI_FULL_NAME>
<EmailAddress><![CDATA[Vladimir.Dragovic@utdallas.edu]]></EmailAddress>
<NSF_ID>000628304</NSF_ID>
<StartDate>12/20/2019</StartDate>
<EndDate/>
<RoleCode>Principal Investigator</RoleCode>
</Investigator>
<Institution>
<Name><![CDATA[University of Texas at Dallas]]></Name>
<CityName>RICHARDSON</CityName>
<ZipCode>750803021</ZipCode>
<PhoneNumber>9728832313</PhoneNumber>
<StreetAddress><![CDATA[800 WEST CAMPBELL RD.]]></StreetAddress>
<StreetAddress2><![CDATA[SP2.25]]></StreetAddress2>
<CountryName>United States</CountryName>
<StateName>Texas</StateName>
<StateCode>TX</StateCode>
<CONGRESSDISTRICT>24</CONGRESSDISTRICT>
<CONGRESS_DISTRICT_ORG>TX24</CONGRESS_DISTRICT_ORG>
<ORG_UEI_NUM>EJCVPNN1WFS5</ORG_UEI_NUM>
<ORG_LGL_BUS_NAME>UNIVERSITY OF TEXAS AT DALLAS</ORG_LGL_BUS_NAME>
<ORG_PRNT_UEI_NUM/>
</Institution>
<Performance_Institution>
<Name><![CDATA[SISSA]]></Name>
<CityName>34136 Trieste</CityName>
<StateCode/>
<ZipCode/>
<StreetAddress><![CDATA[via Bonomea, 265]]></StreetAddress>
<CountryCode>IT</CountryCode>
<CountryName>Italy</CountryName>
<StateName>RI REQUIRED</StateName>
<CountryFlag>0</CountryFlag>
<CONGRESSDISTRICT/>
<CONGRESS_DISTRICT_PERF>""</CONGRESS_DISTRICT_PERF>
</Performance_Institution>
<ProgramElement>
<Code>126500</Code>
<Text>GEOMETRIC ANALYSIS</Text>
</ProgramElement>
<ProgramReference>
<Code>7556</Code>
<Text>CONFERENCE AND WORKSHOPS</Text>
</ProgramReference>
<Appropriation>
<Code>0120</Code>
<Name>NSF RESEARCH &amp; RELATED ACTIVIT</Name>
<APP_SYMB_ID>040100</APP_SYMB_ID>
</Appropriation>
<Fund>
<Code>01002021DB</Code>
<Name><![CDATA[NSF RESEARCH & RELATED ACTIVIT]]></Name>
<FUND_SYMB_ID>040100</FUND_SYMB_ID>
</Fund>
<FUND_OBLG>2020~25000</FUND_OBLG>
<POR>
<DRECONTENT><![CDATA[<div class="porColContainerWBG"> <div class="porContentCol"><p>The aim of this NSF grant was to support the US based junior researchers to take part in the Conference Integrable Systems in Geometry and Mathematical Physics.</p> <p>The Conference Integrable Systems in Geometry and Mathematical Physics was planned to be organized at SISSA, Trieste, Italy, July 13-17, 2020 as an in-person meeting. It was a satellite event to the Eight European Congress of Mathematics.&nbsp;The development of techniques and new classes of integrable models has both cross-fertilized and received input from distant areas of mathematics and physics. The conference aims at bringing together both leading mathematicians that have contributed and are contributing to the success and dissemination of methods and ideas originating from integrable systems in all areas of mathematics and physics and also junior researchers and graduate students who should take over the lead in this fascinating field in the near future.&nbsp;</p> <p>The scientific background of the Conference is based on relationships between several popular areas of research. Thus, it has had a potential to attract young mathematicians,&nbsp; minorities and women to participate in exciting cross-disciplinary research and look for new applications of their research in other fields of science.</p> <p>Due to the COVID-19 pandemic, the&nbsp;Conference Integrable Systems in Geometry and Mathematical Physics, which was originally planned to be organized at SISSA, Trieste, Italy, in person in Summer of 2020, got postponed for Summer 2021. It was organized in a virtual format at SISSA, Trieste, Italy from June 28 till July 2, 2021:&nbsp;https://indico.sissa.it/event/41/.</p> <p>Despite the delay of one year and the change of the format, the Conference managed to get together a quite impressive list of invited speakers: Anne Boutet de Monvel (Paris VI, France), Gaetan Borot (Humboldt-Universit&auml;t zu Berlin), Alexander Buryak (Leeds University, UK), Mattia Cafasso (University of Angers, France), Mauro Carfora (University of&nbsp; Pavia, Italy), Guido Carlet (Institut de Math&eacute;matiques de Bourgogne,&nbsp;Dijon, France), Tom Claeys (UCLouvain, Belgium), Vladimir Dragovic (UT Dallas, USA),Yakov Eliashberg (Stanford&nbsp; University, USA), Gregorio Falqui (Milano Bicocca, Italy), Giovanni Felder&nbsp; (ETH Zurich, Switzerland), Evgeny Ferapontov (Loughborough&nbsp; University, UK), Alexander Givental (University of California Berkeley, USA), Claus Hertling (Mannheim University, Germany), Alexander R. Its (Indiana University-Purdue University, USA), Nalini Joshi (University of Sydney, Australia), Christian Klein (Institut de Math&eacute;matiques de Bourgogne,&nbsp;Dijon, France), Dmitry Korotkin (Concordia University, Montreal, CANADA), Igor Krichever (Columbia University,&nbsp; New York,&nbsp; USA), Arno Kuijlaars&nbsp; (KU Leuven, Belgium), Oleg Lisovyy (University of Tours, France),&nbsp; Marta Mazzocco (Birmingham University, UK), Ken McLaughlin (Colorado State University, Fort Collins, USA), Andrei Okounkov (Columbia University,&nbsp; New York, USA), Vasilisa Shramchenko (Sherbrooke University&nbsp;, CA), Ian Strachan (Glasgow&nbsp; University,&nbsp; UK), Alexander Veselov (Loughborough&nbsp; University, UK), &nbsp;Di Yang (University Science and Technology of China, China), Don Zagier (ICTP, Trieste Italy and Max Planck Bonn, Germany), Youjin Zhang (Tsinghua&nbsp; University, China).</p> <p>In order to support more junior participants, the Organizers provided also a virtual poster session with the possibility for each participant to present their poster in a 3-minute oral presentations for the entire body of participants. There were 22 poster presentations accompanied each with a 3-minute oral presentation.</p> <p>There were four female plenary speakers and six female poster presenters.</p> <p>&nbsp;There were 237 registered participants.</p> <p>In addition to that, the funds from this NSF grant were used to support participants from the U.S., &nbsp;to attend in person the following conference with a similar scientific scope and in a similar geographic area, as originally planned for&nbsp;the&nbsp;Conference Integrable Systems in Geometry and Mathematical Physics :</p> <p>The Eight International Conference Geometry, Dynamics, Integrable Systems GDIS 2022, June 5-11, 2022, Zlatibor, Serbia,</p> <p>http://www.mi.sanu.ac.rs/~gdis2022/.</p> <p>There were 33 invited plenary talks and the poster session. The conference was held in a hybrid format due to the pandemic, but the organizers managed to get it implemented mostly in in-person modality. Out of 33 invited plenary lectures, 29 were delivered in-person and four online. Five plenary lecturers were female.</p> <p>For many, that was the first in-person event after winter 2020 and the start of the pandemic. The conference gathered specialists from 14 countries.</p> <p>The poster session provided platform for advanced graduate students and junior researchers to present their work. This created&nbsp; an opportunity for them &nbsp;to obtain feedback from senior experts. The networking activities through the conference and ample social activities were an important experience not only for young researchers but for all participants. This was especially emphasized by the dominant in-person nature of the conference, immediately after the long period of isolation caused by the COVID 19 pandemic.</p> <p>The feedback gathered by the organizers from the participants of both conferences, Integrable Systems in Geometry and Mathematical Physics from 2021 and Geometry, Dynamics, Integrable Systems GDIS 2022 were all extremely positive. This includes the feedback from the US based researchers supported by this NSF grant.</p> <p>&nbsp;</p> <p>&nbsp;</p> <p>&nbsp;</p> <p>&nbsp;</p><br> <p>            Last Modified: 06/24/2023<br>      Modified by: Vladimir&nbsp;Dragovic</p> </div> <div class="porSideCol"> <div class="each-gallery"> <div class="galContent" id="gallery0"> <div class="photoCount" id="photoCount0">          Images (<span id="selectedPhoto0">1</span> of <span class="totalNumber"></span>)           </div> <div class="galControls" id="controls0"></div> <div class="galSlideshow" id="slideshow0"></div> <div class="galEmbox" id="embox"> <div class="image-title"></div> </div> </div> <div class="galNavigation" id="navigation0"> <ul class="thumbs" id="thumbs0"> <li> <a href="/por/images/Reports/POR/2023/2000628/2000628_10647980_1687308281558_gdis2022reduced--rgov-214x142.jpg" original="/por/images/Reports/POR/2023/2000628/2000628_10647980_1687308281558_gdis2022reduced--rgov-800width.jpg" title="Group Photo GDIS 2022"><img src="/por/images/Reports/POR/2023/2000628/2000628_10647980_1687308281558_gdis2022reduced--rgov-66x44.jpg" alt="Group Photo GDIS 2022"></a> <div class="imageCaptionContainer"> <div class="imageCaption">Group Photo GDIS 2022</div> <div class="imageCredit">MISANU</div> <div class="imagePermisssions">Public Domain</div> <div class="imageSubmitted">Vladimir&nbsp;Dragovic</div> <div class="imageTitle">Group Photo GDIS 2022</div> </div> </li> <li> <a href="/por/images/Reports/POR/2023/2000628/2000628_10647980_1687308484591_postergdis2022ver2--rgov-214x142.jpg" original="/por/images/Reports/POR/2023/2000628/2000628_10647980_1687308484591_postergdis2022ver2--rgov-800width.jpg" title="Poster GDIS 2022"><img src="/por/images/Reports/POR/2023/2000628/2000628_10647980_1687308484591_postergdis2022ver2--rgov-66x44.jpg" alt="Poster GDIS 2022"></a> <div class="imageCaptionContainer"> <div class="imageCaption">Poster GDIS 2022</div> <div class="imageCredit">MISANU</div> <div class="imagePermisssions">Public Domain</div> <div class="imageSubmitted">Vladimir&nbsp;Dragovic</div> <div class="imageTitle">Poster GDIS 2022</div> </div> </li> <li> <a href="/por/images/Reports/POR/2023/2000628/2000628_10647980_1687535322117_Locandina8stampa--rgov-214x142.jpg" original="/por/images/Reports/POR/2023/2000628/2000628_10647980_1687535322117_Locandina8stampa--rgov-800width.jpg" title="Poster Conference Integrable Systems in Geometry and Mathematical Physics"><img src="/por/images/Reports/POR/2023/2000628/2000628_10647980_1687535322117_Locandina8stampa--rgov-66x44.jpg" alt="Poster Conference Integrable Systems in Geometry and Mathematical Physics"></a> <div class="imageCaptionContainer"> <div class="imageCaption">Poster of the Conference Integrable Systems in Geometry and Mathematical Physics</div> <div class="imageCredit">SISSA/The Organizers of the Conference</div> <div class="imagePermisssions">Public Domain</div> <div class="imageSubmitted">Vladimir&nbsp;Dragovic</div> <div class="imageTitle">Poster Conference Integrable Systems in Geometry and Mathematical Physics</div> </div> </li> </ul> </div> </div> </div> </div>]]></DRECONTENT>
<POR_COPY_TXT><![CDATA[ The aim of this NSF grant was to support the US based junior researchers to take part in the Conference Integrable Systems in Geometry and Mathematical Physics.  The Conference Integrable Systems in Geometry and Mathematical Physics was planned to be organized at SISSA, Trieste, Italy, July 13-17, 2020 as an in-person meeting. It was a satellite event to the Eight European Congress of Mathematics. The development of techniques and new classes of integrable models has both cross-fertilized and received input from distant areas of mathematics and physics. The conference aims at bringing together both leading mathematicians that have contributed and are contributing to the success and dissemination of methods and ideas originating from integrable systems in all areas of mathematics and physics and also junior researchers and graduate students who should take over the lead in this fascinating field in the near future.   The scientific background of the Conference is based on relationships between several popular areas of research. Thus, it has had a potential to attract young mathematicians,  minorities and women to participate in exciting cross-disciplinary research and look for new applications of their research in other fields of science.  Due to the COVID-19 pandemic, the Conference Integrable Systems in Geometry and Mathematical Physics, which was originally planned to be organized at SISSA, Trieste, Italy, in person in Summer of 2020, got postponed for Summer 2021. It was organized in a virtual format at SISSA, Trieste, Italy from June 28 till July 2, 2021: https://indico.sissa.it/event/41/.  Despite the delay of one year and the change of the format, the Conference managed to get together a quite impressive list of invited speakers: Anne Boutet de Monvel (Paris VI, France), Gaetan Borot (Humboldt-Universit&auml;t zu Berlin), Alexander Buryak (Leeds University, UK), Mattia Cafasso (University of Angers, France), Mauro Carfora (University of  Pavia, Italy), Guido Carlet (Institut de Math&eacute;matiques de Bourgogne, Dijon, France), Tom Claeys (UCLouvain, Belgium), Vladimir Dragovic (UT Dallas, USA),Yakov Eliashberg (Stanford  University, USA), Gregorio Falqui (Milano Bicocca, Italy), Giovanni Felder  (ETH Zurich, Switzerland), Evgeny Ferapontov (Loughborough  University, UK), Alexander Givental (University of California Berkeley, USA), Claus Hertling (Mannheim University, Germany), Alexander R. Its (Indiana University-Purdue University, USA), Nalini Joshi (University of Sydney, Australia), Christian Klein (Institut de Math&eacute;matiques de Bourgogne, Dijon, France), Dmitry Korotkin (Concordia University, Montreal, CANADA), Igor Krichever (Columbia University,  New York,  USA), Arno Kuijlaars  (KU Leuven, Belgium), Oleg Lisovyy (University of Tours, France),  Marta Mazzocco (Birmingham University, UK), Ken McLaughlin (Colorado State University, Fort Collins, USA), Andrei Okounkov (Columbia University,  New York, USA), Vasilisa Shramchenko (Sherbrooke University , CA), Ian Strachan (Glasgow  University,  UK), Alexander Veselov (Loughborough  University, UK),  Di Yang (University Science and Technology of China, China), Don Zagier (ICTP, Trieste Italy and Max Planck Bonn, Germany), Youjin Zhang (Tsinghua  University, China).  In order to support more junior participants, the Organizers provided also a virtual poster session with the possibility for each participant to present their poster in a 3-minute oral presentations for the entire body of participants. There were 22 poster presentations accompanied each with a 3-minute oral presentation.  There were four female plenary speakers and six female poster presenters.   There were 237 registered participants.  In addition to that, the funds from this NSF grant were used to support participants from the U.S.,  to attend in person the following conference with a similar scientific scope and in a similar geographic area, as originally planned for the Conference Integrable Systems in Geometry and Mathematical Physics :  The Eight International Conference Geometry, Dynamics, Integrable Systems GDIS 2022, June 5-11, 2022, Zlatibor, Serbia,  http://www.mi.sanu.ac.rs/~gdis2022/.  There were 33 invited plenary talks and the poster session. The conference was held in a hybrid format due to the pandemic, but the organizers managed to get it implemented mostly in in-person modality. Out of 33 invited plenary lectures, 29 were delivered in-person and four online. Five plenary lecturers were female.  For many, that was the first in-person event after winter 2020 and the start of the pandemic. The conference gathered specialists from 14 countries.  The poster session provided platform for advanced graduate students and junior researchers to present their work. This created  an opportunity for them  to obtain feedback from senior experts. The networking activities through the conference and ample social activities were an important experience not only for young researchers but for all participants. This was especially emphasized by the dominant in-person nature of the conference, immediately after the long period of isolation caused by the COVID 19 pandemic.  The feedback gathered by the organizers from the participants of both conferences, Integrable Systems in Geometry and Mathematical Physics from 2021 and Geometry, Dynamics, Integrable Systems GDIS 2022 were all extremely positive. This includes the feedback from the US based researchers supported by this NSF grant.                   Last Modified: 06/24/2023       Submitted by: Vladimir Dragovic]]></POR_COPY_TXT>
</POR>
</Award>
</rootTag>
