<?xml version="1.0" encoding="UTF-8"?>
<rootTag>
<Award>
<AwardTitle><![CDATA[Bridging the Skills Gap in Smart Manufacturing through a New Technician Education Program]]></AwardTitle>
<AGENCY>NSF</AGENCY>
<AwardEffectiveDate>10/01/2020</AwardEffectiveDate>
<AwardExpirationDate>09/30/2024</AwardExpirationDate>
<AwardTotalIntnAmount>477868.00</AwardTotalIntnAmount>
<AwardAmount>477868</AwardAmount>
<AwardInstrument>
<Value>Standard Grant</Value>
</AwardInstrument>
<Organization>
<Code>11040100</Code>
<Directorate>
<Abbreviation>EDU</Abbreviation>
<LongName>Directorate for STEM Education</LongName>
</Directorate>
<Division>
<Abbreviation>DUE</Abbreviation>
<LongName>Division Of Undergraduate Education</LongName>
</Division>
</Organization>
<ProgramOfficer>
<SignBlockName>Christine Delahanty</SignBlockName>
<PO_EMAI>cdelahan@nsf.gov</PO_EMAI>
<PO_PHON>7032928492</PO_PHON>
</ProgramOfficer>
<AbstractNarration>As the rapidly developing field of Smart Manufacturing introduces advanced technologies into traditional manufacturing facilities, technical education must keep pace. Such technologies include smart machines, advanced control systems, the industrial internet of things, and cloud services.  This project aims to address the growing gap between the skills employers need in Smart Manufacturing and the skills students develop from traditional technical education programs. By creating new academic pathways, this project plans to increase the number of skilled technicians who can meet the demand from key regional employers. The project will support professional development activities to help college and high school instructors understand new trends in manufacturing. The new curriculum will focus on enabling students to learn the skills needed to be successful in a Smart Manufacturing environment. This project may also provide a model for other colleges that want to implement a Smart Manufacturing technical education program.&lt;br/&gt;&lt;br/&gt;The primary goal of this project is to create a manufacturing industry-aligned technician education pathway in Smart Manufacturing, with the goal of increasing the supply of qualified technicians with proficiency in advanced technology applications. A job skills analysis will be performed to identify the set of technical skills that are needed in Smart Manufacturing facilities. Based on the results of the analysis, a curriculum in Smart Manufacturing will be developed to include multiple pathways leading to Associate of Applied Science degrees and certificates. The pathways will also include entry points and fast track options for incumbent workers in manufacturing and information technology fields. A Smart Manufacturing career pathway initiative will be designed to recruit underrepresented students, promote careers in manufacturing to high school students, and establish transfer agreements with four-year programs. The project will also organize an annual Smart Manufacturing Summit to bring together industry practitioners, community college instructors, and high school instructors to promote dissemination of best practices in technical education for Smart Manufacturing. This project is funded by the Advanced Technological Education program that focuses on the education of technicians for the advanced-technology fields that drive the nation's economy.&lt;br/&gt;&lt;br/&gt;This award reflects NSF's statutory mission and has been deemed worthy of support through evaluation using the Foundation's intellectual merit and broader impacts review criteria.</AbstractNarration>
<MinAmdLetterDate>06/10/2020</MinAmdLetterDate>
<MaxAmdLetterDate>06/10/2020</MaxAmdLetterDate>
<ARRAAmount/>
<TRAN_TYPE>Grant</TRAN_TYPE>
<CFDA_NUM>47.076</CFDA_NUM>
<NSF_PAR_USE_FLAG>1</NSF_PAR_USE_FLAG>
<FUND_AGCY_CODE>4900</FUND_AGCY_CODE>
<AWDG_AGCY_CODE>4900</AWDG_AGCY_CODE>
<AwardID>2000177</AwardID>
<Investigator>
<FirstName>James</FirstName>
<LastName>White</LastName>
<PI_MID_INIT/>
<PI_SUFX_NAME/>
<PI_FULL_NAME>James White</PI_FULL_NAME>
<EmailAddress><![CDATA[whitejm@mtc.edu]]></EmailAddress>
<NSF_ID>000809709</NSF_ID>
<StartDate>06/10/2020</StartDate>
<EndDate/>
<RoleCode>Co-Principal Investigator</RoleCode>
</Investigator>
<Investigator>
<FirstName>feng</FirstName>
<LastName>hua</LastName>
<PI_MID_INIT/>
<PI_SUFX_NAME/>
<PI_FULL_NAME>feng hua</PI_FULL_NAME>
<EmailAddress><![CDATA[huaf@mtc.edu]]></EmailAddress>
<NSF_ID>000811141</NSF_ID>
<StartDate>06/10/2020</StartDate>
<EndDate/>
<RoleCode>Co-Principal Investigator</RoleCode>
</Investigator>
<Investigator>
<FirstName>Elizabeth</FirstName>
<LastName>Azhikannickal</LastName>
<PI_MID_INIT/>
<PI_SUFX_NAME/>
<PI_FULL_NAME>Elizabeth Azhikannickal</PI_FULL_NAME>
<EmailAddress><![CDATA[azhikannickale@mtc.edu]]></EmailAddress>
<NSF_ID>000820579</NSF_ID>
<StartDate>06/10/2020</StartDate>
<EndDate/>
<RoleCode>Principal Investigator</RoleCode>
</Investigator>
<Institution>
<Name><![CDATA[Marion Technical College]]></Name>
<CityName>MARION</CityName>
<ZipCode>433025694</ZipCode>
<PhoneNumber>7407254078</PhoneNumber>
<StreetAddress><![CDATA[1467 MOUNT VERNON AVE]]></StreetAddress>
<StreetAddress2/>
<CountryName>United States</CountryName>
<StateName>Ohio</StateName>
<StateCode>OH</StateCode>
<CONGRESSDISTRICT>04</CONGRESSDISTRICT>
<CONGRESS_DISTRICT_ORG>OH04</CONGRESS_DISTRICT_ORG>
<ORG_UEI_NUM>LZ7PGV6WGCH8</ORG_UEI_NUM>
<ORG_LGL_BUS_NAME>MARION TECHNICAL COLLEGE</ORG_LGL_BUS_NAME>
<ORG_PRNT_UEI_NUM/>
</Institution>
<Performance_Institution>
<Name><![CDATA[Marion Technical College]]></Name>
<CityName>Marion</CityName>
<StateCode>OH</StateCode>
<ZipCode>433025628</ZipCode>
<StreetAddress><![CDATA[1467 Mt. Vernon Ave]]></StreetAddress>
<CountryCode>US</CountryCode>
<CountryName>United States</CountryName>
<StateName>Ohio</StateName>
<CountryFlag>1</CountryFlag>
<CONGRESSDISTRICT>04</CONGRESSDISTRICT>
<CONGRESS_DISTRICT_PERF>OH04</CONGRESS_DISTRICT_PERF>
</Performance_Institution>
<ProgramElement>
<Code>741200</Code>
<Text>Advanced Tech Education Prog</Text>
</ProgramElement>
<ProgramReference>
<Code>1032</Code>
<Text>ADVANCED TECHNOLOGY EDUCATION</Text>
</ProgramReference>
<ProgramReference>
<Code>9178</Code>
<Text>UNDERGRADUATE EDUCATION</Text>
</ProgramReference>
<ProgramReference>
<Code>SMET</Code>
<Text>SCIENCE, MATH, ENG &amp; TECH EDUCATION</Text>
</ProgramReference>
<Appropriation>
<Code>0420</Code>
<Name>NSF Education &amp; Human Resource</Name>
<APP_SYMB_ID>040106</APP_SYMB_ID>
</Appropriation>
<Fund>
<Code>04002021DB</Code>
<Name><![CDATA[NSF Education & Human Resource]]></Name>
<FUND_SYMB_ID>040106</FUND_SYMB_ID>
</Fund>
<FUND_OBLG>2020~477868</FUND_OBLG>
</Award>
</rootTag>
