<?xml version="1.0" encoding="UTF-8"?>
<rootTag>
<Award>
<AwardTitle><![CDATA[Geometric Variational Problems for Surface Tension Driven Systems]]></AwardTitle>
<AGENCY>NSF</AGENCY>
<AwardEffectiveDate>07/01/2020</AwardEffectiveDate>
<AwardExpirationDate>09/30/2023</AwardExpirationDate>
<AwardTotalIntnAmount>249988.00</AwardTotalIntnAmount>
<AwardAmount>249988</AwardAmount>
<AwardInstrument>
<Value>Standard Grant</Value>
</AwardInstrument>
<Organization>
<Code>03040000</Code>
<Directorate>
<Abbreviation>MPS</Abbreviation>
<LongName>Direct For Mathematical &amp; Physical Scien</LongName>
</Directorate>
<Division>
<Abbreviation>DMS</Abbreviation>
<LongName>Division Of Mathematical Sciences</LongName>
</Division>
</Organization>
<ProgramOfficer>
<SignBlockName>Marian Bocea</SignBlockName>
<PO_EMAI>mbocea@nsf.gov</PO_EMAI>
<PO_PHON>7032922595</PO_PHON>
</ProgramOfficer>
<AbstractNarration>This project will use tools from analysis to investigate fundamental mathematical models for physical systems driven to equilibrium by surface tension effects. A complete mathematical understanding of these systems is useful in addressing biological and engineering problems of mechanical nature, as it allows investigators to obtain analytical predictions on the implied consequences of physical theories motivated by such systems. At the same time, obtaining such predictions requires one to address hard mathematical challenges, which stimulates the growth and development of new and useful mathematical tools and methods, thus advancing the field of mathematics as well. The project will also provide research training opportunities for graduate students. &lt;br/&gt;&lt;br/&gt;A first series of questions addressed in this project concern the use of minimal surfaces as models for liquid films at equilibrium. The classical idealization of liquid films as two-dimensional surfaces cannot account for liquid films properties where the thickness of the film plays a crucial role (e.g., the relation between the stability of a given geometric film configuration and the size of the diameter of the film itself). This project intends to develop a model for liquid films as three-dimensional regions with a small volume, which was recently proposed by the principal investigator and his collaborators, and which is capable of explaining physical features not accessible by classical approaches. A second direction of investigation includes rigidity theorems for minimal and constant mean curvature surfaces possessing physically meaningful singularities. This project investigates the possibility of systematically developing them into quantitative almost-rigidity statements, and of extending their applicability to non-smooth settings, with motivations in the description of equilibrium configurations in capillarity theory and in the asymptotic behavior of extrinsic curvature flows. Finally, the vast reach of this circle of ideas naturally leads to an investigation of related problems for isoperimetric clusters, fractional perimeters and fractional mean curvatures, and for geometric flows and equilibrium shapes in diffused interface models.&lt;br/&gt;&lt;br/&gt;This award reflects NSF's statutory mission and has been deemed worthy of support through evaluation using the Foundation's intellectual merit and broader impacts review criteria.</AbstractNarration>
<MinAmdLetterDate>06/17/2020</MinAmdLetterDate>
<MaxAmdLetterDate>06/17/2020</MaxAmdLetterDate>
<ARRAAmount/>
<TRAN_TYPE>Grant</TRAN_TYPE>
<CFDA_NUM>47.049</CFDA_NUM>
<NSF_PAR_USE_FLAG>1</NSF_PAR_USE_FLAG>
<FUND_AGCY_CODE>4900</FUND_AGCY_CODE>
<AWDG_AGCY_CODE>4900</AWDG_AGCY_CODE>
<AwardID>2000034</AwardID>
<Investigator>
<FirstName>Francesco</FirstName>
<LastName>Maggi</LastName>
<PI_MID_INIT/>
<PI_SUFX_NAME/>
<PI_FULL_NAME>Francesco Maggi</PI_FULL_NAME>
<EmailAddress><![CDATA[maggi@math.utexas.edu]]></EmailAddress>
<NSF_ID>000628516</NSF_ID>
<StartDate>06/17/2020</StartDate>
<EndDate/>
<RoleCode>Principal Investigator</RoleCode>
</Investigator>
<Institution>
<Name><![CDATA[University of Texas at Austin]]></Name>
<CityName>AUSTIN</CityName>
<ZipCode>787121139</ZipCode>
<PhoneNumber>5124716424</PhoneNumber>
<StreetAddress><![CDATA[110 INNER CAMPUS DR]]></StreetAddress>
<StreetAddress2/>
<CountryName>United States</CountryName>
<StateName>Texas</StateName>
<StateCode>TX</StateCode>
<CONGRESSDISTRICT>25</CONGRESSDISTRICT>
<CONGRESS_DISTRICT_ORG>TX25</CONGRESS_DISTRICT_ORG>
<ORG_UEI_NUM>V6AFQPN18437</ORG_UEI_NUM>
<ORG_LGL_BUS_NAME>UNIVERSITY OF TEXAS AT AUSTIN</ORG_LGL_BUS_NAME>
<ORG_PRNT_UEI_NUM/>
</Institution>
<Performance_Institution>
<Name><![CDATA[University of Texas at Austin]]></Name>
<CityName/>
<StateCode>TX</StateCode>
<ZipCode>787595316</ZipCode>
<StreetAddress/>
<CountryCode>US</CountryCode>
<CountryName>United States</CountryName>
<StateName>Texas</StateName>
<CountryFlag>1</CountryFlag>
<CONGRESSDISTRICT>37</CONGRESSDISTRICT>
<CONGRESS_DISTRICT_PERF>TX37</CONGRESS_DISTRICT_PERF>
</Performance_Institution>
<ProgramElement>
<Code>128100</Code>
<Text>ANALYSIS PROGRAM</Text>
</ProgramElement>
<Appropriation>
<Code>0120</Code>
<Name>NSF RESEARCH &amp; RELATED ACTIVIT</Name>
<APP_SYMB_ID>040100</APP_SYMB_ID>
</Appropriation>
<Fund>
<Code>01002021DB</Code>
<Name><![CDATA[NSF RESEARCH & RELATED ACTIVIT]]></Name>
<FUND_SYMB_ID>040100</FUND_SYMB_ID>
</Fund>
<FUND_OBLG>2020~249988</FUND_OBLG>
<POR>
<DRECONTENT><![CDATA[<div class="porColContainerWBG"> <div class="porContentCol"><p>This project has concerned the study of mathematical models used in the study of surface tension driven systems. Because of their technological interest, the physics and chemistry literature devotes ample space to the study of soap films and foams, both from the experimental and the theoretical viewpoint. The latter effort consist in the study of the mathematical models considered in this project. Where the applied literature makes several (reasonable) assumptions on the behavior of the solutions of these mathematical models, there lie very challenging mathematical questions, whose understanding and solution hold the potential for mathematical innovation and new physical insights. In this direction, one the main achievements of this project has been the validation of sevearl geometric assumptions made in the physical literature and concerning the structures known as Plateau borders. These Plateau borders are micro-channels of liquid that are responsible for the stability and drainage properties of foams. In this project we have confirmed some basic assumptions on their structure in the context of Gauss' capillarity theory -- the most fundamental model used in studying surface tension driven systems. In achieving this result, we have developed several new mathematical tools, bridging ideas from areas of mathematics as far as topology and measure theory.</p> <p>This project has involved the training of 4  graduate students and 2 postdocs student at the University of Texas at  Austin. During the project PI has also given about 19 lectures, talks  and seminars at various institutions and universities, both in the US  and abroad, with the goal of disseminating the results and findings of  his research. The PI has also completed the writing of a graduate-level monograph on the optimal mass transport problem.</p><br> <p>  Last Modified: 11/15/2023<br> Modified by: Francesco&nbsp;Maggi</p></div> <div class="porSideCol" ></div> </div>]]></DRECONTENT>
<POR_COPY_TXT><![CDATA[  This project has concerned the study of mathematical models used in the study of surface tension driven systems. Because of their technological interest, the physics and chemistry literature devotes ample space to the study of soap films and foams, both from the experimental and the theoretical viewpoint. The latter effort consist in the study of the mathematical models considered in this project. Where the applied literature makes several (reasonable) assumptions on the behavior of the solutions of these mathematical models, there lie very challenging mathematical questions, whose understanding and solution hold the potential for mathematical innovation and new physical insights. In this direction, one the main achievements of this project has been the validation of sevearl geometric assumptions made in the physical literature and concerning the structures known as Plateau borders. These Plateau borders are micro-channels of liquid that are responsible for the stability and drainage properties of foams. In this project we have confirmed some basic assumptions on their structure in the context of Gauss' capillarity theory -- the most fundamental model used in studying surface tension driven systems. In achieving this result, we have developed several new mathematical tools, bridging ideas from areas of mathematics as far as topology and measure theory.   This project has involved the training of 4  graduate students and 2 postdocs student at the University of Texas at  Austin. During the project PI has also given about 19 lectures, talks  and seminars at various institutions and universities, both in the US  and abroad, with the goal of disseminating the results and findings of  his research. The PI has also completed the writing of a graduate-level monograph on the optimal mass transport problem.     Last Modified: 11/15/2023       Submitted by: FrancescoMaggi]]></POR_COPY_TXT>
</POR>
</Award>
</rootTag>
