<?xml version="1.0" encoding="UTF-8"?>
<rootTag>
<Award>
<AwardTitle><![CDATA[Collaborative Research: Paving the Way for Fractions: Identifying Foundational Concepts in First Grade]]></AwardTitle>
<AGENCY>NSF</AGENCY>
<AwardEffectiveDate>06/01/2020</AwardEffectiveDate>
<AwardExpirationDate>05/31/2025</AwardExpirationDate>
<AwardTotalIntnAmount>231389.00</AwardTotalIntnAmount>
<AwardAmount>231389</AwardAmount>
<AwardInstrument>
<Value>Continuing Grant</Value>
</AwardInstrument>
<Organization>
<Code>11090000</Code>
<Directorate>
<Abbreviation>EDU</Abbreviation>
<LongName>Directorate for STEM Education</LongName>
</Directorate>
<Division>
<Abbreviation>DRL</Abbreviation>
<LongName>Division Of Research On Learning</LongName>
</Division>
</Organization>
<ProgramOfficer>
<SignBlockName>Gregg Solomon</SignBlockName>
<PO_EMAI>gesolomo@nsf.gov</PO_EMAI>
<PO_PHON>7032928333</PO_PHON>
</ProgramOfficer>
<AbstractNarration>Although fractions represent a crucial topic in early childhood education, many students develop only a tenuous grasp of fraction concepts, even after several years of fraction instruction that is aligned with current standards. The goal of this project, led by a team of researchers at the University of Delaware and Temple University, is to answer important questions about the informal understandings of fractions young children have before they come to school and what their relations are to fraction learning in more formal instructional settings. Proficiency with fractions dramatically increases the likelihood of students succeeding in math, which in turn increases participation in the STEM workforce. Importantly, large individual differences in fraction understandings are apparent at the start of fractions instruction in the intermediate grades. Early fraction misunderstandings cascade into more severe math weaknesses in later grades, especially when instruction may shift abruptly from whole numbers to fractions. There is a critical need to understand the roots of individual differences that arise before formal instruction takes place. Young children possess important informal fraction understandings before they come to school, but the range of these abilities and their role in formal fraction learning and development is not well understood. The goal of this project is: a) to investigate the extent to which individual differences in informal fraction-related knowledge in first-grade children are associated with short- and longer-term fractions and math outcomes; and b) to see whether there is a causal link between level of informal fraction-related knowledge and the ability to profit from fractions instruction that directly builds on this knowledge. The findings from the project hold promise for informing early childhood educators how fractions can be incorporated in the first-grade curriculum in new and meaningful ways. Though the findings should be beneficial to all students, the project will specifically target members of groups underrepresented in STEM fields, including ethnic and racial minority and low-income students. The project is jointly funded by the EHR Core Research (ECR) program, which supports work that advances the fundamental research literature on STEM learning, and by the Discovery Research K-12 program (DRK-12), which supports the research and development of innovative resources, models and tools in order to enhance STEM learning and teaching by pre-K-12 students and teachers. &lt;br/&gt;&lt;br/&gt;The project design includes both an observational study and an experimental study. The observational study will: (1) document individual differences in informal fraction-related knowledge in first grade; (2) determine concurrent relations between this informal knowledge and general cognitive and whole number competencies; and (3) examine whether informal fraction-related knowledge at the beginning of first grade uniquely predicts math outcomes at the end. The experimental study will explore the extent to which first graders’ informal and formal fraction concepts can be affected by training. The researchers will test whether training on the number line, which is continuous and closely aligned with the mental representation of the magnitude of all real numbers, will help students capitalize on their informal fraction understandings of proportionality, scaling, and equal sharing as well as their experience with integers to learn key fraction concepts. Together, the synergistic studies will pinpoint the role informal fraction knowledge in learning key fraction concepts. All data will be collected in Delaware schools serving socioeconomically and ethnically diverse populations of students. Primary measures include assessments of informal fraction knowledge (proportional reasoning, spatial scaling, equal sharing), executive functioning, vocabulary, whole number knowledge, whole number/fraction number line estimation, formal fraction knowledge, and broad mathematics achievement (calculation, fluency, applied problems).&lt;br/&gt;&lt;br/&gt;This award reflects NSF's statutory mission and has been deemed worthy of support through evaluation using the Foundation's intellectual merit and broader impacts review criteria.</AbstractNarration>
<MinAmdLetterDate>05/26/2020</MinAmdLetterDate>
<MaxAmdLetterDate>04/27/2023</MaxAmdLetterDate>
<ARRAAmount/>
<TRAN_TYPE>Grant</TRAN_TYPE>
<CFDA_NUM>47.076</CFDA_NUM>
<NSF_PAR_USE_FLAG>1</NSF_PAR_USE_FLAG>
<FUND_AGCY_CODE>4900</FUND_AGCY_CODE>
<AWDG_AGCY_CODE>4900</AWDG_AGCY_CODE>
<AwardID>2000424</AwardID>
<Investigator>
<FirstName>Nora</FirstName>
<LastName>Newcombe</LastName>
<PI_MID_INIT>S</PI_MID_INIT>
<PI_SUFX_NAME/>
<PI_FULL_NAME>Nora S Newcombe</PI_FULL_NAME>
<EmailAddress><![CDATA[newcombe@temple.edu]]></EmailAddress>
<NSF_ID>000285523</NSF_ID>
<StartDate>05/26/2020</StartDate>
<EndDate/>
<RoleCode>Principal Investigator</RoleCode>
</Investigator>
<Institution>
<Name><![CDATA[Temple University]]></Name>
<CityName>PHILADELPHIA</CityName>
<ZipCode>191226104</ZipCode>
<PhoneNumber>2157077547</PhoneNumber>
<StreetAddress><![CDATA[1805 N BROAD ST]]></StreetAddress>
<StreetAddress2/>
<CountryName>United States</CountryName>
<StateName>Pennsylvania</StateName>
<StateCode>PA</StateCode>
<CONGRESSDISTRICT>02</CONGRESSDISTRICT>
<CONGRESS_DISTRICT_ORG>PA02</CONGRESS_DISTRICT_ORG>
<ORG_UEI_NUM>QD4MGHFDJKU1</ORG_UEI_NUM>
<ORG_LGL_BUS_NAME>TEMPLE UNIVERSITY-OF THE COMMONWEALTH SYSTEM OF HIGHER EDUCATION</ORG_LGL_BUS_NAME>
<ORG_PRNT_UEI_NUM>QD4MGHFDJKU1</ORG_PRNT_UEI_NUM>
</Institution>
<Performance_Institution>
<Name><![CDATA[Temple University-Of The Commonwealth System of Higher Education]]></Name>
<CityName>Philadelphia</CityName>
<StateCode>PA</StateCode>
<ZipCode>191226003</ZipCode>
<StreetAddress><![CDATA[1801 N. Broad Street]]></StreetAddress>
<CountryCode>US</CountryCode>
<CountryName>United States</CountryName>
<StateName>Pennsylvania</StateName>
<CountryFlag>1</CountryFlag>
<CONGRESSDISTRICT>02</CONGRESSDISTRICT>
<CONGRESS_DISTRICT_PERF>PA02</CONGRESS_DISTRICT_PERF>
</Performance_Institution>
<ProgramElement>
<Code>764500</Code>
<Text>Discovery Research K-12</Text>
</ProgramElement>
<ProgramElement>
<Code>798000</Code>
<Text>ECR-EDU Core Research</Text>
</ProgramElement>
<ProgramReference>
<Code>8817</Code>
<Text>STEM Learning &amp; Learning Environments</Text>
</ProgramReference>
<Appropriation>
<Code>0420</Code>
<Name>NSF Education &amp; Human Resource</Name>
<APP_SYMB_ID>040106</APP_SYMB_ID>
</Appropriation>
<Appropriation>
<Code>0422</Code>
<Name>NSF Education &amp; Human Resource</Name>
<APP_SYMB_ID>040106</APP_SYMB_ID>
</Appropriation>
<Appropriation>
<Code>0423</Code>
<Name>NSF Education &amp; Human Resource</Name>
<APP_SYMB_ID>040106</APP_SYMB_ID>
</Appropriation>
<Fund>
<Code>04002021DB</Code>
<Name><![CDATA[NSF Education & Human Resource]]></Name>
<FUND_SYMB_ID>040106</FUND_SYMB_ID>
</Fund>
<Fund>
<Code>04002223DB</Code>
<Name><![CDATA[NSF Education & Human Resource]]></Name>
<FUND_SYMB_ID>040106</FUND_SYMB_ID>
</Fund>
<Fund>
<Code>04002324DB</Code>
<Name><![CDATA[NSF STEM Education]]></Name>
<FUND_SYMB_ID>040106</FUND_SYMB_ID>
</Fund>
<FUND_OBLG>2020~112275</FUND_OBLG>
<FUND_OBLG>2022~58676</FUND_OBLG>
<FUND_OBLG>2023~60438</FUND_OBLG>
</Award>
</rootTag>
