<?xml version="1.0" encoding="UTF-8"?>
<rootTag>
<Award>
<AwardTitle><![CDATA[Pathway to Engineering Technology Careers Through Internships and Industry Guidance]]></AwardTitle>
<AGENCY>NSF</AGENCY>
<AwardEffectiveDate>10/01/2020</AwardEffectiveDate>
<AwardExpirationDate>09/30/2022</AwardExpirationDate>
<AwardTotalIntnAmount>103020.00</AwardTotalIntnAmount>
<AwardAmount>103020</AwardAmount>
<AwardInstrument>
<Value>Standard Grant</Value>
</AwardInstrument>
<Organization>
<Code>11040100</Code>
<Directorate>
<Abbreviation>EDU</Abbreviation>
<LongName>Directorate for STEM Education</LongName>
</Directorate>
<Division>
<Abbreviation>DUE</Abbreviation>
<LongName>Division Of Undergraduate Education</LongName>
</Division>
</Organization>
<ProgramOfficer>
<SignBlockName>Michael Davis</SignBlockName>
<PO_EMAI>mdavis@nsf.gov</PO_EMAI>
<PO_PHON>7032920000</PO_PHON>
</ProgramOfficer>
<AbstractNarration>This project aims to develop a pipeline of technically skilled and well-trained engineering technicians to meet the current labor market demand. San Joaquin Delta College has an established engineering technology associate degree program. Based upon economic data from the College’s region of service, approximately 900 annual job openings are projected for students with this degree, which could support students' economic mobility. However, enrollment in engineering technology at the College is not sufficient to meet the demand. To address this opportunity, the engineering technology program will partner with local industry to provide students with internship and career opportunities. Partners include Lawrence Livermore National Laboratory, OG Packing, and Wong Enterprises. The project will work with these partners to expand recruitment and implement interventions designed to increase student retention. Activities will include collaborating with other departments at the College, developing a cohort model to build peer support, introducing work-based learning opportunities, hosting career and academic workshops, and offering post-graduation career services. The expected outcomes include an increase in enrollment in all engineering technology courses, in retention of the student cohort, and in the associate degree completion rate. The project will support five summer internships at Lawrence Livermore National Laboratory and other partners each year. &lt;br/&gt;&lt;br/&gt;This project will work to increase the number of students who enter the engineering technology program and complete an associate degree in engineering technology.  This increase will help meet the growing need in multiple economic sectors for technologists who have this degree and the skills it confers. The project will test how strategies developed in partnership with industry can be used successfully to recruit, educate, and support engineering technology students. The findings and evidence generated will be relevant to engineering technology programs in multiple disciplines and regions. Assessment of the cohort-workshop-intern model will document the impact of peer and faculty support on retaining students after the critical first year of study. The internships, industry tours, and career services offered to students will be evaluated to determine how visualization of careers may support student retention and completion of associate degrees. Since the College serves many Hispanic and lower-income students, the evidence gathered from this project can also inform strategies for increasing interest and degree completion rates in engineering technology by these student populations elsewhere. The project results will be disseminated broadly, including to industry, thus promoting the cohort-workshop-intern model as a potential solution to workforce needs in multiple industries. This project is funded by the Advanced Technological Education program that focuses on the education of technicians for the advanced-technology fields that drive the nation's economy.&lt;br/&gt;&lt;br/&gt;This award reflects NSF's statutory mission and has been deemed worthy of support through evaluation using the Foundation's intellectual merit and broader impacts review criteria.</AbstractNarration>
<MinAmdLetterDate>06/26/2020</MinAmdLetterDate>
<MaxAmdLetterDate>06/26/2020</MaxAmdLetterDate>
<ARRAAmount/>
<TRAN_TYPE>Grant</TRAN_TYPE>
<CFDA_NUM>47.076</CFDA_NUM>
<NSF_PAR_USE_FLAG>1</NSF_PAR_USE_FLAG>
<FUND_AGCY_CODE>4900</FUND_AGCY_CODE>
<AWDG_AGCY_CODE>4900</AWDG_AGCY_CODE>
<AwardID>2000540</AwardID>
<Investigator>
<FirstName>Bennett</FirstName>
<LastName>Howser</LastName>
<PI_MID_INIT/>
<PI_SUFX_NAME/>
<PI_FULL_NAME>Bennett Howser</PI_FULL_NAME>
<EmailAddress><![CDATA[bhowser@deltacollege.edu]]></EmailAddress>
<NSF_ID>000704542</NSF_ID>
<StartDate>06/26/2020</StartDate>
<EndDate/>
<RoleCode>Co-Principal Investigator</RoleCode>
</Investigator>
<Investigator>
<FirstName>Michelle</FirstName>
<LastName>Castanon</LastName>
<PI_MID_INIT/>
<PI_SUFX_NAME/>
<PI_FULL_NAME>Michelle Castanon</PI_FULL_NAME>
<EmailAddress><![CDATA[mcastanon@deltacollege.edu]]></EmailAddress>
<NSF_ID>000771826</NSF_ID>
<StartDate>06/26/2020</StartDate>
<EndDate/>
<RoleCode>Principal Investigator</RoleCode>
</Investigator>
<Institution>
<Name><![CDATA[San Joaquin Delta College]]></Name>
<CityName>STOCKTON</CityName>
<ZipCode>952076370</ZipCode>
<PhoneNumber>2099545038</PhoneNumber>
<StreetAddress><![CDATA[5151 PACIFIC AVE]]></StreetAddress>
<StreetAddress2/>
<CountryName>United States</CountryName>
<StateName>California</StateName>
<StateCode>CA</StateCode>
<CONGRESSDISTRICT>09</CONGRESSDISTRICT>
<CONGRESS_DISTRICT_ORG>CA09</CONGRESS_DISTRICT_ORG>
<ORG_UEI_NUM>J1M3XMMKNH73</ORG_UEI_NUM>
<ORG_LGL_BUS_NAME>SAN JOAQUIN DELTA COMMUNITY COLLEGE DISTRICT</ORG_LGL_BUS_NAME>
<ORG_PRNT_UEI_NUM/>
</Institution>
<Performance_Institution>
<Name><![CDATA[San Joaquin Delta College]]></Name>
<CityName>Stockton</CityName>
<StateCode>CA</StateCode>
<ZipCode>952076304</ZipCode>
<StreetAddress><![CDATA[5151 Pacific Avenue]]></StreetAddress>
<CountryCode>US</CountryCode>
<CountryName>United States</CountryName>
<StateName>California</StateName>
<CountryFlag>1</CountryFlag>
<CONGRESSDISTRICT>09</CONGRESSDISTRICT>
<CONGRESS_DISTRICT_PERF>CA09</CONGRESS_DISTRICT_PERF>
</Performance_Institution>
<ProgramElement>
<Code>741200</Code>
<Text>Advanced Tech Education Prog</Text>
</ProgramElement>
<ProgramReference>
<Code>1032</Code>
<Text>ADVANCED TECHNOLOGY EDUCATION</Text>
</ProgramReference>
<ProgramReference>
<Code>9178</Code>
<Text>UNDERGRADUATE EDUCATION</Text>
</ProgramReference>
<ProgramReference>
<Code>SMET</Code>
<Text>SCIENCE, MATH, ENG &amp; TECH EDUCATION</Text>
</ProgramReference>
<Appropriation>
<Code>0420</Code>
<Name>NSF Education &amp; Human Resource</Name>
<APP_SYMB_ID>040106</APP_SYMB_ID>
</Appropriation>
<Fund>
<Code>04002021DB</Code>
<Name><![CDATA[NSF Education & Human Resource]]></Name>
<FUND_SYMB_ID>040106</FUND_SYMB_ID>
</Fund>
<FUND_OBLG>2020~103020</FUND_OBLG>
<POR>
<DRECONTENT><![CDATA[<div class="porColContainerWBG"> <div class="porContentCol"><p>San Joaquin Delta College hosted the project &ldquo;Pathways to Engineering Technology Careers Through Internships and Industry Guidance.&rdquo;&nbsp; The project outcomes addressed and confirmed a need for work-based learning and partnership with industry leaders.&nbsp;</p> <p>Unfortunately, the COVID pandemic did have an impact on our program outcomes and created delay with challenges.&nbsp;&nbsp; We were unable to provide opportunities to engineering students for in-person learning during the majority of the timeframe of 2020-2022 and were faced with limitations on distance learning including &ldquo;Zoom&rdquo; fatigue.&nbsp; However, as students transitioned to virtual learning platforms, they sustained momentum in advancing through coursework toward degree completion and work opportunities.</p> <p class="paragraph">San Joaquin Delta College was able to overcome some of the challenges as engineering students were able to develop and be received as a cohort-based learning community.&nbsp; The college established a success team of staff, including dedicated academic resource specialist and workforce specialist staff to students during their academic journey including work-based learning and industry collaborations.&nbsp;</p> <p class="paragraph">&nbsp;Engaged industry partners provided discussions as expert panelist for Career Technical Education exploration into Engineering Technology&nbsp;pathways.&nbsp; Additional opportunities for networking were launched during a 12-week internship work experience with the 1000 Internship Initiative and conversation with Job Fairs.&nbsp; &nbsp;&ldquo;Career Boot Camps&rdquo; were embedded into classroom time as an industry-focused career preparation and readiness workshops. Lastly once the campus fully reopened and COVID restrictions were removed, industry fieldtrips were re-introduced.</p> <p class="paragraph">Overall, engagement with industry partnerships was a key factor for student guidance and support to obtain an academic degree and career in Engineering Technology. &nbsp;Students aligned their training from the classroom and skill attainment to real world experiences in speaking with industry leaders and utilizing work-based learning preparing them for their future in the workforce. &nbsp;</p> <p>&nbsp;</p><br> <p>            Last Modified: 03/16/2023<br>      Modified by: Michelle&nbsp;Castanon</p> </div> <div class="porSideCol"></div> </div>]]></DRECONTENT>
<POR_COPY_TXT><![CDATA[ San Joaquin Delta College hosted the project "Pathways to Engineering Technology Careers Through Internships and Industry Guidance."  The project outcomes addressed and confirmed a need for work-based learning and partnership with industry leaders.   Unfortunately, the COVID pandemic did have an impact on our program outcomes and created delay with challenges.   We were unable to provide opportunities to engineering students for in-person learning during the majority of the timeframe of 2020-2022 and were faced with limitations on distance learning including "Zoom" fatigue.  However, as students transitioned to virtual learning platforms, they sustained momentum in advancing through coursework toward degree completion and work opportunities. San Joaquin Delta College was able to overcome some of the challenges as engineering students were able to develop and be received as a cohort-based learning community.  The college established a success team of staff, including dedicated academic resource specialist and workforce specialist staff to students during their academic journey including work-based learning and industry collaborations.   Engaged industry partners provided discussions as expert panelist for Career Technical Education exploration into Engineering Technology pathways.  Additional opportunities for networking were launched during a 12-week internship work experience with the 1000 Internship Initiative and conversation with Job Fairs.   "Career Boot Camps" were embedded into classroom time as an industry-focused career preparation and readiness workshops. Lastly once the campus fully reopened and COVID restrictions were removed, industry fieldtrips were re-introduced. Overall, engagement with industry partnerships was a key factor for student guidance and support to obtain an academic degree and career in Engineering Technology.  Students aligned their training from the classroom and skill attainment to real world experiences in speaking with industry leaders and utilizing work-based learning preparing them for their future in the workforce.            Last Modified: 03/16/2023       Submitted by: Michelle Castanon]]></POR_COPY_TXT>
</POR>
</Award>
</rootTag>
