<?xml version="1.0" encoding="UTF-8"?>
<rootTag>
<Award>
<AwardTitle><![CDATA[Improving Access to Career Pathways in Advanced Manufacturing]]></AwardTitle>
<AGENCY>NSF</AGENCY>
<AwardEffectiveDate>07/01/2020</AwardEffectiveDate>
<AwardExpirationDate>06/30/2025</AwardExpirationDate>
<AwardTotalIntnAmount>439620.00</AwardTotalIntnAmount>
<AwardAmount>439620</AwardAmount>
<AwardInstrument>
<Value>Standard Grant</Value>
</AwardInstrument>
<Organization>
<Code>11040100</Code>
<Directorate>
<Abbreviation>EDU</Abbreviation>
<LongName>Directorate for STEM Education</LongName>
</Directorate>
<Division>
<Abbreviation>DUE</Abbreviation>
<LongName>Division Of Undergraduate Education</LongName>
</Division>
</Organization>
<ProgramOfficer>
<SignBlockName>Christine Delahanty</SignBlockName>
<PO_EMAI>cdelahan@nsf.gov</PO_EMAI>
<PO_PHON>7032928492</PO_PHON>
</ProgramOfficer>
<AbstractNarration>As large manufacturers continue to move into the Reno, Nevada area, there is a growing need for skilled technicians. Filling this demand for advanced manufacturing technicians is critical to support the success of the region's advanced manufacturing industry, as well as to support the region’s economic development goal. This project intends to address this need by increasing access of high school students to the college’s dual enrollment program in advanced manufacturing.  It will do so by developing and using augmented reality and simulated lab experiences at the high schools. In addition, a new employability skills curriculum will be developed and integrated into advanced manufacturing courses, to prepare students for success in the workplace.&lt;br/&gt;&lt;br/&gt;The goals of this project are to: 1) provide greater access to academic pathways leading to an Associate Degree in Advanced Manufacturing; 2) help students learn the critical technical skills needed by manufacturers; and 3) help students learn employability skills that are needed to be hired, stay employed, and advance in a technical career. Access to an existing dual enrollment curriculum in advanced manufacturing will be expanded to more high schools in the region. Multimedia training exercises will be developed including simulations, augmented reality, and electronic training materials for off-site locations using advanced augmented reality headsets and software. The employability skills curriculum will include instruction in collaboration and teamwork, communication, critical and creative thinking, leadership, self-management, and social responsibility.   This project is funded by the Advanced Technological Education program that focuses on the education of technicians for the advanced-technology fields that drive the nation's economy.&lt;br/&gt;&lt;br/&gt;This award reflects NSF's statutory mission and has been deemed worthy of support through evaluation using the Foundation's intellectual merit and broader impacts review criteria.</AbstractNarration>
<MinAmdLetterDate>04/07/2020</MinAmdLetterDate>
<MaxAmdLetterDate>11/14/2022</MaxAmdLetterDate>
<ARRAAmount/>
<TRAN_TYPE>Grant</TRAN_TYPE>
<CFDA_NUM>47.076</CFDA_NUM>
<NSF_PAR_USE_FLAG>1</NSF_PAR_USE_FLAG>
<FUND_AGCY_CODE>4900</FUND_AGCY_CODE>
<AWDG_AGCY_CODE>4900</AWDG_AGCY_CODE>
<AwardID>2000699</AwardID>
<Investigator>
<FirstName>Randal</FirstName>
<LastName>Walden</LastName>
<PI_MID_INIT>W</PI_MID_INIT>
<PI_SUFX_NAME/>
<PI_FULL_NAME>Randal W Walden</PI_FULL_NAME>
<EmailAddress><![CDATA[rwalden@tmcc.edu]]></EmailAddress>
<NSF_ID>000784618</NSF_ID>
<StartDate>04/07/2020</StartDate>
<EndDate>12/20/2021</EndDate>
<RoleCode>Former Principal Investigator</RoleCode>
</Investigator>
<Investigator>
<FirstName>Sidney</FirstName>
<LastName>Sullivan</LastName>
<PI_MID_INIT/>
<PI_SUFX_NAME/>
<PI_FULL_NAME>Sidney Sullivan</PI_FULL_NAME>
<EmailAddress><![CDATA[ssullivan@tmcc.edu]]></EmailAddress>
<NSF_ID>000811614</NSF_ID>
<StartDate>04/07/2020</StartDate>
<EndDate/>
<RoleCode>Co-Principal Investigator</RoleCode>
</Investigator>
<Investigator>
<FirstName>Pat</FirstName>
<LastName>Jarvis</LastName>
<PI_MID_INIT/>
<PI_SUFX_NAME/>
<PI_FULL_NAME>Pat Jarvis</PI_FULL_NAME>
<EmailAddress><![CDATA[pjarvis@tmcc.edu]]></EmailAddress>
<NSF_ID>000654137</NSF_ID>
<StartDate>04/07/2020</StartDate>
<EndDate/>
<RoleCode>Co-Principal Investigator</RoleCode>
</Investigator>
<Investigator>
<FirstName>Jack</FirstName>
<LastName>Sato</LastName>
<PI_MID_INIT>S</PI_MID_INIT>
<PI_SUFX_NAME/>
<PI_FULL_NAME>Jack S Sato</PI_FULL_NAME>
<EmailAddress><![CDATA[jsato@tmcc.edu]]></EmailAddress>
<NSF_ID>000899131</NSF_ID>
<StartDate>11/14/2022</StartDate>
<EndDate/>
<RoleCode>Co-Principal Investigator</RoleCode>
</Investigator>
<Investigator>
<FirstName>Nathan</FirstName>
<LastName>Lower</LastName>
<PI_MID_INIT/>
<PI_SUFX_NAME/>
<PI_FULL_NAME>Nathan Lower</PI_FULL_NAME>
<EmailAddress><![CDATA[nlower@tmcc.edu]]></EmailAddress>
<NSF_ID>000874042</NSF_ID>
<StartDate>04/06/2022</StartDate>
<EndDate/>
<RoleCode>Principal Investigator</RoleCode>
</Investigator>
<Investigator>
<FirstName>Angie</FirstName>
<LastName>Hernandez</LastName>
<PI_MID_INIT/>
<PI_SUFX_NAME/>
<PI_FULL_NAME>Angie Hernandez</PI_FULL_NAME>
<EmailAddress><![CDATA[ahernandez@tmcc.edu]]></EmailAddress>
<NSF_ID>000811845</NSF_ID>
<StartDate>04/07/2020</StartDate>
<EndDate>11/14/2022</EndDate>
<RoleCode>Former Co-Principal Investigator</RoleCode>
</Investigator>
<Investigator>
<FirstName>Chanda</FirstName>
<LastName>Ilunga Guy</LastName>
<PI_MID_INIT>I</PI_MID_INIT>
<PI_SUFX_NAME/>
<PI_FULL_NAME>Chanda I Ilunga Guy</PI_FULL_NAME>
<EmailAddress><![CDATA[cilungaguy@tmcc.edu]]></EmailAddress>
<NSF_ID>000866588</NSF_ID>
<StartDate>12/20/2021</StartDate>
<EndDate>04/06/2022</EndDate>
<RoleCode>Former Principal Investigator</RoleCode>
</Investigator>
<Institution>
<Name><![CDATA[Truckee Meadows Community College]]></Name>
<CityName>RENO</CityName>
<ZipCode>895123901</ZipCode>
<PhoneNumber>7756737025</PhoneNumber>
<StreetAddress><![CDATA[7000 DANDINI BLVD]]></StreetAddress>
<StreetAddress2/>
<CountryName>United States</CountryName>
<StateName>Nevada</StateName>
<StateCode>NV</StateCode>
<CONGRESSDISTRICT>02</CONGRESSDISTRICT>
<CONGRESS_DISTRICT_ORG>NV02</CONGRESS_DISTRICT_ORG>
<ORG_UEI_NUM>TJ3FN7YQV347</ORG_UEI_NUM>
<ORG_LGL_BUS_NAME>NEVADA SYSTEM OF HIGHER EDUCATION</ORG_LGL_BUS_NAME>
<ORG_PRNT_UEI_NUM>F995DBS4SRN3</ORG_PRNT_UEI_NUM>
</Institution>
<Performance_Institution>
<Name><![CDATA[Truckee Meadows Community College]]></Name>
<CityName>Reno</CityName>
<StateCode>NV</StateCode>
<ZipCode>895024103</ZipCode>
<StreetAddress><![CDATA[475 Edison Way]]></StreetAddress>
<CountryCode>US</CountryCode>
<CountryName>United States</CountryName>
<StateName>Nevada</StateName>
<CountryFlag>1</CountryFlag>
<CONGRESSDISTRICT>02</CONGRESSDISTRICT>
<CONGRESS_DISTRICT_PERF>NV02</CONGRESS_DISTRICT_PERF>
</Performance_Institution>
<ProgramElement>
<Code>741200</Code>
<Text>Advanced Tech Education Prog</Text>
</ProgramElement>
<ProgramReference>
<Code>1032</Code>
<Text>ADVANCED TECHNOLOGY EDUCATION</Text>
</ProgramReference>
<ProgramReference>
<Code>9150</Code>
<Text>EXP PROG TO STIM COMP RES</Text>
</ProgramReference>
<ProgramReference>
<Code>9178</Code>
<Text>UNDERGRADUATE EDUCATION</Text>
</ProgramReference>
<ProgramReference>
<Code>SMET</Code>
<Text>SCIENCE, MATH, ENG &amp; TECH EDUCATION</Text>
</ProgramReference>
<Appropriation>
<Code>0420</Code>
<Name>NSF Education &amp; Human Resource</Name>
<APP_SYMB_ID>040106</APP_SYMB_ID>
</Appropriation>
<Fund>
<Code>04002021DB</Code>
<Name><![CDATA[NSF Education & Human Resource]]></Name>
<FUND_SYMB_ID>040106</FUND_SYMB_ID>
</Fund>
<FUND_OBLG>2020~439620</FUND_OBLG>
</Award>
</rootTag>
