<?xml version="1.0" encoding="UTF-8"?>
<rootTag>
<Award>
<AwardTitle><![CDATA[Cornell 7th Conference on Analysis, Probability, and Mathematical Physics on Fractals]]></AwardTitle>
<AGENCY>NSF</AGENCY>
<AwardEffectiveDate>01/01/2020</AwardEffectiveDate>
<AwardExpirationDate>12/31/2022</AwardExpirationDate>
<AwardTotalIntnAmount>49950.00</AwardTotalIntnAmount>
<AwardAmount>49950</AwardAmount>
<AwardInstrument>
<Value>Standard Grant</Value>
</AwardInstrument>
<Organization>
<Code>03040000</Code>
<Directorate>
<Abbreviation>MPS</Abbreviation>
<LongName>Direct For Mathematical &amp; Physical Scien</LongName>
</Directorate>
<Division>
<Abbreviation>DMS</Abbreviation>
<LongName>Division Of Mathematical Sciences</LongName>
</Division>
</Organization>
<ProgramOfficer>
<SignBlockName>Marian Bocea</SignBlockName>
<PO_EMAI>mbocea@nsf.gov</PO_EMAI>
<PO_PHON>7032922595</PO_PHON>
</ProgramOfficer>
<AbstractNarration>The 7th Conference on Analysis, Probability and Mathematical Physics on Fractals will be held at Cornell University Mathematics Department from June 9-13, 2020. The main objective of this conference is to bring together a broad range of researchers in Analysis, Mathematical Physics, Probability on Fractals and other research areas for the purpose of scientific exchange, planning of new projects, and education and training of entering researchers. These conferences have been held every three years starting in 2002. The five-day meeting will be structured in three parts: half-hour talks in the mornings by leading researchers in the field to describe recent important advances; mini-courses in the early afternoons to enable advanced undergraduates, graduate students, and researchers from related fields to learn some of the foundations of the area and discuss important open problems, and 20-minute talks in parallel sessions in the late afternoons to allow all attendees to present their research. A large number of early-career researchers, including members of underrepresented groups and undergraduate students, from both the Cornell SPUR and University of Connecticut REU programs, are expected to benefit from these courses. A number of applied mathematicians and theoretical physicists attend these conferences, so the conference will help foster the growing interactions between the mathematics and physics communities with interests in these areas.&lt;br/&gt;&lt;br/&gt;There are many ways in which fractals appear in current mathematical research. The topics of this conference are those where the underlying space is fractal, and the subjects studied include the analogs of differential equations, random processes and models of physical interactions taking place on these fractal spaces. Due to the pioneering work of Barlow, Perkins, Bass, Kusuoka, Zhou and Kigami there is a well-established, rigorous mathematical framework for discussing such problems. This conference is expected to expand to new directions of research, including new trends in potential, geometric and probabilistic analysis on non-smooth and fractal spaces. The conference website is&lt;br/&gt;https://math.cornell.edu/7th-cornell-conference-analysis-probability-and-mathematical-physics-fractals&lt;br/&gt;&lt;br/&gt;This award reflects NSF's statutory mission and has been deemed worthy of support through evaluation using the Foundation's intellectual merit and broader impacts review criteria.</AbstractNarration>
<MinAmdLetterDate>12/23/2019</MinAmdLetterDate>
<MaxAmdLetterDate>08/11/2021</MaxAmdLetterDate>
<ARRAAmount/>
<TRAN_TYPE>Grant</TRAN_TYPE>
<CFDA_NUM>47.049</CFDA_NUM>
<NSF_PAR_USE_FLAG>1</NSF_PAR_USE_FLAG>
<FUND_AGCY_CODE>4900</FUND_AGCY_CODE>
<AWDG_AGCY_CODE>4900</AWDG_AGCY_CODE>
<AwardID>2000148</AwardID>
<Investigator>
<FirstName>Luke</FirstName>
<LastName>Rogers</LastName>
<PI_MID_INIT>G</PI_MID_INIT>
<PI_SUFX_NAME/>
<PI_FULL_NAME>Luke G Rogers</PI_FULL_NAME>
<EmailAddress><![CDATA[rogers@math.uconn.edu]]></EmailAddress>
<NSF_ID>000079462</NSF_ID>
<StartDate>12/23/2019</StartDate>
<EndDate/>
<RoleCode>Co-Principal Investigator</RoleCode>
</Investigator>
<Investigator>
<FirstName>Alexander</FirstName>
<LastName>Teplyaev</LastName>
<PI_MID_INIT/>
<PI_SUFX_NAME/>
<PI_FULL_NAME>Alexander Teplyaev</PI_FULL_NAME>
<EmailAddress><![CDATA[alexander.teplyaev@uconn.edu]]></EmailAddress>
<NSF_ID>000490153</NSF_ID>
<StartDate>12/23/2019</StartDate>
<EndDate/>
<RoleCode>Co-Principal Investigator</RoleCode>
</Investigator>
<Investigator>
<FirstName>Ravi</FirstName>
<LastName>Ramakrishna</LastName>
<PI_MID_INIT>K</PI_MID_INIT>
<PI_SUFX_NAME/>
<PI_FULL_NAME>Ravi K Ramakrishna</PI_FULL_NAME>
<EmailAddress><![CDATA[ravi@math.cornell.edu]]></EmailAddress>
<NSF_ID>000088943</NSF_ID>
<StartDate>04/21/2021</StartDate>
<EndDate/>
<RoleCode>Principal Investigator</RoleCode>
</Investigator>
<Investigator>
<FirstName>Robert</FirstName>
<LastName>Strichartz</LastName>
<PI_MID_INIT>S</PI_MID_INIT>
<PI_SUFX_NAME/>
<PI_FULL_NAME>Robert S Strichartz</PI_FULL_NAME>
<EmailAddress><![CDATA[math@math.cornell.edu]]></EmailAddress>
<NSF_ID>000168832</NSF_ID>
<StartDate>12/23/2019</StartDate>
<EndDate>04/21/2021</EndDate>
<RoleCode>Former Principal Investigator</RoleCode>
</Investigator>
<Investigator>
<FirstName>Robert</FirstName>
<LastName>Strichartz</LastName>
<PI_MID_INIT>S</PI_MID_INIT>
<PI_SUFX_NAME/>
<PI_FULL_NAME>Robert S Strichartz</PI_FULL_NAME>
<EmailAddress><![CDATA[math@math.cornell.edu]]></EmailAddress>
<NSF_ID>000168832</NSF_ID>
<StartDate>04/21/2021</StartDate>
<EndDate>08/11/2021</EndDate>
<RoleCode>Former Co-Principal Investigator</RoleCode>
</Investigator>
<Investigator>
<FirstName>Patricia</FirstName>
<LastName>Alonso Ruiz</LastName>
<PI_MID_INIT/>
<PI_SUFX_NAME/>
<PI_FULL_NAME>Patricia Alonso Ruiz</PI_FULL_NAME>
<EmailAddress><![CDATA[paruiz@tamu.edu]]></EmailAddress>
<NSF_ID>000756242</NSF_ID>
<StartDate>12/23/2019</StartDate>
<EndDate/>
<RoleCode>Co-Principal Investigator</RoleCode>
</Investigator>
<Institution>
<Name><![CDATA[Cornell University]]></Name>
<CityName>ITHACA</CityName>
<ZipCode>148502820</ZipCode>
<PhoneNumber>6072555014</PhoneNumber>
<StreetAddress><![CDATA[341 PINE TREE RD]]></StreetAddress>
<StreetAddress2/>
<CountryName>United States</CountryName>
<StateName>New York</StateName>
<StateCode>NY</StateCode>
<CONGRESSDISTRICT>19</CONGRESSDISTRICT>
<CONGRESS_DISTRICT_ORG>NY19</CONGRESS_DISTRICT_ORG>
<ORG_UEI_NUM>G56PUALJ3KT5</ORG_UEI_NUM>
<ORG_LGL_BUS_NAME>CORNELL UNIVERSITY</ORG_LGL_BUS_NAME>
<ORG_PRNT_UEI_NUM/>
</Institution>
<Performance_Institution>
<Name><![CDATA[Cornell University]]></Name>
<CityName>Ithaca</CityName>
<StateCode>NY</StateCode>
<ZipCode>148534201</ZipCode>
<StreetAddress><![CDATA[212 Garden Ave]]></StreetAddress>
<CountryCode>US</CountryCode>
<CountryName>United States</CountryName>
<StateName>New York</StateName>
<CountryFlag>1</CountryFlag>
<CONGRESSDISTRICT>19</CONGRESSDISTRICT>
<CONGRESS_DISTRICT_PERF>NY19</CONGRESS_DISTRICT_PERF>
</Performance_Institution>
<ProgramElement>
<Code>128100</Code>
<Text>ANALYSIS PROGRAM</Text>
</ProgramElement>
<ProgramReference>
<Code>7556</Code>
<Text>CONFERENCE AND WORKSHOPS</Text>
</ProgramReference>
<Appropriation>
<Code>0120</Code>
<Name>NSF RESEARCH &amp; RELATED ACTIVIT</Name>
<APP_SYMB_ID>040100</APP_SYMB_ID>
</Appropriation>
<Fund>
<Code>01002021DB</Code>
<Name><![CDATA[NSF RESEARCH & RELATED ACTIVIT]]></Name>
<FUND_SYMB_ID>040100</FUND_SYMB_ID>
</Fund>
<FUND_OBLG>2020~49950</FUND_OBLG>
<POR>
<DRECONTENT><![CDATA[<div class="porColContainerWBG"> <div class="porContentCol"><p style="color: #0e101a; background: transparent; margin-top: 0pt; margin-bottom: 0pt;"><span style="color: #0e101a; background: transparent; margin-top: 0pt; margin-bottom: 0pt;">This award provided funding to help defray the expenses of</span></p> <p style="color: #0e101a; background: transparent; margin-top: 0pt; margin-bottom: 0pt;"><span style="color: #0e101a; background: transparent; margin-top: 0pt; margin-bottom: 0pt;">&nbsp;participants in the "7th Cornell Conference on Analysis,</span></p> <p style="color: #0e101a; background: transparent; margin-top: 0pt; margin-bottom: 0pt;"><span style="color: #0e101a; background: transparent; margin-top: 0pt; margin-bottom: 0pt;">&nbsp;Probability, and Mathematical Physics on Fractals" June 4 -- June 8, </span></p> <p style="color: #0e101a; background: transparent; margin-top: 0pt; margin-bottom: 0pt;"><span style="color: #0e101a; background: transparent; margin-top: 0pt; margin-bottom: 0pt;">2022</span><strong style="color: #0e101a; background: transparent; margin-top: 0pt; margin-bottom: 0pt;"><span style="color: #0e101a; background: transparent; margin-top: 0pt; margin-bottom: 0pt;">&nbsp;</span></strong><span style="color: #0e101a; background: transparent; margin-top: 0pt; margin-bottom: 0pt;">on the campus of Cornell University. For additional information </span></p> <p style="color: #0e101a; background: transparent; margin-top: 0pt; margin-bottom: 0pt;"><span style="color: #0e101a; background: transparent; margin-top: 0pt; margin-bottom: 0pt;">see the conference website: </span></p> <p style="color: #0e101a; background: transparent; margin-top: 0pt; margin-bottom: 0pt;"><span style="color: #0e101a; background: transparent; margin-top: 0pt; margin-bottom: 0pt;">https://math.cornell.edu/7th-cornell-conference-analysis-probability-and-mathematical-physics-fractals</span></p> <p style="color: #0e101a; background: transparent; margin-top: 0pt; margin-bottom: 0pt;"><span style="color: #0e101a; background: transparent; margin-top: 0pt; margin-bottom: 0pt;">&nbsp;</span></p> <p style="color: #0e101a; background: transparent; margin-top: 0pt; margin-bottom: 0pt;"><span style="color: #0e101a; background: transparent; margin-top: 0pt; margin-bottom: 0pt;">The conference was dedicated to the memory of Professor Robert </span></p> <p style="color: #0e101a; background: transparent; margin-top: 0pt; margin-bottom: 0pt;"><span style="color: #0e101a; background: transparent; margin-top: 0pt; margin-bottom: 0pt;">Strichartz, who was the founder of the conference series.  A special </span></p> <p style="color: #0e101a; background: transparent; margin-top: 0pt; margin-bottom: 0pt;"><span style="color: #0e101a; background: transparent; margin-top: 0pt; margin-bottom: 0pt;">session was scheduled during the conference for all to attend and </span></p> <p style="color: #0e101a; background: transparent; margin-top: 0pt; margin-bottom: 0pt;"><span style="color: #0e101a; background: transparent; margin-top: 0pt; margin-bottom: 0pt;">reflect on their thoughts and memories of Bob. Bob is appreciated </span></p> <p style="color: #0e101a; background: transparent; margin-top: 0pt; margin-bottom: 0pt;"><span style="color: #0e101a; background: transparent; margin-top: 0pt; margin-bottom: 0pt;">and recognized for his organizing of the Fractals Conference Community. </span></p> <p style="color: #0e101a; background: transparent; margin-top: 0pt; margin-bottom: 0pt;"><span style="color: #0e101a; background: transparent; margin-top: 0pt; margin-bottom: 0pt;">He will be profoundly missed by family, friends, colleagues, and most </span></p> <p style="color: #0e101a; background: transparent; margin-top: 0pt; margin-bottom: 0pt;"><span style="color: #0e101a; background: transparent; margin-top: 0pt; margin-bottom: 0pt;">of all, the students he mentored and influenced throughout his career.&nbsp;</span></p> <p style="color: #0e101a; background: transparent; margin-top: 0pt; margin-bottom: 0pt;">&nbsp;</p> <p style="color: #0e101a; background: transparent; margin-top: 0pt; margin-bottom: 0pt;"><span style="color: #0e101a; background: transparent; margin-top: 0pt; margin-bottom: 0pt;">&nbsp;This triennial conference series, the first event in which took place</span></p> <p style="color: #0e101a; background: transparent; margin-top: 0pt; margin-bottom: 0pt;"><span style="color: #0e101a; background: transparent; margin-top: 0pt; margin-bottom: 0pt;">&nbsp;in 2002 and of which the 2017 meeting was the 7th installment, is</span></p> <p style="color: #0e101a; background: transparent; margin-top: 0pt; margin-bottom: 0pt;"><span style="color: #0e101a; background: transparent; margin-top: 0pt; margin-bottom: 0pt;">&nbsp;one of the major conferences whose focus is on mathematics on fractal</span></p> <p style="color: #0e101a; background: transparent; margin-top: 0pt; margin-bottom: 0pt;"><span style="color: #0e101a; background: transparent; margin-top: 0pt; margin-bottom: 0pt;">&nbsp;sets. Topics discussed ranged from harmonic analysis to probability,</span></p> <p style="color: #0e101a; background: transparent; margin-top: 0pt; margin-bottom: 0pt;"><span style="color: #0e101a; background: transparent; margin-top: 0pt; margin-bottom: 0pt;">&nbsp;from number theory to stochastic analysis. The long list of keynote</span></p> <p style="color: #0e101a; background: transparent; margin-top: 0pt; margin-bottom: 0pt;"><span style="color: #0e101a; background: transparent; margin-top: 0pt; margin-bottom: 0pt;">&nbsp;speakers at the 2022 conference includes the names of many of the</span></p> <p style="color: #0e101a; background: transparent; margin-top: 0pt; margin-bottom: 0pt;"><span style="color: #0e101a; background: transparent; margin-top: 0pt; margin-bottom: 0pt;">&nbsp;world's leading researchers in the field. The program allows ample</span></p> <p style="color: #0e101a; background: transparent; margin-top: 0pt; margin-bottom: 0pt;"><span style="color: #0e101a; background: transparent; margin-top: 0pt; margin-bottom: 0pt;">&nbsp;opportunity for early-career mathematicians to present their work.</span></p> <p style="color: #0e101a; background: transparent; margin-top: 0pt; margin-bottom: 0pt;"><span style="color: #0e101a; background: transparent; margin-top: 0pt; margin-bottom: 0pt;">&nbsp;</span></p> <p style="color: #0e101a; background: transparent; margin-top: 0pt; margin-bottom: 0pt;"><span style="color: #0e101a; background: transparent; margin-top: 0pt; margin-bottom: 0pt;">&nbsp;There are many ways in which fractals appear in current mathematical</span></p> <p style="color: #0e101a; background: transparent; margin-top: 0pt; margin-bottom: 0pt;"><span style="color: #0e101a; background: transparent; margin-top: 0pt; margin-bottom: 0pt;">&nbsp;research. The topics of this conference are those where the underlying</span></p> <p style="color: #0e101a; background: transparent; margin-top: 0pt; margin-bottom: 0pt;"><span style="color: #0e101a; background: transparent; margin-top: 0pt; margin-bottom: 0pt;">&nbsp;space is fractal, and the subjects studied include the analogs of</span></p> <p style="color: #0e101a; background: transparent; margin-top: 0pt; margin-bottom: 0pt;"><span style="color: #0e101a; background: transparent; margin-top: 0pt; margin-bottom: 0pt;">&nbsp;differential equations, random processes, and models of physical</span></p> <p style="color: #0e101a; background: transparent; margin-top: 0pt; margin-bottom: 0pt;"><span style="color: #0e101a; background: transparent; margin-top: 0pt; margin-bottom: 0pt;">&nbsp;interactions taking place on these fractal spaces. Due to the</span></p> <p style="color: #0e101a; background: transparent; margin-top: 0pt; margin-bottom: 0pt;"><span style="color: #0e101a; background: transparent; margin-top: 0pt; margin-bottom: 0pt;">&nbsp;pioneering work of Barlow, Perkins, Bass, Kusuoka, Zhou and Kigami</span></p> <p style="color: #0e101a; background: transparent; margin-top: 0pt; margin-bottom: 0pt;"><span style="color: #0e101a; background: transparent; margin-top: 0pt; margin-bottom: 0pt;">&nbsp;there is a well-established, rigorous mathematical framework for</span></p> <p style="color: #0e101a; background: transparent; margin-top: 0pt; margin-bottom: 0pt;"><span style="color: #0e101a; background: transparent; margin-top: 0pt; margin-bottom: 0pt;">&nbsp;discussing such problems.</span></p> <p style="color: #0e101a; background: transparent; margin-top: 0pt; margin-bottom: 0pt;"><span style="color: #0e101a; background: transparent; margin-top: 0pt; margin-bottom: 0pt;">&nbsp;</span></p> <p style="color: #0e101a; background: transparent; margin-top: 0pt; margin-bottom: 0pt;"><span style="color: #0e101a; background: transparent; margin-top: 0pt; margin-bottom: 0pt;">&nbsp;The five-day meeting was structured in three parts: half-hour talks in</span></p> <p style="color: #0e101a; background: transparent; margin-top: 0pt; margin-bottom: 0pt;"><span style="color: #0e101a; background: transparent; margin-top: 0pt; margin-bottom: 0pt;">&nbsp;the mornings by leading researchers in the field to describe recent</span></p> <p style="color: #0e101a; background: transparent; margin-top: 0pt; margin-bottom: 0pt;"><span style="color: #0e101a; background: transparent; margin-top: 0pt; margin-bottom: 0pt;">&nbsp;important advances; mini-courses in the early afternoons to enable</span></p> <p style="color: #0e101a; background: transparent; margin-top: 0pt; margin-bottom: 0pt;"><span style="color: #0e101a; background: transparent; margin-top: 0pt; margin-bottom: 0pt;">&nbsp;advanced undergraduates, graduate students, and researchers from</span></p> <p style="color: #0e101a; background: transparent; margin-top: 0pt; margin-bottom: 0pt;"><span style="color: #0e101a; background: transparent; margin-top: 0pt; margin-bottom: 0pt;">&nbsp;related fields to learn some of the foundations of the area and</span></p> <p style="color: #0e101a; background: transparent; margin-top: 0pt; margin-bottom: 0pt;"><span style="color: #0e101a; background: transparent; margin-top: 0pt; margin-bottom: 0pt;">&nbsp;discuss important open problems; and twenty-minute talks in parallel</span></p> <p style="color: #0e101a; background: transparent; margin-top: 0pt; margin-bottom: 0pt;"><span style="color: #0e101a; background: transparent; margin-top: 0pt; margin-bottom: 0pt;">&nbsp;sessions in the late afternoons to allow all attendees to present</span></p> <p style="color: #0e101a; background: transparent; margin-top: 0pt; margin-bottom: 0pt;"><span style="color: #0e101a; background: transparent; margin-top: 0pt; margin-bottom: 0pt;">&nbsp;their research. A significant part of the conference is the</span></p> <p style="color: #0e101a; background: transparent; margin-top: 0pt; margin-bottom: 0pt;"><span style="color: #0e101a; background: transparent; margin-top: 0pt; margin-bottom: 0pt;">&nbsp;mini-courses, which are directed primarily at the training of future</span></p> <p style="color: #0e101a; background: transparent; margin-top: 0pt; margin-bottom: 0pt;"><span style="color: #0e101a; background: transparent; margin-top: 0pt; margin-bottom: 0pt;">&nbsp;mathematicians. A large number of junior researchers, including</span></p> <p style="color: #0e101a; background: transparent; margin-top: 0pt; margin-bottom: 0pt;"><span style="color: #0e101a; background: transparent; margin-top: 0pt; margin-bottom: 0pt;">&nbsp;minorities, members of underrepresented groups, and undergraduate</span></p> <p style="color: #0e101a; background: transparent; margin-top: 0pt; margin-bottom: 0pt;"><span style="color: #0e101a; background: transparent; margin-top: 0pt; margin-bottom: 0pt;">&nbsp;students benefited from these courses. <br /></span></p><br> <p>            Last Modified: 04/03/2023<br>      Modified by: Alexander&nbsp;Teplyaev</p> </div> <div class="porSideCol"></div> </div>]]></DRECONTENT>
<POR_COPY_TXT><![CDATA[This award provided funding to help defray the expenses of  participants in the "7th Cornell Conference on Analysis,  Probability, and Mathematical Physics on Fractals" June 4 -- June 8,  2022 on the campus of Cornell University. For additional information  see the conference website:  https://math.cornell.edu/7th-cornell-conference-analysis-probability-and-mathematical-physics-fractals   The conference was dedicated to the memory of Professor Robert  Strichartz, who was the founder of the conference series.  A special  session was scheduled during the conference for all to attend and  reflect on their thoughts and memories of Bob. Bob is appreciated  and recognized for his organizing of the Fractals Conference Community.  He will be profoundly missed by family, friends, colleagues, and most  of all, the students he mentored and influenced throughout his career.     This triennial conference series, the first event in which took place  in 2002 and of which the 2017 meeting was the 7th installment, is  one of the major conferences whose focus is on mathematics on fractal  sets. Topics discussed ranged from harmonic analysis to probability,  from number theory to stochastic analysis. The long list of keynote  speakers at the 2022 conference includes the names of many of the  world's leading researchers in the field. The program allows ample  opportunity for early-career mathematicians to present their work.    There are many ways in which fractals appear in current mathematical  research. The topics of this conference are those where the underlying  space is fractal, and the subjects studied include the analogs of  differential equations, random processes, and models of physical  interactions taking place on these fractal spaces. Due to the  pioneering work of Barlow, Perkins, Bass, Kusuoka, Zhou and Kigami  there is a well-established, rigorous mathematical framework for  discussing such problems.    The five-day meeting was structured in three parts: half-hour talks in  the mornings by leading researchers in the field to describe recent  important advances; mini-courses in the early afternoons to enable  advanced undergraduates, graduate students, and researchers from  related fields to learn some of the foundations of the area and  discuss important open problems; and twenty-minute talks in parallel  sessions in the late afternoons to allow all attendees to present  their research. A significant part of the conference is the  mini-courses, which are directed primarily at the training of future  mathematicians. A large number of junior researchers, including  minorities, members of underrepresented groups, and undergraduate  students benefited from these courses.         Last Modified: 04/03/2023       Submitted by: Alexander Teplyaev]]></POR_COPY_TXT>
</POR>
</Award>
</rootTag>
