<?xml version="1.0" encoding="UTF-8"?>
<rootTag>
<Award>
<AwardTitle><![CDATA[Travel Support for Student Participation at the 2019 ASME-IMECE Micro and Nano Technology Forum; Salt Lake City, Utah; November 10-14, 2019]]></AwardTitle>
<AGENCY>NSF</AGENCY>
<AwardEffectiveDate>11/01/2019</AwardEffectiveDate>
<AwardExpirationDate>06/30/2020</AwardExpirationDate>
<AwardTotalIntnAmount>15050.00</AwardTotalIntnAmount>
<AwardAmount>15050</AwardAmount>
<AwardInstrument>
<Value>Standard Grant</Value>
</AwardInstrument>
<Organization>
<Code>07030000</Code>
<Directorate>
<Abbreviation>ENG</Abbreviation>
<LongName>Directorate For Engineering</LongName>
</Directorate>
<Division>
<Abbreviation>CMMI</Abbreviation>
<LongName>Div Of Civil, Mechanical, &amp; Manufact Inn</LongName>
</Division>
</Organization>
<ProgramOfficer>
<SignBlockName>Khershed Cooper</SignBlockName>
<PO_EMAI>khcooper@nsf.gov</PO_EMAI>
<PO_PHON>7032927017</PO_PHON>
</ProgramOfficer>
<AbstractNarration>The purpose of this award is to provide partial travel support for post-docs and graduate and undergraduate students to attend the American Society of Mechanical Engineers International Mechanical Engineering Congress and Exposition in Salt Lake City, Utah, November 10-14, 2019. The students will participate in the ASME Society-Wide Micro and Nano Technology Forum (Topic 17-15), which focuses on new research in the field of micro and nano engineering and science. The students will present through oral and poster sessions their latest research results to the advanced manufacturing and broader engineering communities. Funds for the students' travel are based on the technical quality of the poster abstracts submitted as well as on a statement from the students' research advisors. Priority is given to student participants who are women or who come from underrepresented minority groups. This approach promotes diverse participation at the conference, in the short term, and in STEM fields, in the long term. This award benefits the nation through the education of a skilled and diverse manufacturing and engineering workforce better prepared to provide transformative solutions the challenges of their chosen fields.&lt;br/&gt;&lt;br/&gt;This participation support is expected to benefit the students' professional, scientific and technical development. Attendance at the conference gives the students a broader view of the advanced manufacturing and engineering profession and of state-of-the-art research in their fields via access to several technical and professional development talks by leading domestic and international speakers. Students enhance their communication skills through oral and poster presentations, in-depth discussions of their work with peers in their fields during the Society-wide Poster Symposium at the Micro and Nanotechnology Forum. This interactive experience significantly broadens student education, increases their enthusiasm for their research topic, acquaints them with expectations for scientific careers, and exposes them to new avenues for innovative research.&lt;br/&gt;&lt;br/&gt;This award reflects NSF's statutory mission and has been deemed worthy of support through evaluation using the Foundation's intellectual merit and broader impacts review criteria.</AbstractNarration>
<MinAmdLetterDate>11/01/2019</MinAmdLetterDate>
<MaxAmdLetterDate>11/01/2019</MaxAmdLetterDate>
<ARRAAmount/>
<TRAN_TYPE>Grant</TRAN_TYPE>
<CFDA_NUM>47.041</CFDA_NUM>
<NSF_PAR_USE_FLAG>1</NSF_PAR_USE_FLAG>
<FUND_AGCY_CODE>4900</FUND_AGCY_CODE>
<AWDG_AGCY_CODE>4900</AWDG_AGCY_CODE>
<AwardID>2000224</AwardID>
<Investigator>
<FirstName>Ganesh</FirstName>
<LastName>Balasubramanian</LastName>
<PI_MID_INIT/>
<PI_SUFX_NAME/>
<PI_FULL_NAME>Ganesh Balasubramanian</PI_FULL_NAME>
<EmailAddress><![CDATA[bganesh@newhaven.edu]]></EmailAddress>
<NSF_ID>000633694</NSF_ID>
<StartDate>11/01/2019</StartDate>
<EndDate/>
<RoleCode>Co-Principal Investigator</RoleCode>
</Investigator>
<Investigator>
<FirstName>Jun</FirstName>
<LastName>Liu</LastName>
<PI_MID_INIT/>
<PI_SUFX_NAME/>
<PI_FULL_NAME>Jun Liu</PI_FULL_NAME>
<EmailAddress><![CDATA[jliu38@ncsu.edu]]></EmailAddress>
<NSF_ID>000704715</NSF_ID>
<StartDate>11/01/2019</StartDate>
<EndDate/>
<RoleCode>Principal Investigator</RoleCode>
</Investigator>
<Investigator>
<FirstName>Bo</FirstName>
<LastName>Li</LastName>
<PI_MID_INIT/>
<PI_SUFX_NAME/>
<PI_FULL_NAME>Bo Li</PI_FULL_NAME>
<EmailAddress><![CDATA[bo.li@villanova.edu]]></EmailAddress>
<NSF_ID>000757023</NSF_ID>
<StartDate>11/01/2019</StartDate>
<EndDate/>
<RoleCode>Co-Principal Investigator</RoleCode>
</Investigator>
<Institution>
<Name><![CDATA[North Carolina State University]]></Name>
<CityName>RALEIGH</CityName>
<ZipCode>276950001</ZipCode>
<PhoneNumber>9195152444</PhoneNumber>
<StreetAddress><![CDATA[2601 WOLF VILLAGE WAY]]></StreetAddress>
<StreetAddress2/>
<CountryName>United States</CountryName>
<StateName>North Carolina</StateName>
<StateCode>NC</StateCode>
<CONGRESSDISTRICT>02</CONGRESSDISTRICT>
<CONGRESS_DISTRICT_ORG>NC02</CONGRESS_DISTRICT_ORG>
<ORG_UEI_NUM>U3NVH931QJJ3</ORG_UEI_NUM>
<ORG_LGL_BUS_NAME>NORTH CAROLINA STATE UNIVERSITY</ORG_LGL_BUS_NAME>
<ORG_PRNT_UEI_NUM>U3NVH931QJJ3</ORG_PRNT_UEI_NUM>
</Institution>
<Performance_Institution>
<Name><![CDATA[North Carolina State University]]></Name>
<CityName/>
<StateCode>NC</StateCode>
<ZipCode>276957910</ZipCode>
<StreetAddress/>
<CountryCode>US</CountryCode>
<CountryName>United States</CountryName>
<StateName>North Carolina</StateName>
<CountryFlag>1</CountryFlag>
<CONGRESSDISTRICT>02</CONGRESSDISTRICT>
<CONGRESS_DISTRICT_PERF>NC02</CONGRESS_DISTRICT_PERF>
</Performance_Institution>
<ProgramElement>
<Code>088Y00</Code>
<Text>AM-Advanced Manufacturing</Text>
</ProgramElement>
<ProgramReference>
<Code>081E</Code>
<Text>NANO SCALE ASSEMBLY</Text>
</ProgramReference>
<ProgramReference>
<Code>083E</Code>
<Text>MATERIAL TRANSFORMATION PROC</Text>
</ProgramReference>
<ProgramReference>
<Code>084E</Code>
<Text>NANOMANUFACTURING</Text>
</ProgramReference>
<ProgramReference>
<Code>118E</Code>
<Text>GRADUATE EDUCATION</Text>
</ProgramReference>
<ProgramReference>
<Code>7556</Code>
<Text>CONFERENCE AND WORKSHOPS</Text>
</ProgramReference>
<ProgramReference>
<Code>9178</Code>
<Text>UNDERGRADUATE EDUCATION</Text>
</ProgramReference>
<ProgramReference>
<Code>9179</Code>
<Text>GRADUATE INVOLVEMENT</Text>
</ProgramReference>
<Appropriation>
<Code>0120</Code>
<Name>NSF RESEARCH &amp; RELATED ACTIVIT</Name>
<APP_SYMB_ID>040100</APP_SYMB_ID>
</Appropriation>
<Fund>
<Code>01002021DB</Code>
<Name><![CDATA[NSF RESEARCH & RELATED ACTIVIT]]></Name>
<FUND_SYMB_ID>040100</FUND_SYMB_ID>
</Fund>
<FUND_OBLG>2020~15050</FUND_OBLG>
<POR>
<DRECONTENT><![CDATA[<div class="porColContainerWBG"> <div class="porContentCol"><p>In the spirit of the mission of Directorate to attract young talented researchers and to mentor them for a career in science and engineering, this project provided NSF travel funding for students and postdocs to attend the 2019 ASME International Mechanical Engineering Congress and Exposition (IMECE) in Salt Lake City, UT, (November 10-14, 2019) and present their research at the Society-Wide Micro and Nano Technology Forum. The conference provided a platform for networking between researchers from different institutions, which are expected to develop into potential opportunities for research collaboration. The focus areas for the conference being on topics of current national interests, the participants and audience were found to be in discussion about new research ideas during the poster session.</p> <p>This project has greatly promoted the participation and will create a long impact for Society-Wide Micro and Nano Technology Forum. With support, we were able to attract 54 posters and provided travel support for 43 student presenters (as requested) including 9 minority students to showcase their scientific accomplishments, interact with their peers, and engage with people outside of their immediate academic environment at the Society-Wide Micro and Nano Technology Forum. This project provided an avenue for increased student exposure to cutting-edge research in the interdisciplinary areas of micro and nanotechnology, including advanced manufacturing, heat transfer, data science, as well as materials, mechanics, chemical, and bioengineering.</p> <p>This NSF project facilitated the major goal of the conference, which is mentoring early stage next-generation workforce, primarily undergraduate and graduate students, although there was some participation from postdocs and faculty. This mix of researchers at different stages of their careers provided for a mentoring experience and presentation platform, especially for the first-time conference attendees and undergraduate students. It is anticipated that the motivation to pursue research in the discussed topics would lead to the development of the next generation of scientists and engineers focused on interdisciplinary scientific areas.</p> <p>This award benefited the nation through the education of a skilled and diverse engineering workforce better prepared to provide transformative solutions to the challenges of their chosen fields. Attendance at the conference gave the students a broader view of the engineering profession and of state-of-the-art research in their fields via access to several technical and professional development talks by leading domestic and international speakers. Students enhanced their communication skills through poster presentations and in-depth discussions of their work with peers in their fields during the Society-Wide Micro and Nano Technology Forum. This interactive experience significantly broadened their education, increased their enthusiasm for their research topic, acquainted them with expectations for scientific careers, and exposed them to new avenues for innovative research.</p> <p>&nbsp;</p><br> <p>            Last Modified: 07/13/2020<br>      Modified by: Jun&nbsp;Liu</p> </div> <div class="porSideCol"></div> </div>]]></DRECONTENT>
<POR_COPY_TXT><![CDATA[ In the spirit of the mission of Directorate to attract young talented researchers and to mentor them for a career in science and engineering, this project provided NSF travel funding for students and postdocs to attend the 2019 ASME International Mechanical Engineering Congress and Exposition (IMECE) in Salt Lake City, UT, (November 10-14, 2019) and present their research at the Society-Wide Micro and Nano Technology Forum. The conference provided a platform for networking between researchers from different institutions, which are expected to develop into potential opportunities for research collaboration. The focus areas for the conference being on topics of current national interests, the participants and audience were found to be in discussion about new research ideas during the poster session.  This project has greatly promoted the participation and will create a long impact for Society-Wide Micro and Nano Technology Forum. With support, we were able to attract 54 posters and provided travel support for 43 student presenters (as requested) including 9 minority students to showcase their scientific accomplishments, interact with their peers, and engage with people outside of their immediate academic environment at the Society-Wide Micro and Nano Technology Forum. This project provided an avenue for increased student exposure to cutting-edge research in the interdisciplinary areas of micro and nanotechnology, including advanced manufacturing, heat transfer, data science, as well as materials, mechanics, chemical, and bioengineering.  This NSF project facilitated the major goal of the conference, which is mentoring early stage next-generation workforce, primarily undergraduate and graduate students, although there was some participation from postdocs and faculty. This mix of researchers at different stages of their careers provided for a mentoring experience and presentation platform, especially for the first-time conference attendees and undergraduate students. It is anticipated that the motivation to pursue research in the discussed topics would lead to the development of the next generation of scientists and engineers focused on interdisciplinary scientific areas.  This award benefited the nation through the education of a skilled and diverse engineering workforce better prepared to provide transformative solutions to the challenges of their chosen fields. Attendance at the conference gave the students a broader view of the engineering profession and of state-of-the-art research in their fields via access to several technical and professional development talks by leading domestic and international speakers. Students enhanced their communication skills through poster presentations and in-depth discussions of their work with peers in their fields during the Society-Wide Micro and Nano Technology Forum. This interactive experience significantly broadened their education, increased their enthusiasm for their research topic, acquainted them with expectations for scientific careers, and exposed them to new avenues for innovative research.          Last Modified: 07/13/2020       Submitted by: Jun Liu]]></POR_COPY_TXT>
</POR>
</Award>
</rootTag>
