<?xml version="1.0" encoding="UTF-8"?>
<rootTag>
<Award>
<AwardTitle><![CDATA[Modernizing Agriculture Technician Education in Appalachian Northeast Georgia]]></AwardTitle>
<AGENCY>NSF</AGENCY>
<AwardEffectiveDate>10/01/2020</AwardEffectiveDate>
<AwardExpirationDate>09/30/2024</AwardExpirationDate>
<AwardTotalIntnAmount>299795.00</AwardTotalIntnAmount>
<AwardAmount>299795</AwardAmount>
<AwardInstrument>
<Value>Standard Grant</Value>
</AwardInstrument>
<Organization>
<Code>11040100</Code>
<Directorate>
<Abbreviation>EDU</Abbreviation>
<LongName>Directorate for STEM Education</LongName>
</Directorate>
<Division>
<Abbreviation>DUE</Abbreviation>
<LongName>Division Of Undergraduate Education</LongName>
</Division>
</Organization>
<ProgramOfficer>
<SignBlockName>Keith Sverdrup</SignBlockName>
<PO_EMAI>ksverdru@nsf.gov</PO_EMAI>
<PO_PHON>7032924671</PO_PHON>
</ProgramOfficer>
<AbstractNarration>This project aims to address the growing need for agricultural technicians in Northeast Georgia.  The agriculture industry is increasingly driven by precision technologies that maximize productivity and minimize waste and environmental hazards. These processes require advanced mechanization and global navigation satellite systems for implementation. To prepare agricultural technicians for work in precision technologies, the project will develop two agriculture technology programs that are aligned to local agricultural industry needs.  These programs will be designed so that students can develop both technical and higher order competencies and industry-supported credentials.  With these skills and credentials, the students will be able to enter the agricultural technician workforce at middle-skilled levels. This project aims to increase the skilled technical workforce in Northeast Georgia, thus increasing the ability of employers to recruit skilled agricultural technicians locally. &lt;br/&gt;&lt;br/&gt;The project plans to develop two new academic programs that can prepare students for technical work in modern agricultural industries: Agribusiness; and Modern Diversified Agriculture. Two complementary goals will be pursued. The first is to develop experiential, diversified curricula specific to the needs of the local agriculture industry. The second is to recruit and retain Appalachian students in these agricultural technician programs. The curricula will be designed through a partnership with the agriculture industry and local agriculture advisory committee members.  The curricula will focus on providing students with hands-on opportunities in the context of learning laboratories. The project will engage a pool of student who are largely untapped due to a lack of awareness of the available positions and a lack of access to the technical education needed to fill the positions. Information in the project annual evaluation reports will be used to measure project success, to adjust strategies, and to inform stakeholders about project progress. The project will also investigate how the community, through its higher education institutions, can engage the agriculture industry and Appalachian families and students in preparing agriculture technicians for well-paying, local jobs. This project is funded by the Advanced Technological Education program that focuses on the education of technicians for the advanced-technology fields that drive the nation's economy.&lt;br/&gt;&lt;br/&gt;This award reflects NSF's statutory mission and has been deemed worthy of support through evaluation using the Foundation's intellectual merit and broader impacts review criteria.</AbstractNarration>
<MinAmdLetterDate>03/17/2020</MinAmdLetterDate>
<MaxAmdLetterDate>01/31/2024</MaxAmdLetterDate>
<ARRAAmount/>
<TRAN_TYPE>Grant</TRAN_TYPE>
<CFDA_NUM>47.076</CFDA_NUM>
<NSF_PAR_USE_FLAG>1</NSF_PAR_USE_FLAG>
<FUND_AGCY_CODE>4900</FUND_AGCY_CODE>
<AWDG_AGCY_CODE>4900</AWDG_AGCY_CODE>
<AwardID>2000444</AwardID>
<Investigator>
<FirstName>Kevin</FirstName>
<LastName>Peyton</LastName>
<PI_MID_INIT/>
<PI_SUFX_NAME/>
<PI_FULL_NAME>Kevin Peyton</PI_FULL_NAME>
<EmailAddress><![CDATA[KPeyton@northgatech.edu]]></EmailAddress>
<NSF_ID>000799758</NSF_ID>
<StartDate>08/11/2022</StartDate>
<EndDate>01/17/2023</EndDate>
<RoleCode>Former Principal Investigator</RoleCode>
</Investigator>
<Investigator>
<FirstName>Kevin</FirstName>
<LastName>Peyton</LastName>
<PI_MID_INIT/>
<PI_SUFX_NAME/>
<PI_FULL_NAME>Kevin Peyton</PI_FULL_NAME>
<EmailAddress><![CDATA[KPeyton@northgatech.edu]]></EmailAddress>
<NSF_ID>000799758</NSF_ID>
<StartDate>03/17/2020</StartDate>
<EndDate>08/11/2022</EndDate>
<RoleCode>Former Co-Principal Investigator</RoleCode>
</Investigator>
<Investigator>
<FirstName>Wayne</FirstName>
<LastName>Randall</LastName>
<PI_MID_INIT>N</PI_MID_INIT>
<PI_SUFX_NAME/>
<PI_FULL_NAME>Wayne N Randall</PI_FULL_NAME>
<EmailAddress><![CDATA[wayne.randall@northgatech.edu]]></EmailAddress>
<NSF_ID>000805489</NSF_ID>
<StartDate>03/17/2020</StartDate>
<EndDate>08/11/2022</EndDate>
<RoleCode>Former Principal Investigator</RoleCode>
</Investigator>
<Investigator>
<FirstName>Jeffrey</FirstName>
<LastName>Wilbanks</LastName>
<PI_MID_INIT>B</PI_MID_INIT>
<PI_SUFX_NAME/>
<PI_FULL_NAME>Jeffrey B Wilbanks</PI_FULL_NAME>
<EmailAddress><![CDATA[jeffrey.wilbanks@northgatech.edu]]></EmailAddress>
<NSF_ID>000919282</NSF_ID>
<StartDate>01/17/2023</StartDate>
<EndDate>01/31/2024</EndDate>
<RoleCode>Former Principal Investigator</RoleCode>
</Investigator>
<Investigator>
<FirstName>Russell</FirstName>
<LastName>Logan</LastName>
<PI_MID_INIT>J</PI_MID_INIT>
<PI_SUFX_NAME/>
<PI_FULL_NAME>Russell J Logan</PI_FULL_NAME>
<EmailAddress><![CDATA[rusty.logan@northgatech.edu]]></EmailAddress>
<NSF_ID>000993013</NSF_ID>
<StartDate>01/31/2024</StartDate>
<EndDate/>
<RoleCode>Principal Investigator</RoleCode>
</Investigator>
<Institution>
<Name><![CDATA[NORTH GEORGIA TECHNICAL COLLEGE]]></Name>
<CityName>CLARKESVILLE</CityName>
<ZipCode>305234230</ZipCode>
<PhoneNumber>7067547852</PhoneNumber>
<StreetAddress><![CDATA[1500 HIGHWAY 197 N]]></StreetAddress>
<StreetAddress2/>
<CountryName>United States</CountryName>
<StateName>Georgia</StateName>
<StateCode>GA</StateCode>
<CONGRESSDISTRICT>09</CONGRESSDISTRICT>
<CONGRESS_DISTRICT_ORG>GA09</CONGRESS_DISTRICT_ORG>
<ORG_UEI_NUM>SFBTPKM96L56</ORG_UEI_NUM>
<ORG_LGL_BUS_NAME>NORTH GEORGIA TECHNICAL COLLEGE</ORG_LGL_BUS_NAME>
<ORG_PRNT_UEI_NUM/>
</Institution>
<Performance_Institution>
<Name><![CDATA[NORTH GEORGIA TECHNICAL COLLEGE]]></Name>
<CityName>Clarkesville</CityName>
<StateCode>GA</StateCode>
<ZipCode>305234230</ZipCode>
<StreetAddress><![CDATA[1500 Hwy 197 N]]></StreetAddress>
<CountryCode>US</CountryCode>
<CountryName>United States</CountryName>
<StateName>Georgia</StateName>
<CountryFlag>1</CountryFlag>
<CONGRESSDISTRICT>09</CONGRESSDISTRICT>
<CONGRESS_DISTRICT_PERF>GA09</CONGRESS_DISTRICT_PERF>
</Performance_Institution>
<ProgramElement>
<Code>741200</Code>
<Text>Advanced Tech Education Prog</Text>
</ProgramElement>
<ProgramReference>
<Code>1032</Code>
<Text>ADVANCED TECHNOLOGY EDUCATION</Text>
</ProgramReference>
<ProgramReference>
<Code>9178</Code>
<Text>UNDERGRADUATE EDUCATION</Text>
</ProgramReference>
<ProgramReference>
<Code>SMET</Code>
<Text>SCIENCE, MATH, ENG &amp; TECH EDUCATION</Text>
</ProgramReference>
<Appropriation>
<Code>0420</Code>
<Name>NSF Education &amp; Human Resource</Name>
<APP_SYMB_ID>040106</APP_SYMB_ID>
</Appropriation>
<Fund>
<Code>04002021DB</Code>
<Name><![CDATA[NSF Education & Human Resource]]></Name>
<FUND_SYMB_ID>040106</FUND_SYMB_ID>
</Fund>
<FUND_OBLG>2020~299795</FUND_OBLG>
</Award>
</rootTag>
