<?xml version="1.0" encoding="UTF-8"?>
<rootTag>
<Award>
<AwardTitle><![CDATA[Overcoming critical skill gaps in residential and online STEM education via novel immersive, industry-aligned simulated environments]]></AwardTitle>
<AGENCY>NSF</AGENCY>
<AwardEffectiveDate>06/15/2020</AwardEffectiveDate>
<AwardExpirationDate>05/31/2025</AwardExpirationDate>
<AwardTotalIntnAmount>831276.00</AwardTotalIntnAmount>
<AwardAmount>831276</AwardAmount>
<AwardInstrument>
<Value>Standard Grant</Value>
</AwardInstrument>
<Organization>
<Code>11010000</Code>
<Directorate>
<Abbreviation>EDU</Abbreviation>
<LongName>Directorate for STEM Education</LongName>
</Directorate>
<Division>
<Abbreviation>DGE</Abbreviation>
<LongName>Division Of Graduate Education</LongName>
</Division>
</Organization>
<ProgramOfficer>
<SignBlockName>Andrea Nixon</SignBlockName>
<PO_EMAI>anixon@nsf.gov</PO_EMAI>
<PO_PHON>7032922321</PO_PHON>
</ProgramOfficer>
<AbstractNarration>Researchers at Pennsylvania State University propose to create and utilize 3D virtual reality (VR) environments in engineering settings that immerse learners in complex simulation models representing a real-world situation instead of well-defined problems with existing solutions. By partnering with a simulation software company and industry consultants, the project will generate education modules aligned with industry needs and provide novel model-based systems for engineering education. The proposal also intends to bring this technology to a variety of learners (online and residentials, graduate, four- and two-year college, and self-learners). The project goals are to address (1) the paucity of scientific evidence regarding  novel learning environments enabled by immersive simulations in STEM education and (2) the lack of evidence regarding the contribution of virtual reality (versus use of simulations on a 2D display) to STEM education. The project will help to mitigate geographical barriers that prohibit contextualized learning for students, companies’ reluctance to provide access to their facilities and data, and logistical constraints that prohibit in-person site visits. The project also advances the frontiers of problem-based learning (PBL) and enables teaching and learning of relevant workforce skills. &lt;br/&gt;&lt;br/&gt;The research  design is framed by an information processing approach to learning theory, constructivism theory, self-determination theory, and adult learning theory. Data will be collected from students enrolled in existing online and resident courses for graduate and professional students at Pennsylvania State University. The assessment plan enables comparison of traditional vs. immersive simulation in project-based learning in resident and online delivery formats . Formative and summative assessments will be used to test the hypotheses  and investigate (1) the effectiveness  of immersive simulation PBL and how its effectiveness may vary for online vs. resident students and across graduate, professional, four-year, and two-year college levels; (2) whether the use of virtual reality alters the effectiveness of PBL via simulations for learning critical skills; (3) whether learners’ demographics, personality type, prior preparation, motivation, and engineering identity can help predict learning and workplace performance using predictive analytics; and (4) the relationship between usage/navigation  and skill development using video analytics and analyses of recorded virtual site visits. By developing this environment and comparing it to in-class PBL instruction in a similar course, the researchers hope to better understand the role of virtual and immersive environments on student outcomes. The research responds to the need for properly trained workers to fill jobs created by emerging technologies and to the growing need for innovative approaches to STEM education and workforce development during crises that mandate social distancing.&lt;br/&gt;&lt;br/&gt;The project is funded by the EHR Core Research program that supports fundamental research focused on STEM learning and learning environments, broadening participation in STEM, and STEM professional workforce development.&lt;br/&gt;&lt;br/&gt;This award reflects NSF's statutory mission and has been deemed worthy of support through evaluation using the Foundation's intellectual merit and broader impacts review criteria.</AbstractNarration>
<MinAmdLetterDate>06/09/2020</MinAmdLetterDate>
<MaxAmdLetterDate>06/10/2020</MaxAmdLetterDate>
<ARRAAmount/>
<TRAN_TYPE>Grant</TRAN_TYPE>
<CFDA_NUM>47.076</CFDA_NUM>
<NSF_PAR_USE_FLAG>1</NSF_PAR_USE_FLAG>
<FUND_AGCY_CODE>4900</FUND_AGCY_CODE>
<AWDG_AGCY_CODE>4900</AWDG_AGCY_CODE>
<AwardID>2000599</AwardID>
<Investigator>
<FirstName>Parhum</FirstName>
<LastName>Delgoshaei</LastName>
<PI_MID_INIT/>
<PI_SUFX_NAME/>
<PI_FULL_NAME>Parhum Delgoshaei</PI_FULL_NAME>
<EmailAddress><![CDATA[pud18@psu.edu]]></EmailAddress>
<NSF_ID>000680936</NSF_ID>
<StartDate>06/09/2020</StartDate>
<EndDate>06/10/2020</EndDate>
<RoleCode>Former Co-Principal Investigator</RoleCode>
</Investigator>
<Investigator>
<FirstName>Omar</FirstName>
<LastName>Ashour</LastName>
<PI_MID_INIT/>
<PI_SUFX_NAME/>
<PI_FULL_NAME>Omar Ashour</PI_FULL_NAME>
<EmailAddress><![CDATA[oma110@psu.edu]]></EmailAddress>
<NSF_ID>000736131</NSF_ID>
<StartDate>06/09/2020</StartDate>
<EndDate/>
<RoleCode>Co-Principal Investigator</RoleCode>
</Investigator>
<Investigator>
<FirstName>Deena</FirstName>
<LastName>Levy</LastName>
<PI_MID_INIT/>
<PI_SUFX_NAME>Dr.</PI_SUFX_NAME>
<PI_FULL_NAME>Deena Levy</PI_FULL_NAME>
<EmailAddress><![CDATA[drl21@psu.edu]]></EmailAddress>
<NSF_ID>000753888</NSF_ID>
<StartDate>06/09/2020</StartDate>
<EndDate>06/10/2020</EndDate>
<RoleCode>Former Co-Principal Investigator</RoleCode>
</Investigator>
<Investigator>
<FirstName>Ashkan</FirstName>
<LastName>Negahban</LastName>
<PI_MID_INIT/>
<PI_SUFX_NAME/>
<PI_FULL_NAME>Ashkan Negahban</PI_FULL_NAME>
<EmailAddress><![CDATA[aun85@psu.edu]]></EmailAddress>
<NSF_ID>000799970</NSF_ID>
<StartDate>06/09/2020</StartDate>
<EndDate/>
<RoleCode>Principal Investigator</RoleCode>
</Investigator>
<Investigator>
<FirstName>Sabahattin</FirstName>
<LastName>Ozden</LastName>
<PI_MID_INIT>G</PI_MID_INIT>
<PI_SUFX_NAME/>
<PI_FULL_NAME>Sabahattin G Ozden</PI_FULL_NAME>
<EmailAddress><![CDATA[sgo7@psu.edu]]></EmailAddress>
<NSF_ID>000802018</NSF_ID>
<StartDate>06/09/2020</StartDate>
<EndDate/>
<RoleCode>Co-Principal Investigator</RoleCode>
</Investigator>
<Institution>
<Name><![CDATA[Pennsylvania State Univ University Park]]></Name>
<CityName>UNIVERSITY PARK</CityName>
<ZipCode>168021503</ZipCode>
<PhoneNumber>8148651372</PhoneNumber>
<StreetAddress><![CDATA[201 OLD MAIN]]></StreetAddress>
<StreetAddress2/>
<CountryName>United States</CountryName>
<StateName>Pennsylvania</StateName>
<StateCode>PA</StateCode>
<CONGRESSDISTRICT>15</CONGRESSDISTRICT>
<CONGRESS_DISTRICT_ORG>PA15</CONGRESS_DISTRICT_ORG>
<ORG_UEI_NUM>NPM2J7MSCF61</ORG_UEI_NUM>
<ORG_LGL_BUS_NAME>THE PENNSYLVANIA STATE UNIVERSITY</ORG_LGL_BUS_NAME>
<ORG_PRNT_UEI_NUM/>
</Institution>
<Performance_Institution>
<Name><![CDATA[Penn State Great Valley]]></Name>
<CityName>Malvern</CityName>
<StateCode>PA</StateCode>
<ZipCode>193551488</ZipCode>
<StreetAddress><![CDATA[30 E. Swedesford Road]]></StreetAddress>
<CountryCode>US</CountryCode>
<CountryName>United States</CountryName>
<StateName>Pennsylvania</StateName>
<CountryFlag>1</CountryFlag>
<CONGRESSDISTRICT>06</CONGRESSDISTRICT>
<CONGRESS_DISTRICT_PERF>PA06</CONGRESS_DISTRICT_PERF>
</Performance_Institution>
<ProgramElement>
<Code>798000</Code>
<Text>ECR-EDU Core Research</Text>
</ProgramElement>
<ProgramReference>
<Code>8816</Code>
<Text>Workforce Development</Text>
</ProgramReference>
<Appropriation>
<Code>0420</Code>
<Name>NSF Education &amp; Human Resource</Name>
<APP_SYMB_ID>040106</APP_SYMB_ID>
</Appropriation>
<Fund>
<Code>04002021DB</Code>
<Name><![CDATA[NSF Education & Human Resource]]></Name>
<FUND_SYMB_ID>040106</FUND_SYMB_ID>
</Fund>
<FUND_OBLG>2020~831276</FUND_OBLG>
</Award>
</rootTag>
