<?xml version="1.0" encoding="UTF-8"?>
<rootTag>
<Award>
<AwardTitle><![CDATA[Excellence in Research: Analysis of Rare Mutations and Post-translational Modifications in Peroxidases]]></AwardTitle>
<AGENCY>NSF</AGENCY>
<AwardEffectiveDate>07/01/2020</AwardEffectiveDate>
<AwardExpirationDate>06/30/2025</AwardExpirationDate>
<AwardTotalIntnAmount>493074.00</AwardTotalIntnAmount>
<AwardAmount>596453</AwardAmount>
<AwardInstrument>
<Value>Standard Grant</Value>
</AwardInstrument>
<Organization>
<Code>08080000</Code>
<Directorate>
<Abbreviation>BIO</Abbreviation>
<LongName>Direct For Biological Sciences</LongName>
</Directorate>
<Division>
<Abbreviation>DBI</Abbreviation>
<LongName>Div Of Biological Infrastructure</LongName>
</Division>
</Organization>
<ProgramOfficer>
<SignBlockName>Jennifer Weller</SignBlockName>
<PO_EMAI>jweller@nsf.gov</PO_EMAI>
<PO_PHON>7032922224</PO_PHON>
</ProgramOfficer>
<AbstractNarration>Peroxidases are a large family of enzymes that can generate reactive oxygen species involved in many cellular processes including aging, gene expression and signal transduction. Post-translational modifications (PTMs) of proteins play important roles in the cellular processes of peroxidases. Rare mutations involved in PTMs can alter molecular interaction sites and generate deleterious outcomes. However, the genetic mechanism of PTMs affected by rare mutations in peroxidases remains unknown. High throughput technologies generate large datasets for PTM sites and damaging mutations, which makes this discovering process possible. This project will develop novel computational tools to identify PTM sites and to predict the effects of mutations to peroxidases. The bioinformatics tools and databases developed in this program will be expected to have broader applications in broad biology research and machine learning community. In addition to the new computational tools and biological knowledge, this project will encourage  the participation of underrepresented minority students to STEM research. The creation of the Machine Learning course section and Big Data club will help students from HBCUs develop solid foundations for genetics and bioinformatics. The outreach activities, which include the involvement of students in research training activities, workshops and seminars, will help minority students develop essential skills in Big Data analytics. &lt;br/&gt;&lt;br/&gt;&lt;br/&gt;The project will investigate the effects of rare mutations and PTM sites in peroxidases using bioinformatics tools and experimental approaches. Novel bioinformatics approaches will be developed to predict mutation effects and PTM sites, and to analyze the effects of peroxidase rare mutations involved in PTMs in Human and Drosophila through three objectives: 1) Tool Development: new biological sequence features and machine learning algorithms will be used to develop bioinformatics tools for predicting protein sumoylation sites and the effects of missense mutations on protein stability; 2) Bioinformatics Analysis: sequence-based machine learning predictors will be designed to discover the rare damaging mutations, predict the effects of mutations on protein stability, and identify the mutations involved in PTMs, with a structure-based energy calculation to quantify the energy changes to assess the effects of mutations on peroxidase structure and function; and 3) Experimental Validation: biological impacts of PTM-related mutations in curly suppressor (Cysu), a heme peroxidase involved in the wing expansion and the maturation process in Drosophila, will be assessed. Genome editing tools will be used to generate mutant flies and to test neuronal functions of homologues to inspect their contributions to the phenotypes of Cysu transgenic flies. The new bioinformatics and experimental methods used in this study will provide useful information for characterizing the functional effects of rare mutations involved in PTMs in peroxidases. &lt;br/&gt;Results of this project, including research papers and computational tools, will be made available at http://tengbioinformatics.com/.&lt;br/&gt;&lt;br/&gt;This award reflects NSF's statutory mission and has been deemed worthy of support through evaluation using the Foundation's intellectual merit and broader impacts review criteria.</AbstractNarration>
<MinAmdLetterDate>04/28/2020</MinAmdLetterDate>
<MaxAmdLetterDate>07/20/2021</MaxAmdLetterDate>
<ARRAAmount/>
<TRAN_TYPE>Grant</TRAN_TYPE>
<CFDA_NUM>47.074</CFDA_NUM>
<NSF_PAR_USE_FLAG>1</NSF_PAR_USE_FLAG>
<FUND_AGCY_CODE>4900</FUND_AGCY_CODE>
<AWDG_AGCY_CODE>4900</AWDG_AGCY_CODE>
<AwardID>2000296</AwardID>
<Investigator>
<FirstName>Shaolei</FirstName>
<LastName>Teng</LastName>
<PI_MID_INIT/>
<PI_SUFX_NAME/>
<PI_FULL_NAME>Shaolei Teng</PI_FULL_NAME>
<EmailAddress><![CDATA[shaolei.teng@howard.edu]]></EmailAddress>
<NSF_ID>000723212</NSF_ID>
<StartDate>04/28/2020</StartDate>
<EndDate/>
<RoleCode>Principal Investigator</RoleCode>
</Investigator>
<Investigator>
<FirstName>Jiang</FirstName>
<LastName>Li</LastName>
<PI_MID_INIT/>
<PI_SUFX_NAME/>
<PI_FULL_NAME>Jiang Li</PI_FULL_NAME>
<EmailAddress><![CDATA[jli@howard.edu]]></EmailAddress>
<NSF_ID>000534385</NSF_ID>
<StartDate>04/28/2020</StartDate>
<EndDate/>
<RoleCode>Co-Principal Investigator</RoleCode>
</Investigator>
<Institution>
<Name><![CDATA[Howard University]]></Name>
<CityName>WASHINGTON</CityName>
<ZipCode>200590002</ZipCode>
<PhoneNumber>2028064759</PhoneNumber>
<StreetAddress><![CDATA[2400 6TH ST NW]]></StreetAddress>
<StreetAddress2/>
<CountryName>United States</CountryName>
<StateName>District of Columbia</StateName>
<StateCode>DC</StateCode>
<CONGRESSDISTRICT>00</CONGRESSDISTRICT>
<CONGRESS_DISTRICT_ORG>DC00</CONGRESS_DISTRICT_ORG>
<ORG_UEI_NUM>DYZNJGLTHMR9</ORG_UEI_NUM>
<ORG_LGL_BUS_NAME>HOWARD UNIVERSITY</ORG_LGL_BUS_NAME>
<ORG_PRNT_UEI_NUM/>
</Institution>
<Performance_Institution>
<Name><![CDATA[Howard University]]></Name>
<CityName>Washington DC</CityName>
<StateCode>DC</StateCode>
<ZipCode>200590001</ZipCode>
<StreetAddress><![CDATA[2400 Sixth Street NW]]></StreetAddress>
<CountryCode>US</CountryCode>
<CountryName>United States</CountryName>
<StateName>District of Columbia</StateName>
<CountryFlag>1</CountryFlag>
<CONGRESSDISTRICT>00</CONGRESSDISTRICT>
<CONGRESS_DISTRICT_PERF>DC00</CONGRESS_DISTRICT_PERF>
</Performance_Institution>
<ProgramElement>
<Code>070Y00</Code>
<Text>HBCU-EiR - HBCU-Excellence in</Text>
</ProgramElement>
<ProgramReference>
<Code>102Z</Code>
<Text>COVID-Disproportionate Impcts Inst-Indiv</Text>
</ProgramReference>
<ProgramReference>
<Code>1165</Code>
<Text>ADVANCES IN BIO INFORMATICS</Text>
</ProgramReference>
<Appropriation>
<Code>0120</Code>
<Name>NSF RESEARCH &amp; RELATED ACTIVIT</Name>
<APP_SYMB_ID>040100</APP_SYMB_ID>
</Appropriation>
<Appropriation>
<Code>0121</Code>
<Name>NSF RESEARCH &amp; RELATED ACTIVIT</Name>
<APP_SYMB_ID>040100</APP_SYMB_ID>
</Appropriation>
<Fund>
<Code>01002021DB</Code>
<Name><![CDATA[NSF RESEARCH & RELATED ACTIVIT]]></Name>
<FUND_SYMB_ID>040100</FUND_SYMB_ID>
</Fund>
<Fund>
<Code>01002122DB</Code>
<Name><![CDATA[NSF RESEARCH & RELATED ACTIVIT]]></Name>
<FUND_SYMB_ID>040100</FUND_SYMB_ID>
</Fund>
<FUND_OBLG>2020~493074</FUND_OBLG>
<FUND_OBLG>2021~103379</FUND_OBLG>
</Award>
</rootTag>
