<?xml version="1.0" encoding="UTF-8"?>
<rootTag>
<Award>
<AwardTitle><![CDATA[CAREER: The Measurement and Influence of Mathematics Motivation in a Digital Context]]></AwardTitle>
<AGENCY>NSF</AGENCY>
<AwardEffectiveDate>07/01/2019</AwardEffectiveDate>
<AwardExpirationDate>06/30/2025</AwardExpirationDate>
<AwardTotalIntnAmount>978024.00</AwardTotalIntnAmount>
<AwardAmount>1092262</AwardAmount>
<AwardInstrument>
<Value>Continuing Grant</Value>
</AwardInstrument>
<Organization>
<Code>11090000</Code>
<Directorate>
<Abbreviation>EDU</Abbreviation>
<LongName>Directorate for STEM Education</LongName>
</Directorate>
<Division>
<Abbreviation>DRL</Abbreviation>
<LongName>Division Of Research On Learning</LongName>
</Division>
</Organization>
<ProgramOfficer>
<SignBlockName>Margret Hjalmarson</SignBlockName>
<PO_EMAI>mhjalmar@nsf.gov</PO_EMAI>
<PO_PHON>7032925186</PO_PHON>
</ProgramOfficer>
<AbstractNarration>The ECR program emphasizes fundamental STEM education research that will generate fundamental knowledge in the field. This Early Faculty Career Development project supports the generation of knowledge through the building of a firm foundation for a lifetime of leadership in integrating education and research in STEM disciplines. It will examine ways to address a national concern for strengthening students' mathematics competency by enhancing their content knowledge in and motivation for learning mathematics. The study will focus on student motivation for learning as an important predictor of student choice, persistence, and achievement in STEM careers. It will advance research beyond studies that only examine links between motivation and mathematics achievement to lesser known aspects about how motivation functions to support students' in-the-moment choices during learning. The project will: (1) embed experience sampling questions and enhanced choice options within a Spatial Temporal Math digital platform; (2) examine associations between situated student motivation, choice, and academic outcomes; (3) develop nudge interventions based on these associations and iteratively test nudges in a series of experiments within the platform; and (4) assess the impact of nudges in a randomized trial. This project will collect data from over 30K third through fifth grade students for a period of one year.&lt;br/&gt;&lt;br/&gt;Experience sampling and data mining methods will be used to collect data about student motivation as they engage Spatial Temporal Math on a digitized mathematics learning platform aligned with state standards. Methods will include surveys, interviews, observations, and other student related tests and school data. Pilot studies will provide data essential to developing interventions that promote deeper learning drawing on motivation theory and behavioral economics. Results from this project will advance theoretical and analytic bases for understanding motivation and choice situated in real-world learning contexts. These new advances will help transform understanding about student motivation and behaviors as well as inform improvements in the teaching and learning of mathematics. In addition to the 30K that will be directly impacted by this study; in real time, the project will help improve learning for more than a million existing users of the digital platform. Thus, results will benefit society by enhancing student content knowledge and motivational practices while simultaneously developing a foundation for being successful in challenging mathematics undertakings.&lt;br/&gt;&lt;br/&gt;This award reflects NSF's statutory mission and has been deemed worthy of support through evaluation using the Foundation's intellectual merit and broader impacts review criteria.</AbstractNarration>
<MinAmdLetterDate>12/18/2019</MinAmdLetterDate>
<MaxAmdLetterDate>09/12/2022</MaxAmdLetterDate>
<ARRAAmount/>
<TRAN_TYPE>Grant</TRAN_TYPE>
<CFDA_NUM>47.076</CFDA_NUM>
<NSF_PAR_USE_FLAG>1</NSF_PAR_USE_FLAG>
<FUND_AGCY_CODE>4900</FUND_AGCY_CODE>
<AWDG_AGCY_CODE>4900</AWDG_AGCY_CODE>
<AwardID>2000868</AwardID>
<Investigator>
<FirstName>Teomara</FirstName>
<LastName>Rutherford</LastName>
<PI_MID_INIT/>
<PI_SUFX_NAME/>
<PI_FULL_NAME>Teomara Rutherford</PI_FULL_NAME>
<EmailAddress><![CDATA[teomara@udel.edu]]></EmailAddress>
<NSF_ID>000690979</NSF_ID>
<StartDate>12/18/2019</StartDate>
<EndDate/>
<RoleCode>Principal Investigator</RoleCode>
</Investigator>
<Institution>
<Name><![CDATA[University of Delaware]]></Name>
<CityName>NEWARK</CityName>
<ZipCode>197160099</ZipCode>
<PhoneNumber>3028312136</PhoneNumber>
<StreetAddress><![CDATA[220 HULLIHEN HALL]]></StreetAddress>
<StreetAddress2/>
<CountryName>United States</CountryName>
<StateName>Delaware</StateName>
<StateCode>DE</StateCode>
<CONGRESSDISTRICT>00</CONGRESSDISTRICT>
<CONGRESS_DISTRICT_ORG>DE00</CONGRESS_DISTRICT_ORG>
<ORG_UEI_NUM>T72NHKM259N3</ORG_UEI_NUM>
<ORG_LGL_BUS_NAME>UNIVERSITY OF DELAWARE</ORG_LGL_BUS_NAME>
<ORG_PRNT_UEI_NUM/>
</Institution>
<Performance_Institution>
<Name><![CDATA[University of Delaware]]></Name>
<CityName>Newark</CityName>
<StateCode>DE</StateCode>
<ZipCode>197162553</ZipCode>
<StreetAddress/>
<CountryCode>US</CountryCode>
<CountryName>United States</CountryName>
<StateName>Delaware</StateName>
<CountryFlag>1</CountryFlag>
<CONGRESSDISTRICT>00</CONGRESSDISTRICT>
<CONGRESS_DISTRICT_PERF>DE00</CONGRESS_DISTRICT_PERF>
</Performance_Institution>
<ProgramElement>
<Code>798000</Code>
<Text>ECR-EDU Core Research</Text>
</ProgramElement>
<ProgramReference>
<Code>097Z</Code>
<Text>COVID-19 Impacts on Existing Activities</Text>
</ProgramReference>
<ProgramReference>
<Code>1045</Code>
<Text>CAREER-Faculty Erly Career Dev</Text>
</ProgramReference>
<ProgramReference>
<Code>8817</Code>
<Text>STEM Learning &amp; Learning Environments</Text>
</ProgramReference>
<Appropriation>
<Code/>
<Name/>
<APP_SYMB_ID/>
</Appropriation>
<Appropriation>
<Code/>
<Name/>
<APP_SYMB_ID/>
</Appropriation>
<Appropriation>
<Code/>
<Name/>
<APP_SYMB_ID/>
</Appropriation>
<Appropriation>
<Code/>
<Name/>
<APP_SYMB_ID/>
</Appropriation>
<Fund>
<Code>04002223DB</Code>
<Name><![CDATA[NSF Education & Human Resource]]></Name>
<FUND_SYMB_ID>040106</FUND_SYMB_ID>
</Fund>
<Fund>
<Code>04001920DB</Code>
<Name><![CDATA[NSF Education & Human Resource]]></Name>
<FUND_SYMB_ID>040106</FUND_SYMB_ID>
</Fund>
<Fund>
<Code>04002021DB</Code>
<Name><![CDATA[NSF Education & Human Resource]]></Name>
<FUND_SYMB_ID>040106</FUND_SYMB_ID>
</Fund>
<Fund>
<Code>04002122DB</Code>
<Name><![CDATA[NSF Education & Human Resource]]></Name>
<FUND_SYMB_ID>040106</FUND_SYMB_ID>
</Fund>
<FUND_OBLG>2019~202222</FUND_OBLG>
<FUND_OBLG>2020~208290</FUND_OBLG>
<FUND_OBLG>2021~214037</FUND_OBLG>
<FUND_OBLG>2022~467713</FUND_OBLG>
</Award>
</rootTag>
