<?xml version="1.0" encoding="UTF-8"?>
<rootTag>
<Award>
<AwardTitle><![CDATA[Collaborative Research: Excellence in Research: Impact of Gbx2 on neural crest cells during neuronal, craniofacial and cardiovascular development]]></AwardTitle>
<AGENCY>NSF</AGENCY>
<AwardEffectiveDate>07/01/2020</AwardEffectiveDate>
<AwardExpirationDate>06/30/2025</AwardExpirationDate>
<AwardTotalIntnAmount>229338.00</AwardTotalIntnAmount>
<AwardAmount>345460</AwardAmount>
<AwardInstrument>
<Value>Standard Grant</Value>
</AwardInstrument>
<Organization>
<Code>08090100</Code>
<Directorate>
<Abbreviation>BIO</Abbreviation>
<LongName>Direct For Biological Sciences</LongName>
</Directorate>
<Division>
<Abbreviation>IOS</Abbreviation>
<LongName>Division Of Integrative Organismal Systems</LongName>
</Division>
</Organization>
<ProgramOfficer>
<SignBlockName>Philip Becraft</SignBlockName>
<PO_EMAI>pbecraft@nsf.gov</PO_EMAI>
<PO_PHON>7032922477</PO_PHON>
</ProgramOfficer>
<AbstractNarration>Head and heart development are closely intertwined during embryonic development in vertebrates. They share molecular regulatory mechanism as well as some progenitor cell populations. Both head and heart, are made from a multitude of cells, which include mesodermal cells that form musculature and neural crest cells which form connective tissue. Mesodermal and neural crest cells are also important for the development of cartilages and bones in head and neck and for proper septation of the heart. The identity of cells that constitute these tissues is specified very early during embryogenesis via a specific set of genes (specifiers), then follow their trajectory to become muscle, connective tissue, etc.&lt;br/&gt;One early specifier, gastrulation-brain-homeobox 2 (Gbx2), is essential for the migration (movement) and survival of neural crest cells. Neural crest cells and mesodermal cells interact during their migration to form head and heart structures. While mesodermal cells are not directly effected by change in Gbx2 expression, neural crest cells are effected and will alter the communication with mesodermal cells, leading to changes in mesoderm derived structures (e.g., muscles). This project aims to understand how Gbx2 guides neural crest development, and how changes in Gbx2 expression influences head (muscle, cartilage, bone, cranial nerve) and heart development. &lt;br/&gt;Traditionally the fields of comparative, developmental and evolutionary biology have been unsuccessful in recruiting students and scientists of diverse backrounds. This project will promote collaborations between researchers from non-traditional backgrounds in these areas of biology and historically black universities, Howard University and University of the District of Columbia.  This award is funded by the NSF Excellence in Research Program.&lt;br/&gt;&lt;br/&gt;&lt;br/&gt;Technical paragraph&lt;br/&gt;Cranial neural crest cells (CNCCs) are involved in the development of cranial ganglia, cranial nerves, cranium, connective tissue of head muscles, heart septation, pharyngeal arch artery development, etc. The gastrulation-brain-homeobox (Gbx) transcription factor family member, Gbx2, regulates diverse developmental processes, including anteroposterior patterning within the anterior hindbrain and migration and survival of CNCCs. Since CNCCs are involved in many different developmental processes during head and heart development, this project aims to analyze target genes under direct control of Gbx2, that regulate migration and survival of CNCCs in homozygous Gbx2neo embryos. Furthermore, this project will include analyses of the impact of changes of Gbx2 expression on the morphogenesis of the neural system, and craniofacial and cardiovascular structures. The latter part is of significance as neural crest cells influence the development and differentiation of surrounding tissues and vice versa. During head and haert development the interaction of CNCCs and mesoderm is of particular interest for this project because the mesodermal progenitor cells for most of the head and heart musculature derives from a common progenitor field, called the cardiopharyngeal field. In case Gbx2 is somehow involved in the gene regulatory network underlying the differentiation of that mesodermal progenitor field, directly via altering the transcription of genes or indirectly via altering the neural crest - mesodermal interaction during development, this project will lead to insights into mechanisms regulating head and heart development as well as cranial ganglia and nerve development.&lt;br/&gt;&lt;br/&gt;This award reflects NSF's statutory mission and has been deemed worthy of support through evaluation using the Foundation's intellectual merit and broader impacts review criteria.</AbstractNarration>
<MinAmdLetterDate>06/29/2020</MinAmdLetterDate>
<MaxAmdLetterDate>08/03/2021</MaxAmdLetterDate>
<ARRAAmount/>
<TRAN_TYPE>Grant</TRAN_TYPE>
<CFDA_NUM>47.074</CFDA_NUM>
<NSF_PAR_USE_FLAG>1</NSF_PAR_USE_FLAG>
<FUND_AGCY_CODE>4900</FUND_AGCY_CODE>
<AWDG_AGCY_CODE>4900</AWDG_AGCY_CODE>
<AwardID>2000005</AwardID>
<Investigator>
<FirstName>Janine</FirstName>
<LastName>Ziermann-Canabarro</LastName>
<PI_MID_INIT>M</PI_MID_INIT>
<PI_SUFX_NAME/>
<PI_FULL_NAME>Janine M Ziermann-Canabarro</PI_FULL_NAME>
<EmailAddress><![CDATA[janine.ziermann@howard.edu]]></EmailAddress>
<NSF_ID>000688985</NSF_ID>
<StartDate>06/29/2020</StartDate>
<EndDate/>
<RoleCode>Principal Investigator</RoleCode>
</Investigator>
<Institution>
<Name><![CDATA[Howard University]]></Name>
<CityName>WASHINGTON</CityName>
<ZipCode>200590002</ZipCode>
<PhoneNumber>2028064759</PhoneNumber>
<StreetAddress><![CDATA[2400 6TH ST NW]]></StreetAddress>
<StreetAddress2/>
<CountryName>United States</CountryName>
<StateName>District of Columbia</StateName>
<StateCode>DC</StateCode>
<CONGRESSDISTRICT>00</CONGRESSDISTRICT>
<CONGRESS_DISTRICT_ORG>DC00</CONGRESS_DISTRICT_ORG>
<ORG_UEI_NUM>DYZNJGLTHMR9</ORG_UEI_NUM>
<ORG_LGL_BUS_NAME>HOWARD UNIVERSITY</ORG_LGL_BUS_NAME>
<ORG_PRNT_UEI_NUM/>
</Institution>
<Performance_Institution>
<Name><![CDATA[Howard University College of Medicine]]></Name>
<CityName>Washington</CityName>
<StateCode>DC</StateCode>
<ZipCode>200590001</ZipCode>
<StreetAddress><![CDATA[520 W St NW, Numa Adams Bldg]]></StreetAddress>
<CountryCode>US</CountryCode>
<CountryName>United States</CountryName>
<StateName>District of Columbia</StateName>
<CountryFlag>1</CountryFlag>
<CONGRESSDISTRICT>00</CONGRESSDISTRICT>
<CONGRESS_DISTRICT_PERF>DC00</CONGRESS_DISTRICT_PERF>
</Performance_Institution>
<ProgramElement>
<Code>070Y00</Code>
<Text>HBCU-EiR - HBCU-Excellence in</Text>
</ProgramElement>
<ProgramReference>
<Code>102Z</Code>
<Text>COVID-Disproportionate Impcts Inst-Indiv</Text>
</ProgramReference>
<ProgramReference>
<Code>1119</Code>
<Text>ANIMAL DEVELOPMENTAL MECHANSMS</Text>
</ProgramReference>
<ProgramReference>
<Code>1228</Code>
<Text>MINORITY INVOLVEMENT -- BIO</Text>
</ProgramReference>
<ProgramReference>
<Code>1594</Code>
<Text>HIST BLACK COLLEGES AND UNIV</Text>
</ProgramReference>
<ProgramReference>
<Code>2886</Code>
<Text>MINORITY INSTITUTIONS PROGRAM</Text>
</ProgramReference>
<ProgramReference>
<Code>9178</Code>
<Text>UNDERGRADUATE EDUCATION</Text>
</ProgramReference>
<Appropriation>
<Code>0120</Code>
<Name>NSF RESEARCH &amp; RELATED ACTIVIT</Name>
<APP_SYMB_ID>040100</APP_SYMB_ID>
</Appropriation>
<Appropriation>
<Code>0121</Code>
<Name>NSF RESEARCH &amp; RELATED ACTIVIT</Name>
<APP_SYMB_ID>040100</APP_SYMB_ID>
</Appropriation>
<Fund>
<Code>01002021DB</Code>
<Name><![CDATA[NSF RESEARCH & RELATED ACTIVIT]]></Name>
<FUND_SYMB_ID>040100</FUND_SYMB_ID>
</Fund>
<Fund>
<Code>01002122DB</Code>
<Name><![CDATA[NSF RESEARCH & RELATED ACTIVIT]]></Name>
<FUND_SYMB_ID>040100</FUND_SYMB_ID>
</Fund>
<FUND_OBLG>2020~229338</FUND_OBLG>
<FUND_OBLG>2021~116122</FUND_OBLG>
</Award>
</rootTag>
