<?xml version="1.0" encoding="UTF-8"?>
<rootTag>
<Award>
<AwardTitle><![CDATA[CAREER: Active-Loadable Poresomes for the Cytoplasmic Delivery of Membrane-Impermeable Compounds]]></AwardTitle>
<AGENCY>NSF</AGENCY>
<AwardEffectiveDate>07/01/2019</AwardEffectiveDate>
<AwardExpirationDate>12/31/2023</AwardExpirationDate>
<AwardTotalIntnAmount>364244.00</AwardTotalIntnAmount>
<AwardAmount>364244</AwardAmount>
<AwardInstrument>
<Value>Continuing Grant</Value>
</AwardInstrument>
<Organization>
<Code>03070000</Code>
<Directorate>
<Abbreviation>MPS</Abbreviation>
<LongName>Direct For Mathematical &amp; Physical Scien</LongName>
</Directorate>
<Division>
<Abbreviation>DMR</Abbreviation>
<LongName>Division Of Materials Research</LongName>
</Division>
</Organization>
<ProgramOfficer>
<SignBlockName>Nitsa Rosenzweig</SignBlockName>
<PO_EMAI>nirosenz@nsf.gov</PO_EMAI>
<PO_PHON>7032927256</PO_PHON>
</ProgramOfficer>
<AbstractNarration>NON-TECHNICAL  &lt;br/&gt;Unlike small molecules, large molecules including proteins and nucleic acids are unable to penetrate the cellular membrane. However, effectively delivering proteins and nucleic acids into cells could enable the treatment of a number of previously incurable diseases. Here, the PI proposes to create natural small lipid vesicles that contain pores. These will allow large molecules to be transported directly into cells. To load these small lipid vesicles with therapeutic molecules, biomaterials composed of nucleic acids will be engineered. To ensure that the lipid vesicles will only target specific cells, the vesicles will be decorated with molecules that can detect diseased cells. This research is expected to have broad impact across several scientific disciplines including biomaterials, nucleic acid and drug delivery, nanotechnology, and cell-mimicking materials. The fundamental knowledge gained from the proposal will significantly change the way that membrane-impermeable compounds are delivered to cells, especially for large molecules. This has important implications for human health because these carriers should allow diseases that are currently undruggable to be treated more safely and efficiently. The project will also enhance the nation's education infrastructure by developing a new biomaterials curriculum for graduate students and by delivering interactive teaching modules to high schools. Further, this project seeks to establish a mentoring-intensive program that will foster biomaterials research for minority and female undergraduate students. It will also establish a network of support for biomaterials graduate, undergraduate, and high school students.&lt;br/&gt;&lt;br/&gt;&lt;br/&gt;&lt;br/&gt;TECHNICAL &lt;br/&gt;In this CAREER proposal, the PI plans to develop a novel class of cell-mimicking carriers, termed poresomes. These poresomes will be used to deliver macromolecules to the cytoplasm while bypassing endosomes. Despite tremendous progress in nanoscience, the cytoplasmic delivery of membrane-impermeable compounds such as negatively charged RNA remains challenging. This is because a significant fraction of the RNA that is delivered remains trapped in the endosomes, where it ultimately degrades. The objective of this CAREER proposal is to overcome these challenges by engineering cell-mimicking RNA-loaded lipid vesicles that are equipped with pores composed of connexin membrane channels. It is hypothesized that microRNA(miRNA)-loaded poresomes will connect to the connexin membrane channels of recipient cells to form gap junctions. In this way, miRNAs will be directly delivered into the cytoplasm whilst bypassing the degradative endosomal and lysosomal environments (Objective 1). Further, to effectively load poresomes with therapeutic cargo, the PI proposes to synthesize EXOmers, RNA-based sequences that are capable of exploiting the cellular trafficking machinery used to actively sort macromolecules into poresomes. Structure activity analyses will be performed to develop highly efficient sequences (Objective 2). Third, multifunctional poresomes that target non-internalizing receptors will be engineered to mediate cellular anchoring and facilitate miRNA transport through gap junctions (Objective 3). The educational goals are to (i) increase participation of underrepresented students through more understandable, relatable, and accessible science and (ii) improve biomaterials and nanoscience education for graduate, undergraduate, and high school students. We will harness the learning advantages provided by visualization and animation to teach complex scientific subject matter. The integrative nature of our education outreach program should improve the communication skills of both graduate and undergraduate students.&lt;br/&gt;&lt;br/&gt;This award reflects NSF's statutory mission and has been deemed worthy of support through evaluation using the Foundation's intellectual merit and broader impacts review criteria.</AbstractNarration>
<MinAmdLetterDate>11/08/2019</MinAmdLetterDate>
<MaxAmdLetterDate>04/18/2022</MaxAmdLetterDate>
<ARRAAmount/>
<TRAN_TYPE>Grant</TRAN_TYPE>
<CFDA_NUM>47.049</CFDA_NUM>
<NSF_PAR_USE_FLAG>1</NSF_PAR_USE_FLAG>
<FUND_AGCY_CODE>4900</FUND_AGCY_CODE>
<AWDG_AGCY_CODE>4900</AWDG_AGCY_CODE>
<AwardID>2000256</AwardID>
<Investigator>
<FirstName>Juliane</FirstName>
<LastName>Nguyen</LastName>
<PI_MID_INIT/>
<PI_SUFX_NAME/>
<PI_FULL_NAME>Juliane Nguyen</PI_FULL_NAME>
<EmailAddress><![CDATA[julianen@email.unc.edu]]></EmailAddress>
<NSF_ID>000673243</NSF_ID>
<StartDate>11/08/2019</StartDate>
<EndDate/>
<RoleCode>Principal Investigator</RoleCode>
</Investigator>
<Institution>
<Name><![CDATA[University of North Carolina at Chapel Hill]]></Name>
<CityName>CHAPEL HILL</CityName>
<ZipCode>275995023</ZipCode>
<PhoneNumber>9199663411</PhoneNumber>
<StreetAddress><![CDATA[104 AIRPORT DR STE 2200]]></StreetAddress>
<StreetAddress2/>
<CountryName>United States</CountryName>
<StateName>North Carolina</StateName>
<StateCode>NC</StateCode>
<CONGRESSDISTRICT>04</CONGRESSDISTRICT>
<CONGRESS_DISTRICT_ORG>NC04</CONGRESS_DISTRICT_ORG>
<ORG_UEI_NUM>D3LHU66KBLD5</ORG_UEI_NUM>
<ORG_LGL_BUS_NAME>UNIVERSITY OF NORTH CAROLINA AT CHAPEL HILL</ORG_LGL_BUS_NAME>
<ORG_PRNT_UEI_NUM>D3LHU66KBLD5</ORG_PRNT_UEI_NUM>
</Institution>
<Performance_Institution>
<Name><![CDATA[University of North Carolina at Chapel Hill]]></Name>
<CityName/>
<StateCode>NC</StateCode>
<ZipCode>275991350</ZipCode>
<StreetAddress/>
<CountryCode>US</CountryCode>
<CountryName>United States</CountryName>
<StateName>North Carolina</StateName>
<CountryFlag>1</CountryFlag>
<CONGRESSDISTRICT>04</CONGRESSDISTRICT>
<CONGRESS_DISTRICT_PERF>NC04</CONGRESS_DISTRICT_PERF>
</Performance_Institution>
<ProgramElement>
<Code>762300</Code>
<Text>BIOMATERIALS PROGRAM</Text>
</ProgramElement>
<ProgramReference>
<Code>1045</Code>
<Text>CAREER-Faculty Erly Career Dev</Text>
</ProgramReference>
<ProgramReference>
<Code>7573</Code>
<Text>BIO-RELATED MATERIALS RESEARCH</Text>
</ProgramReference>
<ProgramReference>
<Code>9102</Code>
<Text>WOMEN, MINORITY, DISABLED, NEC</Text>
</ProgramReference>
<Appropriation>
<Code/>
<Name/>
<APP_SYMB_ID/>
</Appropriation>
<Appropriation>
<Code/>
<Name/>
<APP_SYMB_ID/>
</Appropriation>
<Appropriation>
<Code/>
<Name/>
<APP_SYMB_ID/>
</Appropriation>
<Fund>
<Code>01001920DB</Code>
<Name><![CDATA[NSF RESEARCH & RELATED ACTIVIT]]></Name>
<FUND_SYMB_ID>040100</FUND_SYMB_ID>
</Fund>
<Fund>
<Code>01002122DB</Code>
<Name><![CDATA[NSF RESEARCH & RELATED ACTIVIT]]></Name>
<FUND_SYMB_ID>040100</FUND_SYMB_ID>
</Fund>
<Fund>
<Code>01002223DB</Code>
<Name><![CDATA[NSF RESEARCH & RELATED ACTIVIT]]></Name>
<FUND_SYMB_ID>040100</FUND_SYMB_ID>
</Fund>
<FUND_OBLG>2019~158551</FUND_OBLG>
<FUND_OBLG>2021~102137</FUND_OBLG>
<FUND_OBLG>2022~103556</FUND_OBLG>
<POR>
<DRECONTENT><![CDATA[<div class="porColContainerWBG"> <div class="porContentCol"><p>Small extracellular vesicles (EVs), also known as exosomes, play crucial roles in both normal cellular communication and disease processes. These EVs contain short and long non-coding RNAs that regulate gene expression and epigenetic mechanisms. As part of our research, we designed and synthesized RNA EXOmers specifically sorted to EVs. These EXOmers serve two main purposes: (i) delivering therapeutic RNA load into EVs of mesenchymal stem cells and (ii) investigating the roles of EVs and their nucleic acid content in cellular communication. To study EV function and RNA-based communication, we developed a genetically encodable reporter system. This system combines an EV-loading RNA sequence (the EXO-Code) with a fluorogenic RNA Mango aptamer for RNA imaging. The fusion construct enables visualization, tracking of EV RNA, and colocalization with multivesicular body markers.</p> <p>Additionally, we successfully developed EVs that demonstrated efficacy in treating both myocardial infarction and wound healing in preclinical studies. We also made substantial contributions to the scientific understanding by investigating the mechanisms underlying nucleic acid sorting into EVs and poresomes. Furthermore, our team developed novel RNA-based and protein-based materials to enhance the therapeutic efficacy of these particles.&nbsp;</p> <p>Our efforts to increase subscribers to our lab&rsquo;s YouTube channel have helped high school students and the public better visualize and understand biomaterials. Notably, our videos have been viewed more than 40,000 times. Specifically, a fall in interest in STEM-related subjects is in part due to the poor delivery of scientific content to high school students. Ineffective teaching typically results in poor understanding of the subject matter and ultimately affects career choices. The technical language of scientific lecture books and papers can be difficult to understand, even for trained scientists. This is a clearly identifiable communication failure and barrier to high school students, demotivating those who might otherwise be interested in science.&nbsp;</p> <p>To address this, we have developed animated PowerPoint slides to enable high school students and the public to visualize, and therefore better understand, science. Although it has been shown that animations significantly enhance student learning through visual-pictorial and auditory-verbal means, surprisingly, these technologies are still underutilized in science classes. In contrast to still images, animations can significantly increase student learning and curiosity towards science. Visualization tools in combination with verbal and textual information significantly promote student understanding of scientific representations by helping them generate mental images. Because the students will have unlimited access to these animated lecture slides, they can watch them as many times as necessary to comprehend and learn their content. Videos can be found here: https://www.youtube.com/chan-nel/UCj5HCfBJUmHkpd7YTWNG4tw/videos.</p> <p>&nbsp;</p><br> <p>  Last Modified: 05/21/2024<br> Modified by: Juliane&nbsp;Nguyen</p></div> <div class="porSideCol" ></div> </div>]]></DRECONTENT>
<POR_COPY_TXT><![CDATA[  Small extracellular vesicles (EVs), also known as exosomes, play crucial roles in both normal cellular communication and disease processes. These EVs contain short and long non-coding RNAs that regulate gene expression and epigenetic mechanisms. As part of our research, we designed and synthesized RNA EXOmers specifically sorted to EVs. These EXOmers serve two main purposes: (i) delivering therapeutic RNA load into EVs of mesenchymal stem cells and (ii) investigating the roles of EVs and their nucleic acid content in cellular communication. To study EV function and RNA-based communication, we developed a genetically encodable reporter system. This system combines an EV-loading RNA sequence (the EXO-Code) with a fluorogenic RNA Mango aptamer for RNA imaging. The fusion construct enables visualization, tracking of EV RNA, and colocalization with multivesicular body markers.   Additionally, we successfully developed EVs that demonstrated efficacy in treating both myocardial infarction and wound healing in preclinical studies. We also made substantial contributions to the scientific understanding by investigating the mechanisms underlying nucleic acid sorting into EVs and poresomes. Furthermore, our team developed novel RNA-based and protein-based materials to enhance the therapeutic efficacy of these particles.   Our efforts to increase subscribers to our labs YouTube channel have helped high school students and the public better visualize and understand biomaterials. Notably, our videos have been viewed more than 40,000 times. Specifically, a fall in interest in STEM-related subjects is in part due to the poor delivery of scientific content to high school students. Ineffective teaching typically results in poor understanding of the subject matter and ultimately affects career choices. The technical language of scientific lecture books and papers can be difficult to understand, even for trained scientists. This is a clearly identifiable communication failure and barrier to high school students, demotivating those who might otherwise be interested in science.   To address this, we have developed animated PowerPoint slides to enable high school students and the public to visualize, and therefore better understand, science. Although it has been shown that animations significantly enhance student learning through visual-pictorial and auditory-verbal means, surprisingly, these technologies are still underutilized in science classes. In contrast to still images, animations can significantly increase student learning and curiosity towards science. Visualization tools in combination with verbal and textual information significantly promote student understanding of scientific representations by helping them generate mental images. Because the students will have unlimited access to these animated lecture slides, they can watch them as many times as necessary to comprehend and learn their content. Videos can be found here: https://www.youtube.com/chan-nel/UCj5HCfBJUmHkpd7YTWNG4tw/videos.        Last Modified: 05/21/2024       Submitted by: JulianeNguyen]]></POR_COPY_TXT>
</POR>
</Award>
</rootTag>
