<?xml version="1.0" encoding="UTF-8"?>
<rootTag>
<Award>
<AwardTitle><![CDATA[CAS: Near-IR Absorbing Intramolecular Charge Transfer Complexes: Syntheses, Symmetry-Breaking Charge Transfer, and Charge Transfer Reversal by External Stimuli]]></AwardTitle>
<AGENCY>NSF</AGENCY>
<AwardEffectiveDate>06/01/2020</AwardEffectiveDate>
<AwardExpirationDate>05/31/2024</AwardExpirationDate>
<AwardTotalIntnAmount>404266.00</AwardTotalIntnAmount>
<AwardAmount>404266</AwardAmount>
<AwardInstrument>
<Value>Standard Grant</Value>
</AwardInstrument>
<Organization>
<Code>03090000</Code>
<Directorate>
<Abbreviation>MPS</Abbreviation>
<LongName>Direct For Mathematical &amp; Physical Scien</LongName>
</Directorate>
<Division>
<Abbreviation>CHE</Abbreviation>
<LongName>Division Of Chemistry</LongName>
</Division>
</Organization>
<ProgramOfficer>
<SignBlockName>John Papanikolas</SignBlockName>
<PO_EMAI>jpapanik@nsf.gov</PO_EMAI>
<PO_PHON>7032928173</PO_PHON>
</ProgramOfficer>
<AbstractNarration>In this project, funded by the Chemical Structure, Dynamic &amp; Mechanism B Program of the Chemistry Division, Professor Francis D’Souza of the Department of Chemistry at the University is developing new classes of charge transfer complexes able to absorb light in the near-infrared region. The research could lead to materials with novel optoelectronic properties, which are needed for efficient solar energy harvesting devices and luminescent sensors. The project lies at the interface of organic, physical and materials chemistry, and is well suited to the education of scientists at the undergraduate and graduate levels. The project provides extensive teaching and training of graduate students, and undergraduate students.  The technical knowledge, problem-solving abilities, and communication skills learned through participating in the project help to strengthen the nation’s high technology workforce while contributing to the energy efficiency of clean energy technologies.  Outreach efforts contribute to a highly diversified research group and collaboration with the Elm Fork Education Center to enhance general science education are also part of the project.     &lt;br/&gt;&lt;br/&gt;Professor Francis D’Souza’s group will address several scientific challenges.  First, can the absorption of the intramolecular charge transfer complexes be extended into the near-infrared region and beyond by utilizing highly interacting strong electron donor and strong electron acceptor pairs?  Second, can nanocarbon materials such as fullerene, endohedral fullerene and single-wall carbon nanotubes be used to enhance near-infrared absorption and emission in these intramolecular charge transfer complexes?  Third, Are the appended photosensitizers capable of triggering efficient ultrafast charge separation upon photoexcitation, thereby leading to charge-separated states? Are novel photochemical events such as symmetry-breaking charge transfer observed in the multi-modular symmetric intramolecular charge transfer complexes?  Finally, can external stimulus be used to modulate ground and excited state charge transfer in these intramolecular charge transfer complexes?&lt;br/&gt;&lt;br/&gt;This award reflects NSF's statutory mission and has been deemed worthy of support through evaluation using the Foundation's intellectual merit and broader impacts review criteria.</AbstractNarration>
<MinAmdLetterDate>04/29/2020</MinAmdLetterDate>
<MaxAmdLetterDate>06/29/2022</MaxAmdLetterDate>
<ARRAAmount/>
<TRAN_TYPE>Grant</TRAN_TYPE>
<CFDA_NUM>47.049</CFDA_NUM>
<NSF_PAR_USE_FLAG>1</NSF_PAR_USE_FLAG>
<FUND_AGCY_CODE>4900</FUND_AGCY_CODE>
<AWDG_AGCY_CODE>4900</AWDG_AGCY_CODE>
<AwardID>2000988</AwardID>
<Investigator>
<FirstName>Francis</FirstName>
<LastName>D'Souza</LastName>
<PI_MID_INIT/>
<PI_SUFX_NAME/>
<PI_FULL_NAME>Francis D'Souza</PI_FULL_NAME>
<EmailAddress><![CDATA[Francis.DSouza@unt.edu]]></EmailAddress>
<NSF_ID>000492390</NSF_ID>
<StartDate>04/29/2020</StartDate>
<EndDate>06/29/2022</EndDate>
<RoleCode>Former Principal Investigator</RoleCode>
</Investigator>
<Investigator>
<FirstName>Hong</FirstName>
<LastName>Wang</LastName>
<PI_MID_INIT/>
<PI_SUFX_NAME/>
<PI_FULL_NAME>Hong Wang</PI_FULL_NAME>
<EmailAddress><![CDATA[hong.wang@unt.edu]]></EmailAddress>
<NSF_ID>000492647</NSF_ID>
<StartDate>06/29/2022</StartDate>
<EndDate/>
<RoleCode>Principal Investigator</RoleCode>
</Investigator>
<Institution>
<Name><![CDATA[University of North Texas]]></Name>
<CityName>DENTON</CityName>
<ZipCode>762051132</ZipCode>
<PhoneNumber>9405653940</PhoneNumber>
<StreetAddress><![CDATA[1112 DALLAS DR STE 4000]]></StreetAddress>
<StreetAddress2/>
<CountryName>United States</CountryName>
<StateName>Texas</StateName>
<StateCode>TX</StateCode>
<CONGRESSDISTRICT>13</CONGRESSDISTRICT>
<CONGRESS_DISTRICT_ORG>TX13</CONGRESS_DISTRICT_ORG>
<ORG_UEI_NUM>G47WN1XZNWX9</ORG_UEI_NUM>
<ORG_LGL_BUS_NAME>UNIVERSITY OF NORTH TEXAS</ORG_LGL_BUS_NAME>
<ORG_PRNT_UEI_NUM/>
</Institution>
<Performance_Institution>
<Name><![CDATA[University of North Texas]]></Name>
<CityName>Denton</CityName>
<StateCode>TX</StateCode>
<ZipCode>762035017</ZipCode>
<StreetAddress><![CDATA[1155 Union Cricle]]></StreetAddress>
<CountryCode>US</CountryCode>
<CountryName>United States</CountryName>
<StateName>Texas</StateName>
<CountryFlag>1</CountryFlag>
<CONGRESSDISTRICT>13</CONGRESSDISTRICT>
<CONGRESS_DISTRICT_PERF>TX13</CONGRESS_DISTRICT_PERF>
</Performance_Institution>
<ProgramElement>
<Code>910200</Code>
<Text>CMFP-Chem Mech Funct, and Prop</Text>
</ProgramElement>
<ProgramReference>
<Code>090Z</Code>
<Text>CAS-Critical Aspects of Sustainability</Text>
</ProgramReference>
<ProgramReference>
<Code>1775</Code>
<Text>ELECTRONIC/PHOTONIC MATERIALS</Text>
</ProgramReference>
<ProgramReference>
<Code>7234</Code>
<Text>SENSORS NON-SOLICITATION RESEA</Text>
</ProgramReference>
<ProgramReference>
<Code>8396</Code>
<Text>Clean Energy Technology</Text>
</ProgramReference>
<ProgramReference>
<Code>8611</Code>
<Text>Energy Efficiency and End Use</Text>
</ProgramReference>
<Appropriation>
<Code>0120</Code>
<Name>NSF RESEARCH &amp; RELATED ACTIVIT</Name>
<APP_SYMB_ID>040100</APP_SYMB_ID>
</Appropriation>
<Fund>
<Code>01002021DB</Code>
<Name><![CDATA[NSF RESEARCH & RELATED ACTIVIT]]></Name>
<FUND_SYMB_ID>040100</FUND_SYMB_ID>
</Fund>
<FUND_OBLG>2020~404266</FUND_OBLG>
<POR>
<DRECONTENT><![CDATA[<div class="porColContainerWBG"> <div class="porContentCol"><p>Understanding the process of charge transfer that leads to charge separation upon photoexcitation in supra- and nanomolecular systems is necessary to design next-generation photonic devices that perform at higher efficiencies. Thus, strongly interacting electron donor-acceptor pairs with small bandgap to extend absorption into the near-infrared region are highly sought. This project addressed this issue by synthesizing a new class of multi-modular, intramolecular charge transfer complexes that are capable of fulfilling the above criteria. The proposed charge transfer complexes were derived from nonplanar push-pull substituted buta-1,3-dienes by [2+2] cycloaddition of either tetracyanoethene or tetracyano-p-quinodimethane with a variety of alkyne functionalized photosensitizer or nanocarbon materials. Excited state charge separation and other photochemical properties relevant to improving and applying the newly-made compounds for potential optoelectronic and sensing uses was unravealed. The clever bandgap engineering of the proposed charge transfer complexes with the selected choice of photosensitizers lead to novel materials useful for potential optoelectronic applications.</p> <p>This research has provided a platform to advance both scientific research and innovation. Communication skills was developed by our international collaborations, and was augmented by disseminating research findings through presentations at conferences and publications in peer-reviewed journals. Technical and problem-solving skills to help future members of our nation&rsquo;s workforce gain employment in high-technology areas was improved by exposing personnel to a wide range of scientific techniques.</p> <p>&nbsp;</p> <p>&nbsp;</p> <p>&nbsp;</p> <p>&nbsp;</p><br> <p>  Last Modified: 07/04/2024<br> Modified by: Hong&nbsp;Wang</p></div> <div class="porSideCol" ></div> </div>]]></DRECONTENT>
<POR_COPY_TXT><![CDATA[  Understanding the process of charge transfer that leads to charge separation upon photoexcitation in supra- and nanomolecular systems is necessary to design next-generation photonic devices that perform at higher efficiencies. Thus, strongly interacting electron donor-acceptor pairs with small bandgap to extend absorption into the near-infrared region are highly sought. This project addressed this issue by synthesizing a new class of multi-modular, intramolecular charge transfer complexes that are capable of fulfilling the above criteria. The proposed charge transfer complexes were derived from nonplanar push-pull substituted buta-1,3-dienes by [2+2] cycloaddition of either tetracyanoethene or tetracyano-p-quinodimethane with a variety of alkyne functionalized photosensitizer or nanocarbon materials. Excited state charge separation and other photochemical properties relevant to improving and applying the newly-made compounds for potential optoelectronic and sensing uses was unravealed. The clever bandgap engineering of the proposed charge transfer complexes with the selected choice of photosensitizers lead to novel materials useful for potential optoelectronic applications.   This research has provided a platform to advance both scientific research and innovation. Communication skills was developed by our international collaborations, and was augmented by disseminating research findings through presentations at conferences and publications in peer-reviewed journals. Technical and problem-solving skills to help future members of our nations workforce gain employment in high-technology areas was improved by exposing personnel to a wide range of scientific techniques.                 Last Modified: 07/04/2024       Submitted by: HongWang]]></POR_COPY_TXT>
</POR>
</Award>
</rootTag>
