<?xml version="1.0" encoding="UTF-8"?>
<rootTag>
<Award>
<AwardTitle><![CDATA[Excellence in Research: Investigating the Water Quality of the Lumber River]]></AwardTitle>
<AGENCY>NSF</AGENCY>
<AwardEffectiveDate>07/01/2020</AwardEffectiveDate>
<AwardExpirationDate>06/30/2025</AwardExpirationDate>
<AwardTotalIntnAmount>196600.00</AwardTotalIntnAmount>
<AwardAmount>196600</AwardAmount>
<AwardInstrument>
<Value>Standard Grant</Value>
</AwardInstrument>
<Organization>
<Code>06030000</Code>
<Directorate>
<Abbreviation>GEO</Abbreviation>
<LongName>Directorate For Geosciences</LongName>
</Directorate>
<Division>
<Abbreviation>EAR</Abbreviation>
<LongName>Division Of Earth Sciences</LongName>
</Division>
</Organization>
<ProgramOfficer>
<SignBlockName>Laura Lautz</SignBlockName>
<PO_EMAI>llautz@nsf.gov</PO_EMAI>
<PO_PHON>7032927775</PO_PHON>
</ProgramOfficer>
<AbstractNarration>North Carolina is under a state-wide fish consumption advisory due to the presence of mercury in water.  Mercury bioaccumulates through food webs and can be harmful to human health.  Several fish species in the Lumber River have been contaminated with methylmercury.  The Lumber River flows through Robeson county, where many indigenous populations and African-Americans reside.  Robeson county is also located along the coast of North Carolina and has been battered by hurricanes in the past, creating more water quality concerns. This project seeks to analyze the mercury levels of water and sediment in the Lumber River.  The intellectual merit aspect of this project will lead to extra monitoring of impaired watersheds especially those near minority communities.  Broader Impacts for this research include engaging underrepresented minorities in authentic geoscience and providing insight to mercury contamination in freshwater sources and elucidate solutions to these problems. The project will also support the development of an early-career researcher at a Historically Black College and University. &lt;br/&gt;&lt;br/&gt;This research will generate water quality data to assess the level of contamination and exposure that may be reaching underserved populations in the Lumber River. The project will also serve to develop research capacity at North Carolina Central University, a Historically Black College and University, by 1) supporting the development of a professional network in the hydrological sciences for an early career faculty who is a member of underrepresented groups in STEM, 2) obtain preliminary data to build a working hypothesis and 3) create and submit a competitive NSF-Excellence in Research (EiR) proposal. The research activities involve collecting water and sediment samples on a monthly basis from 2 sites along the Lumber river and analyzing them for total mercury and methylmercury.  Water quality parameters, including pH, temperature, dissolved oxygen, turbidity and conductivity, will be measured in situ to develop relationships between easily measured water quality parameters and contamination.  Broader impacts include the development of a diverse workforce in earth sciences. The project will support participation of underrepresented students in research and science dissemination. Students will submit abstracts to present data at national conferences and will glean laboratory skills that will make them marketable as they look for jobs and graduate programs.&lt;br/&gt;&lt;br/&gt;This award reflects NSF's statutory mission and has been deemed worthy of support through evaluation using the Foundation's intellectual merit and broader impacts review criteria.</AbstractNarration>
<MinAmdLetterDate>06/30/2020</MinAmdLetterDate>
<MaxAmdLetterDate>06/30/2020</MaxAmdLetterDate>
<ARRAAmount/>
<TRAN_TYPE>Grant</TRAN_TYPE>
<CFDA_NUM>47.050</CFDA_NUM>
<NSF_PAR_USE_FLAG>1</NSF_PAR_USE_FLAG>
<FUND_AGCY_CODE>4900</FUND_AGCY_CODE>
<AWDG_AGCY_CODE>4900</AWDG_AGCY_CODE>
<AwardID>2000275</AwardID>
<Investigator>
<FirstName>Tonya</FirstName>
<LastName>Gerald-Goins</LastName>
<PI_MID_INIT>M</PI_MID_INIT>
<PI_SUFX_NAME/>
<PI_FULL_NAME>Tonya M Gerald-Goins</PI_FULL_NAME>
<EmailAddress><![CDATA[tgerald@nccu.edu]]></EmailAddress>
<NSF_ID>000590600</NSF_ID>
<StartDate>06/30/2020</StartDate>
<EndDate/>
<RoleCode>Co-Principal Investigator</RoleCode>
</Investigator>
<Investigator>
<FirstName>Carresse</FirstName>
<LastName>Gerald</LastName>
<PI_MID_INIT/>
<PI_SUFX_NAME/>
<PI_FULL_NAME>Carresse Gerald</PI_FULL_NAME>
<EmailAddress><![CDATA[cgerald6@nccu.edu]]></EmailAddress>
<NSF_ID>000771168</NSF_ID>
<StartDate>06/30/2020</StartDate>
<EndDate/>
<RoleCode>Principal Investigator</RoleCode>
</Investigator>
<Institution>
<Name><![CDATA[North Carolina Central University]]></Name>
<CityName>DURHAM</CityName>
<ZipCode>277073129</ZipCode>
<PhoneNumber>9195307333</PhoneNumber>
<StreetAddress><![CDATA[1801 FAYETTEVILLE ST]]></StreetAddress>
<StreetAddress2/>
<CountryName>United States</CountryName>
<StateName>North Carolina</StateName>
<StateCode>NC</StateCode>
<CONGRESSDISTRICT>04</CONGRESSDISTRICT>
<CONGRESS_DISTRICT_ORG>NC04</CONGRESS_DISTRICT_ORG>
<ORG_UEI_NUM>L1DXXP1KGP77</ORG_UEI_NUM>
<ORG_LGL_BUS_NAME>NORTH CAROLINA CENTRAL UNIVERSITY</ORG_LGL_BUS_NAME>
<ORG_PRNT_UEI_NUM/>
</Institution>
<Performance_Institution>
<Name><![CDATA[NCCU]]></Name>
<CityName>Durham</CityName>
<StateCode>NC</StateCode>
<ZipCode>277073198</ZipCode>
<StreetAddress><![CDATA[1801 Fayetteville St]]></StreetAddress>
<CountryCode>US</CountryCode>
<CountryName>United States</CountryName>
<StateName>North Carolina</StateName>
<CountryFlag>1</CountryFlag>
<CONGRESSDISTRICT>04</CONGRESSDISTRICT>
<CONGRESS_DISTRICT_PERF>NC04</CONGRESS_DISTRICT_PERF>
</Performance_Institution>
<ProgramElement>
<Code>070Y00</Code>
<Text>HBCU-EiR - HBCU-Excellence in</Text>
</ProgramElement>
<Appropriation>
<Code>0120</Code>
<Name>NSF RESEARCH &amp; RELATED ACTIVIT</Name>
<APP_SYMB_ID>040100</APP_SYMB_ID>
</Appropriation>
<Fund>
<Code>01002021DB</Code>
<Name><![CDATA[NSF RESEARCH & RELATED ACTIVIT]]></Name>
<FUND_SYMB_ID>040100</FUND_SYMB_ID>
</Fund>
<FUND_OBLG>2020~196600</FUND_OBLG>
</Award>
</rootTag>
