<?xml version="1.0" encoding="UTF-8"?>
<rootTag>
<Award>
<AwardTitle><![CDATA[Excellence in Research: Dynamics and Controls of Nitrous Oxide Emission in Switchgrass Fields under Biochar Application and Nitrogen Fertilization]]></AwardTitle>
<AGENCY>NSF</AGENCY>
<AwardEffectiveDate>06/15/2020</AwardEffectiveDate>
<AwardExpirationDate>05/31/2025</AwardExpirationDate>
<AwardTotalIntnAmount>499522.00</AwardTotalIntnAmount>
<AwardAmount>499522</AwardAmount>
<AwardInstrument>
<Value>Standard Grant</Value>
</AwardInstrument>
<Organization>
<Code>08010000</Code>
<Directorate>
<Abbreviation>BIO</Abbreviation>
<LongName>Direct For Biological Sciences</LongName>
</Directorate>
<Division>
<Abbreviation>DEB</Abbreviation>
<LongName>Division Of Environmental Biology</LongName>
</Division>
</Organization>
<ProgramOfficer>
<SignBlockName>Kendra McLauchlan</SignBlockName>
<PO_EMAI>kmclauch@nsf.gov</PO_EMAI>
<PO_PHON>7032922217</PO_PHON>
</ProgramOfficer>
<AbstractNarration>Greenhouse gases such as carbon dioxide (CO2) and nitrous oxide (N2O) are important heat-trapping gases in the atmosphere, contributing to changes in global climate. Nitrous oxide is present at a much lower concentration but is about 300 times more powerful a greenhouse gas than CO2. Cropland soils that receive heavy application of nitrogen fertilizer are a major source of N2O released to the atmosphere. Efforts to reduce greenhouse gas emissions from croplands have led to the development of a promising method to reduce N2O emissions that involves the use of biochar as a soil amendment. However, how biochar and nitrogen fertilization interact to influence soil N2O release remains a mystery. This Excellence in Research (EiR) award will enable researchers to investigate N2O emissions in switchgrass fields and to improve prediction of soil N2O emission under biochar application and nitrogen fertilization. The findings from this project will help reduce soil N2O emissions in croplands, sustain the productivity of switchgrass, and potentially slow global warming. Two graduate students and six undergraduate students will participate directly in the project and gain hands-on research experience. Findings from this project will be incorporated into courses for undergraduate and graduate students. The project will also contribute to the improvement of research capacity at an institution serving underrepresented minorities and broaden the participation of under-represented groups in ecology and environmental sciences.&lt;br/&gt;&lt;br/&gt;Soil N2O emission is produced through nitrification and denitrification processes and influenced by several factors including soil temperature, moisture, nitrogen availability, and soil microbial composition and activities. In this project, an integrated approach will be used to quantify the dynamics and mechanisms of soil N2O emission using field chamber measurement, laboratory incubation, and ecosystem modeling. The role of soil microbial populations in N2O emission under different biochar and nitrogen fertilization regimes will be assessed using soil enzymatic activities as well as soil microbial composition analysis. The new findings from field and laboratory studies will be incorporated into a biogeochemical model to improve soil N2O emission estimation. Results of this study will lead to a predictive and mechanistic understanding of soil N2O emission and soil microbial responses to changes in nitrogen availability in switchgrass fields.&lt;br/&gt;&lt;br/&gt;This award reflects NSF's statutory mission and has been deemed worthy of support through evaluation using the Foundation's intellectual merit and broader impacts review criteria.</AbstractNarration>
<MinAmdLetterDate>06/15/2020</MinAmdLetterDate>
<MaxAmdLetterDate>02/22/2022</MaxAmdLetterDate>
<ARRAAmount/>
<TRAN_TYPE>Grant</TRAN_TYPE>
<CFDA_NUM>47.074</CFDA_NUM>
<NSF_PAR_USE_FLAG>1</NSF_PAR_USE_FLAG>
<FUND_AGCY_CODE>4900</FUND_AGCY_CODE>
<AWDG_AGCY_CODE>4900</AWDG_AGCY_CODE>
<AwardID>2000058</AwardID>
<Investigator>
<FirstName>Dafeng</FirstName>
<LastName>Hui</LastName>
<PI_MID_INIT/>
<PI_SUFX_NAME/>
<PI_FULL_NAME>Dafeng Hui</PI_FULL_NAME>
<EmailAddress><![CDATA[dhui@tnstate.edu]]></EmailAddress>
<NSF_ID>000509623</NSF_ID>
<StartDate>06/15/2020</StartDate>
<EndDate/>
<RoleCode>Principal Investigator</RoleCode>
</Investigator>
<Investigator>
<FirstName>Emmanuel</FirstName>
<LastName>Dzantor</LastName>
<PI_MID_INIT>K</PI_MID_INIT>
<PI_SUFX_NAME/>
<PI_FULL_NAME>Emmanuel K Dzantor</PI_FULL_NAME>
<EmailAddress><![CDATA[edzantor@tnstate.edudisabled]]></EmailAddress>
<NSF_ID>000524622</NSF_ID>
<StartDate>06/15/2020</StartDate>
<EndDate>02/22/2022</EndDate>
<RoleCode>Former Co-Principal Investigator</RoleCode>
</Investigator>
<Investigator>
<FirstName>Suping</FirstName>
<LastName>Zhou</LastName>
<PI_MID_INIT/>
<PI_SUFX_NAME/>
<PI_FULL_NAME>Suping Zhou</PI_FULL_NAME>
<EmailAddress><![CDATA[zsuping@tnstate.edu]]></EmailAddress>
<NSF_ID>000543417</NSF_ID>
<StartDate>06/15/2020</StartDate>
<EndDate/>
<RoleCode>Co-Principal Investigator</RoleCode>
</Investigator>
<Investigator>
<FirstName>Joshua</FirstName>
<LastName>OHair</LastName>
<PI_MID_INIT>A</PI_MID_INIT>
<PI_SUFX_NAME/>
<PI_FULL_NAME>Joshua A OHair</PI_FULL_NAME>
<EmailAddress><![CDATA[johair@tnstate.edu]]></EmailAddress>
<NSF_ID>000861225</NSF_ID>
<StartDate>02/22/2022</StartDate>
<EndDate/>
<RoleCode>Co-Principal Investigator</RoleCode>
</Investigator>
<Institution>
<Name><![CDATA[Tennessee State University]]></Name>
<CityName>NASHVILLE</CityName>
<ZipCode>372091561</ZipCode>
<PhoneNumber>6159637631</PhoneNumber>
<StreetAddress><![CDATA[3500 JOHN A MERRITT BLVD]]></StreetAddress>
<StreetAddress2/>
<CountryName>United States</CountryName>
<StateName>Tennessee</StateName>
<StateCode>TN</StateCode>
<CONGRESSDISTRICT>05</CONGRESSDISTRICT>
<CONGRESS_DISTRICT_ORG>TN05</CONGRESS_DISTRICT_ORG>
<ORG_UEI_NUM>N63ZMY7UETA3</ORG_UEI_NUM>
<ORG_LGL_BUS_NAME>TENNESSEE STATE UNIVERSITY</ORG_LGL_BUS_NAME>
<ORG_PRNT_UEI_NUM/>
</Institution>
<Performance_Institution>
<Name><![CDATA[Tennessee State University]]></Name>
<CityName>Nashville</CityName>
<StateCode>TN</StateCode>
<ZipCode>372091561</ZipCode>
<StreetAddress><![CDATA[3500 John A Merritt Blvd]]></StreetAddress>
<CountryCode>US</CountryCode>
<CountryName>United States</CountryName>
<StateName>Tennessee</StateName>
<CountryFlag>1</CountryFlag>
<CONGRESSDISTRICT>05</CONGRESSDISTRICT>
<CONGRESS_DISTRICT_PERF>TN05</CONGRESS_DISTRICT_PERF>
</Performance_Institution>
<ProgramElement>
<Code>070Y00</Code>
<Text>HBCU-EiR - HBCU-Excellence in</Text>
</ProgramElement>
<Appropriation>
<Code>0120</Code>
<Name>NSF RESEARCH &amp; RELATED ACTIVIT</Name>
<APP_SYMB_ID>040100</APP_SYMB_ID>
</Appropriation>
<Fund>
<Code>01002021DB</Code>
<Name><![CDATA[NSF RESEARCH & RELATED ACTIVIT]]></Name>
<FUND_SYMB_ID>040100</FUND_SYMB_ID>
</Fund>
<FUND_OBLG>2020~499522</FUND_OBLG>
</Award>
</rootTag>
