<?xml version="1.0" encoding="UTF-8"?>
<rootTag>
<Award>
<AwardTitle><![CDATA[New Pathways and Partnerships to Prepare Highly Skilled Automotive Technicians]]></AwardTitle>
<AGENCY>NSF</AGENCY>
<AwardEffectiveDate>07/01/2020</AwardEffectiveDate>
<AwardExpirationDate>06/30/2024</AwardExpirationDate>
<AwardTotalIntnAmount>300000.00</AwardTotalIntnAmount>
<AwardAmount>300000</AwardAmount>
<AwardInstrument>
<Value>Standard Grant</Value>
</AwardInstrument>
<Organization>
<Code>11040100</Code>
<Directorate>
<Abbreviation>EDU</Abbreviation>
<LongName>Directorate for STEM Education</LongName>
</Directorate>
<Division>
<Abbreviation>DUE</Abbreviation>
<LongName>Division Of Undergraduate Education</LongName>
</Division>
</Organization>
<ProgramOfficer>
<SignBlockName>Michael Davis</SignBlockName>
<PO_EMAI>mdavis@nsf.gov</PO_EMAI>
<PO_PHON>7032920000</PO_PHON>
</ProgramOfficer>
<AbstractNarration>The rate of technological advancement in the automotive industry increases every year, as each automobile manufacturer releases new models that incorporate new technology. To help keep pace with these advances, this project plans to develop a pipeline from high school through college and into the automotive technician workforce.  Students in the pipeline will be able to earn certificates or an Associate of Science degree in Automotive Technology.  In addition, faculty will update their knowledge about innovations in automobile design and function, so they can improve their courses. The project includes collaborations with local industry to expand student opportunities and meet the needs of local businesses.  By educating current and future automotive technicians, the project will provide access to a well-paying profession.  As a result, this project has the potential to have strong, positive impacts for the rural, high poverty community in which the project is situated.  &lt;br/&gt;&lt;br/&gt;This project is grounded in a professional learning exchange among students, faculty, and master automotive dealership technicians. The project will enable participants to move as a cohort through a curricular pathway with integrated support services to boost retention and completion rates. Aspects of this support include a tailored First Year Experience course, a dedicated academic counselor, and general education classes with automotive themes. Students will earn an Associate of Science degree and/or certificates in automotive technology that meet both industry preparation standards and the needs of local employers. As part of their education, students will complete eighteen months of on-the-job learning in local dealerships and have opportunities to earn industry recognized certifications.  The education program will prepare students for the industry-recognized Automotive Service Excellence certification test for master technicians. Local dealerships are the leading employer of automotive technicians and the proposed project will formalize newly created partnerships between the college and these businesses. For example, automotive technology faculty members will perform externships alongside dealership technicians, thus allowing faculty to increase their knowledge of and their ability to incorporate technical advances into their courses. Representatives of local automotive dealerships will serve on an advisory committee and as professional experts in the college classroom. This project is funded by the Advanced Technological Education program that focuses on the education of technicians for the advanced-technology fields that drive the nation's economy.&lt;br/&gt;&lt;br/&gt;This award reflects NSF's statutory mission and has been deemed worthy of support through evaluation using the Foundation's intellectual merit and broader impacts review criteria.</AbstractNarration>
<MinAmdLetterDate>03/22/2020</MinAmdLetterDate>
<MaxAmdLetterDate>03/22/2020</MaxAmdLetterDate>
<ARRAAmount/>
<TRAN_TYPE>Grant</TRAN_TYPE>
<CFDA_NUM>47.076</CFDA_NUM>
<NSF_PAR_USE_FLAG>1</NSF_PAR_USE_FLAG>
<FUND_AGCY_CODE>4900</FUND_AGCY_CODE>
<AWDG_AGCY_CODE>4900</AWDG_AGCY_CODE>
<AwardID>2000462</AwardID>
<Investigator>
<FirstName>Harry</FirstName>
<LastName>Bennett</LastName>
<PI_MID_INIT>L</PI_MID_INIT>
<PI_SUFX_NAME>Jr</PI_SUFX_NAME>
<PI_FULL_NAME>Harry L Bennett</PI_FULL_NAME>
<EmailAddress><![CDATA[lee.bennett@vvc.edu]]></EmailAddress>
<NSF_ID>000798044</NSF_ID>
<StartDate>03/22/2020</StartDate>
<EndDate/>
<RoleCode>Principal Investigator</RoleCode>
</Investigator>
<Investigator>
<FirstName>Steven</FirstName>
<LastName>Coultas</LastName>
<PI_MID_INIT>L</PI_MID_INIT>
<PI_SUFX_NAME/>
<PI_FULL_NAME>Steven L Coultas</PI_FULL_NAME>
<EmailAddress><![CDATA[steven.coultas@vvc.edu]]></EmailAddress>
<NSF_ID>000811446</NSF_ID>
<StartDate>03/22/2020</StartDate>
<EndDate/>
<RoleCode>Co-Principal Investigator</RoleCode>
</Investigator>
<Institution>
<Name><![CDATA[Victor Valley College]]></Name>
<CityName>VICTORVILLE</CityName>
<ZipCode>923955849</ZipCode>
<PhoneNumber>7602454271</PhoneNumber>
<StreetAddress><![CDATA[18422 BEAR VALLEY RD]]></StreetAddress>
<StreetAddress2/>
<CountryName>United States</CountryName>
<StateName>California</StateName>
<StateCode>CA</StateCode>
<CONGRESSDISTRICT>23</CONGRESSDISTRICT>
<CONGRESS_DISTRICT_ORG>CA23</CONGRESS_DISTRICT_ORG>
<ORG_UEI_NUM>PHH3G6DABW43</ORG_UEI_NUM>
<ORG_LGL_BUS_NAME>VICTOR VALLEY COMMUNITY COLLEGE DISTRICT</ORG_LGL_BUS_NAME>
<ORG_PRNT_UEI_NUM>CR6NBGGLMMC6</ORG_PRNT_UEI_NUM>
</Institution>
<Performance_Institution>
<Name><![CDATA[Victor Valley College]]></Name>
<CityName>Victorville</CityName>
<StateCode>CA</StateCode>
<ZipCode>923955850</ZipCode>
<StreetAddress><![CDATA[18422 Bear Valley Rd.]]></StreetAddress>
<CountryCode>US</CountryCode>
<CountryName>United States</CountryName>
<StateName>California</StateName>
<CountryFlag>1</CountryFlag>
<CONGRESSDISTRICT>23</CONGRESSDISTRICT>
<CONGRESS_DISTRICT_PERF>CA23</CONGRESS_DISTRICT_PERF>
</Performance_Institution>
<ProgramElement>
<Code>741200</Code>
<Text>Advanced Tech Education Prog</Text>
</ProgramElement>
<ProgramReference>
<Code>1032</Code>
<Text>ADVANCED TECHNOLOGY EDUCATION</Text>
</ProgramReference>
<ProgramReference>
<Code>9178</Code>
<Text>UNDERGRADUATE EDUCATION</Text>
</ProgramReference>
<ProgramReference>
<Code>SMET</Code>
<Text>SCIENCE, MATH, ENG &amp; TECH EDUCATION</Text>
</ProgramReference>
<Appropriation>
<Code>0420</Code>
<Name>NSF Education &amp; Human Resource</Name>
<APP_SYMB_ID>040106</APP_SYMB_ID>
</Appropriation>
<Fund>
<Code>04002021DB</Code>
<Name><![CDATA[NSF Education & Human Resource]]></Name>
<FUND_SYMB_ID>040106</FUND_SYMB_ID>
</Fund>
<FUND_OBLG>2020~300000</FUND_OBLG>
<POR>
<DRECONTENT><![CDATA[<div class="porColContainerWBG"> <div class="porContentCol"><p>The New Pathways and Partnerships to Prepare Highly Skilled Automotive Technicians grant created highly functioning collaborative pathways from K-12 partner, high schools, community college, to employment. These partners included eight regional high schools, Victor Valley Community College automotive program, and regional new car dealer, manufacturer service facilities. The collaboration created by this pathway has led to an increase of 60% in the certificate of achievement and Associate of Sciences degree attainment from the Automotive program at Victor Valley Community College. This program successfully created a community college internship program for community college automotive students to experience real-world employment environments at regional automotive dealership service departments. As a result of those internships, a significantly high percentage of students went on to be employed by the same dealership partners. Those same partnerships fostered a beneficial relationship between Victor Valley Community College and those regional dealerships. Some of the benefits of this partnership included significant professional expert input from the industry into the direction and development of future automotive programs within Victor Valley College. Some aspects included curriculum modification, physical lab spaces, tools and equipment, and new technology integration into the educational environment. This partnership has brought about change within the automotive program at Victor Valley College, which includes a greater mirroring of the educational environment to what students should experience upon graduation and entry into the regional workforce. This collaboration, additionally, has brought about a partnership to increase visibility and understanding of the need for a continued high-quality pipeline of part-time and full-time faculty centered around recruitment efforts within regional professional experts in the automotive industry.</p> <p>&nbsp;</p> <p>The results of this project have led to an increase in student graduation rates, student and professional certification attainment, and regional graduate employment attainment in living wage jobs. In short, this project has established a sustainable, mutually beneficial collaboration between the region's only community college and multiple dealership employers. This partnership has and will continue to mutually benefit students, the community college, and regional employers to the benefit of the region&rsquo;s economic viability. Additionally, this project has had an unquantifiable positive impact on leveling equity for marginalized populations and multi-generational households and will likely have an exponential impact on extended family and social and economic improvement.</p> <p>&nbsp;</p><br> <p>  Last Modified: 08/30/2024<br> Modified by: Harry&nbsp;L&nbsp;Bennett</p></div> <div class="porSideCol" ></div> </div>]]></DRECONTENT>
<POR_COPY_TXT><![CDATA[  The New Pathways and Partnerships to Prepare Highly Skilled Automotive Technicians grant created highly functioning collaborative pathways from K-12 partner, high schools, community college, to employment. These partners included eight regional high schools, Victor Valley Community College automotive program, and regional new car dealer, manufacturer service facilities. The collaboration created by this pathway has led to an increase of 60% in the certificate of achievement and Associate of Sciences degree attainment from the Automotive program at Victor Valley Community College. This program successfully created a community college internship program for community college automotive students to experience real-world employment environments at regional automotive dealership service departments. As a result of those internships, a significantly high percentage of students went on to be employed by the same dealership partners. Those same partnerships fostered a beneficial relationship between Victor Valley Community College and those regional dealerships. Some of the benefits of this partnership included significant professional expert input from the industry into the direction and development of future automotive programs within Victor Valley College. Some aspects included curriculum modification, physical lab spaces, tools and equipment, and new technology integration into the educational environment. This partnership has brought about change within the automotive program at Victor Valley College, which includes a greater mirroring of the educational environment to what students should experience upon graduation and entry into the regional workforce. This collaboration, additionally, has brought about a partnership to increase visibility and understanding of the need for a continued high-quality pipeline of part-time and full-time faculty centered around recruitment efforts within regional professional experts in the automotive industry.      The results of this project have led to an increase in student graduation rates, student and professional certification attainment, and regional graduate employment attainment in living wage jobs. In short, this project has established a sustainable, mutually beneficial collaboration between the region's only community college and multiple dealership employers. This partnership has and will continue to mutually benefit students, the community college, and regional employers to the benefit of the regions economic viability. Additionally, this project has had an unquantifiable positive impact on leveling equity for marginalized populations and multi-generational households and will likely have an exponential impact on extended family and social and economic improvement.        Last Modified: 08/30/2024       Submitted by: HarryLBennett]]></POR_COPY_TXT>
</POR>
</Award>
</rootTag>
