<?xml version="1.0" encoding="UTF-8"?>
<rootTag>
<Award>
<AwardTitle><![CDATA[Expanding Pathways from High School into the Biotechnology Workforce]]></AwardTitle>
<AGENCY>NSF</AGENCY>
<AwardEffectiveDate>09/01/2020</AwardEffectiveDate>
<AwardExpirationDate>08/31/2025</AwardExpirationDate>
<AwardTotalIntnAmount>493912.00</AwardTotalIntnAmount>
<AwardAmount>493912</AwardAmount>
<AwardInstrument>
<Value>Standard Grant</Value>
</AwardInstrument>
<Organization>
<Code>11040100</Code>
<Directorate>
<Abbreviation>EDU</Abbreviation>
<LongName>Directorate for STEM Education</LongName>
</Directorate>
<Division>
<Abbreviation>DUE</Abbreviation>
<LongName>Division Of Undergraduate Education</LongName>
</Division>
</Organization>
<ProgramOfficer>
<SignBlockName>Virginia Carter</SignBlockName>
<PO_EMAI>vccarter@nsf.gov</PO_EMAI>
<PO_PHON>7032924651</PO_PHON>
</ProgramOfficer>
<AbstractNarration>The nation’s capital region, including Maryland, Virginia, and Washington, D.C., is an expanding hub of biotechnology innovation and industry. Consequently, the number of biotechnology jobs is projected to increase in the region, as well as nationally. Despite the growing workforce demand, the public has a limited understanding of the biotechnology field or its promising career options. In addition, high school students, including students from economically challenged, underrepresented, and/or rural backgrounds, have limited exposure to the range of possible college and career choices. This project aims to increase the number and diversity of biotechnicians entering the workforce. To achieve this goal, the project will engage students and their families in workshops to improve their understanding of biotechnology as a vibrant career and to raise awareness of other educational and career opportunities. The project will target high schools with majority-minority enrollment and/or rural status, thus increasing opportunities to enroll students from groups traditionally underrepresented in STEM and in college-level biotechnology programs. This project has the potential to provide opportunities for upward socioeconomic mobility for the members of underrepresented communities in STEM by equipping them with the knowledge and skills needed in biotechnology careers. &lt;br/&gt;&lt;br/&gt;To address the growing industry demand, the project specific aims include to: (1) develop an associate degree in STEM with a concentration in biotechnology; (2) refresh the curriculum of an existing biotechnology certificate; (3) increase awareness of biotechnology careers and the number and diversity of students completing biotechnology curricula; and (4) provide summer internships for students to develop employability skills in biotechnology. The project includes partnerships with local public-school districts to recruit students into a newly created associate degree in STEM with a concentration in biotechnology. In collaboration with local industry partners, the project will provide summer internships to help students gain professional, field-specific, and career-readiness skills. The project expects to increase and diversify the biotechnology workforce by engaging high school students and their families in community-based outreach events that use hands-on biotechnology activities. Academic and career information, including degree programs, job descriptions, and salaries, will be disseminated at these events. Additionally, the project will create summer professional development opportunities emphasizing biotechnology for high school teachers and a week-long summer institute on the Harford Community College campus for high school students considering biotechnology as a career option. This project is funded by the Advanced Technological Education program that focuses on the education of technicians for the advanced technology fields that drive the nation’s economy.&lt;br/&gt;&lt;br/&gt;This award reflects NSF's statutory mission and has been deemed worthy of support through evaluation using the Foundation's intellectual merit and broader impacts review criteria.</AbstractNarration>
<MinAmdLetterDate>04/06/2020</MinAmdLetterDate>
<MaxAmdLetterDate>05/09/2022</MaxAmdLetterDate>
<ARRAAmount/>
<TRAN_TYPE>Grant</TRAN_TYPE>
<CFDA_NUM>47.076</CFDA_NUM>
<NSF_PAR_USE_FLAG>1</NSF_PAR_USE_FLAG>
<FUND_AGCY_CODE>4900</FUND_AGCY_CODE>
<AWDG_AGCY_CODE>4900</AWDG_AGCY_CODE>
<AwardID>2000193</AwardID>
<Investigator>
<FirstName>Pamela</FirstName>
<LastName>Pape-Lindstrom</LastName>
<PI_MID_INIT>A</PI_MID_INIT>
<PI_SUFX_NAME/>
<PI_FULL_NAME>Pamela A Pape-Lindstrom</PI_FULL_NAME>
<EmailAddress><![CDATA[ppapelindstrom@harford.edu]]></EmailAddress>
<NSF_ID>000390240</NSF_ID>
<StartDate>04/06/2020</StartDate>
<EndDate/>
<RoleCode>Co-Principal Investigator</RoleCode>
</Investigator>
<Investigator>
<FirstName>Jaclyn</FirstName>
<LastName>Madden</LastName>
<PI_MID_INIT/>
<PI_SUFX_NAME/>
<PI_FULL_NAME>Jaclyn Madden</PI_FULL_NAME>
<EmailAddress><![CDATA[jmadden@harford.edu]]></EmailAddress>
<NSF_ID>000720002</NSF_ID>
<StartDate>04/06/2020</StartDate>
<EndDate/>
<RoleCode>Principal Investigator</RoleCode>
</Investigator>
<Investigator>
<FirstName>Susan</FirstName>
<LastName>Walker</LastName>
<PI_MID_INIT>M</PI_MID_INIT>
<PI_SUFX_NAME/>
<PI_FULL_NAME>Susan M Walker</PI_FULL_NAME>
<EmailAddress><![CDATA[swalker@harford.edu]]></EmailAddress>
<NSF_ID>000810808</NSF_ID>
<StartDate>04/06/2020</StartDate>
<EndDate/>
<RoleCode>Co-Principal Investigator</RoleCode>
</Investigator>
<Institution>
<Name><![CDATA[Harford Community College]]></Name>
<CityName>BEL AIR</CityName>
<ZipCode>210151627</ZipCode>
<PhoneNumber>4434122160</PhoneNumber>
<StreetAddress><![CDATA[401 THOMAS RUN RD]]></StreetAddress>
<StreetAddress2/>
<CountryName>United States</CountryName>
<StateName>Maryland</StateName>
<StateCode>MD</StateCode>
<CONGRESSDISTRICT>01</CONGRESSDISTRICT>
<CONGRESS_DISTRICT_ORG>MD01</CONGRESS_DISTRICT_ORG>
<ORG_UEI_NUM>FW2LLLFFGB81</ORG_UEI_NUM>
<ORG_LGL_BUS_NAME>HARFORD COMMUNITY COLLEGE</ORG_LGL_BUS_NAME>
<ORG_PRNT_UEI_NUM/>
</Institution>
<Performance_Institution>
<Name><![CDATA[Harford Community College]]></Name>
<CityName>Bel Air</CityName>
<StateCode>MD</StateCode>
<ZipCode>210151627</ZipCode>
<StreetAddress><![CDATA[401 Thomas Run Road]]></StreetAddress>
<CountryCode>US</CountryCode>
<CountryName>United States</CountryName>
<StateName>Maryland</StateName>
<CountryFlag>1</CountryFlag>
<CONGRESSDISTRICT>01</CONGRESSDISTRICT>
<CONGRESS_DISTRICT_PERF>MD01</CONGRESS_DISTRICT_PERF>
</Performance_Institution>
<ProgramElement>
<Code>741200</Code>
<Text>Advanced Tech Education Prog</Text>
</ProgramElement>
<ProgramReference>
<Code>1032</Code>
<Text>ADVANCED TECHNOLOGY EDUCATION</Text>
</ProgramReference>
<ProgramReference>
<Code>9178</Code>
<Text>UNDERGRADUATE EDUCATION</Text>
</ProgramReference>
<ProgramReference>
<Code>SMET</Code>
<Text>SCIENCE, MATH, ENG &amp; TECH EDUCATION</Text>
</ProgramReference>
<Appropriation>
<Code>0420</Code>
<Name>NSF Education &amp; Human Resource</Name>
<APP_SYMB_ID>040106</APP_SYMB_ID>
</Appropriation>
<Fund>
<Code>04002021DB</Code>
<Name><![CDATA[NSF Education & Human Resource]]></Name>
<FUND_SYMB_ID>040106</FUND_SYMB_ID>
</Fund>
<FUND_OBLG>2020~493912</FUND_OBLG>
</Award>
</rootTag>
