<?xml version="1.0" encoding="UTF-8"?>
<rootTag>
<Award>
<AwardTitle><![CDATA[The Role of Attentional Control in Early Mathematical Learning]]></AwardTitle>
<AGENCY>NSF</AGENCY>
<AwardEffectiveDate>07/01/2020</AwardEffectiveDate>
<AwardExpirationDate>06/30/2025</AwardExpirationDate>
<AwardTotalIntnAmount>2494494.00</AwardTotalIntnAmount>
<AwardAmount>2494494</AwardAmount>
<AwardInstrument>
<Value>Continuing Grant</Value>
</AwardInstrument>
<Organization>
<Code>11090000</Code>
<Directorate>
<Abbreviation>EDU</Abbreviation>
<LongName>Directorate for STEM Education</LongName>
</Directorate>
<Division>
<Abbreviation>DRL</Abbreviation>
<LongName>Division Of Research On Learning</LongName>
</Division>
</Organization>
<ProgramOfficer>
<SignBlockName>Gregg Solomon</SignBlockName>
<PO_EMAI>gesolomo@nsf.gov</PO_EMAI>
<PO_PHON>7032928333</PO_PHON>
</ProgramOfficer>
<AbstractNarration>The project, led by a team of researchers at the University of California, Berkeley, aims to understand the relationship between attention and early mathematical development. Children’s first mathematical skills, like counting and number estimation, are typically measured using tasks that require children to sustain attention. In some cases their knowledge of mathematics is intrinsically linked to attentional processes. For example, in counting, children must learn to attend selectively to each object in a set and do so in sequence. They must then say a different word for each object that is selected. Despite the importance of attention in these early mathematical skills, the precise role that it plays in supporting or constraining early mathematical development is not understood. The research described in this proposal will involve tasks that measure attention in conjunction with mathematical skills for individual children between 2 and 8 years of age in order to clarify the role that attention plays in early mathematics. It will help point to whether difficulties in some mathematical skills may be traceable to differences in underlying attentional systems. The researchers will recruit both high and low SES (socioeconomic status) children in order to understand whether SES differences in mathematical cognition may be traceable to these systems, thereby providing a necessary first-step in developing cognitively-based interventions which may improve achievement in these groups. The project is funded by the EHR Core Research (ECR) program, which supports work that advances the fundamental research literature on STEM learning. &lt;br/&gt;&lt;br/&gt;Two of the most widely studied numerical skills, counting and approximate number estimation, depend on appropriately deploying attentional resources in order to arrive at a mental representation of quantity. However, many cognitive theories and experimental studies treat measurements of these abilities as reflecting purely numerical processes rather than being dependent on general cognitive resources like attention. This project aims to quantify and formally model the role that attention plays in counting and estimation, and to clarify the degree to which it accounts for individual differences in performance on mathematical tasks, thereby allowing further investigation of whether attentional limitations may constrain mathematical development across age and SES. This will have the potential to show, for example, how much of children’s protracted timeline in learning counting may be due to waiting for the underlying attentional system to develop. If successful, this work will further help suggest what kinds of interventions on non-numerical cognitive skills may have important implications for improving mathematical education or potentially STEM education more broadly. The researchers will also create an open dataset of eye-tracking trajectories as children engage in numerical tasks, create tools for analyzing eye-tracking data, and formalize accounts of how visual information processing may give rise to patterns observed in numerical cognition, like subitizing, Weber’s law, and numerical estimation biases.&lt;br/&gt;&lt;br/&gt;This award reflects NSF's statutory mission and has been deemed worthy of support through evaluation using the Foundation's intellectual merit and broader impacts review criteria.</AbstractNarration>
<MinAmdLetterDate>04/03/2020</MinAmdLetterDate>
<MaxAmdLetterDate>06/26/2024</MaxAmdLetterDate>
<ARRAAmount/>
<TRAN_TYPE>Grant</TRAN_TYPE>
<CFDA_NUM>47.076</CFDA_NUM>
<NSF_PAR_USE_FLAG>1</NSF_PAR_USE_FLAG>
<FUND_AGCY_CODE>4900</FUND_AGCY_CODE>
<AWDG_AGCY_CODE>4900</AWDG_AGCY_CODE>
<AwardID>2000759</AwardID>
<Investigator>
<FirstName>Steven</FirstName>
<LastName>Piantadosi</LastName>
<PI_MID_INIT>T</PI_MID_INIT>
<PI_SUFX_NAME/>
<PI_FULL_NAME>Steven T Piantadosi</PI_FULL_NAME>
<EmailAddress><![CDATA[stp@berkeley.edu]]></EmailAddress>
<NSF_ID>000557918</NSF_ID>
<StartDate>04/03/2020</StartDate>
<EndDate/>
<RoleCode>Principal Investigator</RoleCode>
</Investigator>
<Investigator>
<FirstName>Celeste</FirstName>
<LastName>Kidd</LastName>
<PI_MID_INIT/>
<PI_SUFX_NAME/>
<PI_FULL_NAME>Celeste Kidd</PI_FULL_NAME>
<EmailAddress><![CDATA[celestekidd@berkeley.edu]]></EmailAddress>
<NSF_ID>000700126</NSF_ID>
<StartDate>04/03/2020</StartDate>
<EndDate/>
<RoleCode>Co-Principal Investigator</RoleCode>
</Investigator>
<Institution>
<Name><![CDATA[University of California-Berkeley]]></Name>
<CityName>BERKELEY</CityName>
<ZipCode>947101749</ZipCode>
<PhoneNumber>5106433891</PhoneNumber>
<StreetAddress><![CDATA[1608 4TH ST STE 201]]></StreetAddress>
<StreetAddress2/>
<CountryName>United States</CountryName>
<StateName>California</StateName>
<StateCode>CA</StateCode>
<CONGRESSDISTRICT>12</CONGRESSDISTRICT>
<CONGRESS_DISTRICT_ORG>CA12</CONGRESS_DISTRICT_ORG>
<ORG_UEI_NUM>GS3YEVSS12N6</ORG_UEI_NUM>
<ORG_LGL_BUS_NAME>REGENTS OF THE UNIVERSITY OF CALIFORNIA, THE</ORG_LGL_BUS_NAME>
<ORG_PRNT_UEI_NUM/>
</Institution>
<Performance_Institution>
<Name><![CDATA[The Regents of the University of California]]></Name>
<CityName>Berkeley</CityName>
<StateCode>CA</StateCode>
<ZipCode>947201650</ZipCode>
<StreetAddress><![CDATA[2121 Berkeley Way West]]></StreetAddress>
<CountryCode>US</CountryCode>
<CountryName>United States</CountryName>
<StateName>California</StateName>
<CountryFlag>1</CountryFlag>
<CONGRESSDISTRICT>12</CONGRESSDISTRICT>
<CONGRESS_DISTRICT_PERF>CA12</CONGRESS_DISTRICT_PERF>
</Performance_Institution>
<ProgramElement>
<Code>798000</Code>
<Text>ECR-EDU Core Research</Text>
</ProgramElement>
<ProgramReference>
<Code>8817</Code>
<Text>STEM Learning &amp; Learning Environments</Text>
</ProgramReference>
<Appropriation>
<Code/>
<Name/>
<APP_SYMB_ID/>
</Appropriation>
<Appropriation>
<Code/>
<Name/>
<APP_SYMB_ID/>
</Appropriation>
<Appropriation>
<Code/>
<Name/>
<APP_SYMB_ID/>
</Appropriation>
<Appropriation>
<Code/>
<Name/>
<APP_SYMB_ID/>
</Appropriation>
<Appropriation>
<Code/>
<Name/>
<APP_SYMB_ID/>
</Appropriation>
<Fund>
<Code>04002324DB</Code>
<Name><![CDATA[NSF STEM Education]]></Name>
<FUND_SYMB_ID>040106</FUND_SYMB_ID>
</Fund>
<Fund>
<Code>04002223DB</Code>
<Name><![CDATA[NSF Education & Human Resource]]></Name>
<FUND_SYMB_ID>040106</FUND_SYMB_ID>
</Fund>
<Fund>
<Code>04002122DB</Code>
<Name><![CDATA[NSF Education & Human Resource]]></Name>
<FUND_SYMB_ID>040106</FUND_SYMB_ID>
</Fund>
<Fund>
<Code>04002021DB</Code>
<Name><![CDATA[NSF Education & Human Resource]]></Name>
<FUND_SYMB_ID>040106</FUND_SYMB_ID>
</Fund>
<Fund>
<Code>04002425DB</Code>
<Name><![CDATA[NSF STEM Education]]></Name>
<FUND_SYMB_ID>040106</FUND_SYMB_ID>
</Fund>
<FUND_OBLG>2020~522716</FUND_OBLG>
<FUND_OBLG>2021~499434</FUND_OBLG>
<FUND_OBLG>2022~482292</FUND_OBLG>
<FUND_OBLG>2023~490715</FUND_OBLG>
<FUND_OBLG>2024~499337</FUND_OBLG>
</Award>
</rootTag>
