<?xml version="1.0" encoding="UTF-8"?>
<rootTag>
<Award>
<AwardTitle><![CDATA[Excellence in Research: Effect of Hurricane Structure, Track, and Landfall Features on Storm Surges]]></AwardTitle>
<AGENCY>NSF</AGENCY>
<AwardEffectiveDate>04/15/2020</AwardEffectiveDate>
<AwardExpirationDate>03/31/2025</AwardExpirationDate>
<AwardTotalIntnAmount>406329.00</AwardTotalIntnAmount>
<AwardAmount>457216</AwardAmount>
<AwardInstrument>
<Value>Standard Grant</Value>
</AwardInstrument>
<Organization>
<Code>06040300</Code>
<Directorate>
<Abbreviation>GEO</Abbreviation>
<LongName>Directorate For Geosciences</LongName>
</Directorate>
<Division>
<Abbreviation>OCE</Abbreviation>
<LongName>Division Of Ocean Sciences</LongName>
</Division>
</Organization>
<ProgramOfficer>
<SignBlockName>Baris Uz</SignBlockName>
<PO_EMAI>bmuz@nsf.gov</PO_EMAI>
<PO_PHON>7032924557</PO_PHON>
</ProgramOfficer>
<AbstractNarration>This study will investigate how and why hurricane structures, tracks, forward speed, and landfall features control the generation and propagation of storm surges in a coastal setting. Surge level simulations using coupled circulation (ADvanced CIRCulation, ADCIRC) and wave (SimulatingWAves Nearshore, SWAN) models will be carried out using two recent hurricanes (Harvey and Irma) as test cases.  The simulations will include forcing using observed and analytical wind models, and multiple runs with varying hurricane sizes, intensities, tracks, forward speed, angle of approach, and bathymetry features will be performed and analyzed. The project activities will involve HBCU graduate and undergraduate students and will assist in the education of well-rounded researchers and engineers capable of addressing multidisciplinary environmental challenges, such as hurricane storm surges. This will be achieved by providing learning-by-doing experiences through research, training, and multidisciplinary courses while addressing a real, global, and societally relevant challenge. Qualified minority, women, and veteran students will be recruited for the project which will provide them with a unique learning opportunity in a critically needed field. In addition, the project will promote retention and entice capable undergraduate students to pursue graduate degrees. Summer activities will be carried out to attract talented high school students to engineering education.&lt;br/&gt;&lt;br/&gt;The investigation results are expected to inform current hurricane storm surge understanding and support multidisciplinary engineering education and research. Surge level simulations using coupled circulation (ADCIRC) and wave (SWAN) models will be carried out using two recent hurricanes (Harvey and Irma) as test cases. Different runs will be performed using tropical storm wind speeds based on observation-based wind products incorporated into the model using different drag coefficient formulations. The results will be compared against storm surge observations from the respective hurricanes and from additional manipulations of forcing parameters such hurricane size, intensity, track, and bathymetry will be used to reveal the sensitivity of the model to these parameters.&lt;br/&gt;&lt;br/&gt;This award reflects NSF's statutory mission and has been deemed worthy of support through evaluation using the Foundation's intellectual merit and broader impacts review criteria.</AbstractNarration>
<MinAmdLetterDate>04/13/2020</MinAmdLetterDate>
<MaxAmdLetterDate>05/19/2021</MaxAmdLetterDate>
<ARRAAmount/>
<TRAN_TYPE>Grant</TRAN_TYPE>
<CFDA_NUM>47.050</CFDA_NUM>
<NSF_PAR_USE_FLAG>1</NSF_PAR_USE_FLAG>
<FUND_AGCY_CODE>4900</FUND_AGCY_CODE>
<AWDG_AGCY_CODE>4900</AWDG_AGCY_CODE>
<AwardID>2000283</AwardID>
<Investigator>
<FirstName>Muhammad</FirstName>
<LastName>Akbar</LastName>
<PI_MID_INIT>K</PI_MID_INIT>
<PI_SUFX_NAME/>
<PI_FULL_NAME>Muhammad K Akbar</PI_FULL_NAME>
<EmailAddress><![CDATA[makbar@tnstate.edu]]></EmailAddress>
<NSF_ID>000648272</NSF_ID>
<StartDate>04/13/2020</StartDate>
<EndDate/>
<RoleCode>Principal Investigator</RoleCode>
</Investigator>
<Institution>
<Name><![CDATA[Tennessee State University]]></Name>
<CityName>NASHVILLE</CityName>
<ZipCode>372091561</ZipCode>
<PhoneNumber>6159637631</PhoneNumber>
<StreetAddress><![CDATA[3500 JOHN A MERRITT BLVD]]></StreetAddress>
<StreetAddress2/>
<CountryName>United States</CountryName>
<StateName>Tennessee</StateName>
<StateCode>TN</StateCode>
<CONGRESSDISTRICT>05</CONGRESSDISTRICT>
<CONGRESS_DISTRICT_ORG>TN05</CONGRESS_DISTRICT_ORG>
<ORG_UEI_NUM>N63ZMY7UETA3</ORG_UEI_NUM>
<ORG_LGL_BUS_NAME>TENNESSEE STATE UNIVERSITY</ORG_LGL_BUS_NAME>
<ORG_PRNT_UEI_NUM/>
</Institution>
<Performance_Institution>
<Name><![CDATA[Tennessee State University]]></Name>
<CityName>Nashville</CityName>
<StateCode>TN</StateCode>
<ZipCode>372091561</ZipCode>
<StreetAddress><![CDATA[1321 W Running Brook Rd]]></StreetAddress>
<CountryCode>US</CountryCode>
<CountryName>United States</CountryName>
<StateName>Tennessee</StateName>
<CountryFlag>1</CountryFlag>
<CONGRESSDISTRICT>05</CONGRESSDISTRICT>
<CONGRESS_DISTRICT_PERF>TN05</CONGRESS_DISTRICT_PERF>
</Performance_Institution>
<ProgramElement>
<Code>070Y00</Code>
<Text>HBCU-EiR - HBCU-Excellence in</Text>
</ProgramElement>
<ProgramElement>
<Code>161000</Code>
<Text>PHYSICAL OCEANOGRAPHY</Text>
</ProgramElement>
<ProgramReference>
<Code>041Z</Code>
<Text>HBCU-Strengthening Research Capacities</Text>
</ProgramReference>
<ProgramReference>
<Code>097Z</Code>
<Text>COVID-19 Impacts on Existing Activities</Text>
</ProgramReference>
<ProgramReference>
<Code>102Z</Code>
<Text>COVID-Disproportionate Impcts Inst-Indiv</Text>
</ProgramReference>
<ProgramReference>
<Code>1610</Code>
<Text>PHYSICAL OCEANOGRAPHY</Text>
</ProgramReference>
<Appropriation>
<Code>0120</Code>
<Name>NSF RESEARCH &amp; RELATED ACTIVIT</Name>
<APP_SYMB_ID>040100</APP_SYMB_ID>
</Appropriation>
<Appropriation>
<Code>0121</Code>
<Name>NSF RESEARCH &amp; RELATED ACTIVIT</Name>
<APP_SYMB_ID>040100</APP_SYMB_ID>
</Appropriation>
<Fund>
<Code>01002021DB</Code>
<Name><![CDATA[NSF RESEARCH & RELATED ACTIVIT]]></Name>
<FUND_SYMB_ID>040100</FUND_SYMB_ID>
</Fund>
<Fund>
<Code>01002122DB</Code>
<Name><![CDATA[NSF RESEARCH & RELATED ACTIVIT]]></Name>
<FUND_SYMB_ID>040100</FUND_SYMB_ID>
</Fund>
<FUND_OBLG>2020~406329</FUND_OBLG>
<FUND_OBLG>2021~50887</FUND_OBLG>
</Award>
</rootTag>
