<?xml version="1.0" encoding="UTF-8"?>
<rootTag>
<Award>
<AwardTitle><![CDATA[COLLABORATIVE RESEARCH: Orbital-scale Variability of the West Antarctic Ice Sheet and the Formation of Bottom Water in the Ross Sea during the Pliocene-Pleistocene]]></AwardTitle>
<AGENCY>NSF</AGENCY>
<AwardEffectiveDate>09/01/2020</AwardEffectiveDate>
<AwardExpirationDate>08/31/2025</AwardExpirationDate>
<AwardTotalIntnAmount>203475.00</AwardTotalIntnAmount>
<AwardAmount>203475</AwardAmount>
<AwardInstrument>
<Value>Standard Grant</Value>
</AwardInstrument>
<Organization>
<Code>06090300</Code>
<Directorate>
<Abbreviation>GEO</Abbreviation>
<LongName>Directorate For Geosciences</LongName>
</Directorate>
<Division>
<Abbreviation>OPP</Abbreviation>
<LongName>Office of Polar Programs (OPP)</LongName>
</Division>
</Organization>
<ProgramOfficer>
<SignBlockName>Michael E. Jackson</SignBlockName>
<PO_EMAI>mejackso@nsf.gov</PO_EMAI>
<PO_PHON>7032927120</PO_PHON>
</ProgramOfficer>
<AbstractNarration>Part I: Non-technical description: &lt;br/&gt;Predicting how polar ice sheets will respond to future global warming is difficult because all the processes that contribute to their melting are not well understood. This is important because the more ice on land that melts, the higher sea levels will rise. The most significant uncertainty in current estimates of sea-level rise in the coming decades is the potential contribution from the Antarctic Ice Sheet. One way to increase our knowledge about how large ice sheets respond to climate change in response to natural factors is to examine the geologic past. Natural global warming (and cooling) events in Earth’s history provide examples that we can use to better understand processes, interactions, and responses we can’t directly observe today. One such time period, approximately three million years ago (known as the Pliocene), was the last time atmospheric carbon dioxide levels were as high as they are today and, therefore, represents a time period to study to better understand the ice sheet response to a warming climate. Specifically, this project is interested in understanding how ocean currents near Antarctica, which transport heat and store carbon, behaved during these past climate events. The history of past ice sheet-ocean interactions are recorded in sediments that were deposited, layer upon layer, in the deep sea offshore Antarctica. In January-February 2018, a team of scientists and crew set sail to the Ross Sea, offshore west Antarctica, on the scientific ocean drilling vessel JOIDES Resolution to recover such sediment archives. This project focuses on a sediment core from that expedition, which captures the relatively warm Pliocene time interval, as well as the subsequent transition into cooler climates typical of the past two million years. The researchers will analyze the sediment with multiple complementary measurements, including: grain size, composition, chemistry of organic matter, physical structures, microfossil type and abundance, and more. These analyses will be done by the research team, including several students, at their respective laboratories and will then integrated into a unified record of ice sheet-ocean interactions. Ultimately, the results will be used to improve modeled projections of how the Antarctic Ice Sheet could respond to future climate change. &lt;br/&gt;&lt;br/&gt;Part II: Technical description: &lt;br/&gt;Geological records from the Antarctic Ice Sheet (AIS) margin demonstrate that the ice sheet oscillated in response to orbital variations in insolation (i.e., ~400, 100, 41, and 20 kyr), and it appears to be more sensitive to specific frequencies that regulate mean annual insolation (i.e., 41-kyr obliquity), particularly when the ice sheet extends into marine environments and is impacted by ocean circulation. However, the relationship between orbital forcing and the production of Antarctic Bottom Water (AABW) is unconstrained. Thus, a knowledge gap exists in understanding how changing insolation impacts ice marginal and Southern Ocean conditions that directly influence ventilation of the global ocean. The researchers hypothesize that insolation-driven changes directly affected the production and export of AABW to the Southern Ocean from the Pliocene through the Pleistocene. For example, obliquity amplification during the warmer Pliocene may have led to enhanced production and export of dense waters from the shelf due to reduced AIS extent, which, in turn, led to greater AABW outflow. To determine the relationship of AABW production to orbital regime, they plan to reconstruct both from a single, continuous record from the levee of Hillary Canyon, a major conduit of AABW outflow, on the Ross Sea continental rise. To test their hypothesis, they will analyze sediment from IODP Site U1524 (recovered in 2018 during International Ocean Discovery Program Expedition 374) and focus on three data sets. (1) They will use the occurrence, frequency, and character of mm-scale turbidite beds as a proxy of dense-shelf-water cascading outflow and AABW production. They will estimate the down-slope flux via numerical modeling of turbidity current properties using morphology, grain size, and bed thickness as input parameters. (2) They will use grain-size data, physical properties, XRF core scanning, CT imaging, and hyperspectral imaging to guide lithofacies analysis to infer processes occurring during glacial, deglacial, and interglacial periods. Statistical techniques and optimization methods will be applied to test for astronomical forcing of sedimentary packages in order to provide a cyclostratigraphic framework and interpret the orbital-forcing regime. (3) They will use bulk sedimentary carbon and nitrogen abundance and isotope data to determine how relative contributions of terrigenous and marine organic matter change in response to orbital forcing. All of these data will be integrated with sedimentological records to deconvolve organic matter production from its deposition or remobilization due to AABW outflow as a function of the oscillating extent of the AIS. These data sets will be integrated into a unified chronostratigraphy to determine the relationship between AABW outflow and orbital-forcing scenarios under the varying climate regimes of the Plio-Pleistocene.&lt;br/&gt;&lt;br/&gt;This award reflects NSF's statutory mission and has been deemed worthy of support through evaluation using the Foundation's intellectual merit and broader impacts review criteria.</AbstractNarration>
<MinAmdLetterDate>08/26/2020</MinAmdLetterDate>
<MaxAmdLetterDate>10/15/2020</MaxAmdLetterDate>
<ARRAAmount/>
<TRAN_TYPE>Grant</TRAN_TYPE>
<CFDA_NUM>47.078</CFDA_NUM>
<NSF_PAR_USE_FLAG>1</NSF_PAR_USE_FLAG>
<FUND_AGCY_CODE>4900</FUND_AGCY_CODE>
<AWDG_AGCY_CODE>4900</AWDG_AGCY_CODE>
<AwardID>2000992</AwardID>
<Investigator>
<FirstName>Brian</FirstName>
<LastName>Romans</LastName>
<PI_MID_INIT>W</PI_MID_INIT>
<PI_SUFX_NAME/>
<PI_FULL_NAME>Brian W Romans</PI_FULL_NAME>
<EmailAddress><![CDATA[romans@vt.edu]]></EmailAddress>
<NSF_ID>000613605</NSF_ID>
<StartDate>08/26/2020</StartDate>
<EndDate/>
<RoleCode>Principal Investigator</RoleCode>
</Investigator>
<Institution>
<Name><![CDATA[Virginia Polytechnic Institute and State University]]></Name>
<CityName>BLACKSBURG</CityName>
<ZipCode>240603359</ZipCode>
<PhoneNumber>5402315281</PhoneNumber>
<StreetAddress><![CDATA[300 TURNER ST NW]]></StreetAddress>
<StreetAddress2><![CDATA[STE 4200]]></StreetAddress2>
<CountryName>United States</CountryName>
<StateName>Virginia</StateName>
<StateCode>VA</StateCode>
<CONGRESSDISTRICT>09</CONGRESSDISTRICT>
<CONGRESS_DISTRICT_ORG>VA09</CONGRESS_DISTRICT_ORG>
<ORG_UEI_NUM>QDE5UHE5XD16</ORG_UEI_NUM>
<ORG_LGL_BUS_NAME>VIRGINIA POLYTECHNIC INSTITUTE &amp; STATE UNIVERSITY</ORG_LGL_BUS_NAME>
<ORG_PRNT_UEI_NUM>X6KEFGLHSJX7</ORG_PRNT_UEI_NUM>
</Institution>
<Performance_Institution>
<Name><![CDATA[Virginia Polytechnic Institute and State University]]></Name>
<CityName>Blacksburg</CityName>
<StateCode>VA</StateCode>
<ZipCode>240610001</ZipCode>
<StreetAddress><![CDATA[4044 Derring Hall, 926 West Camp]]></StreetAddress>
<CountryCode>US</CountryCode>
<CountryName>United States</CountryName>
<StateName>Virginia</StateName>
<CountryFlag>1</CountryFlag>
<CONGRESSDISTRICT>09</CONGRESSDISTRICT>
<CONGRESS_DISTRICT_PERF>VA09</CONGRESS_DISTRICT_PERF>
</Performance_Institution>
<ProgramElement>
<Code>511200</Code>
<Text>ANT Earth Sciences</Text>
</ProgramElement>
<Appropriation>
<Code>02XX</Code>
<Name>NSF RESEARCH &amp; RELATED ACTIVIT</Name>
<APP_SYMB_ID>040100</APP_SYMB_ID>
</Appropriation>
<Fund>
<Code>0100XXXXDB</Code>
<Name><![CDATA[NSF RESEARCH & RELATED ACTIVIT]]></Name>
<FUND_SYMB_ID>040100</FUND_SYMB_ID>
</Fund>
<FUND_OBLG>2020~203475</FUND_OBLG>
</Award>
</rootTag>
