<?xml version="1.0" encoding="UTF-8"?>
<rootTag>
<Award>
<AwardTitle><![CDATA[RUI: Rational Schur Functions and their Applications]]></AwardTitle>
<AGENCY>NSF</AGENCY>
<AwardEffectiveDate>06/01/2020</AwardEffectiveDate>
<AwardExpirationDate>05/31/2025</AwardExpirationDate>
<AwardTotalIntnAmount>119703.00</AwardTotalIntnAmount>
<AwardAmount>119703</AwardAmount>
<AwardInstrument>
<Value>Standard Grant</Value>
</AwardInstrument>
<Organization>
<Code>03040000</Code>
<Directorate>
<Abbreviation>MPS</Abbreviation>
<LongName>Direct For Mathematical &amp; Physical Scien</LongName>
</Directorate>
<Division>
<Abbreviation>DMS</Abbreviation>
<LongName>Division Of Mathematical Sciences</LongName>
</Division>
</Organization>
<ProgramOfficer>
<SignBlockName>Marian Bocea</SignBlockName>
<PO_EMAI>mbocea@nsf.gov</PO_EMAI>
<PO_PHON>7032922595</PO_PHON>
</ProgramOfficer>
<AbstractNarration>This project lies at the intersection of operator theory and complex analysis, two areas of pure mathematics. Operator theory began with the study of matrices (arrays of numbers), and by the early twentieth century, had given much of the mathematical foundation for quantum mechanics. Since then, operator-theoretic techniques have had several applications, especially in constructing and studying a variety of useful functions, i.e., rules that encode specific types of information. For example, in control engineering, setups such as autopilot systems that accept inputs, receive feedback, and release outputs can be modeled with general matrices (or operators), while a system’s key information is often encoded in its transfer function. Recently, operator theory techniques have also been used to decompose signals into simple pieces, via something called a wavelet construction. In this project, the principal investigator will use operators to study problems related to a specific class of functions, called rational functions, which appear in such applications. Many of these problems have parts that are amenable to undergraduate research, and much of the research in this project will be explored alongside diverse groups of undergraduate researchers.&lt;br/&gt;&lt;br/&gt;More precisely, this project concerns rational functions in one and more variables that are bounded on certain domains. Such rational functions include finite Blaschke products (FBPs), which have played significant roles in factorization, interpolation, and approximation problems in complex analysis. Recently, FBPs have arisen in the context of a famous open problem in operator theory called Crouzeix’s conjecture, which basically says that the numerical range of a bounded operator on a Hilbert space is a 2-spectral set for that operator. The first goals of this project are to use FBPs to investigate and solve various cases of Crouzeix’s conjecture, use Crouzeix’s conjecture to ask and answer new questions about FBPs, and to explore related questions about spectral sets, compressed shifts, and truncated Toeplitz operators. The second topic of this project concerns multivariate (rational and non-rational) functions on the bidisk and polydisk. Specifically, the second main goal is to use model/realization theory to systematically characterize the structure and fine boundary regularity of bounded analytic functions on the bidisk and polydisk. This goal is motivated by recent work on both the structure of rational inner functions near boundary singularities and new canonical realization formulas for general bounded analytic functions.&lt;br/&gt;&lt;br/&gt;This award reflects NSF's statutory mission and has been deemed worthy of support through evaluation using the Foundation's intellectual merit and broader impacts review criteria.</AbstractNarration>
<MinAmdLetterDate>04/02/2020</MinAmdLetterDate>
<MaxAmdLetterDate>04/02/2020</MaxAmdLetterDate>
<ARRAAmount/>
<TRAN_TYPE>Grant</TRAN_TYPE>
<CFDA_NUM>47.049</CFDA_NUM>
<NSF_PAR_USE_FLAG>1</NSF_PAR_USE_FLAG>
<FUND_AGCY_CODE>4900</FUND_AGCY_CODE>
<AWDG_AGCY_CODE>4900</AWDG_AGCY_CODE>
<AwardID>2000088</AwardID>
<Investigator>
<FirstName>Kelly</FirstName>
<LastName>Bickel</LastName>
<PI_MID_INIT>A</PI_MID_INIT>
<PI_SUFX_NAME/>
<PI_FULL_NAME>Kelly A Bickel</PI_FULL_NAME>
<EmailAddress><![CDATA[kelly.bickel@bucknell.edu]]></EmailAddress>
<NSF_ID>000630626</NSF_ID>
<StartDate>04/02/2020</StartDate>
<EndDate/>
<RoleCode>Principal Investigator</RoleCode>
</Investigator>
<Institution>
<Name><![CDATA[Bucknell University]]></Name>
<CityName>LEWISBURG</CityName>
<ZipCode>178372005</ZipCode>
<PhoneNumber>5705773510</PhoneNumber>
<StreetAddress><![CDATA[1 DENT DR]]></StreetAddress>
<StreetAddress2/>
<CountryName>United States</CountryName>
<StateName>Pennsylvania</StateName>
<StateCode>PA</StateCode>
<CONGRESSDISTRICT>15</CONGRESSDISTRICT>
<CONGRESS_DISTRICT_ORG>PA15</CONGRESS_DISTRICT_ORG>
<ORG_UEI_NUM>LT7CLFEE1ZW4</ORG_UEI_NUM>
<ORG_LGL_BUS_NAME>BUCKNELL UNIVERSITY</ORG_LGL_BUS_NAME>
<ORG_PRNT_UEI_NUM/>
</Institution>
<Performance_Institution>
<Name><![CDATA[Bucknell University]]></Name>
<CityName>Lewisburg</CityName>
<StateCode>PA</StateCode>
<ZipCode>178372005</ZipCode>
<StreetAddress><![CDATA[1 Dent Drive]]></StreetAddress>
<CountryCode>US</CountryCode>
<CountryName>United States</CountryName>
<StateName>Pennsylvania</StateName>
<CountryFlag>1</CountryFlag>
<CONGRESSDISTRICT>15</CONGRESSDISTRICT>
<CONGRESS_DISTRICT_PERF>PA15</CONGRESS_DISTRICT_PERF>
</Performance_Institution>
<ProgramElement>
<Code>128100</Code>
<Text>ANALYSIS PROGRAM</Text>
</ProgramElement>
<ProgramReference>
<Code>9229</Code>
<Text>RES IN UNDERGRAD INST-RESEARCH</Text>
</ProgramReference>
<ProgramReference>
<Code>9251</Code>
<Text>REU SUPP-Res Exp for Ugrd Supp</Text>
</ProgramReference>
<Appropriation>
<Code>0120</Code>
<Name>NSF RESEARCH &amp; RELATED ACTIVIT</Name>
<APP_SYMB_ID>040100</APP_SYMB_ID>
</Appropriation>
<Fund>
<Code>01002021DB</Code>
<Name><![CDATA[NSF RESEARCH & RELATED ACTIVIT]]></Name>
<FUND_SYMB_ID>040100</FUND_SYMB_ID>
</Fund>
<FUND_OBLG>2020~119703</FUND_OBLG>
</Award>
</rootTag>
