<?xml version="1.0" encoding="UTF-8"?>
<rootTag>
<Award>
<AwardTitle><![CDATA[Collaborative Research: Exploring Algorithmic Fairness and Potential Bias in K-12 Mathematics Adaptive Learning]]></AwardTitle>
<AGENCY>NSF</AGENCY>
<AwardEffectiveDate>10/01/2020</AwardEffectiveDate>
<AwardExpirationDate>09/30/2025</AwardExpirationDate>
<AwardTotalIntnAmount>512985.00</AwardTotalIntnAmount>
<AwardAmount>512985</AwardAmount>
<AwardInstrument>
<Value>Standard Grant</Value>
</AwardInstrument>
<Organization>
<Code>11040000</Code>
<Directorate>
<Abbreviation>EDU</Abbreviation>
<LongName>Directorate for STEM Education</LongName>
</Directorate>
<Division>
<Abbreviation>DUE</Abbreviation>
<LongName>Division Of Undergraduate Education</LongName>
</Division>
</Organization>
<ProgramOfficer>
<SignBlockName>Dawn Rickey</SignBlockName>
<PO_EMAI>drickey@nsf.gov</PO_EMAI>
<PO_PHON>7032924674</PO_PHON>
</ProgramOfficer>
<AbstractNarration>Students in middle school and high school often use adaptive learning software as part of their math education experience. Adaptive learning software works by automatically measuring how much students have learned about the topic, as well as their learning process and experiences, and then adjusting the instruction accordingly. This project will investigate potential ways in which adaptive learning software might be biased against students from certain groups, and how such biases can be reduced. Adaptive learning offers an opportunity to provide high quality instruction that is personalized to the needs of individual learners, but little is known about who benefits most from adaptive learning technologies. This project will address this issue by observing and interviewing students who use adaptive math learning software to discover what aspects of their identity are most salient in the adaptive learning context. This project will then investigate possible algorithmic biases related to the identities that students express. Findings from the project will contribute to understanding of the most relevant aspects of student identity in adaptive learning contexts, and how those identities affect their learning experience. Finally, this project will address the biases that are identified, thereby providing a more equitable mathematics education experience for students.  &lt;br/&gt;&lt;br/&gt;Modern adaptive learning platforms individualize learning support and improve learner outcomes by using algorithms that are typically derived through machine learning. Previous work has studied biases in educational model accuracy for large groups (e.g., ethnic and gendered categories, urban vs. rural, etc.); however, large groups may have a great deal of heterogeneity, and little is known about which specific groups of students suffer from biases in model accuracy and why. This project will approach the problem of potential bias in three steps. First, the project will begin by collecting data on educational software usage patterns (i.e., logs of actions and classroom observations of student experiences) for students using MATHia, a math education platform used by over half a million students across the United States. As part of this data collection, students will describe their identity in open-ended survey responses and interviews, which will be analyzed to discover identity characteristics that shape their learning experiences. Second, existing machine learning models will be applied to these data to predict knowledge, engagement, and self-regulated learning behaviors, and the predictions will be analyzed to reveal cases where models are systematically biased. Third, the project will compare various pre-processing, in-processing, and post- processing methods for bias reduction, and study the effects of the improved algorithms when applied in MATHia. Results from this project will contribute to scientific understanding of the role of student identity in adaptive learning software, biases in machine learning for educational software, and the effects of applying machine learning methods for bias reduction.  This project is supported by the EHR Core Research (ECR) program, which supports work that advances fundamental research on STEM learning and learning environments, broadening participation in STEM, and STEM workforce development, with co-funding by the Discovery Research PreK-12 (DRK-12) program.&lt;br/&gt;&lt;br/&gt;This award reflects NSF's statutory mission and has been deemed worthy of support through evaluation using the Foundation's intellectual merit and broader impacts review criteria.</AbstractNarration>
<MinAmdLetterDate>07/28/2020</MinAmdLetterDate>
<MaxAmdLetterDate>07/28/2020</MaxAmdLetterDate>
<ARRAAmount/>
<TRAN_TYPE>Grant</TRAN_TYPE>
<CFDA_NUM>47.076</CFDA_NUM>
<NSF_PAR_USE_FLAG>1</NSF_PAR_USE_FLAG>
<FUND_AGCY_CODE>4900</FUND_AGCY_CODE>
<AWDG_AGCY_CODE>4900</AWDG_AGCY_CODE>
<AwardID>2000405</AwardID>
<Investigator>
<FirstName>Ryan</FirstName>
<LastName>Baker</LastName>
<PI_MID_INIT/>
<PI_SUFX_NAME/>
<PI_FULL_NAME>Ryan Baker</PI_FULL_NAME>
<EmailAddress><![CDATA[ryanshaunbaker@gmail.com]]></EmailAddress>
<NSF_ID>000620525</NSF_ID>
<StartDate>07/28/2020</StartDate>
<EndDate/>
<RoleCode>Co-Principal Investigator</RoleCode>
</Investigator>
<Investigator>
<FirstName>Jaclyn</FirstName>
<LastName>Ocumpaugh</LastName>
<PI_MID_INIT/>
<PI_SUFX_NAME/>
<PI_FULL_NAME>Jaclyn Ocumpaugh</PI_FULL_NAME>
<EmailAddress><![CDATA[jlocumpaugh@gmail.com]]></EmailAddress>
<NSF_ID>000624269</NSF_ID>
<StartDate>07/28/2020</StartDate>
<EndDate/>
<RoleCode>Principal Investigator</RoleCode>
</Investigator>
<Institution>
<Name><![CDATA[University of Pennsylvania]]></Name>
<CityName>PHILADELPHIA</CityName>
<ZipCode>191046205</ZipCode>
<PhoneNumber>2158987293</PhoneNumber>
<StreetAddress><![CDATA[3451 WALNUT ST STE 440A]]></StreetAddress>
<StreetAddress2/>
<CountryName>United States</CountryName>
<StateName>Pennsylvania</StateName>
<StateCode>PA</StateCode>
<CONGRESSDISTRICT>03</CONGRESSDISTRICT>
<CONGRESS_DISTRICT_ORG>PA03</CONGRESS_DISTRICT_ORG>
<ORG_UEI_NUM>GM1XX56LEP58</ORG_UEI_NUM>
<ORG_LGL_BUS_NAME>TRUSTEES OF THE UNIVERSITY OF PENNSYLVANIA, THE</ORG_LGL_BUS_NAME>
<ORG_PRNT_UEI_NUM>GM1XX56LEP58</ORG_PRNT_UEI_NUM>
</Institution>
<Performance_Institution>
<Name><![CDATA[University of Pennsylvania]]></Name>
<CityName>Philadelphia</CityName>
<StateCode>PA</StateCode>
<ZipCode>191046216</ZipCode>
<StreetAddress><![CDATA[3700 Walnut St]]></StreetAddress>
<CountryCode>US</CountryCode>
<CountryName>United States</CountryName>
<StateName>Pennsylvania</StateName>
<CountryFlag>1</CountryFlag>
<CONGRESSDISTRICT>03</CONGRESSDISTRICT>
<CONGRESS_DISTRICT_PERF>PA03</CONGRESS_DISTRICT_PERF>
</Performance_Institution>
<ProgramElement>
<Code>764500</Code>
<Text>Discovery Research K-12</Text>
</ProgramElement>
<ProgramElement>
<Code>798000</Code>
<Text>ECR-EDU Core Research</Text>
</ProgramElement>
<ProgramReference>
<Code>8212</Code>
<Text>Broaden Particip STEM Resrch</Text>
</ProgramReference>
<ProgramReference>
<Code>8244</Code>
<Text>EHR CL Opportunities (NSF 14-302)</Text>
</ProgramReference>
<ProgramReference>
<Code>8817</Code>
<Text>STEM Learning &amp; Learning Environments</Text>
</ProgramReference>
<Appropriation>
<Code>0420</Code>
<Name>NSF Education &amp; Human Resource</Name>
<APP_SYMB_ID>040106</APP_SYMB_ID>
</Appropriation>
<Fund>
<Code>04002021DB</Code>
<Name><![CDATA[NSF Education & Human Resource]]></Name>
<FUND_SYMB_ID>040106</FUND_SYMB_ID>
</Fund>
<FUND_OBLG>2020~512985</FUND_OBLG>
</Award>
</rootTag>
