<?xml version="1.0" encoding="UTF-8"?>
<rootTag>
<Award>
<AwardTitle><![CDATA[Education for Technical Applications in Agriculture]]></AwardTitle>
<AGENCY>NSF</AGENCY>
<AwardEffectiveDate>07/01/2020</AwardEffectiveDate>
<AwardExpirationDate>06/30/2024</AwardExpirationDate>
<AwardTotalIntnAmount>584613.00</AwardTotalIntnAmount>
<AwardAmount>748718</AwardAmount>
<AwardInstrument>
<Value>Standard Grant</Value>
</AwardInstrument>
<Organization>
<Code>11040000</Code>
<Directorate>
<Abbreviation>EDU</Abbreviation>
<LongName>Directorate for STEM Education</LongName>
</Directorate>
<Division>
<Abbreviation>DUE</Abbreviation>
<LongName>Division Of Undergraduate Education</LongName>
</Division>
</Organization>
<ProgramOfficer>
<SignBlockName>Virginia Carter</SignBlockName>
<PO_EMAI>vccarter@nsf.gov</PO_EMAI>
<PO_PHON>7032924651</PO_PHON>
</ProgramOfficer>
<AbstractNarration>This project aims to advance national interests in health, prosperity, and welfare by educating high school students in technologies used in modern farming equipment and operations.  These technologies include geospatial technologies, robotics, electronics, sensors, and computer controls. The agricultural equipment industry has a significant shortage of qualified technicians trained to manufacture, use, and maintain modern equipment. To address this agricultural technician workforce gap, the project plans to develop a partnership among community college and secondary school faculty, and equipment manufacturers and dealers.  This partnership will collaborate to develop and implement a secondary school curriculum and faculty professional development initiative for technical agricultural education. The resulting courses will be designed for dual enrollment credit at high schools and colleges. Secondary students who complete the credential and earn college credit will be prepared to move seamlessly into an agricultural technician training program at partnering colleges or directly into the agricultural technician workforce.&lt;br/&gt;&lt;br/&gt;The primary goal of the project is to build a secondary school agricultural technician program that focuses on skills and knowledge that are directly relevant and transferable to higher education and to agricultural technician careers. The partners, led by AgCentric at Central Lakes College and the Curriculum for Agricultural Science Education (CASE), include Northland Community and Technical College, Ridgewater College, and industry collaborators.  These partners will leverage their resources and experience to ensure this project meets industry, student, and faculty needs in agricultural technician education. The project intends to have a national reach, through developing course content that links agricultural science with complex mechanical systems. The curriculum will be written, field-tested, and revised following the CASE model, which is based on evidence and current pedagogical approaches. The project evaluation will measure the progress of curriculum development and implementation, hypothesized student outcomes of increased college and workforce preparation, and impacts on the agricultural technician workforce. A culminating feature of this project will be the development of an industry-recognized credential that will help further the college, career, and workforce aspirations of secondary and post-secondary students. This project is funded by the Advanced Technological Education program that focuses on the education of technicians for the advanced-technology fields that drive the nation's economy.&lt;br/&gt;&lt;br/&gt;This award reflects NSF's statutory mission and has been deemed worthy of support through evaluation using the Foundation's intellectual merit and broader impacts review criteria.</AbstractNarration>
<MinAmdLetterDate>06/10/2020</MinAmdLetterDate>
<MaxAmdLetterDate>07/24/2023</MaxAmdLetterDate>
<ARRAAmount/>
<TRAN_TYPE>Grant</TRAN_TYPE>
<CFDA_NUM>47.076</CFDA_NUM>
<NSF_PAR_USE_FLAG>1</NSF_PAR_USE_FLAG>
<FUND_AGCY_CODE>4900</FUND_AGCY_CODE>
<AWDG_AGCY_CODE>4900</AWDG_AGCY_CODE>
<AwardID>2000787</AwardID>
<Investigator>
<FirstName>Carl</FirstName>
<LastName>Aakre</LastName>
<PI_MID_INIT>L</PI_MID_INIT>
<PI_SUFX_NAME/>
<PI_FULL_NAME>Carl L Aakre</PI_FULL_NAME>
<EmailAddress><![CDATA[carl.aakre@case4learning.org]]></EmailAddress>
<NSF_ID>000811359</NSF_ID>
<StartDate>06/10/2020</StartDate>
<EndDate/>
<RoleCode>Co-Principal Investigator</RoleCode>
</Investigator>
<Investigator>
<FirstName>Carr</FirstName>
<LastName>Smeby</LastName>
<PI_MID_INIT>A</PI_MID_INIT>
<PI_SUFX_NAME/>
<PI_FULL_NAME>Carr A Smeby</PI_FULL_NAME>
<EmailAddress><![CDATA[carr.smeby@northlandcollege.edu]]></EmailAddress>
<NSF_ID>000811428</NSF_ID>
<StartDate>06/10/2020</StartDate>
<EndDate/>
<RoleCode>Co-Principal Investigator</RoleCode>
</Investigator>
<Investigator>
<FirstName>Keith</FirstName>
<LastName>Olander</LastName>
<PI_MID_INIT>R</PI_MID_INIT>
<PI_SUFX_NAME/>
<PI_FULL_NAME>Keith R Olander</PI_FULL_NAME>
<EmailAddress><![CDATA[keith.olander@clcmn.edu]]></EmailAddress>
<NSF_ID>000812048</NSF_ID>
<StartDate>06/10/2020</StartDate>
<EndDate/>
<RoleCode>Principal Investigator</RoleCode>
</Investigator>
<Investigator>
<FirstName>Curtis</FirstName>
<LastName>Yoose</LastName>
<PI_MID_INIT>C</PI_MID_INIT>
<PI_SUFX_NAME/>
<PI_FULL_NAME>Curtis C Yoose</PI_FULL_NAME>
<EmailAddress><![CDATA[curt.yoose@ridgewater.edu]]></EmailAddress>
<NSF_ID>000811662</NSF_ID>
<StartDate>06/10/2020</StartDate>
<EndDate/>
<RoleCode>Co-Principal Investigator</RoleCode>
</Investigator>
<Institution>
<Name><![CDATA[Central Lakes College]]></Name>
<CityName>BRAINERD</CityName>
<ZipCode>564013904</ZipCode>
<PhoneNumber>2188558119</PhoneNumber>
<StreetAddress><![CDATA[501 W COLLEGE DR]]></StreetAddress>
<StreetAddress2/>
<CountryName>United States</CountryName>
<StateName>Minnesota</StateName>
<StateCode>MN</StateCode>
<CONGRESSDISTRICT>08</CONGRESSDISTRICT>
<CONGRESS_DISTRICT_ORG>MN08</CONGRESS_DISTRICT_ORG>
<ORG_UEI_NUM>N8A7NM83SH96</ORG_UEI_NUM>
<ORG_LGL_BUS_NAME>MINNESOTA STATE COLLEGES &amp; UNIVERSITIES</ORG_LGL_BUS_NAME>
<ORG_PRNT_UEI_NUM/>
</Institution>
<Performance_Institution>
<Name><![CDATA[Central Lakes College]]></Name>
<CityName>Staples</CityName>
<StateCode>MN</StateCode>
<ZipCode>564793252</ZipCode>
<StreetAddress><![CDATA[1830 Airpot Road]]></StreetAddress>
<CountryCode>US</CountryCode>
<CountryName>United States</CountryName>
<StateName>Minnesota</StateName>
<CountryFlag>1</CountryFlag>
<CONGRESSDISTRICT>07</CONGRESSDISTRICT>
<CONGRESS_DISTRICT_PERF>MN07</CONGRESS_DISTRICT_PERF>
</Performance_Institution>
<ProgramElement>
<Code>741200</Code>
<Text>Advanced Tech Education Prog</Text>
</ProgramElement>
<ProgramReference>
<Code>1032</Code>
<Text>ADVANCED TECHNOLOGY EDUCATION</Text>
</ProgramReference>
<ProgramReference>
<Code>9178</Code>
<Text>UNDERGRADUATE EDUCATION</Text>
</ProgramReference>
<ProgramReference>
<Code>SMET</Code>
<Text>SCIENCE, MATH, ENG &amp; TECH EDUCATION</Text>
</ProgramReference>
<Appropriation>
<Code/>
<Name/>
<APP_SYMB_ID/>
</Appropriation>
<Appropriation>
<Code/>
<Name/>
<APP_SYMB_ID/>
</Appropriation>
<Appropriation>
<Code>0420</Code>
<Name>NSF Education &amp; Human Resource</Name>
<APP_SYMB_ID>040106</APP_SYMB_ID>
</Appropriation>
<Fund>
<Code>04002324DB</Code>
<Name><![CDATA[NSF STEM Education]]></Name>
<FUND_SYMB_ID>040106</FUND_SYMB_ID>
</Fund>
<Fund>
<Code>04002223DB</Code>
<Name><![CDATA[NSF Education & Human Resource]]></Name>
<FUND_SYMB_ID>040106</FUND_SYMB_ID>
</Fund>
<Fund>
<Code>04002021DB</Code>
<Name><![CDATA[NSF Education & Human Resource]]></Name>
<FUND_SYMB_ID>040106</FUND_SYMB_ID>
</Fund>
<FUND_OBLG>2020~584613</FUND_OBLG>
<FUND_OBLG>2022~115485</FUND_OBLG>
<FUND_OBLG>2023~48620</FUND_OBLG>
</Award>
</rootTag>
