<?xml version="1.0" encoding="UTF-8"?>
<rootTag>
<Award>
<AwardTitle><![CDATA[Collaborative Research: Investigating How to Better Prepare Undergraduate Students for Physics Labs that Focus on Experimental Science]]></AwardTitle>
<AGENCY>NSF</AGENCY>
<AwardEffectiveDate>10/01/2020</AwardEffectiveDate>
<AwardExpirationDate>09/30/2024</AwardExpirationDate>
<AwardTotalIntnAmount>147865.00</AwardTotalIntnAmount>
<AwardAmount>147865</AwardAmount>
<AwardInstrument>
<Value>Standard Grant</Value>
</AwardInstrument>
<Organization>
<Code>11040000</Code>
<Directorate>
<Abbreviation>EDU</Abbreviation>
<LongName>Directorate for STEM Education</LongName>
</Directorate>
<Division>
<Abbreviation>DUE</Abbreviation>
<LongName>Division Of Undergraduate Education</LongName>
</Division>
</Organization>
<ProgramOfficer>
<SignBlockName>Dawn Rickey</SignBlockName>
<PO_EMAI>drickey@nsf.gov</PO_EMAI>
<PO_PHON>7032924674</PO_PHON>
</ProgramOfficer>
<AbstractNarration>This project aims to serve the national interest by identifying strategies to support students’ understanding of experimental science. The major goal is to identify instructional strategies that better prepare undergraduate students for doing authentic scientific experimentation in physics labs. Traditional laboratory exercises have trained students to view instructional laboratories as places to do rote procedures that lead to known results. This project will probe how to help students reframe their expectations so that they consider physics labs as places to engage in scientific experiementation.  Specifically, this project intends to identify strategies that help students think of physics labs as places where they will design their own experiments and draw their own conclusions from the data they collect. By working across multiple institutions, the project will provide many examples of students’ authentic science laboratory activities, as well an extensive database of students' work and engagement. The latter will document the rich diversity of resources and experiences students bring from their diverse backgrounds to their science laboratory work.&lt;br/&gt; &lt;br/&gt;This project aims to understand student experiences in non-traditional science labs, specifically physics, through the theoretical lens of framing. A person's frame is defined here as a stable (either local or more global) set of expectations about the activity taking place. Prior literature suggests that small things can influence the ways students frame an instructional activity, which in turn can have a large impact on student learning. This research project is designed to (a) identify the various ways students frame activities in a diverse set of non-traditional labs, (b) identify ways students shift or change how they frame lab activities, and (c) formulate testable predictions for ways to help students develop stable, productive frames for experimental science. This project is supported by the EHR Core Research program, which supports work that advances fundamental research on STEM learning and learning environments, broadening participation in STEM, and STEM workforce development.&lt;br/&gt;&lt;br/&gt;This award reflects NSF's statutory mission and has been deemed worthy of support through evaluation using the Foundation's intellectual merit and broader impacts review criteria.</AbstractNarration>
<MinAmdLetterDate>08/04/2020</MinAmdLetterDate>
<MaxAmdLetterDate>08/04/2020</MaxAmdLetterDate>
<ARRAAmount/>
<TRAN_TYPE>Grant</TRAN_TYPE>
<CFDA_NUM>47.076</CFDA_NUM>
<NSF_PAR_USE_FLAG>1</NSF_PAR_USE_FLAG>
<FUND_AGCY_CODE>4900</FUND_AGCY_CODE>
<AWDG_AGCY_CODE>4900</AWDG_AGCY_CODE>
<AwardID>2000394</AwardID>
<Investigator>
<FirstName>David</FirstName>
<LastName>Hammer</LastName>
<PI_MID_INIT/>
<PI_SUFX_NAME/>
<PI_FULL_NAME>David Hammer</PI_FULL_NAME>
<EmailAddress><![CDATA[david.hammer@tufts.edu]]></EmailAddress>
<NSF_ID>000548799</NSF_ID>
<StartDate>08/04/2020</StartDate>
<EndDate/>
<RoleCode>Principal Investigator</RoleCode>
</Investigator>
<Institution>
<Name><![CDATA[Tufts University]]></Name>
<CityName>SOMERVILLE</CityName>
<ZipCode>021442401</ZipCode>
<PhoneNumber>6176273696</PhoneNumber>
<StreetAddress><![CDATA[169 HOLLAND ST]]></StreetAddress>
<StreetAddress2/>
<CountryName>United States</CountryName>
<StateName>Massachusetts</StateName>
<StateCode>MA</StateCode>
<CONGRESSDISTRICT>07</CONGRESSDISTRICT>
<CONGRESS_DISTRICT_ORG>MA07</CONGRESS_DISTRICT_ORG>
<ORG_UEI_NUM>WL9FLBRVPJJ7</ORG_UEI_NUM>
<ORG_LGL_BUS_NAME>TRUSTEES OF TUFTS COLLEGE</ORG_LGL_BUS_NAME>
<ORG_PRNT_UEI_NUM>WL9FLBRVPJJ7</ORG_PRNT_UEI_NUM>
</Institution>
<Performance_Institution>
<Name><![CDATA[Tufts University]]></Name>
<CityName>Medford</CityName>
<StateCode>MA</StateCode>
<ZipCode>021555807</ZipCode>
<StreetAddress><![CDATA[Paige Hall]]></StreetAddress>
<CountryCode>US</CountryCode>
<CountryName>United States</CountryName>
<StateName>Massachusetts</StateName>
<CountryFlag>1</CountryFlag>
<CONGRESSDISTRICT>07</CONGRESSDISTRICT>
<CONGRESS_DISTRICT_PERF>MA07</CONGRESS_DISTRICT_PERF>
</Performance_Institution>
<ProgramElement>
<Code>798000</Code>
<Text>ECR-EDU Core Research</Text>
</ProgramElement>
<ProgramReference>
<Code>8817</Code>
<Text>STEM Learning &amp; Learning Environments</Text>
</ProgramReference>
<Appropriation>
<Code>0420</Code>
<Name>NSF Education &amp; Human Resource</Name>
<APP_SYMB_ID>040106</APP_SYMB_ID>
</Appropriation>
<Fund>
<Code>04002021DB</Code>
<Name><![CDATA[NSF Education & Human Resource]]></Name>
<FUND_SYMB_ID>040106</FUND_SYMB_ID>
</Fund>
<FUND_OBLG>2020~147865</FUND_OBLG>
</Award>
</rootTag>
