<?xml version="1.0" encoding="UTF-8"?>
<rootTag>
<Award>
<AwardTitle><![CDATA[Excellence in Research: Manufacturing of Sustainable and Environment-Friendly Bio-Binder from Algae for Epoxy-Based Composite Materials]]></AwardTitle>
<AGENCY>NSF</AGENCY>
<AwardEffectiveDate>09/01/2020</AwardEffectiveDate>
<AwardExpirationDate>08/31/2024</AwardExpirationDate>
<AwardTotalIntnAmount>498951.00</AwardTotalIntnAmount>
<AwardAmount>498951</AwardAmount>
<AwardInstrument>
<Value>Standard Grant</Value>
</AwardInstrument>
<Organization>
<Code>07030000</Code>
<Directorate>
<Abbreviation>ENG</Abbreviation>
<LongName>Directorate For Engineering</LongName>
</Directorate>
<Division>
<Abbreviation>CMMI</Abbreviation>
<LongName>Div Of Civil, Mechanical, &amp; Manufact Inn</LongName>
</Division>
</Organization>
<ProgramOfficer>
<SignBlockName>Andrew Wells</SignBlockName>
<PO_EMAI>awells@nsf.gov</PO_EMAI>
<PO_PHON>7032927225</PO_PHON>
</ProgramOfficer>
<AbstractNarration>Epoxy resin is the most prevalent thermoset polymer matrix in the field of polymer composite materials due to its superior properties. It has also been used in versatile industrial applications such as adhesives, electronics, and coatings. Epoxy resin and its common hardeners (curing agents) are currently manufactured in a fossil fuel-based chemical process. In recent years, sustainable or "green" epoxy resin has emerged in scientific publications and in the composite market. However, there are limitations in current green epoxy technologies regarding mechanical performance, cost, and paired curing agent. This award supports development of an epoxy system and value-added composite products from a sustainable source: algae. The research has potential to remediate environmental concern in epoxy composite materials and impact significantly the epoxy-related industry, which is steadily growing these years with a projection of $38.2 billion global market in 2023. This research will enhance the competitiveness of North Carolina A&amp;T State University, the largest public HBCU in the US, in the advanced material research sector. It will also strengthen and expand the education/training and research experiences of undergraduate and graduate students, especially underrepresented African American students, in green materials. The project will generate new information for K-12 level to promote STEM education and create public awareness about environment and sustainable systems. &lt;br/&gt;&lt;br/&gt;The overall objective of this research is to develop an economic, sustainable and environment-friendly bio-binder from algae through a thermochemical liquefaction process, then directly mix bio-binder with epoxy to completely replace conventional epoxy hardener and partially replace the epoxy resin. The collaborative research team will identify culture conditions of algae, reveal processing parameters of algae thermochemical liquefaction, and optimize manufacturing/curing conditions of the epoxy resin/bio-binder system. Particularly, the research will uncover the relationships among hydrothermal liquefaction parameters, contents of reactive functional groups in bio-binder, degree of cross-linking reaction in the curing process, and final mechanical properties of the cured products. The research will eventually generate a novel epoxy resin system for high-performance, sustainable, and economic epoxy-based nanocomposite materials. The research team will also perform molecular dynamic simulation to understand and predict mechanical properties of the epoxy resin/bio-binder system.&lt;br/&gt;&lt;br/&gt;This award reflects NSF's statutory mission and has been deemed worthy of support through evaluation using the Foundation's intellectual merit and broader impacts review criteria.</AbstractNarration>
<MinAmdLetterDate>06/22/2020</MinAmdLetterDate>
<MaxAmdLetterDate>06/22/2020</MaxAmdLetterDate>
<ARRAAmount/>
<TRAN_TYPE>Grant</TRAN_TYPE>
<CFDA_NUM>47.041</CFDA_NUM>
<NSF_PAR_USE_FLAG>1</NSF_PAR_USE_FLAG>
<FUND_AGCY_CODE>4900</FUND_AGCY_CODE>
<AWDG_AGCY_CODE>4900</AWDG_AGCY_CODE>
<AwardID>2000318</AwardID>
<Investigator>
<FirstName>Lifeng</FirstName>
<LastName>Zhang</LastName>
<PI_MID_INIT/>
<PI_SUFX_NAME/>
<PI_FULL_NAME>Lifeng Zhang</PI_FULL_NAME>
<EmailAddress><![CDATA[lzhang@ncat.edu]]></EmailAddress>
<NSF_ID>000621299</NSF_ID>
<StartDate>06/22/2020</StartDate>
<EndDate/>
<RoleCode>Principal Investigator</RoleCode>
</Investigator>
<Investigator>
<FirstName>Ajit</FirstName>
<LastName>Kelkar</LastName>
<PI_MID_INIT>D</PI_MID_INIT>
<PI_SUFX_NAME/>
<PI_FULL_NAME>Ajit D Kelkar</PI_FULL_NAME>
<EmailAddress><![CDATA[kelkar@ncat.edu]]></EmailAddress>
<NSF_ID>000403140</NSF_ID>
<StartDate>06/22/2020</StartDate>
<EndDate/>
<RoleCode>Co-Principal Investigator</RoleCode>
</Investigator>
<Investigator>
<FirstName>Lijun</FirstName>
<LastName>Wang</LastName>
<PI_MID_INIT/>
<PI_SUFX_NAME/>
<PI_FULL_NAME>Lijun Wang</PI_FULL_NAME>
<EmailAddress><![CDATA[lwang@ncat.edu]]></EmailAddress>
<NSF_ID>000526309</NSF_ID>
<StartDate>06/22/2020</StartDate>
<EndDate/>
<RoleCode>Co-Principal Investigator</RoleCode>
</Investigator>
<Institution>
<Name><![CDATA[North Carolina Agricultural & Technical State University]]></Name>
<CityName>GREENSBORO</CityName>
<ZipCode>274110002</ZipCode>
<PhoneNumber>3363347995</PhoneNumber>
<StreetAddress><![CDATA[1601 E MARKET ST]]></StreetAddress>
<StreetAddress2/>
<CountryName>United States</CountryName>
<StateName>North Carolina</StateName>
<StateCode>NC</StateCode>
<CONGRESSDISTRICT>06</CONGRESSDISTRICT>
<CONGRESS_DISTRICT_ORG>NC06</CONGRESS_DISTRICT_ORG>
<ORG_UEI_NUM>SKH5GMBR9GL3</ORG_UEI_NUM>
<ORG_LGL_BUS_NAME>NORTH CAROLINA AGRICULTURAL AND TECHNICAL STATE UNIVERSITY</ORG_LGL_BUS_NAME>
<ORG_PRNT_UEI_NUM/>
</Institution>
<Performance_Institution>
<Name><![CDATA[Joint School of Nanoscience and Nanoengineering]]></Name>
<CityName>Greensboro</CityName>
<StateCode>NC</StateCode>
<ZipCode>274014897</ZipCode>
<StreetAddress><![CDATA[2907 E Gate City Blvd]]></StreetAddress>
<CountryCode>US</CountryCode>
<CountryName>United States</CountryName>
<StateName>North Carolina</StateName>
<CountryFlag>1</CountryFlag>
<CONGRESSDISTRICT>06</CONGRESSDISTRICT>
<CONGRESS_DISTRICT_PERF>NC06</CONGRESS_DISTRICT_PERF>
</Performance_Institution>
<ProgramElement>
<Code>070Y00</Code>
<Text>HBCU-EiR - HBCU-Excellence in</Text>
</ProgramElement>
<ProgramReference>
<Code>041Z</Code>
<Text>HBCU-Strengthening Research Capacities</Text>
</ProgramReference>
<ProgramReference>
<Code>085E</Code>
<Text>POLYMER &amp; COMPOSITES PROCESSES</Text>
</ProgramReference>
<ProgramReference>
<Code>8021</Code>
<Text>Materials Engineering</Text>
</ProgramReference>
<ProgramReference>
<Code>8249</Code>
<Text>Sustainable Materials</Text>
</ProgramReference>
<Appropriation>
<Code>0120</Code>
<Name>NSF RESEARCH &amp; RELATED ACTIVIT</Name>
<APP_SYMB_ID>040100</APP_SYMB_ID>
</Appropriation>
<Fund>
<Code>01002021DB</Code>
<Name><![CDATA[NSF RESEARCH & RELATED ACTIVIT]]></Name>
<FUND_SYMB_ID>040100</FUND_SYMB_ID>
</Fund>
<FUND_OBLG>2020~498951</FUND_OBLG>
</Award>
</rootTag>
