<?xml version="1.0" encoding="UTF-8"?>
<rootTag>
<Award>
<AwardTitle><![CDATA[Significance of Ice-loss to Landscapes in the Arctic: SILA (Inuit concept of the physical world and weather)]]></AwardTitle>
<AGENCY>NSF</AGENCY>
<AwardEffectiveDate>08/01/2020</AwardEffectiveDate>
<AwardExpirationDate>07/31/2025</AwardExpirationDate>
<AwardTotalIntnAmount>2244966.00</AwardTotalIntnAmount>
<AwardAmount>2244966</AwardAmount>
<AwardInstrument>
<Value>Standard Grant</Value>
</AwardInstrument>
<Organization>
<Code>06090100</Code>
<Directorate>
<Abbreviation>GEO</Abbreviation>
<LongName>Directorate For Geosciences</LongName>
</Directorate>
<Division>
<Abbreviation>OPP</Abbreviation>
<LongName>Office of Polar Programs (OPP)</LongName>
</Division>
</Organization>
<ProgramOfficer>
<SignBlockName>Colleen Strawhacker</SignBlockName>
<PO_EMAI>colstraw@nsf.gov</PO_EMAI>
<PO_PHON>7032927432</PO_PHON>
</ProgramOfficer>
<AbstractNarration>Ice sheets have advanced and retreated across approximately 15% of Earth’s land surface over the past three million years. This glacial cycling produces fine-grained sediments that are easily altered by chemical reactions. As glacial retreat exposes landscapes, ecosystems develop, sediments react, and stream water compositions change. In southwestern Greenland, streams draining glacial meltwater and non-glacial streams separated from glacial meltwater discharge similar amounts of water relative to their drainage areas, but because of distinct chemical compositions, they deliver differing amounts of greenhouse gases to the atmosphere and nutrients to coastal ecosystems.  These differences may affect climate, ecosystems, and people, highlighting the need for effective communication of glacial environmental changes to the public. Developing effective communication skills is an integral part of this interdisciplinary study to evaluate how biological, geochemical, and hydrologic processes control stream water composition as glaciers retreat.  This insight will enhance evaluations of the effects from past glacial retreat and responses to future Arctic warming.  Project results will be shared through environmental civics, a component that will improve researchers’ science communication and leadership skills.  &lt;br/&gt;&lt;br/&gt;Sediment compositions, exposure age, plant and microbe colonization, water availability, and stream-landscape connections are hypothesized to vary systematically across periglacial watersheds and thus control weathering extent, stream geochemistry, and solute and gas fluxes.  This hypothesis will be tested in watersheds stretching from the Greenland Ice Sheet to the coast over two melt seasons by an interdisciplinary group of U.S. and Greenlandic researchers who will a) measure non-glacial stream discharge, solute and gas concentrations and fluxes, microbial community structures, plant community distributions, carbon and nutrient cycling, and radiogenic isotopes in stream and bedload sediment; b) maintain automated weather observations, dust collection, and stream chemistry loggers; and c) perform stream dosing experiments. These data will reveal feedbacks between weathering extent, ecosystem characteristics, biogeochemical processes, and stream chemistry and their controls on solute and gas fluxes from periglacial watersheds. In collaboration with Greenlandic colleagues, the results will seed environmental civics plans to develop and implement environmental science curricula at levels appropriate to Greenlandic high schools through a teacher-education program and to create educational materials for tourism in Greenland, Greenlandic secondary schools, and the Arctic Technology Center.&lt;br/&gt;&lt;br/&gt;This award reflects NSF's statutory mission and has been deemed worthy of support through evaluation using the Foundation's intellectual merit and broader impacts review criteria.</AbstractNarration>
<MinAmdLetterDate>07/21/2020</MinAmdLetterDate>
<MaxAmdLetterDate>07/24/2024</MaxAmdLetterDate>
<ARRAAmount/>
<TRAN_TYPE>Grant</TRAN_TYPE>
<CFDA_NUM>47.078</CFDA_NUM>
<NSF_PAR_USE_FLAG>1</NSF_PAR_USE_FLAG>
<FUND_AGCY_CODE>4900</FUND_AGCY_CODE>
<AWDG_AGCY_CODE>4900</AWDG_AGCY_CODE>
<AwardID>2000649</AwardID>
<Investigator>
<FirstName>Jonathan</FirstName>
<LastName>Martin</LastName>
<PI_MID_INIT>B</PI_MID_INIT>
<PI_SUFX_NAME/>
<PI_FULL_NAME>Jonathan B Martin</PI_FULL_NAME>
<EmailAddress><![CDATA[jbmartin@ufl.edu]]></EmailAddress>
<NSF_ID>000241185</NSF_ID>
<StartDate>07/21/2020</StartDate>
<EndDate/>
<RoleCode>Principal Investigator</RoleCode>
</Investigator>
<Investigator>
<FirstName>Ellen</FirstName>
<LastName>Martin</LastName>
<PI_MID_INIT>E</PI_MID_INIT>
<PI_SUFX_NAME/>
<PI_FULL_NAME>Ellen E Martin</PI_FULL_NAME>
<EmailAddress><![CDATA[eemartin@ufl.edu]]></EmailAddress>
<NSF_ID>000086676</NSF_ID>
<StartDate>07/21/2020</StartDate>
<EndDate/>
<RoleCode>Co-Principal Investigator</RoleCode>
</Investigator>
<Investigator>
<FirstName>Brent</FirstName>
<LastName>Christner</LastName>
<PI_MID_INIT>C</PI_MID_INIT>
<PI_SUFX_NAME/>
<PI_FULL_NAME>Brent C Christner</PI_FULL_NAME>
<EmailAddress><![CDATA[xner@ufl.edu]]></EmailAddress>
<NSF_ID>000218757</NSF_ID>
<StartDate>07/21/2020</StartDate>
<EndDate/>
<RoleCode>Co-Principal Investigator</RoleCode>
</Investigator>
<Investigator>
<FirstName>Cynthia</FirstName>
<LastName>Barnett</LastName>
<PI_MID_INIT>L</PI_MID_INIT>
<PI_SUFX_NAME/>
<PI_FULL_NAME>Cynthia L Barnett</PI_FULL_NAME>
<EmailAddress><![CDATA[clbarnett@jou.ufl.edu]]></EmailAddress>
<NSF_ID>000811536</NSF_ID>
<StartDate>07/21/2020</StartDate>
<EndDate/>
<RoleCode>Co-Principal Investigator</RoleCode>
</Investigator>
<Institution>
<Name><![CDATA[University of Florida]]></Name>
<CityName>GAINESVILLE</CityName>
<ZipCode>326111941</ZipCode>
<PhoneNumber>3523923516</PhoneNumber>
<StreetAddress><![CDATA[1523 UNION RD RM 207]]></StreetAddress>
<StreetAddress2/>
<CountryName>United States</CountryName>
<StateName>Florida</StateName>
<StateCode>FL</StateCode>
<CONGRESSDISTRICT>03</CONGRESSDISTRICT>
<CONGRESS_DISTRICT_ORG>FL03</CONGRESS_DISTRICT_ORG>
<ORG_UEI_NUM>NNFQH1JAPEP3</ORG_UEI_NUM>
<ORG_LGL_BUS_NAME>UNIVERSITY OF FLORIDA</ORG_LGL_BUS_NAME>
<ORG_PRNT_UEI_NUM/>
</Institution>
<Performance_Institution>
<Name><![CDATA[University of Florida]]></Name>
<CityName>Gainesville</CityName>
<StateCode>FL</StateCode>
<ZipCode>326115500</ZipCode>
<StreetAddress><![CDATA[207 Grinter Hall]]></StreetAddress>
<CountryCode>US</CountryCode>
<CountryName>United States</CountryName>
<StateName>Florida</StateName>
<CountryFlag>1</CountryFlag>
<CONGRESSDISTRICT>03</CONGRESSDISTRICT>
<CONGRESS_DISTRICT_PERF>FL03</CONGRESS_DISTRICT_PERF>
</Performance_Institution>
<ProgramElement>
<Code>521900</Code>
<Text>ARCSS-Arctic System Science</Text>
</ProgramElement>
<ProgramReference>
<Code>097Z</Code>
<Text>COVID-19 Impacts on Existing Activities</Text>
</ProgramReference>
<ProgramReference>
<Code>1079</Code>
<Text>ARCTIC RESEARCH</Text>
</ProgramReference>
<ProgramReference>
<Code>5219</Code>
<Text>ARCTIC SYSTEM SCIENCE PROGRAM</Text>
</ProgramReference>
<Appropriation>
<Code>02XX</Code>
<Name>NSF RESEARCH &amp; RELATED ACTIVIT</Name>
<APP_SYMB_ID>040100</APP_SYMB_ID>
</Appropriation>
<Fund>
<Code>0100XXXXDB</Code>
<Name><![CDATA[NSF RESEARCH & RELATED ACTIVIT]]></Name>
<FUND_SYMB_ID>040100</FUND_SYMB_ID>
</Fund>
<FUND_OBLG>2020~2244966</FUND_OBLG>
</Award>
</rootTag>
