<?xml version="1.0" encoding="UTF-8"?>
<rootTag>
<Award>
<AwardTitle><![CDATA[Collaborative Research: Fluid Dynamics-based analysis towards control of sleep apnea]]></AwardTitle>
<AGENCY>NSF</AGENCY>
<AwardEffectiveDate>09/01/2019</AwardEffectiveDate>
<AwardExpirationDate>12/31/2020</AwardExpirationDate>
<AwardTotalIntnAmount>89225.00</AwardTotalIntnAmount>
<AwardAmount>89225</AwardAmount>
<AwardInstrument>
<Value>Standard Grant</Value>
</AwardInstrument>
<Organization>
<Code>07020000</Code>
<Directorate>
<Abbreviation>ENG</Abbreviation>
<LongName>Directorate For Engineering</LongName>
</Directorate>
<Division>
<Abbreviation>CBET</Abbreviation>
<LongName>Div Of Chem, Bioeng, Env, &amp; Transp Sys</LongName>
</Division>
</Organization>
<ProgramOfficer>
<SignBlockName>Ron Joslin</SignBlockName>
<PO_EMAI>rjoslin@nsf.gov</PO_EMAI>
<PO_PHON>7032927030</PO_PHON>
</ProgramOfficer>
<AbstractNarration>PI:  Dong, Haibo / XI, Jinxiang&lt;br/&gt;Proposal Number: 1605232 / 1605434&lt;br/&gt;The goal of the proposed research is to investigate the fluid dynamics mechanisms that can lead to sleep apnea and to develop fluid dynamics-based strategies for intervention. The importance of understanding the reasons for this condition at a fundamental level is very significant, since this condition that can sometimes result in deaths.&lt;br/&gt;&lt;br/&gt;The goal of the proposed research is to advance the fundamental knowledge of biological fluid dynamics in prediction and control of human snoring through a combined physiology-based modeling, physics-based simulation, analysis, verification, and optimization approach. This approach is also applicable to a wide range of engineering and biological systems, such as noise reduction and phonation. There are mainly two objectives: (1) to develop a methodology for unveiling the flow physics and sound-producing mechanism of biological fluid-structure coupling problems and (2) to use the methodology for the investigation of optimal intervention procedures in order to ease the vortex-induced snore symptoms towards a better quality of life. The proposed work is highly interdisciplinary and involves fundamental scientific problems in the fields of biology, physics, physiology, and engineering. Snoring is an audible sign coded with richness of information about human respiratory functions. The sound comes from a complex interaction between compliant airway structures and the transient vortex shedding which is induced by the narrowing of the airway passage. However, the specific snore source mechanisms are still elusive, despite the significant in vitro and clinical efforts. Physics-based numerical investigation of the snore source will promise to quantify the relationship between the nonlinear response of the flexible airways and the respiratory vortex dynamics for sound generation. Currently, snore source diagnosis relies on expensive and time-consuming procedures that are outsourced to special analytical laboratories. Such challenges in performing in vivo and in vitro snore diagnosis will make the numerical methods ideal investigative tools. The PIs propose to systematically study the snore-producing mechanisms of different age and gender groups, paying particular attention to the underlying physics of biological fluid-structure interaction and associated sound sources. This is to be accomplished through the use of a combined modeling, simulation, analysis, validation, and optimization approach. The findings from the proposed research could provide pre-surgical guidelines for alleviating the apnea-causing factors by minimizing sound production of the system. Findings from this work could be used by acoustic experts and respiratory therapists for understanding the sound source production and control from its biological origin. The theories developed from this research will promote accurate diagnosis of snore sources and effective treatment of patients with snoring or other respiratory disorders. The research work will also be the central theme in a multi-level education program in which: (1) PIs will continue to provide summer undergraduate research experience to attract and retain engineering students from under-represented groups; (2) the proposed methodology will be incorporated into the PIs' existing graduate level course on bio-inspired flow and respiratory aerosol dynamics; and (3) an educational lab curriculum in snore specialty will be developed to provide multi-disciplinary training and research opportunities for high-school and college students and to support biomedical and bio-inspired engineering programs in both University of Virginia and Central Michigan University</AbstractNarration>
<MinAmdLetterDate>10/22/2019</MinAmdLetterDate>
<MaxAmdLetterDate>10/22/2019</MaxAmdLetterDate>
<ARRAAmount/>
<TRAN_TYPE>Grant</TRAN_TYPE>
<CFDA_NUM>47.041</CFDA_NUM>
<NSF_PAR_USE_FLAG>0</NSF_PAR_USE_FLAG>
<FUND_AGCY_CODE>4900</FUND_AGCY_CODE>
<AWDG_AGCY_CODE>4900</AWDG_AGCY_CODE>
<AwardID>2001090</AwardID>
<Investigator>
<FirstName>Jinxiang</FirstName>
<LastName>Xi</LastName>
<PI_MID_INIT/>
<PI_SUFX_NAME/>
<PI_FULL_NAME>Jinxiang Xi</PI_FULL_NAME>
<EmailAddress><![CDATA[Jinxiang_Xi@uml.edu]]></EmailAddress>
<NSF_ID>000851074</NSF_ID>
<StartDate>10/22/2019</StartDate>
<EndDate/>
<RoleCode>Principal Investigator</RoleCode>
</Investigator>
<Institution>
<Name><![CDATA[University of Massachusetts Lowell]]></Name>
<CityName>LOWELL</CityName>
<ZipCode>018543629</ZipCode>
<PhoneNumber>9789344170</PhoneNumber>
<StreetAddress><![CDATA[600 SUFFOLK ST STE 450]]></StreetAddress>
<StreetAddress2/>
<CountryName>United States</CountryName>
<StateName>Massachusetts</StateName>
<StateCode>MA</StateCode>
<CONGRESSDISTRICT>03</CONGRESSDISTRICT>
<CONGRESS_DISTRICT_ORG>MA03</CONGRESS_DISTRICT_ORG>
<ORG_UEI_NUM>LTNVSTJ3R6D5</ORG_UEI_NUM>
<ORG_LGL_BUS_NAME>UNIVERSITY OF MASSACHUSETTS LOWELL</ORG_LGL_BUS_NAME>
<ORG_PRNT_UEI_NUM/>
</Institution>
<Performance_Institution>
<Name><![CDATA[University of Massachusetts Lowell]]></Name>
<CityName>Lowell</CityName>
<StateCode>MA</StateCode>
<ZipCode>018543643</ZipCode>
<StreetAddress><![CDATA[1 University Avenue]]></StreetAddress>
<CountryCode>US</CountryCode>
<CountryName>United States</CountryName>
<StateName>Massachusetts</StateName>
<CountryFlag>1</CountryFlag>
<CONGRESSDISTRICT>03</CONGRESSDISTRICT>
<CONGRESS_DISTRICT_PERF>MA03</CONGRESS_DISTRICT_PERF>
</Performance_Institution>
<ProgramElement>
<Code>144300</Code>
<Text>FD-Fluid Dynamics</Text>
</ProgramElement>
<ProgramReference>
<Code>8007</Code>
<Text>BioMaPS</Text>
</ProgramReference>
<Appropriation>
<Code>0116</Code>
<Name>NSF RESEARCH &amp; RELATED ACTIVIT</Name>
<APP_SYMB_ID>040100</APP_SYMB_ID>
</Appropriation>
<Fund>
<Code>01001617DB</Code>
<Name><![CDATA[NSF RESEARCH & RELATED ACTIVIT]]></Name>
<FUND_SYMB_ID>040100</FUND_SYMB_ID>
</Fund>
<FUND_OBLG>2016~89225</FUND_OBLG>
<POR>
<DRECONTENT><![CDATA[<div class="porColContainerWBG"> <div class="porContentCol"><p>This project aimed to understand the physiological factors underlying snoring and apnea from the perspective of fluid mechanics. In doing so, realistic upper respiratory tract models were reconstructed from patients' CT and MRI scans and used for direct numerical simulations. The effects of the uvula flapping on airflow dynamics were examined by varying the uvula's morphology, vibration mode, frequency, and amplitude. It was found that both vortex development and aerodynamic pressure were highly sensitive to the level of airway constriction. Conversely, the pharyngeal collapsibility increased with the uvular vibration frequency. The pharyngeal collapse was an unstable process; a partially constricted pharynx was prone to cause further collapse with the presence of a uvula vibration. The frequency of uvular oscillation was found to be a dominant factor in determining the amplitudes of airway pressure fluctuations and pharyngeal wall force oscillations.</p> <p>The direct numerical simulations generated an enormous amount of flow-pressure data associated with snoring and apnea. To extract the most fundamental indexes that can facilitate snore/apnea diagnosis and treatment, the time series pressure signals in the pharynx were analyzed to identify key factors underlying the onset of pharynx collapse. New methods, including low-dimension modeling, were developed. Fourier analysis showed clear energy descending from the fundamental frequency to three harmonics for points immediately downstream of the uvula, in contrast to more erratic patterns at probes away from the uvula. The multifractal spectrum of the pressure signals was sensitive to the uvula kinematics but not pharynx constrictions. On the other hand, the input&ndash;output cross-correlation exhibited a high sensitivity to the pharynx constriction but low sensitivity to the uvula kinematics. The phase space based on the Hilbert transform had a higher sensitivity to the pharynx constriction than uvula kinematics. As a result, these indices could be used individually or in combination in diagnosis or treatment planning for snoring/OSA patients.</p> <p>The major challenge in apnea intervention if that it is difficult to predict the onset of the pharyngeal collapse. With these new indices, it is feasible to develop a device or algorithm for prior apnea sensing. As a result, real-time interventions can be implemented to prevent further airway collapse. Such devices can be augmented by leveraging other interventions, such as adjusting the neck bending or head tilting angle. By effectuating the intervention procedures at the right time (i.e., prior apnea onset), a collapse-prone pharyngeal airway will be more likely to be stabilized and a collapsing airway be re-opened. Such devices can be commercialized to be more available to snore/apnea patients, which can significantly increase the well-being of these patients and decrease the societal/economic/medical adverse consequences incurred from low sleep quality.&nbsp; &nbsp;&nbsp;</p> <p>&nbsp;</p><br> <p>            Last Modified: 03/29/2023<br>      Modified by: Jinxiang&nbsp;Xi</p> </div> <div class="porSideCol"> <div class="each-gallery"> <div class="galContent" id="gallery0"> <div class="photoCount" id="photoCount0">          Image         </div> <div class="galControls onePhoto" id="controls0"></div> <div class="galSlideshow" id="slideshow0"></div> <div class="galEmbox" id="embox"> <div class="image-title"></div> </div> </div> <div class="galNavigation onePhoto" id="navigation0"> <ul class="thumbs" id="thumbs0"> <li> <a href="/por/images/Reports/POR/2023/2001090/2001090_10455017_1680124106174_Snoring_Uvula_Wake_Simulation_2--rgov-214x142.jpg" original="/por/images/Reports/POR/2023/2001090/2001090_10455017_1680124106174_Snoring_Uvula_Wake_Simulation_2--rgov-800width.jpg" title="Flow-induced snoring"><img src="/por/images/Reports/POR/2023/2001090/2001090_10455017_1680124106174_Snoring_Uvula_Wake_Simulation_2--rgov-66x44.jpg" alt="Flow-induced snoring"></a> <div class="imageCaptionContainer"> <div class="imageCaption">Complex vortex shedding and pressure filed due to a vibrating uvula.</div> <div class="imageCredit">Haibo Dong</div> <div class="imageSubmitted">Jinxiang&nbsp;Xi</div> <div class="imageTitle">Flow-induced snoring</div> </div> </li> </ul> </div> </div> </div> </div>]]></DRECONTENT>
<POR_COPY_TXT><![CDATA[ This project aimed to understand the physiological factors underlying snoring and apnea from the perspective of fluid mechanics. In doing so, realistic upper respiratory tract models were reconstructed from patients' CT and MRI scans and used for direct numerical simulations. The effects of the uvula flapping on airflow dynamics were examined by varying the uvula's morphology, vibration mode, frequency, and amplitude. It was found that both vortex development and aerodynamic pressure were highly sensitive to the level of airway constriction. Conversely, the pharyngeal collapsibility increased with the uvular vibration frequency. The pharyngeal collapse was an unstable process; a partially constricted pharynx was prone to cause further collapse with the presence of a uvula vibration. The frequency of uvular oscillation was found to be a dominant factor in determining the amplitudes of airway pressure fluctuations and pharyngeal wall force oscillations.  The direct numerical simulations generated an enormous amount of flow-pressure data associated with snoring and apnea. To extract the most fundamental indexes that can facilitate snore/apnea diagnosis and treatment, the time series pressure signals in the pharynx were analyzed to identify key factors underlying the onset of pharynx collapse. New methods, including low-dimension modeling, were developed. Fourier analysis showed clear energy descending from the fundamental frequency to three harmonics for points immediately downstream of the uvula, in contrast to more erratic patterns at probes away from the uvula. The multifractal spectrum of the pressure signals was sensitive to the uvula kinematics but not pharynx constrictions. On the other hand, the input&ndash;output cross-correlation exhibited a high sensitivity to the pharynx constriction but low sensitivity to the uvula kinematics. The phase space based on the Hilbert transform had a higher sensitivity to the pharynx constriction than uvula kinematics. As a result, these indices could be used individually or in combination in diagnosis or treatment planning for snoring/OSA patients.  The major challenge in apnea intervention if that it is difficult to predict the onset of the pharyngeal collapse. With these new indices, it is feasible to develop a device or algorithm for prior apnea sensing. As a result, real-time interventions can be implemented to prevent further airway collapse. Such devices can be augmented by leveraging other interventions, such as adjusting the neck bending or head tilting angle. By effectuating the intervention procedures at the right time (i.e., prior apnea onset), a collapse-prone pharyngeal airway will be more likely to be stabilized and a collapsing airway be re-opened. Such devices can be commercialized to be more available to snore/apnea patients, which can significantly increase the well-being of these patients and decrease the societal/economic/medical adverse consequences incurred from low sleep quality.              Last Modified: 03/29/2023       Submitted by: Jinxiang Xi]]></POR_COPY_TXT>
</POR>
</Award>
</rootTag>
