<?xml version="1.0" encoding="UTF-8"?>
<rootTag>
<Award>
<AwardTitle><![CDATA[Coulomb Branches, Shifted Quantum Groups, and their Applications]]></AwardTitle>
<AGENCY>NSF</AGENCY>
<AwardEffectiveDate>06/01/2020</AwardEffectiveDate>
<AwardExpirationDate>07/31/2020</AwardExpirationDate>
<AwardTotalIntnAmount>165000.00</AwardTotalIntnAmount>
<AwardAmount>165000</AwardAmount>
<AwardInstrument>
<Value>Standard Grant</Value>
</AwardInstrument>
<Organization>
<Code>03040000</Code>
<Directorate>
<Abbreviation>MPS</Abbreviation>
<LongName>Direct For Mathematical &amp; Physical Scien</LongName>
</Directorate>
<Division>
<Abbreviation>DMS</Abbreviation>
<LongName>Division Of Mathematical Sciences</LongName>
</Division>
</Organization>
<ProgramOfficer>
<SignBlockName>James Matthew Douglass</SignBlockName>
<PO_EMAI>mdouglas@nsf.gov</PO_EMAI>
<PO_PHON>7032922467</PO_PHON>
</ProgramOfficer>
<AbstractNarration>This project lies at the intersection of several fields of mathematics: representation theory, classical and quantum integrable systems, mathematical physics, and enumerative algebraic geometry. While the former three branches originate from quantum physics, the last one deals with applications of purely algebraic concepts to geometry. Representation theory concerns the study of symmetries of a vector space such as three-dimensional Euclidean space (more generally, an infinite dimensional space) with additional structures. These symmetries can be often thought of as algebraic structures such as groups, Lie algebras, or associative algebras. Two cases are of particular interest: (1) the case of sufficiently many pair-wise commuting symmetries, which is a primary subject of study in integrable systems, and (2) the case when the underlying vector spaces arise via generalized cohomology theories associated with geometric moduli spaces. This project aims at resolving several open questions pertaining to those cases through the study of shifted quantum groups; the first surprising connections of those novel algebras to Toda-like quantum (difference) integrable systems and quantized Coulomb branches were discovered in the recent work of the PI.&lt;br/&gt; &lt;br/&gt;The major theme of the proposed research is the study of shifted quantum affine algebras and the corresponding new structures on the quantized Coulomb branches. The project is broken down into five parts, as follows. The first part will investigate integral forms of shifted quantum affine algebras. One objective is to show that they map surjectively onto quantized K-theoretic Coulomb branches and to describe explicitly the kernel of these maps using the shuffle approach. Another important structure to be constructed on such integral forms are coproduct homomorphisms: these will descend to the truncated counterparts, thus quantizing multiplications of the corresponding classical K-theoretic Coulomb branches. The second and the third parts of the project are aimed at the construction and study of monoidal categorification of the quantum cluster algebra structure on quantized K-theoretic Coulomb branches via shifted quantum affine algebras, and a construction of new vertex operator algebras via shifted affine Yangians of gl(n). The fourth part deals with a novel approach to Lax matrices via antidominantly shifted quantum groups. This will bring new insights into now relatively old subject of the inverse scattering method. At the same time, it will also emphasize an overlooked importance of antidominant shifts, leading to a new study of Bethe subalgebras of the quantized Coulomb branches. This work will also provide a systematic construction of Baxter Q-operators, implying functional and TQ-relations for them. The fifth part of the project aims to obtain Kazhdan-Lusztig type character formulas for finite-dimensional representations of DeConcini-Kac truncated shifted quantum affine algebras at roots of unity.&lt;br/&gt;&lt;br/&gt;This award reflects NSF's statutory mission and has been deemed worthy of support through evaluation using the Foundation's intellectual merit and broader impacts review criteria.</AbstractNarration>
<MinAmdLetterDate>04/13/2020</MinAmdLetterDate>
<MaxAmdLetterDate>04/13/2020</MaxAmdLetterDate>
<ARRAAmount/>
<TRAN_TYPE>Grant</TRAN_TYPE>
<CFDA_NUM>47.049</CFDA_NUM>
<NSF_PAR_USE_FLAG>1</NSF_PAR_USE_FLAG>
<FUND_AGCY_CODE>4900</FUND_AGCY_CODE>
<AWDG_AGCY_CODE>4900</AWDG_AGCY_CODE>
<AwardID>2001247</AwardID>
<Investigator>
<FirstName>Oleksandr</FirstName>
<LastName>Tsymbaliuk</LastName>
<PI_MID_INIT/>
<PI_SUFX_NAME/>
<PI_FULL_NAME>Oleksandr Tsymbaliuk</PI_FULL_NAME>
<EmailAddress><![CDATA[sashikts@gmail.com]]></EmailAddress>
<NSF_ID>000679257</NSF_ID>
<StartDate>04/13/2020</StartDate>
<EndDate/>
<RoleCode>Principal Investigator</RoleCode>
</Investigator>
<Institution>
<Name><![CDATA[Yale University]]></Name>
<CityName>NEW HAVEN</CityName>
<ZipCode>065113572</ZipCode>
<PhoneNumber>2037854689</PhoneNumber>
<StreetAddress><![CDATA[150 MUNSON ST]]></StreetAddress>
<StreetAddress2/>
<CountryName>United States</CountryName>
<StateName>Connecticut</StateName>
<StateCode>CT</StateCode>
<CONGRESSDISTRICT>03</CONGRESSDISTRICT>
<CONGRESS_DISTRICT_ORG>CT03</CONGRESS_DISTRICT_ORG>
<ORG_UEI_NUM>FL6GV84CKN57</ORG_UEI_NUM>
<ORG_LGL_BUS_NAME>YALE UNIV</ORG_LGL_BUS_NAME>
<ORG_PRNT_UEI_NUM>FL6GV84CKN57</ORG_PRNT_UEI_NUM>
</Institution>
<Performance_Institution>
<Name><![CDATA[Yale University]]></Name>
<CityName/>
<StateCode>CT</StateCode>
<ZipCode>065114598</ZipCode>
<StreetAddress><![CDATA[12 Hillhouse Ave]]></StreetAddress>
<CountryCode>US</CountryCode>
<CountryName>United States</CountryName>
<StateName>Connecticut</StateName>
<CountryFlag>1</CountryFlag>
<CONGRESSDISTRICT>03</CONGRESSDISTRICT>
<CONGRESS_DISTRICT_PERF>CT03</CONGRESS_DISTRICT_PERF>
</Performance_Institution>
<ProgramElement>
<Code>126400</Code>
<Text>ALGEBRA,NUMBER THEORY,AND COM</Text>
</ProgramElement>
<Appropriation>
<Code>0120</Code>
<Name>NSF RESEARCH &amp; RELATED ACTIVIT</Name>
<APP_SYMB_ID>040100</APP_SYMB_ID>
</Appropriation>
<Fund>
<Code>01002021DB</Code>
<Name><![CDATA[NSF RESEARCH & RELATED ACTIVIT]]></Name>
<FUND_SYMB_ID>040100</FUND_SYMB_ID>
</Fund>
<FUND_OBLG>2020~0</FUND_OBLG>
</Award>
</rootTag>
