<?xml version="1.0" encoding="UTF-8"?>
<rootTag>
<Award>
<AwardTitle><![CDATA[Collaborative Research: Developing New Models of Oceanic Magmatism and Source Heterogeneity Using the 8 degree 20' N Seamounts as Windows into the Sub-Ridge Mantle]]></AwardTitle>
<AGENCY>NSF</AGENCY>
<AwardEffectiveDate>05/01/2020</AwardEffectiveDate>
<AwardExpirationDate>10/31/2023</AwardExpirationDate>
<AwardTotalIntnAmount>256396.00</AwardTotalIntnAmount>
<AwardAmount>256396</AwardAmount>
<AwardInstrument>
<Value>Standard Grant</Value>
</AwardInstrument>
<Organization>
<Code>06040200</Code>
<Directorate>
<Abbreviation>GEO</Abbreviation>
<LongName>Directorate For Geosciences</LongName>
</Directorate>
<Division>
<Abbreviation>OCE</Abbreviation>
<LongName>Division Of Ocean Sciences</LongName>
</Division>
</Organization>
<ProgramOfficer>
<SignBlockName>Gail Christeson</SignBlockName>
<PO_EMAI>gchriste@nsf.gov</PO_EMAI>
<PO_PHON>7032922952</PO_PHON>
</ProgramOfficer>
<AbstractNarration>Eruptions of lava form submarine volcanoes, known as seamounts, near mid-ocean ridge spreading centers. These lavas can provide important information about what Earth’s uppermost (~ 120 miles) mantle is composed of and how it melts to form the majority of Earth’s crust. At present no studies have examined long chains of seamounts adjacent to mid-ocean ridges to address these fundamental questions. In this study, we plan to analyze over 400 well located lava samples from the 8°20'N seamount chain. The chain was previously sampled and mapped in 2016 and 2018 using the submersible Alvin and autonomous vehicle Sentry. The geochemical, mineralogical, and age data to be obtained under this project will allow us to determine the origin of the magmas that feed the seamounts and nearby ridge. The data will also tell us how those magmas evolve to form oceanic lavas, and how the volcanism is related to regional tectonic processes.  The study will promote advances in the field of geochemistry, marine geology, and geodynamics. This project will provide significant mentorship and training for students at a variety of levels.  It will fully or partially support three graduate students at Florida and Boise State and will provide training for several undergraduates in geochemical techniques and interpretation, and support senior research projects. The project will also support education and diversity by funding two female scientists, one a first-generation college graduate, toward obtaining their PhDs in geochemistry. Both principal investigators are heavily involved in outreach and education at the K-12 levels in Florida and Idaho.&lt;br/&gt;&lt;br/&gt;Sparse sampling and geochemical analyses of seamounts scattered throughout the northeastern Pacific suggest the sub-ridge mantle associated with the East Pacific Rise (EPR) has far greater compositional variability then is preserved in lavas erupted on-axis. While the relative homogeneity of axial lavas has resulted in intriguing generalizations about magma differentiation and mixing processes at mid-ocean ridges (MOR), seamount studies have had a significant impact on our understanding of the source compositions for oceanic basalts, the scales of mantle heterogeneity, and mantle melting systematics at MOR. However, many of these studies have focused on dredged lavas from individual seamounts with very few combining in situ sampling and high-resolution mapping from a single chain oriented perpendicular to the ridge axis.  To fill this gap in knowledge about the sub-ridge mantle, two research cruises in 2016 and 2018 investigated the 8°20’N seamount chain that extends ~200km west of the EPR.  The 8°20’N seamount chain was unexplored and virtually unsampled before our highly successful OASIS cruises. Geophysical, observational, and preliminary geochemical data from this nearly continuous chain of volcanoes led us to unexpected discoveries about their construction and revealed extreme compositional variability in the near MOR mantle that was previously only surmised from regional seamount studies in the northeast Pacific. The location, orientation, and preliminary data from the 8°20'N seamount chain make it an ideal a natural laboratory to investigate source heterogeneity and melting systematics in the near-ridge mantle. We propose to study the petrologic processes and mantle sources feeding MOR and near-axis volcanoes though comprehensive geochemical analyses of lavas and melt inclusions from the 8°20’N seamounts. Site-specific sampling using HOV Alvin and extensive, fine-scale mapping with AUV Sentry along the seamount chain, coupled with our previous comprehensive investigations of the 8°- 10°N EPR provide an exceptional opportunity to constrain geodynamic and geochemical models of mantle melting near MOR and determine the extent and length scales of mantle heterogeneity. We propose to collect a wide spectrum of petrologic and geochemical data including Sr, Nd, Pb, and Os isotopes, melt inclusion compositions, volatile contents, and 40Ar/39Ar age dates of lavas from the extensive collection of samples we have from the 8°20’N seamount chain. These results will be combined with numerical models to produce a petrologic model of mantle melting and magmatic processes in the near-ridge mantle. This extensive off-axis seamount chain provides a rare opportunity to probe the compositions of the mantle near MOR and to understand how magmas are spatially and temporally distributed in the shallow mantle and crust. Results from this research have implications for the generation of the majority of Earth’s crust.&lt;br/&gt;&lt;br/&gt;This award reflects NSF's statutory mission and has been deemed worthy of support through evaluation using the Foundation's intellectual merit and broader impacts review criteria.</AbstractNarration>
<MinAmdLetterDate>04/27/2020</MinAmdLetterDate>
<MaxAmdLetterDate>08/22/2022</MaxAmdLetterDate>
<ARRAAmount/>
<TRAN_TYPE>Grant</TRAN_TYPE>
<CFDA_NUM>47.050</CFDA_NUM>
<NSF_PAR_USE_FLAG>1</NSF_PAR_USE_FLAG>
<FUND_AGCY_CODE>4900</FUND_AGCY_CODE>
<AWDG_AGCY_CODE>4900</AWDG_AGCY_CODE>
<AwardID>2001314</AwardID>
<Investigator>
<FirstName>Stephen</FirstName>
<LastName>Elardo</LastName>
<PI_MID_INIT>M</PI_MID_INIT>
<PI_SUFX_NAME/>
<PI_FULL_NAME>Stephen M Elardo</PI_FULL_NAME>
<EmailAddress><![CDATA[selardo@ufl.edu]]></EmailAddress>
<NSF_ID>000796495</NSF_ID>
<StartDate>08/22/2022</StartDate>
<EndDate/>
<RoleCode>Principal Investigator</RoleCode>
</Investigator>
<Investigator>
<FirstName>Michael</FirstName>
<LastName>Perfit</LastName>
<PI_MID_INIT>R</PI_MID_INIT>
<PI_SUFX_NAME/>
<PI_FULL_NAME>Michael R Perfit</PI_FULL_NAME>
<EmailAddress><![CDATA[mperfit@ufl.edu]]></EmailAddress>
<NSF_ID>000177728</NSF_ID>
<StartDate>04/27/2020</StartDate>
<EndDate>08/22/2022</EndDate>
<RoleCode>Former Principal Investigator</RoleCode>
</Investigator>
<Institution>
<Name><![CDATA[University of Florida]]></Name>
<CityName>GAINESVILLE</CityName>
<ZipCode>326111941</ZipCode>
<PhoneNumber>3523923516</PhoneNumber>
<StreetAddress><![CDATA[1523 UNION RD RM 207]]></StreetAddress>
<StreetAddress2/>
<CountryName>United States</CountryName>
<StateName>Florida</StateName>
<StateCode>FL</StateCode>
<CONGRESSDISTRICT>03</CONGRESSDISTRICT>
<CONGRESS_DISTRICT_ORG>FL03</CONGRESS_DISTRICT_ORG>
<ORG_UEI_NUM>NNFQH1JAPEP3</ORG_UEI_NUM>
<ORG_LGL_BUS_NAME>UNIVERSITY OF FLORIDA</ORG_LGL_BUS_NAME>
<ORG_PRNT_UEI_NUM/>
</Institution>
<Performance_Institution>
<Name><![CDATA[University of Florida]]></Name>
<CityName>Gainesville</CityName>
<StateCode>FL</StateCode>
<ZipCode>326112120</ZipCode>
<StreetAddress><![CDATA[Geological Sciences]]></StreetAddress>
<CountryCode>US</CountryCode>
<CountryName>United States</CountryName>
<StateName>Florida</StateName>
<CountryFlag>1</CountryFlag>
<CONGRESSDISTRICT>03</CONGRESSDISTRICT>
<CONGRESS_DISTRICT_PERF>FL03</CONGRESS_DISTRICT_PERF>
</Performance_Institution>
<ProgramElement>
<Code>162000</Code>
<Text>Marine Geology and Geophysics</Text>
</ProgramElement>
<ProgramReference>
<Code>1319</Code>
<Text>RIDGE INTERDISC GLOBAL EXPERIMENTS</Text>
</ProgramReference>
<ProgramReference>
<Code>1620</Code>
<Text>MARINE GEOLOGY AND GEOPHYSICS</Text>
</ProgramReference>
<Appropriation>
<Code>0120</Code>
<Name>NSF RESEARCH &amp; RELATED ACTIVIT</Name>
<APP_SYMB_ID>040100</APP_SYMB_ID>
</Appropriation>
<Fund>
<Code>01002021DB</Code>
<Name><![CDATA[NSF RESEARCH & RELATED ACTIVIT]]></Name>
<FUND_SYMB_ID>040100</FUND_SYMB_ID>
</Fund>
<FUND_OBLG>2020~256396</FUND_OBLG>
<POR>
<DRECONTENT><![CDATA[<div class="porColContainerWBG"> <div class="porContentCol"><p>Lavas erupted at seamounts near mid-ocean ridges provide key information about the composition and dynamics of Earth&rsquo;s upper mantle. Until this study of the 8 degree 20 minute North seamounts, no previous studies have examined in detail such a long linear chain of seamounts adjacent to the East Pacific Rise.&nbsp;</p> <p>&nbsp;</p> <p>The&nbsp;8&deg;20' N seamounts were sampled (328 basalts) by the submersible Alvin and mapped with the autonomous vehicle (Sentry). Geochemical analyses of the basalts coupled with spatial and morphological data show the seamounts are comprised of mid-ocean ridge basalts (MORB) with a large range in chemical composition - even over very small distances of eruption. Geochemical modeling indicates the extreme geochemical variability is consistent with variable amounts of melting of a remarkably heterogeneous mantle even as close as 22 km from the ridge axis.&nbsp;</p> <p>Radiometric dating (<sup>40</sup>Ar/<sup>39</sup>Ar) of the seamount lavas substantiates that relatively young volcanism has occurred up to 90 km off-axis with&nbsp;eruption ages up to ~1.6 Ma younger than the underlying oceanic crust.&nbsp;Lavas erupted farther from the East Pacific Rise are increasingly more heterogeneous but no systematic compositional differences with age of eruption or distance from the ridge were found.&nbsp;However an overall increase in geochemical heterogeneity with eruption distance may reflect the diminishing effect of sub-ridge melt focusing as the lithosphere thickens and is metasomatized. The range of geochemically distinct lavas erupted at given distances from the ridge highlights the dynamic nature of the near-ridge magmatic environment over Myr timescales.&nbsp;The 8&deg;20&rsquo; N seamount chain formed from sporadic and prolonged magmatism related to major structural and tectonic events related to the Siquieros fault zone.&nbsp;</p> <p>&nbsp;&nbsp;&nbsp;&nbsp;&nbsp;&nbsp;&nbsp;&nbsp;&nbsp;&nbsp;&nbsp;&nbsp;The results of the laboratory research supported by this grant were generated and interpreted by Molly Anderson and Peng Jiang, both of whom obtained their PhD&rsquo;s at the University of Florida. Denali Kincaid, a UF undergraduate, also was trained and utilized data from this project for her Honors Senior Thesis. All three of these students gave presentations to grade and middle school student at various schools in Florida.</p> <p>&nbsp;</p><br> <p>  Last Modified: 03/04/2024<br> Modified by: Stephen&nbsp;M&nbsp;Elardo</p></div> <div class="porSideCol" ><div class="each-gallery"> <div class="galContent" id="gallery0"> <div class="photoCount" id="photoCount0">          Images (<span id="selectedPhoto0">1</span> of <span class="totalNumber"></span>)          </div> <div class="galControls onePhoto" id="controls0"></div> <div class="galSlideshow" id="slideshow0"></div> <div class="galEmbox" id="embox"> <div class="image-title"></div> </div> </div> <div class="galNavigation" id="navigation0"> <ul class="thumbs" id="thumbs0"> <li> <a href="/por/images/Reports/POR/2024/2001314/2001314_10666358_1709579396631_Melting_model_Anderson_et_al._2023--rgov-214x142.png" original="/por/images/Reports/POR/2024/2001314/2001314_10666358_1709579396631_Melting_model_Anderson_et_al._2023--rgov-800width.png" title="Melting model of the 8 degree 20 minute seamounts"><img src="/por/images/Reports/POR/2024/2001314/2001314_10666358_1709579396631_Melting_model_Anderson_et_al._2023--rgov-66x44.png" alt="Melting model of the 8 degree 20 minute seamounts"></a> <div class="imageCaptionContainer"> <div class="imageCaption">Conceptual model of seamount formation for melting a heterogeneous mantle (modified from Anderson et al. (2021). Colors of the seafloor bathymetry of the chain of seamounts on the surface reflect compositions found along the seamounts (EMORB = basalts, NMORB are normal, DMORB=depleted )</div> <div class="imageCredit">Anderson et al. 2023</div> <div class="imagePermisssions">Copyrighted</div> <div class="imageSubmitted">Stephen&nbsp;M&nbsp;Elardo <div class="imageTitle">Melting model of the 8 degree 20 minute seamounts</div> </div> </li><li> <a href="/por/images/Reports/POR/2024/2001314/2001314_10666358_1709572725085_Seamount_closeup_Anderson_2023--rgov-214x142.png" original="/por/images/Reports/POR/2024/2001314/2001314_10666358_1709572725085_Seamount_closeup_Anderson_2023--rgov-800width.png" title="Sample types and locations of 8 20' seamounts"><img src="/por/images/Reports/POR/2024/2001314/2001314_10666358_1709572725085_Seamount_closeup_Anderson_2023--rgov-66x44.png" alt="Sample types and locations of 8 20' seamounts"></a> <div class="imageCaptionContainer"> <div class="imageCaption">Bathymetric map of the ~200 km-long 8&#730;20? N seamount chain collected during November 2016 on the R/V Atlantis OASIS AT37-05 cruise. Seamount names and the locations of the ~300 basalt samples studied (colored diamonds) are shown.</div> <div class="imageCredit">Anderson et al. 2023</div> <div class="imagePermisssions">Copyrighted</div> <div class="imageSubmitted">Stephen&nbsp;M&nbsp;Elardo <div class="imageTitle">Sample types and locations of 8 20' seamounts</div> </div> </li></ul> </div> </div></div> </div>]]></DRECONTENT>
<POR_COPY_TXT><![CDATA[  Lavas erupted at seamounts near mid-ocean ridges provide key information about the composition and dynamics of Earths upper mantle. Until this study of the 8 degree 20 minute North seamounts, no previous studies have examined in detail such a long linear chain of seamounts adjacent to the East Pacific Rise.      The820' N seamounts were sampled (328 basalts) by the submersible Alvin and mapped with the autonomous vehicle (Sentry). Geochemical analyses of the basalts coupled with spatial and morphological data show the seamounts are comprised of mid-ocean ridge basalts (MORB) with a large range in chemical composition - even over very small distances of eruption. Geochemical modeling indicates the extreme geochemical variability is consistent with variable amounts of melting of a remarkably heterogeneous mantle even as close as 22 km from the ridge axis.   Radiometric dating (40Ar/39Ar) of the seamount lavas substantiates that relatively young volcanism has occurred up to 90 km off-axis witheruption ages up to ~1.6 Ma younger than the underlying oceanic crust.Lavas erupted farther from the East Pacific Rise are increasingly more heterogeneous but no systematic compositional differences with age of eruption or distance from the ridge were found.However an overall increase in geochemical heterogeneity with eruption distance may reflect the diminishing effect of sub-ridge melt focusing as the lithosphere thickens and is metasomatized. The range of geochemically distinct lavas erupted at given distances from the ridge highlights the dynamic nature of the near-ridge magmatic environment over Myr timescales.The 820 N seamount chain formed from sporadic and prolonged magmatism related to major structural and tectonic events related to the Siquieros fault zone.   The results of the laboratory research supported by this grant were generated and interpreted by Molly Anderson and Peng Jiang, both of whom obtained their PhDs at the University of Florida. Denali Kincaid, a UF undergraduate, also was trained and utilized data from this project for her Honors Senior Thesis. All three of these students gave presentations to grade and middle school student at various schools in Florida.        Last Modified: 03/04/2024       Submitted by: StephenMElardo]]></POR_COPY_TXT>
</POR>
</Award>
</rootTag>
