<?xml version="1.0" encoding="UTF-8"?>
<rootTag>
<Award>
<AwardTitle><![CDATA[Quantizations and Double Affine Representation Theory]]></AwardTitle>
<AGENCY>NSF</AGENCY>
<AwardEffectiveDate>06/01/2020</AwardEffectiveDate>
<AwardExpirationDate>05/31/2025</AwardExpirationDate>
<AwardTotalIntnAmount>560000.00</AwardTotalIntnAmount>
<AwardAmount>560000</AwardAmount>
<AwardInstrument>
<Value>Continuing Grant</Value>
</AwardInstrument>
<Organization>
<Code>03040000</Code>
<Directorate>
<Abbreviation>MPS</Abbreviation>
<LongName>Direct For Mathematical &amp; Physical Scien</LongName>
</Directorate>
<Division>
<Abbreviation>DMS</Abbreviation>
<LongName>Division Of Mathematical Sciences</LongName>
</Division>
</Organization>
<ProgramOfficer>
<SignBlockName>James Matthew Douglass</SignBlockName>
<PO_EMAI>mdouglas@nsf.gov</PO_EMAI>
<PO_PHON>7032922467</PO_PHON>
</ProgramOfficer>
<AbstractNarration>Representation theory is broadly understood as a study of symmetry. More precisely, it is  a study of ways for a given algebraic object to be realized concretely via linear symmetries. Quantization means a passage from Classical Physics to Quantum Physics. An interplay between Representation theory and Quantization has been, and still is, of enormous importance for both mathematics and physics. This is a project to both solve some long-tanding classical problems at the interface of Representation theory and Quantization and to uncover and study a new kind of "double affine" symmetry. The principal goals are to fully describe special kinds of symmetries arising from Quantization and determine their crucial numerical characteristics. This project provides research training opportunities for graduate students. &lt;br/&gt;&lt;br/&gt;This project consists of two parts. The first part centers around the Orbit method, an idea going back to Kirillov in the 1960's, that suggests that interesting representations should be constructed from geometric data related to suitable group actions. The PI plans to classify quantizations of equivariant covers of nilpotent orbits in classical Lie algebras and use this classification to solve several important problems in Lie representation theory. The PI also plans to classify certain interesting Harish-Chandra modules. The second part concentrates on the study of the representation theory of double affine type including that of the rational Cherednik algebras over fields of large positive characteristic and of quantum affine algebras of type A. The primary goal of this part of the project is to obtain character formulas for the corresponding categories.&lt;br/&gt;&lt;br/&gt;This award reflects NSF's statutory mission and has been deemed worthy of support through evaluation using the Foundation's intellectual merit and broader impacts review criteria.</AbstractNarration>
<MinAmdLetterDate>04/06/2020</MinAmdLetterDate>
<MaxAmdLetterDate>04/19/2024</MaxAmdLetterDate>
<ARRAAmount/>
<TRAN_TYPE>Grant</TRAN_TYPE>
<CFDA_NUM>47.049</CFDA_NUM>
<NSF_PAR_USE_FLAG>1</NSF_PAR_USE_FLAG>
<FUND_AGCY_CODE>4900</FUND_AGCY_CODE>
<AWDG_AGCY_CODE>4900</AWDG_AGCY_CODE>
<AwardID>2001139</AwardID>
<Investigator>
<FirstName>Ivan</FirstName>
<LastName>Loseu</LastName>
<PI_MID_INIT/>
<PI_SUFX_NAME/>
<PI_FULL_NAME>Ivan Loseu</PI_FULL_NAME>
<EmailAddress><![CDATA[ivan.loseu@yale.edu]]></EmailAddress>
<NSF_ID>000512621</NSF_ID>
<StartDate>04/06/2020</StartDate>
<EndDate/>
<RoleCode>Principal Investigator</RoleCode>
</Investigator>
<Institution>
<Name><![CDATA[Yale University]]></Name>
<CityName>NEW HAVEN</CityName>
<ZipCode>065113572</ZipCode>
<PhoneNumber>2037854689</PhoneNumber>
<StreetAddress><![CDATA[150 MUNSON ST]]></StreetAddress>
<StreetAddress2/>
<CountryName>United States</CountryName>
<StateName>Connecticut</StateName>
<StateCode>CT</StateCode>
<CONGRESSDISTRICT>03</CONGRESSDISTRICT>
<CONGRESS_DISTRICT_ORG>CT03</CONGRESS_DISTRICT_ORG>
<ORG_UEI_NUM>FL6GV84CKN57</ORG_UEI_NUM>
<ORG_LGL_BUS_NAME>YALE UNIV</ORG_LGL_BUS_NAME>
<ORG_PRNT_UEI_NUM>FL6GV84CKN57</ORG_PRNT_UEI_NUM>
</Institution>
<Performance_Institution>
<Name><![CDATA[Yale University]]></Name>
<CityName>New Haven</CityName>
<StateCode>CT</StateCode>
<ZipCode>065116810</ZipCode>
<StreetAddress><![CDATA[10 Hillhouse Avenue]]></StreetAddress>
<CountryCode>US</CountryCode>
<CountryName>United States</CountryName>
<StateName>Connecticut</StateName>
<CountryFlag>1</CountryFlag>
<CONGRESSDISTRICT>03</CONGRESSDISTRICT>
<CONGRESS_DISTRICT_PERF>CT03</CONGRESS_DISTRICT_PERF>
</Performance_Institution>
<ProgramElement>
<Code>126400</Code>
<Text>ALGEBRA,NUMBER THEORY,AND COM</Text>
</ProgramElement>
<Appropriation>
<Code/>
<Name/>
<APP_SYMB_ID/>
</Appropriation>
<Appropriation>
<Code/>
<Name/>
<APP_SYMB_ID/>
</Appropriation>
<Appropriation>
<Code/>
<Name/>
<APP_SYMB_ID/>
</Appropriation>
<Appropriation>
<Code/>
<Name/>
<APP_SYMB_ID/>
</Appropriation>
<Appropriation>
<Code/>
<Name/>
<APP_SYMB_ID/>
</Appropriation>
<Fund>
<Code>01002021DB</Code>
<Name><![CDATA[NSF RESEARCH & RELATED ACTIVIT]]></Name>
<FUND_SYMB_ID>040100</FUND_SYMB_ID>
</Fund>
<Fund>
<Code>01002324DB</Code>
<Name><![CDATA[NSF RESEARCH & RELATED ACTIVIT]]></Name>
<FUND_SYMB_ID>040100</FUND_SYMB_ID>
</Fund>
<Fund>
<Code>01002122DB</Code>
<Name><![CDATA[NSF RESEARCH & RELATED ACTIVIT]]></Name>
<FUND_SYMB_ID>040100</FUND_SYMB_ID>
</Fund>
<Fund>
<Code>01002223DB</Code>
<Name><![CDATA[NSF RESEARCH & RELATED ACTIVIT]]></Name>
<FUND_SYMB_ID>040100</FUND_SYMB_ID>
</Fund>
<Fund>
<Code>01002425DB</Code>
<Name><![CDATA[NSF RESEARCH & RELATED ACTIVIT]]></Name>
<FUND_SYMB_ID>040100</FUND_SYMB_ID>
</Fund>
<FUND_OBLG>2020~152138</FUND_OBLG>
<FUND_OBLG>2021~89502</FUND_OBLG>
<FUND_OBLG>2022~89502</FUND_OBLG>
<FUND_OBLG>2023~114429</FUND_OBLG>
<FUND_OBLG>2024~114429</FUND_OBLG>
</Award>
</rootTag>
