<?xml version="1.0" encoding="UTF-8"?>
<rootTag>
<Award>
<AwardTitle><![CDATA[International Science Council's global sustainability science activities]]></AwardTitle>
<AGENCY>NSF</AGENCY>
<AwardEffectiveDate>06/01/2023</AwardEffectiveDate>
<AwardExpirationDate>05/31/2028</AwardExpirationDate>
<AwardTotalIntnAmount>1900000.00</AwardTotalIntnAmount>
<AwardAmount>1140900</AwardAmount>
<AwardInstrument>
<Value>Continuing Grant</Value>
</AwardInstrument>
<Organization>
<Code>06010000</Code>
<Directorate>
<Abbreviation>GEO</Abbreviation>
<LongName>Directorate For Geosciences</LongName>
</Directorate>
<Division>
<Abbreviation>RISE</Abbreviation>
<LongName>Div of Res, Innovation, Synergies, &amp; Edu</LongName>
</Division>
</Organization>
<ProgramOfficer>
<SignBlockName>Maria Uhle</SignBlockName>
<PO_EMAI>muhle@nsf.gov</PO_EMAI>
<PO_PHON>7032922250</PO_PHON>
</ProgramOfficer>
<AbstractNarration>This award provides support for several international activities directed by the International Council for Science that are closely aligned with the strategic goals of the US Global Change Research Program (USGCRP) outlined in the Global Change Research Act (GCRA) of 1990 (P.L. 101 – 606) and of NSF's program in global environmental change and sustainability science.  This award will help support US leadership in international science activities and to enable collaborations that are mutually beneficial for US science and international partners in areas of global strategic importance. The award supports network building, workshops, meetings, and synthesis reports around three primary areas where sustainability science can play a critical role in solving challenges - 1) cascading and systemic risks, (2) social transformations, and (3) machine learning and artificial intelligence for risk-informed development.  &lt;br/&gt;&lt;br/&gt;These activities will principally focus on developing integrated scientific agendas in sustainability research, synthesize research findings to increase their impact, create opportunities to engage early career researchers, and extend and deepen networks with stakeholders in policy, business and civil society. This award will strengthen coordination, provide critical knowledge, and identify trade-offs, barriers, and knowledge gaps to maximize the contribution of science to these challenges.&lt;br/&gt;&lt;br/&gt;This award reflects NSF's statutory mission and has been deemed worthy of support through evaluation using the Foundation's intellectual merit and broader impacts review criteria.</AbstractNarration>
<MinAmdLetterDate>05/26/2023</MinAmdLetterDate>
<MaxAmdLetterDate>08/23/2024</MaxAmdLetterDate>
<ARRAAmount/>
<TRAN_TYPE>Grant</TRAN_TYPE>
<CFDA_NUM>47.050</CFDA_NUM>
<NSF_PAR_USE_FLAG>1</NSF_PAR_USE_FLAG>
<FUND_AGCY_CODE>4900</FUND_AGCY_CODE>
<AWDG_AGCY_CODE>4900</AWDG_AGCY_CODE>
<AwardID>2001326</AwardID>
<Investigator>
<FirstName>Salvatore</FirstName>
<LastName>Arico</LastName>
<PI_MID_INIT/>
<PI_SUFX_NAME/>
<PI_FULL_NAME>Salvatore Arico</PI_FULL_NAME>
<EmailAddress><![CDATA[salvatore.arico@council.science]]></EmailAddress>
<NSF_ID>000679910</NSF_ID>
<StartDate>05/26/2023</StartDate>
<EndDate>06/08/2023</EndDate>
<RoleCode>Former Principal Investigator</RoleCode>
</Investigator>
<Investigator>
<FirstName>Mathieu</FirstName>
<LastName>Denis</LastName>
<PI_MID_INIT/>
<PI_SUFX_NAME/>
<PI_FULL_NAME>Mathieu Denis</PI_FULL_NAME>
<EmailAddress><![CDATA[mathieu.denis@council.science]]></EmailAddress>
<NSF_ID>000889570</NSF_ID>
<StartDate>06/08/2023</StartDate>
<EndDate>07/16/2024</EndDate>
<RoleCode>Former Principal Investigator</RoleCode>
</Investigator>
<Investigator>
<FirstName>Vanessa</FirstName>
<LastName>McBride</LastName>
<PI_MID_INIT/>
<PI_SUFX_NAME/>
<PI_FULL_NAME>Vanessa McBride</PI_FULL_NAME>
<EmailAddress><![CDATA[vanessa.mcbride@council.science]]></EmailAddress>
<NSF_ID>0000A01FW</NSF_ID>
<StartDate>07/16/2024</StartDate>
<EndDate/>
<RoleCode>Principal Investigator</RoleCode>
</Investigator>
<Institution>
<Name><![CDATA[International Science Council]]></Name>
<CityName>PARIS</CityName>
<ZipCode>75116</ZipCode>
<PhoneNumber>0630487796</PhoneNumber>
<StreetAddress><![CDATA[5 RUE AUGUSTE VACQUERIE]]></StreetAddress>
<StreetAddress2/>
<CountryName>France</CountryName>
<StateName/>
<StateCode/>
<CONGRESSDISTRICT>30</CONGRESSDISTRICT>
<CONGRESS_DISTRICT_ORG>"30</CONGRESS_DISTRICT_ORG>
<ORG_UEI_NUM>KLHRQ5K4GE35</ORG_UEI_NUM>
<ORG_LGL_BUS_NAME>INTERNATIONAL SCIENCE COUNCIL</ORG_LGL_BUS_NAME>
<ORG_PRNT_UEI_NUM/>
</Institution>
<Performance_Institution>
<Name><![CDATA[International Science Council]]></Name>
<CityName>Paris</CityName>
<StateCode/>
<ZipCode>75016</ZipCode>
<StreetAddress><![CDATA[5 Rue Auguste Vacquerie]]></StreetAddress>
<CountryCode>FR</CountryCode>
<CountryName>France</CountryName>
<StateName>RI REQUIRED</StateName>
<CountryFlag>0</CountryFlag>
<CONGRESSDISTRICT>33</CONGRESSDISTRICT>
<CONGRESS_DISTRICT_PERF>"33</CONGRESS_DISTRICT_PERF>
</Performance_Institution>
<ProgramElement>
<Code>722200</Code>
<Text>XC-Crosscutting Activities Pro</Text>
</ProgramElement>
<ProgramElement>
<Code>731300</Code>
<Text>Intl Global Change Res &amp; Coord</Text>
</ProgramElement>
<ProgramReference>
<Code>1679</Code>
<Text>INTERNATIONAL COORDINATION ACT</Text>
</ProgramReference>
<ProgramReference>
<Code>7313</Code>
<Text>REGIONAL INST FOR GLOBAL CHANG</Text>
</ProgramReference>
<ProgramReference>
<Code>EGCH</Code>
<Text>ENVIRONMENT AND GLOBAL CHANGE</Text>
</ProgramReference>
<Appropriation>
<Code/>
<Name/>
<APP_SYMB_ID/>
</Appropriation>
<Appropriation>
<Code/>
<Name/>
<APP_SYMB_ID/>
</Appropriation>
<Fund>
<Code>01002324DB</Code>
<Name><![CDATA[NSF RESEARCH & RELATED ACTIVIT]]></Name>
<FUND_SYMB_ID>040100</FUND_SYMB_ID>
</Fund>
<Fund>
<Code>01002425DB</Code>
<Name><![CDATA[NSF RESEARCH & RELATED ACTIVIT]]></Name>
<FUND_SYMB_ID>040100</FUND_SYMB_ID>
</Fund>
<FUND_OBLG>2023~378100</FUND_OBLG>
<FUND_OBLG>2024~762800</FUND_OBLG>
</Award>
</rootTag>
