<?xml version="1.0" encoding="UTF-8"?>
<rootTag>
<Award>
<AwardTitle><![CDATA[Digitization PEN: Contribution of Digital Data from Ground-dwelling Orthopteroid Orders at American Museum of Natural History to the Symbiota Collections of Arthropods Network]]></AwardTitle>
<AGENCY>NSF</AGENCY>
<AwardEffectiveDate>09/15/2020</AwardEffectiveDate>
<AwardExpirationDate>08/31/2024</AwardExpirationDate>
<AwardTotalIntnAmount>166230.00</AwardTotalIntnAmount>
<AwardAmount>166230</AwardAmount>
<AwardInstrument>
<Value>Standard Grant</Value>
</AwardInstrument>
<Organization>
<Code>08080000</Code>
<Directorate>
<Abbreviation>BIO</Abbreviation>
<LongName>Direct For Biological Sciences</LongName>
</Directorate>
<Division>
<Abbreviation>DBI</Abbreviation>
<LongName>Div Of Biological Infrastructure</LongName>
</Division>
</Organization>
<ProgramOfficer>
<SignBlockName>Reed Beaman</SignBlockName>
<PO_EMAI>rsbeaman@nsf.gov</PO_EMAI>
<PO_PHON>7032927163</PO_PHON>
</ProgramOfficer>
<AbstractNarration>Our Earth is a dynamic, ever-changing planet of interacting species ranging from microscopic viruses and bacteria to hundred-ton whales. Just about all life on Earth exists due to intricate interactions that produce or allow for the production of food, medicine, shelter, fiber, fuel through pollination, decomposition, nutrient cycling and more. The cascading consequences of ecosystem shifts on these interactions and products can be understood by examining species distribution and diversity, as well as physical variation within and among species across a geographic range, in relation to environmental factors. Natural history collections hold such information and are a record of what happened yesterday to millions of years ago. These research collections can reveal putative reasons for past events, from which predictions about the future direction ecosystems may take and preparations for potentially volatile outcomes can be made. However, the details in these collections, some dating back 150 years or more, are often recorded on a minute slip of paper tied to a wing, tucked in the grooves of a bone or pierced with a pin underneath a collected insect. To unlock the secrets of the past for the benefit of the future, taxonomic, locality, time, and associated environmental condition collection information must be transcribed into digital form to be available for analysis. &lt;br/&gt;&lt;br/&gt;The Symbiota Collection of Arthropods Network Thematic Collection Network (SCAN TCN) has digitized specimens of select ground-dwelling insects collected from the southwestern U.S. and Mexico from 16 U.S. institutions. As a Partner to the Existing Network (PEN), the Division of Invertebrate Zoology (IZ) of the American Museum of Natural History will contribute data from 53,800 ground-dwelling roach (‘Blattaria’), earwig (Dermaptera), cricket and grasshopper (Orthoptera) specimens representing ca. 310 species in the AMNH collection. Tools such as automated image cropping and optical character recognition and help of volunteer citizen scientists are integral to this effort, an often slow and tedious process for old, handwritten labels no larger than a centimeter.  The result will be a more complete and robust understanding of species diversity and representation of current and past ecosystems and the impact of natural and anthropogenic activities. Localities will be georeferenced so specimens can be mapped in space and time, species distributions can be refined and models of distributional, ecological and diversity changes can be improved. High resolution images of exemplar males, females, alternative morphs, and AMNH holotypes for target species will aid in species identification and comparison. Additional images of earwig cerci (hind pincers) and expanded grasshopper hindwings will be available for data visualization projects. Data and images will be shared with the greater scientific community and public through AMNH’s portal, as well as with GIBF.org, iDigBio.org and SCAN.&lt;br/&gt;&lt;br/&gt;This award reflects NSF's statutory mission and has been deemed worthy of support through evaluation using the Foundation's intellectual merit and broader impacts review criteria.</AbstractNarration>
<MinAmdLetterDate>08/20/2020</MinAmdLetterDate>
<MaxAmdLetterDate>02/03/2022</MaxAmdLetterDate>
<ARRAAmount/>
<TRAN_TYPE>Grant</TRAN_TYPE>
<CFDA_NUM>47.074</CFDA_NUM>
<NSF_PAR_USE_FLAG>1</NSF_PAR_USE_FLAG>
<FUND_AGCY_CODE>4900</FUND_AGCY_CODE>
<AWDG_AGCY_CODE>4900</AWDG_AGCY_CODE>
<AwardID>2001323</AwardID>
<Investigator>
<FirstName>Christine</FirstName>
<LastName>Johnson</LastName>
<PI_MID_INIT>A</PI_MID_INIT>
<PI_SUFX_NAME/>
<PI_FULL_NAME>Christine A Johnson</PI_FULL_NAME>
<EmailAddress><![CDATA[cjohnson@amnh.org]]></EmailAddress>
<NSF_ID>000317213</NSF_ID>
<StartDate>08/20/2020</StartDate>
<EndDate/>
<RoleCode>Principal Investigator</RoleCode>
</Investigator>
<Institution>
<Name><![CDATA[American Museum Natural History]]></Name>
<CityName>NEW YORK</CityName>
<ZipCode>100245102</ZipCode>
<PhoneNumber>2127695975</PhoneNumber>
<StreetAddress><![CDATA[200 CENTRAL PARK W]]></StreetAddress>
<StreetAddress2/>
<CountryName>United States</CountryName>
<StateName>New York</StateName>
<StateCode>NY</StateCode>
<CONGRESSDISTRICT>12</CONGRESSDISTRICT>
<CONGRESS_DISTRICT_ORG>NY12</CONGRESS_DISTRICT_ORG>
<ORG_UEI_NUM>MNJDKB4FXLM6</ORG_UEI_NUM>
<ORG_LGL_BUS_NAME>THE AMERICAN MUSEUM OF NATURAL HISTORY</ORG_LGL_BUS_NAME>
<ORG_PRNT_UEI_NUM>MNJDKB4FXLM6</ORG_PRNT_UEI_NUM>
</Institution>
<Performance_Institution>
<Name><![CDATA[American Museum of Natural History]]></Name>
<CityName>New York</CityName>
<StateCode>NY</StateCode>
<ZipCode>100245000</ZipCode>
<StreetAddress><![CDATA[Central Park West at 79th Street]]></StreetAddress>
<CountryCode>US</CountryCode>
<CountryName>United States</CountryName>
<StateName>New York</StateName>
<CountryFlag>1</CountryFlag>
<CONGRESSDISTRICT>12</CONGRESSDISTRICT>
<CONGRESS_DISTRICT_PERF>NY12</CONGRESS_DISTRICT_PERF>
</Performance_Institution>
<ProgramElement>
<Code>689500</Code>
<Text>Digitization</Text>
</ProgramElement>
<ProgramReference>
<Code>6895</Code>
<Text>DIGITIZATION</Text>
</ProgramReference>
<Appropriation>
<Code>0120</Code>
<Name>NSF RESEARCH &amp; RELATED ACTIVIT</Name>
<APP_SYMB_ID>040100</APP_SYMB_ID>
</Appropriation>
<Fund>
<Code>01002021DB</Code>
<Name><![CDATA[NSF RESEARCH & RELATED ACTIVIT]]></Name>
<FUND_SYMB_ID>040100</FUND_SYMB_ID>
</Fund>
<FUND_OBLG>2020~166230</FUND_OBLG>
</Award>
</rootTag>
