<?xml version="1.0" encoding="UTF-8"?>
<rootTag>
<Award>
<AwardTitle><![CDATA[Families of L-Functions and Analytic Number Theory]]></AwardTitle>
<AGENCY>NSF</AGENCY>
<AwardEffectiveDate>09/01/2020</AwardEffectiveDate>
<AwardExpirationDate>08/31/2024</AwardExpirationDate>
<AwardTotalIntnAmount>181279.00</AwardTotalIntnAmount>
<AwardAmount>181279</AwardAmount>
<AwardInstrument>
<Value>Standard Grant</Value>
</AwardInstrument>
<Organization>
<Code>03040000</Code>
<Directorate>
<Abbreviation>MPS</Abbreviation>
<LongName>Direct For Mathematical &amp; Physical Scien</LongName>
</Directorate>
<Division>
<Abbreviation>DMS</Abbreviation>
<LongName>Division Of Mathematical Sciences</LongName>
</Division>
</Organization>
<ProgramOfficer>
<SignBlockName>Andrew Pollington</SignBlockName>
<PO_EMAI>adpollin@nsf.gov</PO_EMAI>
<PO_PHON>7032924878</PO_PHON>
</ProgramOfficer>
<AbstractNarration>This research project centers on L-functions, which are mathematical objects useful for studying a broad array of questions in number theory.  An L-function is a special kind of function that packages together information about an arithmetical object that arises from studying it modulo p for each prime p. For instance, the Riemann zeta function is the simplest example of an L-function and has proven to be indispensable in studying the distribution of the prime numbers.  Other types of L-functions are crucial for understanding if certain polynomial equations have solutions, or more generally, how many solutions there are. Often these questions are related to how large the L-function is at a special point.  Much of this project concerns the development of new tools for studying how L-functions may fit into families and using these tools to better understand individual L-functions. The investigator will continue to advise PhD students and to mentor and collaborate with undergraduate students, especially through the Texas A&amp;M Research Experience for Undergraduates.  This type of mentorship is invaluable in preparing students for graduate studies, particularly for undergraduate students from non-PhD granting institutions as well as from population groups underrepresented in STEM fields.  &lt;br/&gt;&lt;br/&gt;The project will study new families of L-functions and use them as tools for estimating L-functions on the critical line.  In particular, the work aims to develop new large sieve inequalities, which are flexible tools broadly useful in analytic problems on L-functions.  The investigator and his students will study moments of L-functions in smaller sub-families than have previously been considered. Another line of work concerns new variants on the quantum unique ergodicity problem, which connects families of L-functions to properties of automorphic forms. With his undergraduate students, the investigator will study properties of generalized Dedekind sums. The methods employed will be techniques from analytic number theory such as summation formulas, functional equations, exponential sums and integrals, and the spectral theory of automorphic forms, including the Arthur-Selberg trace formula and the relative trace formula.&lt;br/&gt;&lt;br/&gt;This award reflects NSF's statutory mission and has been deemed worthy of support through evaluation using the Foundation's intellectual merit and broader impacts review criteria.</AbstractNarration>
<MinAmdLetterDate>02/28/2020</MinAmdLetterDate>
<MaxAmdLetterDate>02/28/2020</MaxAmdLetterDate>
<ARRAAmount/>
<TRAN_TYPE>Grant</TRAN_TYPE>
<CFDA_NUM>47.049</CFDA_NUM>
<NSF_PAR_USE_FLAG>1</NSF_PAR_USE_FLAG>
<FUND_AGCY_CODE>4900</FUND_AGCY_CODE>
<AWDG_AGCY_CODE>4900</AWDG_AGCY_CODE>
<AwardID>2001306</AwardID>
<Investigator>
<FirstName>Matthew</FirstName>
<LastName>Young</LastName>
<PI_MID_INIT/>
<PI_SUFX_NAME/>
<PI_FULL_NAME>Matthew Young</PI_FULL_NAME>
<EmailAddress><![CDATA[myoung@math.tamu.edu]]></EmailAddress>
<NSF_ID>000078794</NSF_ID>
<StartDate>02/28/2020</StartDate>
<EndDate/>
<RoleCode>Principal Investigator</RoleCode>
</Investigator>
<Institution>
<Name><![CDATA[Texas A&M University]]></Name>
<CityName>COLLEGE STATION</CityName>
<ZipCode>778454375</ZipCode>
<PhoneNumber>9798626777</PhoneNumber>
<StreetAddress><![CDATA[400 HARVEY MITCHELL PKY S STE 30]]></StreetAddress>
<StreetAddress2/>
<CountryName>United States</CountryName>
<StateName>Texas</StateName>
<StateCode>TX</StateCode>
<CONGRESSDISTRICT>10</CONGRESSDISTRICT>
<CONGRESS_DISTRICT_ORG>TX10</CONGRESS_DISTRICT_ORG>
<ORG_UEI_NUM>JF6XLNB4CDJ5</ORG_UEI_NUM>
<ORG_LGL_BUS_NAME>TEXAS A &amp; M UNIVERSITY</ORG_LGL_BUS_NAME>
<ORG_PRNT_UEI_NUM/>
</Institution>
<Performance_Institution>
<Name><![CDATA[Texas A&M University Main Campus]]></Name>
<CityName>College Station</CityName>
<StateCode>TX</StateCode>
<ZipCode>778433368</ZipCode>
<StreetAddress><![CDATA[3368 TAMU]]></StreetAddress>
<CountryCode>US</CountryCode>
<CountryName>United States</CountryName>
<StateName>Texas</StateName>
<CountryFlag>1</CountryFlag>
<CONGRESSDISTRICT>10</CONGRESSDISTRICT>
<CONGRESS_DISTRICT_PERF>TX10</CONGRESS_DISTRICT_PERF>
</Performance_Institution>
<ProgramElement>
<Code>126400</Code>
<Text>ALGEBRA,NUMBER THEORY,AND COM</Text>
</ProgramElement>
<Appropriation>
<Code>0120</Code>
<Name>NSF RESEARCH &amp; RELATED ACTIVIT</Name>
<APP_SYMB_ID>040100</APP_SYMB_ID>
</Appropriation>
<Fund>
<Code>01002021DB</Code>
<Name><![CDATA[NSF RESEARCH & RELATED ACTIVIT]]></Name>
<FUND_SYMB_ID>040100</FUND_SYMB_ID>
</Fund>
<FUND_OBLG>2020~181279</FUND_OBLG>
</Award>
</rootTag>
