<?xml version="1.0" encoding="UTF-8"?>
<rootTag>
<Award>
<AwardTitle><![CDATA[Analytic Number Theory Motivated by Approximate Translation Invariance]]></AwardTitle>
<AGENCY>NSF</AGENCY>
<AwardEffectiveDate>06/01/2020</AwardEffectiveDate>
<AwardExpirationDate>05/31/2025</AwardExpirationDate>
<AwardTotalIntnAmount>500000.00</AwardTotalIntnAmount>
<AwardAmount>500000</AwardAmount>
<AwardInstrument>
<Value>Continuing Grant</Value>
</AwardInstrument>
<Organization>
<Code>03040000</Code>
<Directorate>
<Abbreviation>MPS</Abbreviation>
<LongName>Direct For Mathematical &amp; Physical Scien</LongName>
</Directorate>
<Division>
<Abbreviation>DMS</Abbreviation>
<LongName>Division Of Mathematical Sciences</LongName>
</Division>
</Organization>
<ProgramOfficer>
<SignBlockName>Andrew Pollington</SignBlockName>
<PO_EMAI>adpollin@nsf.gov</PO_EMAI>
<PO_PHON>7032924878</PO_PHON>
</ProgramOfficer>
<AbstractNarration>Exponential sums are Fourier series encoding arithmetic information. Pointwise bounds and mean values of such sums play a fundamental role throughout analytic number theory, and contribute the primary tool for testing equidistribution (apparent ``randomness'') of sequences underpinning many applications of number theory in theoretical computer science, cryptography, and so on. Until the last decade, despite almost a century of intense effort starting with the introduction by Hardy and Littlewood of their famous circle method, the main conjectures concerning mean values of exponential sums over polynomials remained unsolved in all but the very simplest cases involving linear and quadratic polynomials. A decade of dramatic progress has culminated in the last five years with the proof of the most ambitious conjectures concerning a central example of such mean value conjectures, that associated with Vinogradov's mean value theorem, on the one hand by Bourgain, Demeter and Guth via decoupling, and on the other by the proposer by means of nested efficient congruencing. In this project, the principal investigator will enhance, extend and exploit these very recent methods so as to obtain similarly decisive progress in an array of mean value conjectures having applications in quantitative arithmetic geometry and the wider theory of the Hardy-Littlewood method. This will contribute to the resolution of the main conjectures for translation-dilation invariant systems in many variables in full generality, including analogues of such conjectures involving mean values averaged over sets of small measure, beyond the reach of current technology. A graduate student will be trained in this important emerging area, and the proposer will work on a new text intended to provide an introduction to efficient congruencing for translation-dilation invariant systems as a vehicle for introducing modern developments in the circle method over the rational integers, number fields and function fields.&lt;br/&gt;&lt;br/&gt;&lt;br/&gt;Very recent advances in the understanding of mean values of exponential sums have delivered the Main Conjecture for Vinogradov's mean value. By orthogonality, this mean value is associated with a translation-dilation invariant Diophantine system. Despite this success, neither the decoupling method nor the nested efficient congruencing method currently address any but embryonic multivariable translation-dilation invariant systems. Moreover, they do not address corresponding mean values supported on subsets of the unit hypercube, and thus fail to provide useful estimates for either minor arcs or wide sets of major arcs of use in the Hardy-Littlewood method. This project will make decisive progress on this comprehensive theory, delivering the main conjectures concerning mean values of exponential sums associated not only with general translation-dilation invariant Diophantine systems, but also systems possessing only partial or approximate translation-dilation invariant structure. This will all be done in the quite general setting of number fields and function fields by adapting the proposer’s nested efficient congruencing methods. This flexible set of methods permits congruence information to be passed from one set of variables to another in multi-homogeneous settings, and this may be achieved even when working on restricted domains of integration. Amongst applications of these new estimates, the principal investigator will establish local-global principles for the existence of rational curves with rational coefficients on hypersurfaces possessing some measure of diagonal structure via the Hardy-Littlewood method.&lt;br/&gt;&lt;br/&gt;This award reflects NSF's statutory mission and has been deemed worthy of support through evaluation using the Foundation's intellectual merit and broader impacts review criteria.</AbstractNarration>
<MinAmdLetterDate>03/30/2020</MinAmdLetterDate>
<MaxAmdLetterDate>05/24/2024</MaxAmdLetterDate>
<ARRAAmount/>
<TRAN_TYPE>Grant</TRAN_TYPE>
<CFDA_NUM>47.049</CFDA_NUM>
<NSF_PAR_USE_FLAG>1</NSF_PAR_USE_FLAG>
<FUND_AGCY_CODE>4900</FUND_AGCY_CODE>
<AWDG_AGCY_CODE>4900</AWDG_AGCY_CODE>
<AwardID>2001549</AwardID>
<Investigator>
<FirstName>Trevor</FirstName>
<LastName>Wooley</LastName>
<PI_MID_INIT>D</PI_MID_INIT>
<PI_SUFX_NAME/>
<PI_FULL_NAME>Trevor D Wooley</PI_FULL_NAME>
<EmailAddress><![CDATA[twooley@purdue.edu]]></EmailAddress>
<NSF_ID>000189621</NSF_ID>
<StartDate>03/30/2020</StartDate>
<EndDate/>
<RoleCode>Principal Investigator</RoleCode>
</Investigator>
<Institution>
<Name><![CDATA[Purdue University]]></Name>
<CityName>WEST LAFAYETTE</CityName>
<ZipCode>479061332</ZipCode>
<PhoneNumber>7654941055</PhoneNumber>
<StreetAddress><![CDATA[2550 NORTHWESTERN AVE # 1100]]></StreetAddress>
<StreetAddress2/>
<CountryName>United States</CountryName>
<StateName>Indiana</StateName>
<StateCode>IN</StateCode>
<CONGRESSDISTRICT>04</CONGRESSDISTRICT>
<CONGRESS_DISTRICT_ORG>IN04</CONGRESS_DISTRICT_ORG>
<ORG_UEI_NUM>YRXVL4JYCEF5</ORG_UEI_NUM>
<ORG_LGL_BUS_NAME>PURDUE UNIVERSITY</ORG_LGL_BUS_NAME>
<ORG_PRNT_UEI_NUM>YRXVL4JYCEF5</ORG_PRNT_UEI_NUM>
</Institution>
<Performance_Institution>
<Name><![CDATA[Purdue University]]></Name>
<CityName>West Lafayette</CityName>
<StateCode>IN</StateCode>
<ZipCode>479072067</ZipCode>
<StreetAddress><![CDATA[150 N. University Street]]></StreetAddress>
<CountryCode>US</CountryCode>
<CountryName>United States</CountryName>
<StateName>Indiana</StateName>
<CountryFlag>1</CountryFlag>
<CONGRESSDISTRICT>04</CONGRESSDISTRICT>
<CONGRESS_DISTRICT_PERF>IN04</CONGRESS_DISTRICT_PERF>
</Performance_Institution>
<ProgramElement>
<Code>126400</Code>
<Text>ALGEBRA,NUMBER THEORY,AND COM</Text>
</ProgramElement>
<Appropriation>
<Code/>
<Name/>
<APP_SYMB_ID/>
</Appropriation>
<Appropriation>
<Code/>
<Name/>
<APP_SYMB_ID/>
</Appropriation>
<Appropriation>
<Code/>
<Name/>
<APP_SYMB_ID/>
</Appropriation>
<Appropriation>
<Code/>
<Name/>
<APP_SYMB_ID/>
</Appropriation>
<Appropriation>
<Code/>
<Name/>
<APP_SYMB_ID/>
</Appropriation>
<Fund>
<Code>01002223DB</Code>
<Name><![CDATA[NSF RESEARCH & RELATED ACTIVIT]]></Name>
<FUND_SYMB_ID>040100</FUND_SYMB_ID>
</Fund>
<Fund>
<Code>01002122DB</Code>
<Name><![CDATA[NSF RESEARCH & RELATED ACTIVIT]]></Name>
<FUND_SYMB_ID>040100</FUND_SYMB_ID>
</Fund>
<Fund>
<Code>01002425DB</Code>
<Name><![CDATA[NSF RESEARCH & RELATED ACTIVIT]]></Name>
<FUND_SYMB_ID>040100</FUND_SYMB_ID>
</Fund>
<Fund>
<Code>01002021DB</Code>
<Name><![CDATA[NSF RESEARCH & RELATED ACTIVIT]]></Name>
<FUND_SYMB_ID>040100</FUND_SYMB_ID>
</Fund>
<Fund>
<Code>01002324DB</Code>
<Name><![CDATA[NSF RESEARCH & RELATED ACTIVIT]]></Name>
<FUND_SYMB_ID>040100</FUND_SYMB_ID>
</Fund>
<FUND_OBLG>2020~282215</FUND_OBLG>
<FUND_OBLG>2021~55518</FUND_OBLG>
<FUND_OBLG>2022~54845</FUND_OBLG>
<FUND_OBLG>2023~54160</FUND_OBLG>
<FUND_OBLG>2024~53262</FUND_OBLG>
</Award>
</rootTag>
