<?xml version="1.0" encoding="UTF-8"?>
<rootTag>
<Award>
<AwardTitle><![CDATA[Collaborative Research: Assessing the role of compound-specific phosphorus hydrolase transformations in the marine phosphorus cycle]]></AwardTitle>
<AGENCY>NSF</AGENCY>
<AwardEffectiveDate>09/01/2019</AwardEffectiveDate>
<AwardExpirationDate>08/31/2022</AwardExpirationDate>
<AwardTotalIntnAmount>499786.00</AwardTotalIntnAmount>
<AwardAmount>499786</AwardAmount>
<AwardInstrument>
<Value>Standard Grant</Value>
</AwardInstrument>
<Organization>
<Code>06040300</Code>
<Directorate>
<Abbreviation>GEO</Abbreviation>
<LongName>Directorate For Geosciences</LongName>
</Directorate>
<Division>
<Abbreviation>OCE</Abbreviation>
<LongName>Division Of Ocean Sciences</LongName>
</Division>
</Organization>
<ProgramOfficer>
<SignBlockName>Henrietta Edmonds</SignBlockName>
<PO_EMAI>hedmonds@nsf.gov</PO_EMAI>
<PO_PHON>7032927427</PO_PHON>
</ProgramOfficer>
<AbstractNarration>Phosphorus (P) is an essential building block for life.  Because P is in short supply over vast areas of the ocean, P availability may control biological productivity, such as photosynthesis and carbon fixation, which has implications for uptake of the greenhouse gas carbon dioxide and thus climate regulation.  Marine microorganisms must satisfy their nutritional requirement for P by obtaining it from seawater, where P is present in a variety of chemical forms, from simple phosphate ions (Pi) to complex dissolved organic phosphorus (DOP) molecules.  The concentration of DOP vastly exceeds Pi over most ocean areas, therefore DOP is a critically important source of P for marine microbial nutrition and productivity. However, much remains unknown about the contribution of specific DOP compounds to the P nutrition, productivity, and structure of marine microbial communities.  In this project, the investigators will conduct field experiments in the Atlantic Ocean and perform a series of controlled laboratory studies with pure enzymes and microbial cultures to determine how and to what extent different DOP compounds are degraded to Pi in the marine environment.  Furthermore, the contribution of these compound-specific DOP molecules to microbial P nutrition, carbon fixation, and community structure will be determined, thus advancing the current state of knowledge regarding the factors that control the activity and distribution of microbial species in the ocean, and the ocean?s role in the climate system.  This project will support two female junior investigators, a postdoctoral researcher, and graduate and undergraduate students.  The undergraduate students will be recruited from the Marine Sciences program at Savannah State University, an Historically Black Colleges and Universities.  In addition, results will be incorporated into new hands-on K-12 educational tools to teach students about microbial P biogeochemistry, including a digital game and formal lesson plans with hands-on demos. These tools will be validated with K-12 educators and will be widely accessible to the public through various well-known online platforms. These activities will thus reach a broad audience including a significant fraction of underrepresented groups.&lt;br/&gt;&lt;br/&gt;&lt;br/&gt;P is a vital nutrient for life.  Marine microorganisms utilize P-hydrolases, such as alkaline phosphatase (AP), to release and acquire phosphate (Pi) from a wide diversity of dissolved organic P (DOP) compounds, including P-esters (P-O-C bonds), phosphonates (P-C), and polyphosphates (P-O-P). Compound-specific DOP transformations have the potential to exert critical and wide-ranging impacts on marine microbial ecology (e.g. variable DOP bioavailability among species), biogeochemistry (e.g. P geologic sequestration via formation of calcium Pi), and global climate (e.g. aerobic production of the greenhouse gas methane by dephosphorylation of methylphosphonate). However, the mechanisms and comparative magnitude of specific DOP transformations, in addition to their relative contributions to microbial community-level P demand, productivity, and structure, are not completely understood. This study will fill these knowledge gaps by tracking the fate of specific DOP pools in the marine environment. Specifically, this project will test four hypotheses in the laboratory using recombinant enzymes and axenic cultures representative of marine eukaryotic and prokaryotic plankton from high and low nutrient environments, and in the field using observational and experimental approaches along natural Pi gradients in the Atlantic Ocean. In particular, the investigators will reveal potential differences in the hydrolysis and utilization of specific DOP compounds at the community- (bulk enzymatic assays), taxon- (cell sorting of radiolabeled cells in natural samples), species- (axenic cultures) and molecular-levels (pure enzyme kinetic studies and cell-associated proteomes and exoproteomes).  Results from our proposed work will provide a robust understanding of the enzymatic basis involved in the transformation of specific forms of DOP and create new knowledge on the relative contribution of these specific P sources to Pi production, marine microbial nutrition, community structure, primary productivity, and thus global carbon cycling and climate. In particular, our refined measurements of the concentration of bioavailable DOP and our unique estimates of DOP remineralization fluxes will provide critical new information to improve models of marine primary production and P cycling.</AbstractNarration>
<MinAmdLetterDate>10/22/2019</MinAmdLetterDate>
<MaxAmdLetterDate>10/22/2019</MaxAmdLetterDate>
<ARRAAmount/>
<TRAN_TYPE>Grant</TRAN_TYPE>
<CFDA_NUM>47.050</CFDA_NUM>
<NSF_PAR_USE_FLAG>1</NSF_PAR_USE_FLAG>
<FUND_AGCY_CODE>4900</FUND_AGCY_CODE>
<AWDG_AGCY_CODE>4900</AWDG_AGCY_CODE>
<AwardID>2001212</AwardID>
<Investigator>
<FirstName>Solange</FirstName>
<LastName>Duhamel</LastName>
<PI_MID_INIT/>
<PI_SUFX_NAME/>
<PI_FULL_NAME>Solange Duhamel</PI_FULL_NAME>
<EmailAddress><![CDATA[duhamel@email.arizona.edu]]></EmailAddress>
<NSF_ID>000625541</NSF_ID>
<StartDate>10/22/2019</StartDate>
<EndDate/>
<RoleCode>Principal Investigator</RoleCode>
</Investigator>
<Institution>
<Name><![CDATA[University of Arizona]]></Name>
<CityName>TUCSON</CityName>
<ZipCode>85721</ZipCode>
<PhoneNumber>5206266000</PhoneNumber>
<StreetAddress><![CDATA[845 N PARK AVE RM 538]]></StreetAddress>
<StreetAddress2/>
<CountryName>United States</CountryName>
<StateName>Arizona</StateName>
<StateCode>AZ</StateCode>
<CONGRESSDISTRICT>07</CONGRESSDISTRICT>
<CONGRESS_DISTRICT_ORG>AZ07</CONGRESS_DISTRICT_ORG>
<ORG_UEI_NUM>ED44Y3W6P7B9</ORG_UEI_NUM>
<ORG_LGL_BUS_NAME>UNIVERSITY OF ARIZONA</ORG_LGL_BUS_NAME>
<ORG_PRNT_UEI_NUM/>
</Institution>
<Performance_Institution>
<Name><![CDATA[University of Arizona]]></Name>
<CityName>Tucson</CityName>
<StateCode>AZ</StateCode>
<ZipCode>857194824</ZipCode>
<StreetAddress><![CDATA[888 N Euclid Ave]]></StreetAddress>
<CountryCode>US</CountryCode>
<CountryName>United States</CountryName>
<StateName>Arizona</StateName>
<CountryFlag>1</CountryFlag>
<CONGRESSDISTRICT>07</CONGRESSDISTRICT>
<CONGRESS_DISTRICT_PERF>AZ07</CONGRESS_DISTRICT_PERF>
</Performance_Institution>
<ProgramElement>
<Code>167000</Code>
<Text>Chemical Oceanography</Text>
</ProgramElement>
<Appropriation>
<Code>0117</Code>
<Name>NSF RESEARCH &amp; RELATED ACTIVIT</Name>
<APP_SYMB_ID>040100</APP_SYMB_ID>
</Appropriation>
<Fund>
<Code>01001718DB</Code>
<Name><![CDATA[NSF RESEARCH & RELATED ACTIVIT]]></Name>
<FUND_SYMB_ID>040100</FUND_SYMB_ID>
</Fund>
<FUND_OBLG>2017~499786</FUND_OBLG>
<POR>
<DRECONTENT><![CDATA[<div class="porColContainerWBG"> <div class="porContentCol"><p>The chemical element phosphorus is a natural resource that we depend on in our daily lives.&nbsp; For example, it is a key building block for life in the ocean, where phytoplankton require it to produce half the oxygen that we breathe.&nbsp; However, phosphorus is relatively scarce over wide areas of the ocean surface where phytoplankton live.&nbsp; Some of this scarcity is natural, while some of it is due to human activities, which may exacerbate phosphorus scarcity in the future.&nbsp; As a result, phytoplankton have developed innovative strategies to acquire phosphorus from seawater.&nbsp; These strategies may become more and more important to safeguarding global oxygen supply and planetary health, if the future oceans experience heightened levels of phosphorus stress, as predicted.&nbsp; In this project, we have studied the strategies that marine microbes use in order to acquire phosphorus from the pool of complex phosphorus-containing molecules in seawater called dissolved organic phosphorus (DOP).&nbsp; DOP is composed of several major types of phosphorus, depending on the chemical bonds that are present.&nbsp; In P-esters (~80% of DOP), phosphorus and carbon are bound together through an oxygen atom (P-O-C), while in P-anhydrides (~10%), oxygen helps bind multiple phosphorus atoms to each other (P-O-P).&nbsp; Based on experiments with live microorganisms in the laboratory and natural ocean settings, we discovered that phytoplankton may prefer the P-anhydrides, or polyphosphates, over the P-esters as a nutritional source of phosphorus for growth.&nbsp; This preference could contribute to the much lower prevalence of P-anhydrides in DOP.&nbsp; In contrast, bacteria do not seem to share this preference for P-anhydrides and instead utilize them just as much as P-esters.&nbsp; This observation may be driven by the high requirement that bacteria have for organic carbon.&nbsp; Indeed, our results from the California Current Ecosystem point to bacterial carbon demand as a key factor underlying paradoxically high rates of DOP cycling that exist there, despite sufficient levels of phosphorus that are available in seawater.&nbsp; Our results also demonstrate that marine microbes acquire DOP through a diversity of enzymes that depend on metals such as iron, zinc, and manganese.&nbsp; Overall, our project shows that microbial cycling of phosphorus in the oceans is highly dynamic, regardless of overall phosphorus availability, and intricately linked with the cycling of carbon and trace elements.&nbsp; If phosphorus stress increases in the future oceans due to human activity, our results suggest that the microbial demand for trace elements, which are already in short supply, may increase as well.&nbsp; This project provided training and educational opportunities for two postdocs, two PhD students, and multiple undergraduate students, including individuals from underrepresented backgrounds in environmental science.&nbsp; Through this work, we have developed preliminary components of an educational app to teach K-12 students about the marine phosphorus cycle.&nbsp; Results have been communicated to scientific and general audiences through publications, conference presentations, seminars, outreach events, and videos.</p><br> <p>            Last Modified: 01/24/2023<br>      Modified by: Solange&nbsp;Duhamel</p> </div> <div class="porSideCol"></div> </div>]]></DRECONTENT>
<POR_COPY_TXT><![CDATA[ The chemical element phosphorus is a natural resource that we depend on in our daily lives.  For example, it is a key building block for life in the ocean, where phytoplankton require it to produce half the oxygen that we breathe.  However, phosphorus is relatively scarce over wide areas of the ocean surface where phytoplankton live.  Some of this scarcity is natural, while some of it is due to human activities, which may exacerbate phosphorus scarcity in the future.  As a result, phytoplankton have developed innovative strategies to acquire phosphorus from seawater.  These strategies may become more and more important to safeguarding global oxygen supply and planetary health, if the future oceans experience heightened levels of phosphorus stress, as predicted.  In this project, we have studied the strategies that marine microbes use in order to acquire phosphorus from the pool of complex phosphorus-containing molecules in seawater called dissolved organic phosphorus (DOP).  DOP is composed of several major types of phosphorus, depending on the chemical bonds that are present.  In P-esters (~80% of DOP), phosphorus and carbon are bound together through an oxygen atom (P-O-C), while in P-anhydrides (~10%), oxygen helps bind multiple phosphorus atoms to each other (P-O-P).  Based on experiments with live microorganisms in the laboratory and natural ocean settings, we discovered that phytoplankton may prefer the P-anhydrides, or polyphosphates, over the P-esters as a nutritional source of phosphorus for growth.  This preference could contribute to the much lower prevalence of P-anhydrides in DOP.  In contrast, bacteria do not seem to share this preference for P-anhydrides and instead utilize them just as much as P-esters.  This observation may be driven by the high requirement that bacteria have for organic carbon.  Indeed, our results from the California Current Ecosystem point to bacterial carbon demand as a key factor underlying paradoxically high rates of DOP cycling that exist there, despite sufficient levels of phosphorus that are available in seawater.  Our results also demonstrate that marine microbes acquire DOP through a diversity of enzymes that depend on metals such as iron, zinc, and manganese.  Overall, our project shows that microbial cycling of phosphorus in the oceans is highly dynamic, regardless of overall phosphorus availability, and intricately linked with the cycling of carbon and trace elements.  If phosphorus stress increases in the future oceans due to human activity, our results suggest that the microbial demand for trace elements, which are already in short supply, may increase as well.  This project provided training and educational opportunities for two postdocs, two PhD students, and multiple undergraduate students, including individuals from underrepresented backgrounds in environmental science.  Through this work, we have developed preliminary components of an educational app to teach K-12 students about the marine phosphorus cycle.  Results have been communicated to scientific and general audiences through publications, conference presentations, seminars, outreach events, and videos.       Last Modified: 01/24/2023       Submitted by: Solange Duhamel]]></POR_COPY_TXT>
</POR>
</Award>
</rootTag>
