<?xml version="1.0" encoding="UTF-8"?>
<rootTag>
<Award>
<AwardTitle><![CDATA[Rubbing-Induced Site-Selective Patterning for Two-Dimensional Dichalcogenide Devices]]></AwardTitle>
<AGENCY>NSF</AGENCY>
<AwardEffectiveDate>07/01/2020</AwardEffectiveDate>
<AwardExpirationDate>06/30/2024</AwardExpirationDate>
<AwardTotalIntnAmount>405869.00</AwardTotalIntnAmount>
<AwardAmount>405869</AwardAmount>
<AwardInstrument>
<Value>Standard Grant</Value>
</AwardInstrument>
<Organization>
<Code>07030000</Code>
<Directorate>
<Abbreviation>ENG</Abbreviation>
<LongName>Directorate For Engineering</LongName>
</Directorate>
<Division>
<Abbreviation>CMMI</Abbreviation>
<LongName>Div Of Civil, Mechanical, &amp; Manufact Inn</LongName>
</Division>
</Organization>
<ProgramOfficer>
<SignBlockName>Pranav Soman</SignBlockName>
<PO_EMAI>psoman@nsf.gov</PO_EMAI>
<PO_PHON>7032924322</PO_PHON>
</ProgramOfficer>
<AbstractNarration>This grant supports research that advances critical knowledge for manufacturing electronic devices based on emerging nanomaterials, helping advance U.S. industrial competitiveness and national prosperity. Two-dimensional nanomaterials, such as transition metal dichalcogenides, could be exploited to make a broad range of electronic and photonic devices with superior functionalities. For example, dichalcogenides such as molybdenum disulfide, can be used to make flexible and wearable devices, biosensors for rapid illness diagnosis, and energy-efficient photodetectors. Although prototypes of these dichalcogenide devices have been demonstrated in the laboratory, the device community still lacks suitable technologies for realizing scalable nanomanufacturing of such devices. One of the most critical challenges is the vulnerability of dichalcogenides to the existing lithography and etching processes for manufacturing electronic devices. This award supports fundamental research to explore imperative knowledge supporting a new manufacturing technology involving site-selective patterning that enables reliable production of dichalcogenide device structures without involving processes that are detrimental to dichalcogenides. The high-quality dichalcogenide device structures produced by this technology are highly desirable for device applications in electronic, sensor, energy storage, and optoelectronic industries. This research enhances participation of underrepresented groups in the education activities related to advanced manufacturing.  &lt;br/&gt;&lt;br/&gt;The new manufacturing technology, termed rubbing-induced site-selective (RISS) patterning, involves a controllable rubbing process for generating nano- or microscale triboelectric charge patterns on a substrate and a subsequent two-dimensional nanomaterial chemical vapor deposition process. The triboelectric charge patterns modulate the nucleation of material deposition precursors on the target substrate and enables direct formation of dichalcogenide device patterns at designated site-selective locations without the need for additional resist-based lithography and plasma etching, which can introduce irreversible contamination and damage to the dichalcogenide layered structure. However, scientific questions need to be answered to make RISS technology practical for manufacturing commercially viable dichalcogenide devices. This research is to understand the mechanisms related to the generation and control of triboelectric charge patterns as well as material deposition processes modulated by electric fields. The research team plans to establish a theoretical-experimental integrated methodology for designing rubbing templates, which can generate high-contrast triboelectric charge patterns under designated mechanical conditions. The research approach is to fabricate rationally designed rubbing templates using focused ion beam and atomic force microscope lithography techniques, experimentally identify mechanical conditions that generate high-contrast triboelectric charge patterns, perform modeling of material diffusion guided by triboelectric field and demonstrate production of arrays of dichalcogenide-based memristive devices for neuromorphic computing.&lt;br/&gt;&lt;br/&gt;This award reflects NSF's statutory mission and has been deemed worthy of support through evaluation using the Foundation's intellectual merit and broader impacts review criteria.</AbstractNarration>
<MinAmdLetterDate>06/04/2020</MinAmdLetterDate>
<MaxAmdLetterDate>06/04/2020</MaxAmdLetterDate>
<ARRAAmount/>
<TRAN_TYPE>Grant</TRAN_TYPE>
<CFDA_NUM>47.041</CFDA_NUM>
<NSF_PAR_USE_FLAG>1</NSF_PAR_USE_FLAG>
<FUND_AGCY_CODE>4900</FUND_AGCY_CODE>
<AWDG_AGCY_CODE>4900</AWDG_AGCY_CODE>
<AwardID>2001036</AwardID>
<Investigator>
<FirstName>Wei</FirstName>
<LastName>Lu</LastName>
<PI_MID_INIT/>
<PI_SUFX_NAME/>
<PI_FULL_NAME>Wei Lu</PI_FULL_NAME>
<EmailAddress><![CDATA[weilu@umich.edu]]></EmailAddress>
<NSF_ID>000197006</NSF_ID>
<StartDate>06/04/2020</StartDate>
<EndDate/>
<RoleCode>Co-Principal Investigator</RoleCode>
</Investigator>
<Investigator>
<FirstName>Xiaogan</FirstName>
<LastName>Liang</LastName>
<PI_MID_INIT/>
<PI_SUFX_NAME/>
<PI_FULL_NAME>Xiaogan Liang</PI_FULL_NAME>
<EmailAddress><![CDATA[xiaoganl@umich.edu]]></EmailAddress>
<NSF_ID>000601674</NSF_ID>
<StartDate>06/04/2020</StartDate>
<EndDate/>
<RoleCode>Principal Investigator</RoleCode>
</Investigator>
<Institution>
<Name><![CDATA[Regents of the University of Michigan - Ann Arbor]]></Name>
<CityName>ANN ARBOR</CityName>
<ZipCode>481091079</ZipCode>
<PhoneNumber>7347636438</PhoneNumber>
<StreetAddress><![CDATA[1109 GEDDES AVE, SUITE 3300]]></StreetAddress>
<StreetAddress2/>
<CountryName>United States</CountryName>
<StateName>Michigan</StateName>
<StateCode>MI</StateCode>
<CONGRESSDISTRICT>06</CONGRESSDISTRICT>
<CONGRESS_DISTRICT_ORG>MI06</CONGRESS_DISTRICT_ORG>
<ORG_UEI_NUM>GNJ7BBP73WE9</ORG_UEI_NUM>
<ORG_LGL_BUS_NAME>REGENTS OF THE UNIVERSITY OF MICHIGAN</ORG_LGL_BUS_NAME>
<ORG_PRNT_UEI_NUM/>
</Institution>
<Performance_Institution>
<Name><![CDATA[University of Michigan Ann Arbor]]></Name>
<CityName>Ann Arbor</CityName>
<StateCode>MI</StateCode>
<ZipCode>481091274</ZipCode>
<StreetAddress/>
<CountryCode>US</CountryCode>
<CountryName>United States</CountryName>
<StateName>Michigan</StateName>
<CountryFlag>1</CountryFlag>
<CONGRESSDISTRICT>06</CONGRESSDISTRICT>
<CONGRESS_DISTRICT_PERF>MI06</CONGRESS_DISTRICT_PERF>
</Performance_Institution>
<ProgramElement>
<Code>088Y00</Code>
<Text>AM-Advanced Manufacturing</Text>
</ProgramElement>
<ProgramReference>
<Code>081E</Code>
<Text>NANO SCALE ASSEMBLY</Text>
</ProgramReference>
<ProgramReference>
<Code>083E</Code>
<Text>MATERIAL TRANSFORMATION PROC</Text>
</ProgramReference>
<ProgramReference>
<Code>084E</Code>
<Text>NANOMANUFACTURING</Text>
</ProgramReference>
<Appropriation>
<Code>0120</Code>
<Name>NSF RESEARCH &amp; RELATED ACTIVIT</Name>
<APP_SYMB_ID>040100</APP_SYMB_ID>
</Appropriation>
<Fund>
<Code>01002021DB</Code>
<Name><![CDATA[NSF RESEARCH & RELATED ACTIVIT]]></Name>
<FUND_SYMB_ID>040100</FUND_SYMB_ID>
</Fund>
<FUND_OBLG>2020~405869</FUND_OBLG>
</Award>
</rootTag>
