<?xml version="1.0" encoding="UTF-8"?>
<rootTag>
<Award>
<AwardTitle><![CDATA[Local Algebra and Local Representation Theory]]></AwardTitle>
<AGENCY>NSF</AGENCY>
<AwardEffectiveDate>07/01/2020</AwardEffectiveDate>
<AwardExpirationDate>06/30/2025</AwardExpirationDate>
<AwardTotalIntnAmount>550000.00</AwardTotalIntnAmount>
<AwardAmount>550000</AwardAmount>
<AwardInstrument>
<Value>Continuing Grant</Value>
</AwardInstrument>
<Organization>
<Code>03040000</Code>
<Directorate>
<Abbreviation>MPS</Abbreviation>
<LongName>Direct For Mathematical &amp; Physical Scien</LongName>
</Directorate>
<Division>
<Abbreviation>DMS</Abbreviation>
<LongName>Division Of Mathematical Sciences</LongName>
</Division>
</Organization>
<ProgramOfficer>
<SignBlockName>Andrew Pollington</SignBlockName>
<PO_EMAI>adpollin@nsf.gov</PO_EMAI>
<PO_PHON>7032924878</PO_PHON>
</ProgramOfficer>
<AbstractNarration>One of the myriad functions of Mathematics is that it provides language to formulate, and tools to solve, equations that describe the physical world. Often the equations that one encounters are algebraic in nature, like those describing lines, circles, parabolas and the like, in contrast with, say, equations involving the trigonometric functions, or logarithms, or derivatives. Typically, the equations have infinitely many solutions---think about the equation defining a circle---and it is usually not possible to write down a complete list of solutions. Rather, the objective is to find ways to study the structure of the collection of the solution set, which is called a variety. A fruitful approach has been to consider the (algebraic) functions on the variety. These functions form a mathematical structure called a commutative ring, and my research has been dedicated to understanding these structures; not in the abstract, but in their various manifestations, which are galore, they arise in quite diverse contexts across mathematics and physics. Mathematics has also been remarkably successful in describing and studying phenomenon related to symmetry. This leads to another mathematical structure called a group. Intriguingly, in certain contexts, there is a way to attach a commutative ring---and a variety---to a group and in the past few years various researchers, including the PI, have been able to solve problems related to groups using tools that had been developed to study varieties. A part of the current project deals with these aspects.&lt;br/&gt;&lt;br/&gt;Two major themes weave through this project. One is the study of invariants of finite free complexes over commutative noetherian local rings; the second is the modular representation theory of finite groups and group schemes. The former too is connected to groups via certain conjectures in the theory of transformation groups. These conjectures---due to Adem, Avramov, Browder, Buchweitz, Carlsson, Swan, Halperin and others---postulated lower bounds on the length of the homology modules, and on the total rank, of such complexes, when the homology has nonzero finite length. Recently the PI and Mark Walker found counterexamples for many of these conjectures. One set of problems outlined in this project are aimed at discovering and establishing the ``correct" bounds for these invariants. Another set of projects seek to probe the structure of the stable module category of representations of a finite group, or finite group scheme, over a field of positive characteristic. The focus is on ``local strata" and various finiteness conditions for modules in this strata; in particular, on dualizability and cohomological finiteness. The multiplicative structure of Hochschild cohomology of commutative algebras is a third main topic of this proposal. The goal here is to characterize locally complete intersection algebras in terms of their Hochschild cohomology. This award will support the training of students in a very relevant area of mathematics that has applications to several fields.&lt;br/&gt;&lt;br/&gt;This award reflects NSF's statutory mission and has been deemed worthy of support through evaluation using the Foundation's intellectual merit and broader impacts review criteria.</AbstractNarration>
<MinAmdLetterDate>03/31/2020</MinAmdLetterDate>
<MaxAmdLetterDate>05/24/2024</MaxAmdLetterDate>
<ARRAAmount/>
<TRAN_TYPE>Grant</TRAN_TYPE>
<CFDA_NUM>47.049</CFDA_NUM>
<NSF_PAR_USE_FLAG>1</NSF_PAR_USE_FLAG>
<FUND_AGCY_CODE>4900</FUND_AGCY_CODE>
<AWDG_AGCY_CODE>4900</AWDG_AGCY_CODE>
<AwardID>2001368</AwardID>
<Investigator>
<FirstName>Srikanth</FirstName>
<LastName>Iyengar</LastName>
<PI_MID_INIT>B</PI_MID_INIT>
<PI_SUFX_NAME/>
<PI_FULL_NAME>Srikanth B Iyengar</PI_FULL_NAME>
<EmailAddress><![CDATA[iyengar@math.utah.edu]]></EmailAddress>
<NSF_ID>000287935</NSF_ID>
<StartDate>03/31/2020</StartDate>
<EndDate/>
<RoleCode>Principal Investigator</RoleCode>
</Investigator>
<Institution>
<Name><![CDATA[University of Utah]]></Name>
<CityName>SALT LAKE CITY</CityName>
<ZipCode>841129049</ZipCode>
<PhoneNumber>8015816903</PhoneNumber>
<StreetAddress><![CDATA[201 PRESIDENTS CIR]]></StreetAddress>
<StreetAddress2/>
<CountryName>United States</CountryName>
<StateName>Utah</StateName>
<StateCode>UT</StateCode>
<CONGRESSDISTRICT>01</CONGRESSDISTRICT>
<CONGRESS_DISTRICT_ORG>UT01</CONGRESS_DISTRICT_ORG>
<ORG_UEI_NUM>LL8GLEVH6MG3</ORG_UEI_NUM>
<ORG_LGL_BUS_NAME>UNIVERSITY OF UTAH</ORG_LGL_BUS_NAME>
<ORG_PRNT_UEI_NUM/>
</Institution>
<Performance_Institution>
<Name><![CDATA[UNIV OF UTAH]]></Name>
<CityName>SALT LAKE CITY</CityName>
<StateCode>UT</StateCode>
<ZipCode>841120090</ZipCode>
<StreetAddress><![CDATA[155 S 1400 E RM 233]]></StreetAddress>
<CountryCode>US</CountryCode>
<CountryName>United States</CountryName>
<StateName>Utah</StateName>
<CountryFlag>1</CountryFlag>
<CONGRESSDISTRICT>01</CONGRESSDISTRICT>
<CONGRESS_DISTRICT_PERF>UT01</CONGRESS_DISTRICT_PERF>
</Performance_Institution>
<ProgramElement>
<Code>126400</Code>
<Text>ALGEBRA,NUMBER THEORY,AND COM</Text>
</ProgramElement>
<Appropriation>
<Code/>
<Name/>
<APP_SYMB_ID/>
</Appropriation>
<Appropriation>
<Code/>
<Name/>
<APP_SYMB_ID/>
</Appropriation>
<Appropriation>
<Code/>
<Name/>
<APP_SYMB_ID/>
</Appropriation>
<Appropriation>
<Code/>
<Name/>
<APP_SYMB_ID/>
</Appropriation>
<Appropriation>
<Code/>
<Name/>
<APP_SYMB_ID/>
</Appropriation>
<Fund>
<Code>01002425DB</Code>
<Name><![CDATA[NSF RESEARCH & RELATED ACTIVIT]]></Name>
<FUND_SYMB_ID>040100</FUND_SYMB_ID>
</Fund>
<Fund>
<Code>01002324DB</Code>
<Name><![CDATA[NSF RESEARCH & RELATED ACTIVIT]]></Name>
<FUND_SYMB_ID>040100</FUND_SYMB_ID>
</Fund>
<Fund>
<Code>01002122DB</Code>
<Name><![CDATA[NSF RESEARCH & RELATED ACTIVIT]]></Name>
<FUND_SYMB_ID>040100</FUND_SYMB_ID>
</Fund>
<Fund>
<Code>01002021DB</Code>
<Name><![CDATA[NSF RESEARCH & RELATED ACTIVIT]]></Name>
<FUND_SYMB_ID>040100</FUND_SYMB_ID>
</Fund>
<Fund>
<Code>01002223DB</Code>
<Name><![CDATA[NSF RESEARCH & RELATED ACTIVIT]]></Name>
<FUND_SYMB_ID>040100</FUND_SYMB_ID>
</Fund>
<FUND_OBLG>2020~153656</FUND_OBLG>
<FUND_OBLG>2021~88610</FUND_OBLG>
<FUND_OBLG>2022~88610</FUND_OBLG>
<FUND_OBLG>2023~109849</FUND_OBLG>
<FUND_OBLG>2024~109275</FUND_OBLG>
</Award>
</rootTag>
