<?xml version="1.0" encoding="UTF-8"?>
<rootTag>
<Award>
<AwardTitle><![CDATA[Unraveling biofilm matrix composition, architecture, and function]]></AwardTitle>
<AGENCY>NSF</AGENCY>
<AwardEffectiveDate>07/01/2020</AwardEffectiveDate>
<AwardExpirationDate>06/30/2024</AwardExpirationDate>
<AwardTotalIntnAmount>999999.00</AwardTotalIntnAmount>
<AwardAmount>999999</AwardAmount>
<AwardInstrument>
<Value>Standard Grant</Value>
</AwardInstrument>
<Organization>
<Code>08070000</Code>
<Directorate>
<Abbreviation>BIO</Abbreviation>
<LongName>Direct For Biological Sciences</LongName>
</Directorate>
<Division>
<Abbreviation>MCB</Abbreviation>
<LongName>Div Of Molecular and Cellular Bioscience</LongName>
</Division>
</Organization>
<ProgramOfficer>
<SignBlockName>Engin Serpersu</SignBlockName>
<PO_EMAI>eserpers@nsf.gov</PO_EMAI>
<PO_PHON>7032927124</PO_PHON>
</ProgramOfficer>
<AbstractNarration>Bacteria are essential to life as we know it and colonize and thrive in astonishing environments, ranging from within the human host to the acidic microbial mats in Yellowstone and industrial oil pipelines. The propensity for bacteria to form multicellular communities termed biofilms far exceeds the tendency to persist in suspension. Bacteria secrete and surround themselves with molecular polymers as building materials to enmesh and protect resident bacteria in slime-like assemblies. The PI’s recent work revealed the assembly of extraordinary mechanically robust basket-like architectures surrounding E. coli cells in biofilms and led to the discovery of a new chemical structure never before observed in nature within these baskets. Cellulose is the most abundant biopolymer on Earth, present in the cell walls of plants and trees, leading to wood, paper, and cotton products. Other industries also employ methods to modify standard cellulose through synthetic routes for desirable properties and are used as food additives and in membrane and biotechnology applications. E. coli produces its own uniquely modified form of cellulose with phosphoethanolamine groups through newly defined molecular machinery. This project tackles crucial questions involving nature’s phosphoethanolamine (pEtN) cellulose: its modification patterning, its physical properties and potential for application in new industrial materials, and the molecular basis for the assembly of the full polysaccharide-protein nanocomposite structures. This project will fuel new research directions with implications for bacterial physiology; glycobiology; and industrial applications including the production of new materials and uses in renewable energy. The PI communicates scientific concepts and discoveries through scientific and educational research articles targeted to broad audiences. This project will train undergraduate and graduate students, particularly those from groups under-represented in STEM. The PI is designing coursework changes to introduce more quantitative concepts and hands-on course-based undergraduate research experiences (CUREs) into undergraduate chemistry courses.&lt;br/&gt;&lt;br/&gt;&lt;br/&gt;This project will integrate biochemical analysis with characterization of polymer strength and materials properties, electron microscopy, fluorescence microscopy, solid-state NMR spectroscopy and mass spectrometry to: (1) deliver a fundamental understanding of the molecular patterning and physical properties of the zwitterionic phosphoethanolamine cellulose; (2) determine the influence of the cellulose modification on the Velcro-like association of curli at the bacterial cell surface; (3) define atomic-level parameters corresponding to molecular interactions between curli and pEtN cellulose in native bacterial composites in situ and highly tuned complexes formed in vitro. In addition to revealing the fundamental chemical principles underlying biofilm matrix assemblies, the work will introduce new methods for the production of pEtN cellulose and isotopically labeled matrix materials, and provide unprecedented atomic- level analysis of insoluble matrix materials that pose a challenge to analysis by conventional methods. The project may serve to reveal a new paradigm for understanding the molecular basis of other amyloid- polysaccharide interactions, prevalent not only in microorganisms but also in eukaryotic cell systems and should inspire the search for alternately modified celluloses and polysaccharides. This project is supported by the Molecular Biophysics Cluster of the Molecular and Cellular Biosciences Division in the Directorate for Biological Sciences.&lt;br/&gt;&lt;br/&gt;This award reflects NSF's statutory mission and has been deemed worthy of support through evaluation using the Foundation's intellectual merit and broader impacts review criteria.</AbstractNarration>
<MinAmdLetterDate>05/04/2020</MinAmdLetterDate>
<MaxAmdLetterDate>05/04/2020</MaxAmdLetterDate>
<ARRAAmount/>
<TRAN_TYPE>Grant</TRAN_TYPE>
<CFDA_NUM>47.074</CFDA_NUM>
<NSF_PAR_USE_FLAG>1</NSF_PAR_USE_FLAG>
<FUND_AGCY_CODE>4900</FUND_AGCY_CODE>
<AWDG_AGCY_CODE>4900</AWDG_AGCY_CODE>
<AwardID>2001189</AwardID>
<Investigator>
<FirstName>Lynette</FirstName>
<LastName>Cegelski</LastName>
<PI_MID_INIT/>
<PI_SUFX_NAME/>
<PI_FULL_NAME>Lynette Cegelski</PI_FULL_NAME>
<EmailAddress><![CDATA[cegelski@stanford.edu]]></EmailAddress>
<NSF_ID>000533685</NSF_ID>
<StartDate>05/04/2020</StartDate>
<EndDate/>
<RoleCode>Principal Investigator</RoleCode>
</Investigator>
<Institution>
<Name><![CDATA[Stanford University]]></Name>
<CityName>STANFORD</CityName>
<ZipCode>943052004</ZipCode>
<PhoneNumber>6507232300</PhoneNumber>
<StreetAddress><![CDATA[450 JANE STANFORD WAY]]></StreetAddress>
<StreetAddress2/>
<CountryName>United States</CountryName>
<StateName>California</StateName>
<StateCode>CA</StateCode>
<CONGRESSDISTRICT>16</CONGRESSDISTRICT>
<CONGRESS_DISTRICT_ORG>CA16</CONGRESS_DISTRICT_ORG>
<ORG_UEI_NUM>HJD6G4D6TJY5</ORG_UEI_NUM>
<ORG_LGL_BUS_NAME>THE LELAND STANFORD JUNIOR UNIVERSITY</ORG_LGL_BUS_NAME>
<ORG_PRNT_UEI_NUM/>
</Institution>
<Performance_Institution>
<Name><![CDATA[Stanford University]]></Name>
<CityName/>
<StateCode>CA</StateCode>
<ZipCode>943052004</ZipCode>
<StreetAddress/>
<CountryCode>US</CountryCode>
<CountryName>United States</CountryName>
<StateName>California</StateName>
<CountryFlag>1</CountryFlag>
<CONGRESSDISTRICT>16</CONGRESSDISTRICT>
<CONGRESS_DISTRICT_PERF>CA16</CONGRESS_DISTRICT_PERF>
</Performance_Institution>
<ProgramElement>
<Code>114400</Code>
<Text>Molecular Biophysics</Text>
</ProgramElement>
<ProgramReference>
<Code>7465</Code>
<Text>NANOSCALE BIO CORE</Text>
</ProgramReference>
<Appropriation>
<Code>0120</Code>
<Name>NSF RESEARCH &amp; RELATED ACTIVIT</Name>
<APP_SYMB_ID>040100</APP_SYMB_ID>
</Appropriation>
<Fund>
<Code>01002021DB</Code>
<Name><![CDATA[NSF RESEARCH & RELATED ACTIVIT]]></Name>
<FUND_SYMB_ID>040100</FUND_SYMB_ID>
</Fund>
<FUND_OBLG>2020~999999</FUND_OBLG>
</Award>
</rootTag>
