<?xml version="1.0" encoding="UTF-8"?>
<rootTag>
<Award>
<AwardTitle><![CDATA[Tensor Categories and Representations of Quantized Algebras]]></AwardTitle>
<AGENCY>NSF</AGENCY>
<AwardEffectiveDate>09/01/2020</AwardEffectiveDate>
<AwardExpirationDate>08/31/2025</AwardExpirationDate>
<AwardTotalIntnAmount>650000.00</AwardTotalIntnAmount>
<AwardAmount>650000</AwardAmount>
<AwardInstrument>
<Value>Continuing Grant</Value>
</AwardInstrument>
<Organization>
<Code>03040000</Code>
<Directorate>
<Abbreviation>MPS</Abbreviation>
<LongName>Direct For Mathematical &amp; Physical Scien</LongName>
</Directorate>
<Division>
<Abbreviation>DMS</Abbreviation>
<LongName>Division Of Mathematical Sciences</LongName>
</Division>
</Organization>
<ProgramOfficer>
<SignBlockName>James Matthew Douglass</SignBlockName>
<PO_EMAI>mdouglas@nsf.gov</PO_EMAI>
<PO_PHON>7032922467</PO_PHON>
</ProgramOfficer>
<AbstractNarration>Representation theory is a study of symmetries of space, such as our 3-dimensional space, or, more generally, a space with any (even infinite number) of dimensions. In this theory, symmetries are represented by linear transformations of this space, or, more explicitly, by matrices. Thus, a representation of a given symmetry structure is basically a collection of matrices which satisfy a certain natural system of nonlinear equations. The equations are determined by the exact type of symmetry structure we are representing - a group, a Lie algebra, or an associative algebra. Representations of a given structure themselves form a quite intricate and rich structure, which encodes relations (or mappings) between different representations. This higher-level structure is called the category of representations. For some type of structures (e.g. for groups, Lie algebras, quantum groups), representations can be multiplied; in this case the corresponding categories are tensor categories (as multiplication of representations is similar to multiplication of tensors). It turns out that the notion of a tensor category is very interesting in its own right, and that many tensor categories don't arise as categories of representations. The PI will investigate ordinary and tensor categories, some of which arise as representation categories and some of which don't, as well as the connections between them. In particular, complex rank generalizations of representation categories proposed by P. Deligne will be investigated. Roughly speaking, this is a generalization in which the number of elements of a set or rows of a matrix is allowed to be non-integer. This seemingly nonsensical setting becomes meaningful and useful when the invariants one is interested in turn out to be polynomials of the number of elements or rows, which is often true. The PI will also investigate quantizations of singular symplectic varieties, for instance symplectic resolutions. These are non-commutative algebras that appear in certain kinds of quantum field theories of recent interest as algebras of quantum observables. This project provides research training opportunities for graduate students.&lt;br/&gt;&lt;br/&gt;&lt;br/&gt;This project involves research on: tensor categories; quantum groups; representation theory in complex rank; cherednik algebras; short star-products on quantizations; analytic approach to Geometric Langlands program. The plan of PI's work is as follows. 1. Develop a theory of Frobenius functors for symmetric tensor categories in characteristic p and Frobenius exact &lt;br/&gt;categories; classify exact factorizations of fusion categories, in particular twisted Deligne products; classify fiber functors and module categories over the representation category of the small quantum group; compute the semisimplification of the category of tilting modules for a reductive group in small characteristic, and use it to compute the dimensions of tilting modules modulo p; prove quasi-motivicity of representations of braid groups arising from braided fusion categories; construct new symmetric tensor categories in characteristic p&gt;2 similar to the Etingof-Benson categories in characteristic 2; compute cohomology of these categories; develop Lie theory in the Verlinde category; develop a theory of symplectic reflection fusion categories; continue to develop the theory of actions of finite dimensional Hopf algebras on division algebras (in particular, fields); classify unipotent tensor categories. Work on a discrete analog of the monodromy theorem of Toledano Laredo for the Casimir connection, using dynamical Weyl groups, Study signatures of representations of quantum groups for |q|=1. 2. Continue to develop the ideas of P. Deligne, and extend representation theories of various classical structures (containing the symmetric group S_n or classical Lie groups GL(n),O(n),Sp(2n)) to complex values of the rank parameter n. These structures will include degenerate affine Hecke algebras, rational and trigonometric Cherednik algebras, symplectic reflection algebras, real reductive Lie groups (i.e., symmetric pairs), Lie superalgebras, affine Lie algebras, (parabolic) category O for reductive Lie algebras, Yangians, and other structures. Compute reducibility loci and obtain various character formulas and signature formulas in these representation theories, and answer various other representation theoretic questions which are known to be interesting in the classical setting. 3. Work on the representation theory of double Yangians, the theory of elliptic algebras, representations of cyclotomic Cherednik algebras, signatures of representations of Cherednik algebras, representations of Cherednik algebras in positive characteristic, direct and inverse image functors for Cherednik algebras. 4. Continue to develop the theory of short star-products on filtered quantizations. 5. Continue to work with E. Frenkel and D. Kazhdan on an analytic approach to the geometric Langlands correspondence.&lt;br/&gt;&lt;br/&gt;This award reflects NSF's statutory mission and has been deemed worthy of support through evaluation using the Foundation's intellectual merit and broader impacts review criteria.</AbstractNarration>
<MinAmdLetterDate>04/06/2020</MinAmdLetterDate>
<MaxAmdLetterDate>08/26/2024</MaxAmdLetterDate>
<ARRAAmount/>
<TRAN_TYPE>Grant</TRAN_TYPE>
<CFDA_NUM>47.049</CFDA_NUM>
<NSF_PAR_USE_FLAG>1</NSF_PAR_USE_FLAG>
<FUND_AGCY_CODE>4900</FUND_AGCY_CODE>
<AWDG_AGCY_CODE>4900</AWDG_AGCY_CODE>
<AwardID>2001318</AwardID>
<Investigator>
<FirstName>Pavel</FirstName>
<LastName>Etingof</LastName>
<PI_MID_INIT>I</PI_MID_INIT>
<PI_SUFX_NAME/>
<PI_FULL_NAME>Pavel I Etingof</PI_FULL_NAME>
<EmailAddress><![CDATA[etingof@math.mit.edu]]></EmailAddress>
<NSF_ID>000118846</NSF_ID>
<StartDate>04/06/2020</StartDate>
<EndDate/>
<RoleCode>Principal Investigator</RoleCode>
</Investigator>
<Institution>
<Name><![CDATA[Massachusetts Institute of Technology]]></Name>
<CityName>CAMBRIDGE</CityName>
<ZipCode>021394301</ZipCode>
<PhoneNumber>6172531000</PhoneNumber>
<StreetAddress><![CDATA[77 MASSACHUSETTS AVE]]></StreetAddress>
<StreetAddress2/>
<CountryName>United States</CountryName>
<StateName>Massachusetts</StateName>
<StateCode>MA</StateCode>
<CONGRESSDISTRICT>07</CONGRESSDISTRICT>
<CONGRESS_DISTRICT_ORG>MA07</CONGRESS_DISTRICT_ORG>
<ORG_UEI_NUM>E2NYLCDML6V1</ORG_UEI_NUM>
<ORG_LGL_BUS_NAME>MASSACHUSETTS INSTITUTE OF TECHNOLOGY</ORG_LGL_BUS_NAME>
<ORG_PRNT_UEI_NUM>E2NYLCDML6V1</ORG_PRNT_UEI_NUM>
</Institution>
<Performance_Institution>
<Name><![CDATA[Massachusetts Institute of Technology]]></Name>
<CityName/>
<StateCode>MA</StateCode>
<ZipCode>021394301</ZipCode>
<StreetAddress/>
<CountryCode>US</CountryCode>
<CountryName>United States</CountryName>
<StateName>Massachusetts</StateName>
<CountryFlag>1</CountryFlag>
<CONGRESSDISTRICT>07</CONGRESSDISTRICT>
<CONGRESS_DISTRICT_PERF>MA07</CONGRESS_DISTRICT_PERF>
</Performance_Institution>
<ProgramElement>
<Code>126400</Code>
<Text>ALGEBRA,NUMBER THEORY,AND COM</Text>
</ProgramElement>
<Appropriation>
<Code/>
<Name/>
<APP_SYMB_ID/>
</Appropriation>
<Appropriation>
<Code/>
<Name/>
<APP_SYMB_ID/>
</Appropriation>
<Appropriation>
<Code/>
<Name/>
<APP_SYMB_ID/>
</Appropriation>
<Appropriation>
<Code/>
<Name/>
<APP_SYMB_ID/>
</Appropriation>
<Appropriation>
<Code/>
<Name/>
<APP_SYMB_ID/>
</Appropriation>
<Fund>
<Code>01002324DB</Code>
<Name><![CDATA[NSF RESEARCH & RELATED ACTIVIT]]></Name>
<FUND_SYMB_ID>040100</FUND_SYMB_ID>
</Fund>
<Fund>
<Code>01002021DB</Code>
<Name><![CDATA[NSF RESEARCH & RELATED ACTIVIT]]></Name>
<FUND_SYMB_ID>040100</FUND_SYMB_ID>
</Fund>
<Fund>
<Code>01002425DB</Code>
<Name><![CDATA[NSF RESEARCH & RELATED ACTIVIT]]></Name>
<FUND_SYMB_ID>040100</FUND_SYMB_ID>
</Fund>
<Fund>
<Code>01002122DB</Code>
<Name><![CDATA[NSF RESEARCH & RELATED ACTIVIT]]></Name>
<FUND_SYMB_ID>040100</FUND_SYMB_ID>
</Fund>
<Fund>
<Code>01002223DB</Code>
<Name><![CDATA[NSF RESEARCH & RELATED ACTIVIT]]></Name>
<FUND_SYMB_ID>040100</FUND_SYMB_ID>
</Fund>
<FUND_OBLG>2020~274683</FUND_OBLG>
<FUND_OBLG>2021~71588</FUND_OBLG>
<FUND_OBLG>2022~72081</FUND_OBLG>
<FUND_OBLG>2023~115028</FUND_OBLG>
<FUND_OBLG>2024~116620</FUND_OBLG>
</Award>
</rootTag>
