<?xml version="1.0" encoding="UTF-8"?>
<rootTag>
<Award>
<AwardTitle><![CDATA[Collaborative Research: Using molecular functionalization to tune nanoscale interfacial energy and momentum transport]]></AwardTitle>
<AGENCY>NSF</AGENCY>
<AwardEffectiveDate>09/01/2020</AwardEffectiveDate>
<AwardExpirationDate>03/31/2023</AwardExpirationDate>
<AwardTotalIntnAmount>350801.00</AwardTotalIntnAmount>
<AwardAmount>357101</AwardAmount>
<AwardInstrument>
<Value>Continuing Grant</Value>
</AwardInstrument>
<Organization>
<Code>07020000</Code>
<Directorate>
<Abbreviation>ENG</Abbreviation>
<LongName>Directorate For Engineering</LongName>
</Directorate>
<Division>
<Abbreviation>CBET</Abbreviation>
<LongName>Div Of Chem, Bioeng, Env, &amp; Transp Sys</LongName>
</Division>
</Organization>
<ProgramOfficer>
<SignBlockName>Nora Savage</SignBlockName>
<PO_EMAI>nosavage@nsf.gov</PO_EMAI>
<PO_PHON>7032927949</PO_PHON>
</ProgramOfficer>
<AbstractNarration><![CDATA[Engineering surfaces at the nanometer scale will play a crucial role in a wide range of future technologies, including water desalination/purification for drinking and agriculture, efficient heating/cooling, waste heat recovery, advanced energy generation and storage, as well as biomedical applications such as advanced diagnostics and therapeutics.  The investigators seek demonstrate nanometer-scale and molecular-level tuning of material properties to create nano-engineered surfaces, or so-called “super-surfaces”.  The project will also train diverse scientists and engineers through interdisciplinary science, technology, engineering, and math education. A pilot undergraduate nanoscience program will be created for undergraduates, including rural, first-generation, non-traditional, and Hispanic students. This will provide students, including underrepresented groups, an opportunity to research and network with faculty and students at a major research university.  &lt;br/&gt;&lt;br/&gt;The goal of this project is to demonstrate a novel technique for molecular-level tuning of interfacial thermal conductance, surface charge, capillary properties, and biological interaction of solid-liquid interfaces using a model gold-alkanethiol-water system. By employing a highly synergistic, integrated experimental and theoretical approach (to design, synthesize, and then re-design microscale surfaces), the study will advance the fundamental understanding of mixed monolayer structure, dynamics, and interfacial interactions. These studies will extend to a systematic investigation of cooling rate and substrate curvature on functionalized thiol domain formation on both flat substrates and nanoparticles. By demonstrating a commercially scalable technique for tuning solid-liquid interfacial transport properties and biomolecular sensitivity of surfaces with nanometer precision, the project addresses significant applied research needs in the field. This work is anticipated to lead to the development of a new nanoscale manufacturing paradigm for the rational engineering of solid-fluid interfaces that can be applied to a broad range of functional molecules and substrates. Additionally, it will explore possible means to control interfacial transport and biological interactions with functionalized and nanostructured materials.  Thus, these studies will provide considerable cross-cutting scientific and technological benefits, which will improve the overall quality of human life and health. Because the project will also establish a pilot collaborative nanoscience program including students from two primarily undergraduate institutions (Colorado Mesa University and Central Washington University), which serve large Hispanic, rural, first generation, and non-traditional student populations, with students and researchers at University of Notre Dame, this project will contribute to the diversity of the scientific workforce. Specifically, the integrated research and education design of the studies will aid in student engagement, retention, and success. Because of the COVID pandemic, the PIs at all three institutions are actively engaged in developing a plan for inter- and intra- institutional collaborative research during the pandemic, planning for increased laboratory safety and utilizing information technology solutions for communications to mitigate the disruptive effects of the pandemic on the project activities while assuring researcher safety. Lastly, through community outreach and education activities via Colorado Mesa University’s Eureka Science Museum and Maverick Innovation Center, the PIs will contribute to regional educational development and economic development through entrepreneurship.&lt;br/&gt;&lt;br/&gt;This award reflects NSF's statutory mission and has been deemed worthy of support through evaluation using the Foundation's intellectual merit and broader impacts review criteria.]]></AbstractNarration>
<MinAmdLetterDate>08/28/2020</MinAmdLetterDate>
<MaxAmdLetterDate>11/09/2022</MaxAmdLetterDate>
<ARRAAmount/>
<TRAN_TYPE>Grant</TRAN_TYPE>
<CFDA_NUM>47.041</CFDA_NUM>
<NSF_PAR_USE_FLAG>1</NSF_PAR_USE_FLAG>
<FUND_AGCY_CODE>4900</FUND_AGCY_CODE>
<AWDG_AGCY_CODE>4900</AWDG_AGCY_CODE>
<AwardID>2001078</AwardID>
<Investigator>
<FirstName>Jarrod</FirstName>
<LastName>Schiffbauer</LastName>
<PI_MID_INIT/>
<PI_SUFX_NAME/>
<PI_FULL_NAME>Jarrod Schiffbauer</PI_FULL_NAME>
<EmailAddress><![CDATA[jschiffbauer@coloradomesa.edu]]></EmailAddress>
<NSF_ID>000799608</NSF_ID>
<StartDate>08/28/2020</StartDate>
<EndDate/>
<RoleCode>Principal Investigator</RoleCode>
</Investigator>
<Investigator>
<FirstName>Samuel</FirstName>
<LastName>Lohse</LastName>
<PI_MID_INIT>E</PI_MID_INIT>
<PI_SUFX_NAME/>
<PI_FULL_NAME>Samuel E Lohse</PI_FULL_NAME>
<EmailAddress><![CDATA[slohse@coloradomesa.edu]]></EmailAddress>
<NSF_ID>000799718</NSF_ID>
<StartDate>08/28/2020</StartDate>
<EndDate/>
<RoleCode>Co-Principal Investigator</RoleCode>
</Investigator>
<Investigator>
<FirstName>Christopher</FirstName>
<LastName>Dieni</LastName>
<PI_MID_INIT>A</PI_MID_INIT>
<PI_SUFX_NAME/>
<PI_FULL_NAME>Christopher A Dieni</PI_FULL_NAME>
<EmailAddress><![CDATA[cdieni@coloradomesa.edu]]></EmailAddress>
<NSF_ID>000809873</NSF_ID>
<StartDate>08/28/2020</StartDate>
<EndDate/>
<RoleCode>Co-Principal Investigator</RoleCode>
</Investigator>
<Institution>
<Name>Colorado Mesa University</Name>
<CityName>GRAND JUNCTION</CityName>
<ZipCode>815013122</ZipCode>
<PhoneNumber>9702481424</PhoneNumber>
<StreetAddress>1100 NORTH AVE</StreetAddress>
<StreetAddress2/>
<CountryName>United States</CountryName>
<StateName>Colorado</StateName>
<StateCode>CO</StateCode>
<CONGRESSDISTRICT>03</CONGRESSDISTRICT>
<CONGRESS_DISTRICT_ORG>CO03</CONGRESS_DISTRICT_ORG>
<ORG_UEI_NUM>E5RRMPPLNMD9</ORG_UEI_NUM>
<ORG_LGL_BUS_NAME>COLORADO MESA UNIVERSITY</ORG_LGL_BUS_NAME>
<ORG_PRNT_UEI_NUM>HAL9A8N46NB3</ORG_PRNT_UEI_NUM>
</Institution>
<Performance_Institution>
<Name><![CDATA[Colorado Mesa University]]></Name>
<CityName>Grand Junction</CityName>
<StateCode>CO</StateCode>
<ZipCode>815013122</ZipCode>
<StreetAddress><![CDATA[Colorado Mesa University]]></StreetAddress>
<CountryCode>US</CountryCode>
<CountryName>United States</CountryName>
<StateName>Colorado</StateName>
<CountryFlag>1</CountryFlag>
<CONGRESSDISTRICT>03</CONGRESSDISTRICT>
<CONGRESS_DISTRICT_PERF>CO03</CONGRESS_DISTRICT_PERF>
</Performance_Institution>
<ProgramElement>
<Code>1179</Code>
<Text>Nanoscale Interactions Program</Text>
</ProgramElement>
<ProgramReference>
<Code>7237</Code>
<Text>NANO NON-SOLIC SCI &amp; ENG AWD</Text>
</ProgramReference>
<ProgramReference>
<Code>9251</Code>
<Text>REU SUPP-Res Exp for Ugrd Supp</Text>
</ProgramReference>
<Appropriation>
<Code/>
<Name/>
<APP_SYMB_ID/>
</Appropriation>
<Appropriation>
<Code>0120</Code>
<Name>NSF RESEARCH &amp; RELATED ACTIVIT</Name>
<APP_SYMB_ID>040100</APP_SYMB_ID>
</Appropriation>
<Appropriation>
<Code>0121</Code>
<Name>NSF RESEARCH &amp; RELATED ACTIVIT</Name>
<APP_SYMB_ID>040100</APP_SYMB_ID>
</Appropriation>
<Fund>
<Code>01002324DB</Code>
<Name><![CDATA[NSF RESEARCH & RELATED ACTIVIT]]></Name>
<FUND_SYMB_ID>040100</FUND_SYMB_ID>
</Fund>
<Fund>
<Code>01002021DB</Code>
<Name><![CDATA[NSF RESEARCH & RELATED ACTIVIT]]></Name>
<FUND_SYMB_ID>040100</FUND_SYMB_ID>
</Fund>
<Fund>
<Code>01002122DB</Code>
<Name><![CDATA[NSF RESEARCH & RELATED ACTIVIT]]></Name>
<FUND_SYMB_ID>040100</FUND_SYMB_ID>
</Fund>
<FUND_OBLG>2020~184952</FUND_OBLG>
<FUND_OBLG>2021~165849</FUND_OBLG>
<FUND_OBLG>2023~6300</FUND_OBLG>
<POR>
<DRECONTENT><![CDATA[<div class="porColContainerWBG"> <div class="porContentCol"><p><strong>Intellectual Merits:</strong> The main project outcomes are discussed below in the context of each of the two main avenues of investigation, Nanoparticle-Protein Interactions and Droplet Wetting and Evaporation. These two systems permitted a broad investigation of both fundamental and applied aspects of nanostructured, molecularly functionalized interfaces, including studies of curved and flat interfaces, mixed composition monolayers, and investigation of thermal effects on resulting monolayers and their properties.</p> <p><em><strong>Nanoparticle-Protein Interactions: </strong></em>The interactions of bovine serum albumin (BSA) with five different types of functionalized gold nanoparticle (NP) were studied using a variety of experimental techniques and complimentary simulations were begun via a new collaboration with Cleveland State University. Major accomplishments include the determination of binding constants for NP-BSA interactions using 3 independent methods, along with preliminary structural characterization of the interaction using TEM. For "pure" MEEE, MHA, and MPTMA functionalized particles (with no, negative, and positive net charge, respectively) the analysis yielded similar binding constants, demonstrating that Coulombic forces play a smaller role in NP-protein interactions for small (~10nm and smaller) NPs. Mixed monolayer NP-protein interactions have been shown to be much more complex than "pure" monolayer cases as exhibited by the very distinct behaviors of MPTMA-MEEE as compared to the MHA-MEEE and their "pure" counterparts. More details can be seen in the accompanying figures (Figs. 1-3). A manuscript is currently being prepared based on these findings. The present study has opened several new avenues of inquiry concerning better elucidating the role of Coulombic effects, conformational changes, and plaque formation, and raised important questions about the evaluating the limitations of UV-vis characterization for small NPs. Future and ongoing work inspired by these studies include the use of circular dichroism spectroscopy and extensive cryo-TEM imaging to help better understand the nature of NP-protein interactions.</p> <p><em><strong>Droplet Wetting and Evaporation:</strong></em> The wetting and evaporation of water droplets on a variety of macroscopically flat, molecularly functionalized heated metallic samples was studied to better understand the roles of molecular composition and nanoscale morphology on thermally driven transport and phase change. Pure Au (111) substrates were compared to substrates functionalized with monolayers of hydrophilic -COOH or hydrophobic -CH<sub>3</sub> terminated alkanethiols as well as samples with mixed -COOH/CH<sub>3</sub> monolayers; samples were fabricated at a constant ambient temperature as well as under time-dependent thermal stress. Major accomplishments include the demonstration of tuning of contact angles via mixed composition monolayers, evidence that this also controls the evaporation rate and resulting contact line motion. There is evidence that mixed monolayers can show similar, if not greater, mass loss via driven evaporation than "pure" monolayer cases, in agreement with results obtained on mechanically fabricated mixed systems. Additionally, a parameter-free model was developed by extending the Deegan and Popov models which connects droplet contact angle and mass which appears to yield reasonable quantitative agreement with experiment for droplets with sufficiently slow contact line motion. Interpretation of experimental results is supported by accompanying molecular dynamics simulations. See figures (Figs. 4-6). A manuscript is currently being prepared based on these results. On-going and future work based on these results includes improved measurements of mass loss rate on mixed samples and a deeper investigation into the nature of thermally treated surfaces, which have been demonstrated to promote a rapid "snap" de-pinning transition of the droplet contact line in some cases. Of particular interest for future investigation is how such surfaces interact with vapor bubbles introduced into surrounding bulk fluid.</p> <p><strong>Broader Impacts:</strong> Beyond the outcomes related to the intellectual merits, this project has been one of three externally funded projects which has enabled the establishment of a pilot STEM undergraduate research program at Colorado Mesa University, a rural, primarily undergraduate institution with a wide range of underserved groups in its student population. This program has provided students with research, training, professional development, and networking opportunities which have led to graduate appointments, STEM positions, and even a recent NSF GRFP award. Furthermore, through the project, the foundation for a combined experimental and simulations thermal-fluids research program has been established, including laboratory infrastructure, and strengthened research partnerships with other institutions. The program successes in research-based student training and graduate placement have led to pursuit of further collaborative funding including a NASA-SMD Bridge Seed proposal roughly built on the model of the pilot program and an NSF EFRI-ELiS collaboration with a strong STEM training component.</p> <p>&nbsp;</p><br> <p>            Last Modified: 07/29/2023<br>      Modified by: Jarrod&nbsp;Schiffbauer</p> </div> <div class="porSideCol"> <div class="each-gallery"> <div class="galContent" id="gallery0"> <div class="photoCount" id="photoCount0">          Images (<span id="selectedPhoto0">1</span> of <span class="totalNumber"></span>)           </div> <div class="galControls" id="controls0"></div> <div class="galSlideshow" id="slideshow0"></div> <div class="galEmbox" id="embox"> <div class="image-title"></div> </div> </div> <div class="galNavigation" id="navigation0"> <ul class="thumbs" id="thumbs0"> <li> <a href="/por/images/Reports/POR/2023/2001078/2001078_10702830_1690648534477_pFig1--rgov-214x142.jpg" original="/por/images/Reports/POR/2023/2001078/2001078_10702830_1690648534477_pFig1--rgov-800width.jpg" title="Figure 1."><img src="/por/images/Reports/POR/2023/2001078/2001078_10702830_1690648534477_pFig1--rgov-66x44.jpg" alt="Figure 1."></a> <div class="imageCaptionContainer"> <div class="imageCaption">Data for NP-BSA interactions. Panel A shows fluorescence intensity for increasing NP concentration for one NP �species,� panel B shows Stern-Volmer plots for MEEE, MHA, and MPTMA. Panel C. Shows UV-vis absorbance shift for MPTMA; panel D shows DLS histograms for 3 pure cases plus MHA:MEEE</div> <div class="imageCredit">Jarrod Schiffbauer</div> <div class="imagePermisssions">Royalty-free (unrestricted use)</div> <div class="imageSubmitted">Jarrod&nbsp;Schiffbauer</div> <div class="imageTitle">Figure 1.</div> </div> </li> <li> <a href="/por/images/Reports/POR/2023/2001078/2001078_10702830_1690648674566_pFig3--rgov-214x142.jpg" original="/por/images/Reports/POR/2023/2001078/2001078_10702830_1690648674566_pFig3--rgov-800width.jpg" title="Figure 3"><img src="/por/images/Reports/POR/2023/2001078/2001078_10702830_1690648674566_pFig3--rgov-66x44.jpg" alt="Figure 3"></a> <div class="imageCaptionContainer"> <div class="imageCaption">Negative stain TEM images for AuNPs incubated with BSA. A and B show TEM images of MEEE associating with BSA, C shows MPTMA and BSA; D and E show MHA:MEEE mixture with BSA, and F shows the MPTMA:MEEE forming very large (100nm) hetero-aggregate structures.</div> <div class="imageCredit">Jarrod Schiffbauer</div> <div class="imagePermisssions">Royalty-free (unrestricted use)</div> <div class="imageSubmitted">Jarrod&nbsp;Schiffbauer</div> <div class="imageTitle">Figure 3</div> </div> </li> <li> <a href="/por/images/Reports/POR/2023/2001078/2001078_10702830_1690648788971_pFig4--rgov-214x142.jpg" original="/por/images/Reports/POR/2023/2001078/2001078_10702830_1690648788971_pFig4--rgov-800width.jpg" title="Figure 4"><img src="/por/images/Reports/POR/2023/2001078/2001078_10702830_1690648788971_pFig4--rgov-66x44.jpg" alt="Figure 4"></a> <div class="imageCaptionContainer"> <div class="imageCaption">Experimental droplet wetting and evaporation data for water droplets on functionalized Au(111) substrates. Panel a-d shows droplet snapshots on Au with hydrophilic -COOH terminated alkanethiol monolayer, bare gold, hydrophobic -CH3, and a mixed composition monolayer. Panels e and f show the receding</div> <div class="imageCredit">Jarrod Schiffbauer</div> <div class="imagePermisssions">Royalty-free (unrestricted use)</div> <div class="imageSubmitted">Jarrod&nbsp;Schiffbauer</div> <div class="imageTitle">Figure 4</div> </div> </li> <li> <a href="/por/images/Reports/POR/2023/2001078/2001078_10702830_1690648877368_pFig5--rgov-214x142.jpg" original="/por/images/Reports/POR/2023/2001078/2001078_10702830_1690648877368_pFig5--rgov-800width.jpg" title="Figure 5"><img src="/por/images/Reports/POR/2023/2001078/2001078_10702830_1690648877368_pFig5--rgov-66x44.jpg" alt="Figure 5"></a> <div class="imageCaptionContainer"> <div class="imageCaption">Tapping-mode AFM images of the surfaces of each of the types of sample substrate (indicated at the top of each column). Top row shows image over a 10um square region, and bottom row shows images over a 2um square region within this. Note that the presence of hydrophilic -COOH groups tends to reduce</div> <div class="imageCredit">Jarrod Schiffbauer</div> <div class="imagePermisssions">Royalty-free (unrestricted use)</div> <div class="imageSubmitted">Jarrod&nbsp;Schiffbauer</div> <div class="imageTitle">Figure 5</div> </div> </li> <li> <a href="/por/images/Reports/POR/2023/2001078/2001078_10702830_1690649116704_pFig6--rgov-214x142.jpg" original="/por/images/Reports/POR/2023/2001078/2001078_10702830_1690649116704_pFig6--rgov-800width.jpg" title="Figure 6"><img src="/por/images/Reports/POR/2023/2001078/2001078_10702830_1690649116704_pFig6--rgov-66x44.jpg" alt="Figure 6"></a> <div class="imageCaptionContainer"> <div class="imageCaption">EDIT CAPTION!</div> <div class="imageCredit">Jarrod Schiffbauer</div> <div class="imageSubmitted">Jarrod&nbsp;Schiffbauer</div> <div class="imageTitle">Figure 6</div> </div> </li> <li> <a href="/por/images/Reports/POR/2023/2001078/2001078_10702830_1690662762803_pFig2--rgov-214x142.jpg" original="/por/images/Reports/POR/2023/2001078/2001078_10702830_1690662762803_pFig2--rgov-800width.jpg" title="Figure 2"><img src="/por/images/Reports/POR/2023/2001078/2001078_10702830_1690662762803_pFig2--rgov-66x44.jpg" alt="Figure 2"></a> <div class="imageCaptionContainer"> <div class="imageCaption">Langmuir isotherms using fitted binding constants from Fluorescence Titration (Dashed: DI water; Dotted: 100mM NaCl) and DLS (Solid line: DI water only) for each of the three pure AuNP cases. DLS DI water data points are plotted for each case.</div> <div class="imageCredit">Jarrod Schiffbauer</div> <div class="imagePermisssions">Royalty-free (unrestricted use)</div> <div class="imageSubmitted">Jarrod&nbsp;Schiffbauer</div> <div class="imageTitle">Figure 2</div> </div> </li> </ul> </div> </div> </div> </div>]]></DRECONTENT>
<POR_COPY_TXT><![CDATA[ Intellectual Merits: The main project outcomes are discussed below in the context of each of the two main avenues of investigation, Nanoparticle-Protein Interactions and Droplet Wetting and Evaporation. These two systems permitted a broad investigation of both fundamental and applied aspects of nanostructured, molecularly functionalized interfaces, including studies of curved and flat interfaces, mixed composition monolayers, and investigation of thermal effects on resulting monolayers and their properties.  Nanoparticle-Protein Interactions: The interactions of bovine serum albumin (BSA) with five different types of functionalized gold nanoparticle (NP) were studied using a variety of experimental techniques and complimentary simulations were begun via a new collaboration with Cleveland State University. Major accomplishments include the determination of binding constants for NP-BSA interactions using 3 independent methods, along with preliminary structural characterization of the interaction using TEM. For "pure" MEEE, MHA, and MPTMA functionalized particles (with no, negative, and positive net charge, respectively) the analysis yielded similar binding constants, demonstrating that Coulombic forces play a smaller role in NP-protein interactions for small (~10nm and smaller) NPs. Mixed monolayer NP-protein interactions have been shown to be much more complex than "pure" monolayer cases as exhibited by the very distinct behaviors of MPTMA-MEEE as compared to the MHA-MEEE and their "pure" counterparts. More details can be seen in the accompanying figures (Figs. 1-3). A manuscript is currently being prepared based on these findings. The present study has opened several new avenues of inquiry concerning better elucidating the role of Coulombic effects, conformational changes, and plaque formation, and raised important questions about the evaluating the limitations of UV-vis characterization for small NPs. Future and ongoing work inspired by these studies include the use of circular dichroism spectroscopy and extensive cryo-TEM imaging to help better understand the nature of NP-protein interactions.  Droplet Wetting and Evaporation: The wetting and evaporation of water droplets on a variety of macroscopically flat, molecularly functionalized heated metallic samples was studied to better understand the roles of molecular composition and nanoscale morphology on thermally driven transport and phase change. Pure Au (111) substrates were compared to substrates functionalized with monolayers of hydrophilic -COOH or hydrophobic -CH3 terminated alkanethiols as well as samples with mixed -COOH/CH3 monolayers; samples were fabricated at a constant ambient temperature as well as under time-dependent thermal stress. Major accomplishments include the demonstration of tuning of contact angles via mixed composition monolayers, evidence that this also controls the evaporation rate and resulting contact line motion. There is evidence that mixed monolayers can show similar, if not greater, mass loss via driven evaporation than "pure" monolayer cases, in agreement with results obtained on mechanically fabricated mixed systems. Additionally, a parameter-free model was developed by extending the Deegan and Popov models which connects droplet contact angle and mass which appears to yield reasonable quantitative agreement with experiment for droplets with sufficiently slow contact line motion. Interpretation of experimental results is supported by accompanying molecular dynamics simulations. See figures (Figs. 4-6). A manuscript is currently being prepared based on these results. On-going and future work based on these results includes improved measurements of mass loss rate on mixed samples and a deeper investigation into the nature of thermally treated surfaces, which have been demonstrated to promote a rapid "snap" de-pinning transition of the droplet contact line in some cases. Of particular interest for future investigation is how such surfaces interact with vapor bubbles introduced into surrounding bulk fluid.  Broader Impacts: Beyond the outcomes related to the intellectual merits, this project has been one of three externally funded projects which has enabled the establishment of a pilot STEM undergraduate research program at Colorado Mesa University, a rural, primarily undergraduate institution with a wide range of underserved groups in its student population. This program has provided students with research, training, professional development, and networking opportunities which have led to graduate appointments, STEM positions, and even a recent NSF GRFP award. Furthermore, through the project, the foundation for a combined experimental and simulations thermal-fluids research program has been established, including laboratory infrastructure, and strengthened research partnerships with other institutions. The program successes in research-based student training and graduate placement have led to pursuit of further collaborative funding including a NASA-SMD Bridge Seed proposal roughly built on the model of the pilot program and an NSF EFRI-ELiS collaboration with a strong STEM training component.          Last Modified: 07/29/2023       Submitted by: Jarrod Schiffbauer]]></POR_COPY_TXT>
</POR>
</Award>
</rootTag>
