<?xml version="1.0" encoding="UTF-8"?>
<rootTag>
<Award>
<AwardTitle><![CDATA[A fully calibrated astronomical time scale for the Cenozoic: Dating, climate forcing, and solar system chaos]]></AwardTitle>
<AGENCY>NSF</AGENCY>
<AwardEffectiveDate>06/01/2020</AwardEffectiveDate>
<AwardExpirationDate>05/31/2024</AwardExpirationDate>
<AwardTotalIntnAmount>259841.00</AwardTotalIntnAmount>
<AwardAmount>259841</AwardAmount>
<AwardInstrument>
<Value>Standard Grant</Value>
</AwardInstrument>
<Organization>
<Code>06040200</Code>
<Directorate>
<Abbreviation>GEO</Abbreviation>
<LongName>Directorate For Geosciences</LongName>
</Directorate>
<Division>
<Abbreviation>OCE</Abbreviation>
<LongName>Division Of Ocean Sciences</LongName>
</Division>
</Organization>
<ProgramOfficer>
<SignBlockName>Alan Wanamaker</SignBlockName>
<PO_EMAI>awanamak@nsf.gov</PO_EMAI>
<PO_PHON>7032927516</PO_PHON>
</ProgramOfficer>
<AbstractNarration>To determine the ages of seafloor sediments and sedimentary rocks geologists need a “calendar” of the past. One such calendar, called the astronomical time scale, makes use of the fact that predictable changes in the orbits of the planets drive cyclic changes in Earth’s climate. In this approach observed cycles in sediment composition are matched to climate cycles. The timing of those cycles is then calculated by computing planetary orbits backward in time. The astronomical time scale is a valuable tool because the orbital calculations provide accurate ages for the geologic record. Recent work by the PI provided new astronomical calculations that stretch back to 58 million years before the present (Myr BP). Those calculations were then compared with deep sea sediment records. The comparisons yielded a new history of climate events during the early Eocene (56 to 53 Myr BP). They also yielded new information about the chaotic motions of the solar system. The proposed study will provide a fully tested astronomical time scale and new astronomical calculations extending back through the Paleocene (66 to 56 Myr BP). The astronomical calculations will provide a time scale for the sediment records. At the same time the cyclic patterns observed in the sediments will constrain calculations of the planets’ orbital variations. That new time scale will pave the way to an accurate time scale extending back through the Cretaceous period (145 to 66 Myr BP). It will also help improve dating methods that use radioactive elements. Finally, it will improve our knowledge of the chaotic evolution of our solar system. The project will also support a graduate student.&lt;br/&gt;&lt;br/&gt;The development of an astronomical time scale (ATS) based on astronomical solutions has transformed the dating of geologic archives and represents the backbone of marine cyclostratigraphy and astrochronology to reconstruct Earth’s history. While the stable 405-kyr cycle of Earth’s orbital eccentricity has been used to provide floating (relative) chronologies across various time scales, one major challenge remains: Development of an absolute, fully calibrated astronomical time scale beyond ~50 Ma, which has hitherto been hampered by the fact that orbital solutions disagree before that age due to solar system chaos. We have recently made progress in providing a new astronomical solution to ~58 Ma by testing against deep-sea sediment archives (~58-53 Ma), which also yielded critical insight into the chronology of early Eocene hyperthermals and solar system chaos. This project will develop and provide a fully calibrated ATS and a new astronomical solution including the Paleocene (~66-56 Ma), which, combined with our recent work, will then span the entire Cenozoic. The key idea of our study is to use marine geology to constrain astronomy, and, conversely, use astronomy to provide key applications widely used in marine geology. Reaching beyond 58 Ma presents new challenges, which will require analyses of multiple geologic records and significant computational resources. Cyclostratigraphic signals are challenging to interpret in deep-sea records across the interval ~66-63 Ma, for which we will integrate land-based marine sections in our analysis (e.g., Zumaia, Spain). The expression of Earth’s orbital eccentricity in the geologic archives will then guide our search for an astronomical solution, using numerical (ensemble) integrations of the orbital motion of the solar system. Specifically, we will use marine deep-sea records of color reflectance and iron intensities from ODP Sites 1262 and 1209 and cyclostratigraphy from land-based marine sections (Zumaia) to reconstruct Earth’s orbital eccentricity across the critical interval ~66-56 Ma. Based on the eccentricity expression observed in the records, we will search for a new astronomical solution that will allow us to extend the fully calibrated astronomically time scale to ~66 Ma. In summary, our study will (1) provide a fully calibrated ATS across the Cenozoic, (2) help gauge radiometric dating calibrations, (3) test correlations between eccentricity amplitude modulation and Paleocene climate events, (4) model forcing of Paleocene climate-carbon cycle feedbacks, and (5) transform our knowledge of the chaotic evolution of our solar system.&lt;br/&gt;&lt;br/&gt;This award reflects NSF's statutory mission and has been deemed worthy of support through evaluation using the Foundation's intellectual merit and broader impacts review criteria.</AbstractNarration>
<MinAmdLetterDate>04/22/2020</MinAmdLetterDate>
<MaxAmdLetterDate>04/22/2020</MaxAmdLetterDate>
<ARRAAmount/>
<TRAN_TYPE>Grant</TRAN_TYPE>
<CFDA_NUM>47.050</CFDA_NUM>
<NSF_PAR_USE_FLAG>1</NSF_PAR_USE_FLAG>
<FUND_AGCY_CODE>4900</FUND_AGCY_CODE>
<AWDG_AGCY_CODE>4900</AWDG_AGCY_CODE>
<AwardID>2001022</AwardID>
<Investigator>
<FirstName>Richard</FirstName>
<LastName>Zeebe</LastName>
<PI_MID_INIT>E</PI_MID_INIT>
<PI_SUFX_NAME/>
<PI_FULL_NAME>Richard E Zeebe</PI_FULL_NAME>
<EmailAddress><![CDATA[zeebe@hawaii.edu]]></EmailAddress>
<NSF_ID>000175160</NSF_ID>
<StartDate>04/22/2020</StartDate>
<EndDate/>
<RoleCode>Principal Investigator</RoleCode>
</Investigator>
<Institution>
<Name><![CDATA[University of Hawaii]]></Name>
<CityName>HONOLULU</CityName>
<ZipCode>968222247</ZipCode>
<PhoneNumber>8089567800</PhoneNumber>
<StreetAddress><![CDATA[2425 CAMPUS RD SINCLAIR RM 1]]></StreetAddress>
<StreetAddress2/>
<CountryName>United States</CountryName>
<StateName>Hawaii</StateName>
<StateCode>HI</StateCode>
<CONGRESSDISTRICT>01</CONGRESSDISTRICT>
<CONGRESS_DISTRICT_ORG>HI01</CONGRESS_DISTRICT_ORG>
<ORG_UEI_NUM>NSCKLFSSABF2</ORG_UEI_NUM>
<ORG_LGL_BUS_NAME>UNIVERSITY OF HAWAII</ORG_LGL_BUS_NAME>
<ORG_PRNT_UEI_NUM/>
</Institution>
<Performance_Institution>
<Name><![CDATA[University of Hawaii]]></Name>
<CityName>Honolulu</CityName>
<StateCode>HI</StateCode>
<ZipCode>968222303</ZipCode>
<StreetAddress><![CDATA[1000 Pope Rd, MSB 629]]></StreetAddress>
<CountryCode>US</CountryCode>
<CountryName>United States</CountryName>
<StateName>Hawaii</StateName>
<CountryFlag>1</CountryFlag>
<CONGRESSDISTRICT>01</CONGRESSDISTRICT>
<CONGRESS_DISTRICT_PERF>HI01</CONGRESS_DISTRICT_PERF>
</Performance_Institution>
<ProgramElement>
<Code>162000</Code>
<Text>Marine Geology and Geophysics</Text>
</ProgramElement>
<ProgramReference>
<Code>1304</Code>
<Text>EARTH SYSTEM HISTORY</Text>
</ProgramReference>
<ProgramReference>
<Code>1389</Code>
<Text>CARBON CYCLE RESEARCH</Text>
</ProgramReference>
<ProgramReference>
<Code>1620</Code>
<Text>MARINE GEOLOGY AND GEOPHYSICS</Text>
</ProgramReference>
<ProgramReference>
<Code>9150</Code>
<Text>EXP PROG TO STIM COMP RES</Text>
</ProgramReference>
<Appropriation>
<Code>0120</Code>
<Name>NSF RESEARCH &amp; RELATED ACTIVIT</Name>
<APP_SYMB_ID>040100</APP_SYMB_ID>
</Appropriation>
<Fund>
<Code>01002021DB</Code>
<Name><![CDATA[NSF RESEARCH & RELATED ACTIVIT]]></Name>
<FUND_SYMB_ID>040100</FUND_SYMB_ID>
</Fund>
<FUND_OBLG>2020~259841</FUND_OBLG>
<POR>
<DRECONTENT><![CDATA[<div class="porColContainerWBG"> <div class="porContentCol"><p><span style="color: #000000;"><span><span><strong>A fully calibrated astronomical time scale for the Cenozoic: </strong></span></span><span><span><strong>Dating, climate forcing, and solar system chaos</strong></span></span></span></p> <p class="western">&nbsp;</p> <p class="western"><span style="color: #000000;"><span style="font-family: Calibri, serif;"><span><span>To accurately determine the ages of geologic archives (dating), geologists use a calendar of the past that provides ages of geologic periods based on astronomical calculations, called the astronomical time scale.</span></span> <span><span>For example, observed cycles in the mineralogy (clay vs. carbonate) or in the chemistry of geologic archives can be matched to climate cycles caused by changes in the orbits of the planets, which are calculated by computing the planetary orbits backward in time. The astronomical calculations have a built-in clock and so provide accurate ages and detailed temporal sequences of events (chronologies) for the geologic record. The astronomical time scale therefore represents </span></span><span><span>an important too</span></span><span style="color: #000000;"><span><span>l, highly </span></span></span><span><span>sought-after by a variety of researchers and widely used within and beyond the fields of geology and geophysics.</span></span><span><span> </span></span><span><span>We have recently made progress in providing new astronomical calculations that stretch back to 58 million years before the present (Myr BP for short). Our calculations have been tested against archives recovered from the deep sea, called sediments (particles accumulating on the ocean floor), which also yielded critical insight into the chronology of climate events during the early Eocene (56 to 53 Myr BP), as well as new information about the chaotic motion of the solar system. The current project </span></span><span><span>has</span></span><span><span> buil</span></span><span><span>t</span></span><span><span> on our recent work and </span></span><span><span>has </span></span><span><span>provide</span></span><span><span>d</span></span><span><span> a fully tested </span></span><span><span>astronomical time scale</span></span><span><span> and new astronomical calculations including the Paleocene (66 to 56 Myr BP). </span></span><span><span>The key idea of our study is to use geology to constrain astronomy, and, conversely, use astronomy to provide key applications widely used in geology. Combined with results from previous studies, our project </span></span><span><span>has </span></span><span><span>provide</span></span><span><span>d</span></span><span><span> an accurate astronomical time scale for the entire Cenozoic </span></span><span><span>(66 Myr BP to present)</span></span><span><span>, </span></span><span><span>has </span></span><span><span>help</span></span><span><span>ed</span></span><span><span> improve dating methods that use radioactive elements, </span></span><span><span>has </span></span><span><span>pave</span></span><span><span>d</span></span><span><span> the way to bridging the gap to existing Cretaceous records </span></span><span><span>(145 to 66 Myr BP)</span></span><span><span>, and </span></span><span><span>has </span></span><span><span>transform</span></span><span><span>ed</span></span><span><span> our knowledge of the chaotic evolution of our solar system. </span></span><span><span>We </span></span><span><span>have also </span></span><span><span>discovered that a </span></span><span><span>so-called </span></span><span><span>secular solar system resonance can disrupt the dominant cycle in Earth's orbital eccentricity (</span></span><span><span>period of </span></span><span><span>405,</span></span><span><span>000 years</span></span><span><span> </span></span><span><span>in the recent past</span></span><span><span>) on long time scales, which requires revision of a long-standing paradigm in </span></span><span><span>the field of </span></span><span><span>astrochronology. </span></span><span><span>In order t</span></span><span><span>o make our results easier accessible to a broader audience, we have produced videos and animations of solar system orbital solutions based on our integrations and made them available on github. The videos and animations can be used for teaching and educational purposes. https://github.com/japhir/visualise-orbitN</span></span></span></span></p> <p class="western">&nbsp;</p> <p>&nbsp;</p><br> <p>  Last Modified: 07/23/2024<br> Modified by: Richard&nbsp;E&nbsp;Zeebe</p></div> <div class="porSideCol" ><div class="each-gallery"> <div class="galContent" id="gallery0"> <div class="photoCount" id="photoCount0">          Image         </div> <div class="galControls onePhoto" id="controls0"></div> <div class="galSlideshow" id="slideshow0"></div> <div class="galEmbox" id="embox"> <div class="image-title"></div> </div> </div> <div class="galNavigation onePhoto" id="navigation0"> <ul class="thumbs" id="thumbs0"> <li> <a href="/por/images/Reports/POR/2024/2001022/2001022_10665729_1721696924018_SolarSystem--rgov-214x142.png" original="/por/images/Reports/POR/2024/2001022/2001022_10665729_1721696924018_SolarSystem--rgov-800width.png" title="Solar System"><img src="/por/images/Reports/POR/2024/2001022/2001022_10665729_1721696924018_SolarSystem--rgov-66x44.png" alt="Solar System"></a> <div class="imageCaptionContainer"> <div class="imageCaption">A solar system animation using our numerical intergrator orbitN.</div> <div class="imageCredit">Zeebe & Kocken</div> <div class="imagePermisssions">Public Domain</div> <div class="imageSubmitted">Richard&nbsp;E&nbsp;Zeebe <div class="imageTitle">Solar System</div> </div> </li></ul> </div> </div></div> </div>]]></DRECONTENT>
<POR_COPY_TXT><![CDATA[  A fully calibrated astronomical time scale for the Cenozoic: Dating, climate forcing, and solar system chaos      To accurately determine the ages of geologic archives (dating), geologists use a calendar of the past that provides ages of geologic periods based on astronomical calculations, called the astronomical time scale. For example, observed cycles in the mineralogy (clay vs. carbonate) or in the chemistry of geologic archives can be matched to climate cycles caused by changes in the orbits of the planets, which are calculated by computing the planetary orbits backward in time. The astronomical calculations have a built-in clock and so provide accurate ages and detailed temporal sequences of events (chronologies) for the geologic record. The astronomical time scale therefore represents an important tool, highly sought-after by a variety of researchers and widely used within and beyond the fields of geology and geophysics. We have recently made progress in providing new astronomical calculations that stretch back to 58 million years before the present (Myr BP for short). Our calculations have been tested against archives recovered from the deep sea, called sediments (particles accumulating on the ocean floor), which also yielded critical insight into the chronology of climate events during the early Eocene (56 to 53 Myr BP), as well as new information about the chaotic motion of the solar system. The current project has built on our recent work and has provided a fully tested astronomical time scale and new astronomical calculations including the Paleocene (66 to 56 Myr BP). The key idea of our study is to use geology to constrain astronomy, and, conversely, use astronomy to provide key applications widely used in geology. Combined with results from previous studies, our project has provided an accurate astronomical time scale for the entire Cenozoic (66 Myr BP to present), has helped improve dating methods that use radioactive elements, has paved the way to bridging the gap to existing Cretaceous records (145 to 66 Myr BP), and has transformed our knowledge of the chaotic evolution of our solar system. We have also discovered that a so-called secular solar system resonance can disrupt the dominant cycle in Earth's orbital eccentricity (period of 405,000 years in the recent past) on long time scales, which requires revision of a long-standing paradigm in the field of astrochronology. In order to make our results easier accessible to a broader audience, we have produced videos and animations of solar system orbital solutions based on our integrations and made them available on github. The videos and animations can be used for teaching and educational purposes. https://github.com/japhir/visualise-orbitN           Last Modified: 07/23/2024       Submitted by: RichardEZeebe]]></POR_COPY_TXT>
</POR>
</Award>
</rootTag>
