<?xml version="1.0" encoding="UTF-8"?>
<rootTag>
<Award>
<AwardTitle><![CDATA[Seamless Additive Manufacturing of Electrical Circuits Inside Polymers for Multifunctional 3D Components]]></AwardTitle>
<AGENCY>NSF</AGENCY>
<AwardEffectiveDate>09/01/2020</AwardEffectiveDate>
<AwardExpirationDate>08/31/2025</AwardExpirationDate>
<AwardTotalIntnAmount>499999.00</AwardTotalIntnAmount>
<AwardAmount>617999</AwardAmount>
<AwardInstrument>
<Value>Standard Grant</Value>
</AwardInstrument>
<Organization>
<Code>07030000</Code>
<Directorate>
<Abbreviation>ENG</Abbreviation>
<LongName>Directorate For Engineering</LongName>
</Directorate>
<Division>
<Abbreviation>CMMI</Abbreviation>
<LongName>Div Of Civil, Mechanical, &amp; Manufact Inn</LongName>
</Division>
</Organization>
<ProgramOfficer>
<SignBlockName>Andrew Wells</SignBlockName>
<PO_EMAI>awells@nsf.gov</PO_EMAI>
<PO_PHON>7032927225</PO_PHON>
</ProgramOfficer>
<AbstractNarration>Additive Manufacturing (AM) of polymers uses layer-by-layer material deposition to create complex three-dimensional (3D) objects. Combining AM with printing of metallic electrical circuits inside the 3D object can drastically enhance the functional capabilities of 3D parts. While many such fabrication approaches have been suggested, they impose a tradeoff between electronic performance, material capability, and material cost. This project will create new knowledge on a novel process that breaks this tradeoff. Multifunctional 3D parts are in increasing demand for aerospace, robotics, healthcare, defense, and Internet-of-Things applications. Thus, the new manufacturing capabilities enabled by this project will have multiple transformative socio-economic benefits and stimulate a new generation of product innovations in the additive manufacturing industry. This research will combine several disciplines including manufacturing, thermal, mechanics, optics, and materials science. This project will create multiple outreach testbeds for engaging women and underrepresented minorities across high school, middle school, and undergraduate levels. This team will engage industry by organizing additive manufacturing symposia, and perform public outreach via the creation of video articles. This integration of research and education will encourage diversity in engineering and manufacturing across multiple educational levels.&lt;br/&gt;&lt;br/&gt;This project’s goal is to enable concurrent 3D printing of polymer parts and electrically conductive metal circuits inside the part while achieving high electrical conductivity and low material cost. This research will test the hypothesis that flash light fusion of core-shell nanowires and physics-informed tuning of the process parameters can achieve those goals. Coupled optical, thermal, mass transfer and mechanical models over multiple length scales will be created and experimentally validated. This research will fill key knowledge gaps on the dynamics of optically-driven fusion in core-shell nanowires, thermomechanically-driven changes in circuit conductivity during polymer printing, and the relationship between the process parameters and performance. The outcome will be a scientific foundation for systemic realization of a performance-cost-material window that is not achievable with existing processes.&lt;br/&gt;&lt;br/&gt;This award reflects NSF's statutory mission and has been deemed worthy of support through evaluation using the Foundation's intellectual merit and broader impacts review criteria.</AbstractNarration>
<MinAmdLetterDate>06/16/2020</MinAmdLetterDate>
<MaxAmdLetterDate>04/21/2023</MaxAmdLetterDate>
<ARRAAmount/>
<TRAN_TYPE>Grant</TRAN_TYPE>
<CFDA_NUM>47.041</CFDA_NUM>
<NSF_PAR_USE_FLAG>1</NSF_PAR_USE_FLAG>
<FUND_AGCY_CODE>4900</FUND_AGCY_CODE>
<AWDG_AGCY_CODE>4900</AWDG_AGCY_CODE>
<AwardID>2001081</AwardID>
<Investigator>
<FirstName>Rajiv</FirstName>
<LastName>Malhotra</LastName>
<PI_MID_INIT/>
<PI_SUFX_NAME/>
<PI_FULL_NAME>Rajiv Malhotra</PI_FULL_NAME>
<EmailAddress><![CDATA[rajiv.malhotra@rutgers.edu]]></EmailAddress>
<NSF_ID>000667417</NSF_ID>
<StartDate>06/16/2020</StartDate>
<EndDate/>
<RoleCode>Principal Investigator</RoleCode>
</Investigator>
<Investigator>
<FirstName>Howon</FirstName>
<LastName>Lee</LastName>
<PI_MID_INIT/>
<PI_SUFX_NAME/>
<PI_FULL_NAME>Howon Lee</PI_FULL_NAME>
<EmailAddress><![CDATA[howon.lee@rutgers.edu]]></EmailAddress>
<NSF_ID>000678588</NSF_ID>
<StartDate>06/16/2020</StartDate>
<EndDate/>
<RoleCode>Co-Principal Investigator</RoleCode>
</Investigator>
<Institution>
<Name><![CDATA[Rutgers University New Brunswick]]></Name>
<CityName>NEW BRUNSWICK</CityName>
<ZipCode>089018559</ZipCode>
<PhoneNumber>8489320150</PhoneNumber>
<StreetAddress><![CDATA[3 RUTGERS PLZ]]></StreetAddress>
<StreetAddress2/>
<CountryName>United States</CountryName>
<StateName>New Jersey</StateName>
<StateCode>NJ</StateCode>
<CONGRESSDISTRICT>12</CONGRESSDISTRICT>
<CONGRESS_DISTRICT_ORG>NJ12</CONGRESS_DISTRICT_ORG>
<ORG_UEI_NUM>M1LVPE5GLSD9</ORG_UEI_NUM>
<ORG_LGL_BUS_NAME>RUTGERS, THE STATE UNIVERSITY</ORG_LGL_BUS_NAME>
<ORG_PRNT_UEI_NUM/>
</Institution>
<Performance_Institution>
<Name><![CDATA[Rutgers University New Brunswick]]></Name>
<CityName/>
<StateCode>NJ</StateCode>
<ZipCode>088543925</ZipCode>
<StreetAddress/>
<CountryCode>US</CountryCode>
<CountryName>United States</CountryName>
<StateName>New Jersey</StateName>
<CountryFlag>1</CountryFlag>
<CONGRESSDISTRICT>06</CONGRESSDISTRICT>
<CONGRESS_DISTRICT_PERF>NJ06</CONGRESS_DISTRICT_PERF>
</Performance_Institution>
<ProgramElement>
<Code>088Y00</Code>
<Text>AM-Advanced Manufacturing</Text>
</ProgramElement>
<ProgramElement>
<Code>164200</Code>
<Text>Special Initiatives</Text>
</ProgramElement>
<ProgramReference>
<Code>083E</Code>
<Text>MATERIAL TRANSFORMATION PROC</Text>
</ProgramReference>
<ProgramReference>
<Code>085E</Code>
<Text>POLYMER &amp; COMPOSITES PROCESSES</Text>
</ProgramReference>
<ProgramReference>
<Code>091Z</Code>
<Text>Data Initiatives</Text>
</ProgramReference>
<ProgramReference>
<Code>116E</Code>
<Text>RESEARCH EXP FOR UNDERGRADS</Text>
</ProgramReference>
<ProgramReference>
<Code>1775</Code>
<Text>ELECTRONIC/PHOTONIC MATERIALS</Text>
</ProgramReference>
<ProgramReference>
<Code>9178</Code>
<Text>UNDERGRADUATE EDUCATION</Text>
</ProgramReference>
<ProgramReference>
<Code>9231</Code>
<Text>SUPPL FOR UNDERGRAD RES ASSIST</Text>
</ProgramReference>
<ProgramReference>
<Code>9251</Code>
<Text>REU SUPP-Res Exp for Ugrd Supp</Text>
</ProgramReference>
<Appropriation>
<Code/>
<Name/>
<APP_SYMB_ID/>
</Appropriation>
<Appropriation>
<Code/>
<Name/>
<APP_SYMB_ID/>
</Appropriation>
<Appropriation>
<Code>0120</Code>
<Name>NSF RESEARCH &amp; RELATED ACTIVIT</Name>
<APP_SYMB_ID>040100</APP_SYMB_ID>
</Appropriation>
<Appropriation>
<Code>0121</Code>
<Name>NSF RESEARCH &amp; RELATED ACTIVIT</Name>
<APP_SYMB_ID>040100</APP_SYMB_ID>
</Appropriation>
<Fund>
<Code>01002324DB</Code>
<Name><![CDATA[NSF RESEARCH & RELATED ACTIVIT]]></Name>
<FUND_SYMB_ID>040100</FUND_SYMB_ID>
</Fund>
<Fund>
<Code>01002223DB</Code>
<Name><![CDATA[NSF RESEARCH & RELATED ACTIVIT]]></Name>
<FUND_SYMB_ID>040100</FUND_SYMB_ID>
</Fund>
<Fund>
<Code>01002021DB</Code>
<Name><![CDATA[NSF RESEARCH & RELATED ACTIVIT]]></Name>
<FUND_SYMB_ID>040100</FUND_SYMB_ID>
</Fund>
<Fund>
<Code>01002122DB</Code>
<Name><![CDATA[NSF RESEARCH & RELATED ACTIVIT]]></Name>
<FUND_SYMB_ID>040100</FUND_SYMB_ID>
</Fund>
<FUND_OBLG>2020~499999</FUND_OBLG>
<FUND_OBLG>2021~16000</FUND_OBLG>
<FUND_OBLG>2022~86000</FUND_OBLG>
<FUND_OBLG>2023~16000</FUND_OBLG>
</Award>
</rootTag>
