<?xml version="1.0" encoding="UTF-8"?>
<rootTag>
<Award>
<AwardTitle><![CDATA[EAGER: Collaborative Research: Bayesian Reasoning Machine on a Magneto-tunneling Junction Network]]></AwardTitle>
<AGENCY>NSF</AGENCY>
<AwardEffectiveDate>08/01/2020</AwardEffectiveDate>
<AwardExpirationDate>07/31/2022</AwardExpirationDate>
<AwardTotalIntnAmount>124999.00</AwardTotalIntnAmount>
<AwardAmount>149986</AwardAmount>
<AwardInstrument>
<Value>Standard Grant</Value>
</AwardInstrument>
<Organization>
<Code>05010000</Code>
<Directorate>
<Abbreviation>CSE</Abbreviation>
<LongName>Direct For Computer &amp; Info Scie &amp; Enginr</LongName>
</Directorate>
<Division>
<Abbreviation>CCF</Abbreviation>
<LongName>Division of Computing and Communication Foundations</LongName>
</Division>
</Organization>
<ProgramOfficer>
<SignBlockName>Sankar Basu</SignBlockName>
<PO_EMAI>sabasu@nsf.gov</PO_EMAI>
<PO_PHON>7032927843</PO_PHON>
</ProgramOfficer>
<AbstractNarration>Bayesian networks are a computational model that is very efficient for computing in the presence of uncertainty. It excels in such tasks as predicting stock market behavior, disease progression, etc. It is ideal for taking an event that occurred and predicting the likelihood of different known causes to have been the contributing factor. For example, given the symptoms of a patient, it can compute the probabilities of various diseases that could be causing the symptoms. Unfortunately, implementing Bayesian networks usually requires complex hardware that is expensive, prone to failure, dissipates too much energy and consumes too much area on a computer chip. The goal of this research is to overcome these disadvantages by replacing traditional electronic hardware with magnetic devices that interact with each other in a special way to elicit Bayesian inference. This can reduce the hardware complexity and all associated costs dramatically, making Bayesian networks compact and efficient. This research will establish the viability of this approach through extensive simulations. Graduate students will be trained in this field to produce a pool of skilled scientists and engineers with cutting-edge knowledge.&lt;br/&gt;&lt;br/&gt;Bayesian networks for computing in the presence of uncertainty leverage Bayesian inference engines implemented with complex hardware that often involves microcontrollers, shift registers, analog-to-digital converters, logic gates, etc. that dissipate exorbitant amounts of energy and have enormous footprints on a chip. It ha recently been shown by the project team that magnetic tunnel junctions (MTJs) that interact with each other by means of dipole coupling can implement Bayesian networks with vastly reduced energy cost and much smaller footprints.  Two dipole coupled MTJs A and B can realize an extremely efficient 2-node Bayesian network, where the probabilities of high and low resistance states of MTJ A are set by current or voltage, while the (random) resistance state of MTJ B is determined by varying degrees of dipole coupling between the two MTJs. The degree of dipole coupling is tuned with local strain applied to the soft layer of MTJ B using electrical excitation. This allows one to generate any desired anti-correlation or correlation between the resistance states of the two MTJs that can be varied between 0% and 100% using electrical excitation. In turn, this allows the generation of programmable conditional probabilities that can be exploited for Bayesian networks. This research will build a simulation base for this approach, test the viability of MTJ-based inference engines under different scenarios and design optimal sub-systems.&lt;br/&gt;&lt;br/&gt;This award reflects NSF's statutory mission and has been deemed worthy of support through evaluation using the Foundation's intellectual merit and broader impacts review criteria.</AbstractNarration>
<MinAmdLetterDate>07/31/2020</MinAmdLetterDate>
<MaxAmdLetterDate>08/27/2021</MaxAmdLetterDate>
<ARRAAmount/>
<TRAN_TYPE>Grant</TRAN_TYPE>
<CFDA_NUM>47.070</CFDA_NUM>
<NSF_PAR_USE_FLAG>1</NSF_PAR_USE_FLAG>
<FUND_AGCY_CODE>4900</FUND_AGCY_CODE>
<AWDG_AGCY_CODE>4900</AWDG_AGCY_CODE>
<AwardID>2001239</AwardID>
<Investigator>
<FirstName>Amit</FirstName>
<LastName>Trivedi</LastName>
<PI_MID_INIT>R</PI_MID_INIT>
<PI_SUFX_NAME/>
<PI_FULL_NAME>Amit R Trivedi</PI_FULL_NAME>
<EmailAddress><![CDATA[amitrt@uic.edu]]></EmailAddress>
<NSF_ID>000717123</NSF_ID>
<StartDate>07/31/2020</StartDate>
<EndDate/>
<RoleCode>Principal Investigator</RoleCode>
</Investigator>
<Institution>
<Name><![CDATA[University of Illinois at Chicago]]></Name>
<CityName>CHICAGO</CityName>
<ZipCode>606124305</ZipCode>
<PhoneNumber>3129962862</PhoneNumber>
<StreetAddress><![CDATA[809 S MARSHFIELD AVE M/C 551]]></StreetAddress>
<StreetAddress2/>
<CountryName>United States</CountryName>
<StateName>Illinois</StateName>
<StateCode>IL</StateCode>
<CONGRESSDISTRICT>07</CONGRESSDISTRICT>
<CONGRESS_DISTRICT_ORG>IL07</CONGRESS_DISTRICT_ORG>
<ORG_UEI_NUM>W8XEAJDKMXH3</ORG_UEI_NUM>
<ORG_LGL_BUS_NAME>UNIVERSITY OF ILLINOIS</ORG_LGL_BUS_NAME>
<ORG_PRNT_UEI_NUM/>
</Institution>
<Performance_Institution>
<Name><![CDATA[University of Illinois at Chicago]]></Name>
<CityName>Chicago</CityName>
<StateCode>IL</StateCode>
<ZipCode>606077021</ZipCode>
<StreetAddress><![CDATA[1200 W Harrison St]]></StreetAddress>
<CountryCode>US</CountryCode>
<CountryName>United States</CountryName>
<StateName>Illinois</StateName>
<CountryFlag>1</CountryFlag>
<CONGRESSDISTRICT>07</CONGRESSDISTRICT>
<CONGRESS_DISTRICT_PERF>IL07</CONGRESS_DISTRICT_PERF>
</Performance_Institution>
<ProgramElement>
<Code>779800</Code>
<Text>Software &amp; Hardware Foundation</Text>
</ProgramElement>
<ProgramReference>
<Code>7916</Code>
<Text>EAGER</Text>
</ProgramReference>
<ProgramReference>
<Code>7945</Code>
<Text>DES AUTO FOR MICRO &amp; NANO SYST</Text>
</ProgramReference>
<Appropriation>
<Code>0120</Code>
<Name>NSF RESEARCH &amp; RELATED ACTIVIT</Name>
<APP_SYMB_ID>040100</APP_SYMB_ID>
</Appropriation>
<Appropriation>
<Code>0121</Code>
<Name>NSF RESEARCH &amp; RELATED ACTIVIT</Name>
<APP_SYMB_ID>040100</APP_SYMB_ID>
</Appropriation>
<Fund>
<Code>01002021DB</Code>
<Name><![CDATA[NSF RESEARCH & RELATED ACTIVIT]]></Name>
<FUND_SYMB_ID>040100</FUND_SYMB_ID>
</Fund>
<Fund>
<Code>01002122DB</Code>
<Name><![CDATA[NSF RESEARCH & RELATED ACTIVIT]]></Name>
<FUND_SYMB_ID>040100</FUND_SYMB_ID>
</Fund>
<FUND_OBLG>2020~124999</FUND_OBLG>
<FUND_OBLG>2021~24987</FUND_OBLG>
<POR>
<DRECONTENT><![CDATA[<div class="porColContainerWBG"> <div class="porContentCol"><p class="clearingvert-spacing">The recent trend in adapting ultra-energy-efficient (but error-prone) nanomagnetic devices to non-Boolean computing and information processing (e.g., stochastic/probabilistic computing, neuromorphic, belief networks, etc.) has resulted in rapid strides in new computing modalities. Of particular interest have been Bayesian networks (BN) which may see revolutionary advances when adapted to a specific type of nanomagnetic devices. Bridging this potential gap, we have developed a novel nanomagnet-based computing substrate for BN that allows high-speed sampling from an arbitrary Bayesian graph. We have shown that magneto-tunneling junctions (MTJs) can be used for electrically programmable "sub-nanosecond'' probability sampler by co-optimizing voltage-controlled magnetic anisotropy and spin transfer torque. We have also developed methodologies to engineer local magnetostriction in the soft layers of MTJs enabling them to couple for programmable conditional sample generation. Our techniques have thus obviated the need for extensive energy-inefficient hardware like OP-AMPS, gates, shift registers, etc., to generate the correlations. We have also presented an architectural design and computation flow of the MTJ network to map an arbitrary Bayesian graph. We developed circuits to program and induce switching and interactions among MTJs.</p> <p class="clearingvert-spacing">The stochasticity of low-barrier straintronic MTJs and their programmable dipole interaction was also exploited to map quadratic unconstrained binary optimization (QUBO) problems on a nanomagnet network. Straintronic MTJs were simulated under a piezoelectric layer, and the applied voltage on the layer induced stress-based coupling of neighboring magnets which programmably counters the dipolar interaction of neighboring magnets. Since our scheme only facilitated magnet interaction on a one-dimensional (1D) chain, we also developed a mapping strategy to implement higher-order Ising interactions (such as on a two-dimensional lattice) on 1D chains of nanomagnets by iteratively solving the problems. In parallel, we developed architectures to solve Boolean satisfiability, also known as K-SAT, which is a nondeterministic polynomial-time complete (NP-complete) problem, intractable on conventional von Neumann digital computers. Our scheme exploited a straintronic interaction of coupled nanomagnets. Using this interaction, a simulated annealing-based accelerator was developed where the constraints of the satisfiability problem can be relaxed at the beginning for an efficient and swift search across its Boolean space. As the accelerator converges to the optimal solution, problem constraints can be gradually imposed by programming the piezoelectric coupling of magnets.</p> <p class="clearingvert-spacing">Overall, the project has developed fundamental techniques to solve computationally hard graph and combinatorial optimization problems using straintronic nanomagnet networks, allowing these problems to be efficiently solved within limited area/power edge computing resources.</p><br> <p>            Last Modified: 12/03/2022<br>      Modified by: Amit&nbsp;R&nbsp;Trivedi</p> </div> <div class="porSideCol"></div> </div>]]></DRECONTENT>
<POR_COPY_TXT><![CDATA[The recent trend in adapting ultra-energy-efficient (but error-prone) nanomagnetic devices to non-Boolean computing and information processing (e.g., stochastic/probabilistic computing, neuromorphic, belief networks, etc.) has resulted in rapid strides in new computing modalities. Of particular interest have been Bayesian networks (BN) which may see revolutionary advances when adapted to a specific type of nanomagnetic devices. Bridging this potential gap, we have developed a novel nanomagnet-based computing substrate for BN that allows high-speed sampling from an arbitrary Bayesian graph. We have shown that magneto-tunneling junctions (MTJs) can be used for electrically programmable "sub-nanosecond'' probability sampler by co-optimizing voltage-controlled magnetic anisotropy and spin transfer torque. We have also developed methodologies to engineer local magnetostriction in the soft layers of MTJs enabling them to couple for programmable conditional sample generation. Our techniques have thus obviated the need for extensive energy-inefficient hardware like OP-AMPS, gates, shift registers, etc., to generate the correlations. We have also presented an architectural design and computation flow of the MTJ network to map an arbitrary Bayesian graph. We developed circuits to program and induce switching and interactions among MTJs. The stochasticity of low-barrier straintronic MTJs and their programmable dipole interaction was also exploited to map quadratic unconstrained binary optimization (QUBO) problems on a nanomagnet network. Straintronic MTJs were simulated under a piezoelectric layer, and the applied voltage on the layer induced stress-based coupling of neighboring magnets which programmably counters the dipolar interaction of neighboring magnets. Since our scheme only facilitated magnet interaction on a one-dimensional (1D) chain, we also developed a mapping strategy to implement higher-order Ising interactions (such as on a two-dimensional lattice) on 1D chains of nanomagnets by iteratively solving the problems. In parallel, we developed architectures to solve Boolean satisfiability, also known as K-SAT, which is a nondeterministic polynomial-time complete (NP-complete) problem, intractable on conventional von Neumann digital computers. Our scheme exploited a straintronic interaction of coupled nanomagnets. Using this interaction, a simulated annealing-based accelerator was developed where the constraints of the satisfiability problem can be relaxed at the beginning for an efficient and swift search across its Boolean space. As the accelerator converges to the optimal solution, problem constraints can be gradually imposed by programming the piezoelectric coupling of magnets. Overall, the project has developed fundamental techniques to solve computationally hard graph and combinatorial optimization problems using straintronic nanomagnet networks, allowing these problems to be efficiently solved within limited area/power edge computing resources.       Last Modified: 12/03/2022       Submitted by: Amit R Trivedi]]></POR_COPY_TXT>
</POR>
</Award>
</rootTag>
