<?xml version="1.0" encoding="UTF-8"?>
<rootTag>
<Award>
<AwardTitle><![CDATA[Motivic Cohomology, Motivic Homotopy Theory and K-theory]]></AwardTitle>
<AGENCY>NSF</AGENCY>
<AwardEffectiveDate>08/01/2020</AwardEffectiveDate>
<AwardExpirationDate>07/31/2025</AwardExpirationDate>
<AwardTotalIntnAmount>389548.00</AwardTotalIntnAmount>
<AwardAmount>389548</AwardAmount>
<AwardInstrument>
<Value>Standard Grant</Value>
</AwardInstrument>
<Organization>
<Code>03040000</Code>
<Directorate>
<Abbreviation>MPS</Abbreviation>
<LongName>Direct For Mathematical &amp; Physical Scien</LongName>
</Directorate>
<Division>
<Abbreviation>DMS</Abbreviation>
<LongName>Division Of Mathematical Sciences</LongName>
</Division>
</Organization>
<ProgramOfficer>
<SignBlockName>Andrew Pollington</SignBlockName>
<PO_EMAI>adpollin@nsf.gov</PO_EMAI>
<PO_PHON>7032924878</PO_PHON>
</ProgramOfficer>
<AbstractNarration>This award supports the principal investigator's research on the connections between Algebra, Algebraic Geometry, and Topology. The goal is to gain a better understanding of the way that structures in algebraic geometry are reflected by structures in topology, using a blend of algebraic and topological methods. Several old conjectures will be attacked, and hopefully settled. In addition the project provides research training opportunities for graduate students.&lt;br/&gt;&lt;br/&gt;One part of the project is to find clean proofs of parts of the proof of the recently-verified Bloch-Kato conjecture. A related part of the project involves motivic homotopy theory; one goal is to understand how Voevodsky's slice filtration is related to algebraic cobordism and other motivic spectra and to verify several of the slice conjectures. The PI will also study the relationship between the singularities of a variety, its K-theory and its cdh-cohomology, using recently developed cohomological techniques. A final part of this project is to show that the algebraic Witt group of varieties behaves well with respect to polynomial and Laurent polynomial extensions.&lt;br/&gt;&lt;br/&gt;This award reflects NSF's statutory mission and has been deemed worthy of support through evaluation using the Foundation's intellectual merit and broader impacts review criteria.</AbstractNarration>
<MinAmdLetterDate>03/23/2020</MinAmdLetterDate>
<MaxAmdLetterDate>03/23/2020</MaxAmdLetterDate>
<ARRAAmount/>
<TRAN_TYPE>Grant</TRAN_TYPE>
<CFDA_NUM>47.049</CFDA_NUM>
<NSF_PAR_USE_FLAG>1</NSF_PAR_USE_FLAG>
<FUND_AGCY_CODE>4900</FUND_AGCY_CODE>
<AWDG_AGCY_CODE>4900</AWDG_AGCY_CODE>
<AwardID>2001417</AwardID>
<Investigator>
<FirstName>Charles</FirstName>
<LastName>Weibel</LastName>
<PI_MID_INIT>A</PI_MID_INIT>
<PI_SUFX_NAME/>
<PI_FULL_NAME>Charles A Weibel</PI_FULL_NAME>
<EmailAddress><![CDATA[weibel@math.rutgers.edu]]></EmailAddress>
<NSF_ID>000236615</NSF_ID>
<StartDate>03/23/2020</StartDate>
<EndDate/>
<RoleCode>Principal Investigator</RoleCode>
</Investigator>
<Institution>
<Name><![CDATA[Rutgers University New Brunswick]]></Name>
<CityName>NEW BRUNSWICK</CityName>
<ZipCode>089018559</ZipCode>
<PhoneNumber>8489320150</PhoneNumber>
<StreetAddress><![CDATA[3 RUTGERS PLZ]]></StreetAddress>
<StreetAddress2/>
<CountryName>United States</CountryName>
<StateName>New Jersey</StateName>
<StateCode>NJ</StateCode>
<CONGRESSDISTRICT>12</CONGRESSDISTRICT>
<CONGRESS_DISTRICT_ORG>NJ12</CONGRESS_DISTRICT_ORG>
<ORG_UEI_NUM>M1LVPE5GLSD9</ORG_UEI_NUM>
<ORG_LGL_BUS_NAME>RUTGERS, THE STATE UNIVERSITY</ORG_LGL_BUS_NAME>
<ORG_PRNT_UEI_NUM/>
</Institution>
<Performance_Institution>
<Name><![CDATA[Rutgers University New Brunswick]]></Name>
<CityName>Piscataway</CityName>
<StateCode>NJ</StateCode>
<ZipCode>088548019</ZipCode>
<StreetAddress><![CDATA[110 Frelinghuysen Road]]></StreetAddress>
<CountryCode>US</CountryCode>
<CountryName>United States</CountryName>
<StateName>New Jersey</StateName>
<CountryFlag>1</CountryFlag>
<CONGRESSDISTRICT>06</CONGRESSDISTRICT>
<CONGRESS_DISTRICT_PERF>NJ06</CONGRESS_DISTRICT_PERF>
</Performance_Institution>
<ProgramElement>
<Code>126400</Code>
<Text>ALGEBRA,NUMBER THEORY,AND COM</Text>
</ProgramElement>
<ProgramElement>
<Code>126700</Code>
<Text>TOPOLOGY</Text>
</ProgramElement>
<Appropriation>
<Code>0120</Code>
<Name>NSF RESEARCH &amp; RELATED ACTIVIT</Name>
<APP_SYMB_ID>040100</APP_SYMB_ID>
</Appropriation>
<Fund>
<Code>01002021DB</Code>
<Name><![CDATA[NSF RESEARCH & RELATED ACTIVIT]]></Name>
<FUND_SYMB_ID>040100</FUND_SYMB_ID>
</Fund>
<FUND_OBLG>2020~389548</FUND_OBLG>
</Award>
</rootTag>
