<?xml version="1.0" encoding="UTF-8"?>
<rootTag>
<Award>
<AwardTitle><![CDATA[SaTC: TTP: Medium: Reducing Container Kernel Attack Surface with TRACKS]]></AwardTitle>
<AGENCY>NSF</AGENCY>
<AwardEffectiveDate>10/01/2020</AwardEffectiveDate>
<AwardExpirationDate>09/30/2025</AwardExpirationDate>
<AwardTotalIntnAmount>1200000.00</AwardTotalIntnAmount>
<AwardAmount>1200000</AwardAmount>
<AwardInstrument>
<Value>Standard Grant</Value>
</AwardInstrument>
<Organization>
<Code>05050000</Code>
<Directorate>
<Abbreviation>CSE</Abbreviation>
<LongName>Direct For Computer &amp; Info Scie &amp; Enginr</LongName>
</Directorate>
<Division>
<Abbreviation>CNS</Abbreviation>
<LongName>Division Of Computer and Network Systems</LongName>
</Division>
</Organization>
<ProgramOfficer>
<SignBlockName>Andrey Kanaev</SignBlockName>
<PO_EMAI>akanaev@nsf.gov</PO_EMAI>
<PO_PHON>7032922841</PO_PHON>
</ProgramOfficer>
<AbstractNarration>The infrastructure that powers modern cloud computing environments uses isolated environments called containers to help keep users' data safe. Unfortunately, containers are still vulnerable to flaws in the core operating system (the Linux kernel), which can be used to compromise the security and integrity of container environments. The TRACKS (TRimming Augments Container Kernel Security) project aims to strengthen the security of container environments by hardening the Linux kernel.  The project's novelties are its use of how frequently code is encountered as a way to measure how likely it is to have security flaws.  Prior NSF-supported research has found that frequently-used code is less likely to have serious security vulnerabilities; TRACKS will transition this security metric to practice by placing security monitoring and additional checks into the portions of the Linux kernel that are most likely to be vulnerable and working to incorporate these kernels into real-world cloud environments.  One benefit of this approach is that since the checks are placed in code that is rarely used, the additional security comes at a very low performance cost.  The project's impacts are expected to be a significant improvement in the security of containers using the Linux kernel, which in turn will help protect the safety and privacy of millions of users.&lt;br/&gt;&lt;br/&gt;TRACKS works by first profiling the execution of the Linux kernel under a wide variety of common container workloads, creating a profile of the most commonly executed code paths. Next, the least commonly used code is instrumented using an LLVM-based compiler pass that can, according to user-defined policies, insert logging, add exploit mitigations such as bounds checking and control flow integrity, or even trigger a shut down of the container when rare code is encountered. In prior work, the investigators found that around 95% of kernel vulnerabilities were located in rarely executed code; as a result, the investigators expect that by creating these hardened kernels and working with cloud infrastructure providers to incorporate them into production environments, a significant improvement in cloud container security can be achieved.&lt;br/&gt;&lt;br/&gt;This award reflects NSF's statutory mission and has been deemed worthy of support through evaluation using the Foundation's intellectual merit and broader impacts review criteria.</AbstractNarration>
<MinAmdLetterDate>09/01/2020</MinAmdLetterDate>
<MaxAmdLetterDate>10/15/2020</MaxAmdLetterDate>
<ARRAAmount/>
<TRAN_TYPE>Grant</TRAN_TYPE>
<CFDA_NUM>47.070</CFDA_NUM>
<NSF_PAR_USE_FLAG>1</NSF_PAR_USE_FLAG>
<FUND_AGCY_CODE>4900</FUND_AGCY_CODE>
<AWDG_AGCY_CODE>4900</AWDG_AGCY_CODE>
<AwardID>2001161</AwardID>
<Investigator>
<FirstName>Justin</FirstName>
<LastName>Cappos</LastName>
<PI_MID_INIT/>
<PI_SUFX_NAME/>
<PI_FULL_NAME>Justin Cappos</PI_FULL_NAME>
<EmailAddress><![CDATA[jcappos@nyu.edu]]></EmailAddress>
<NSF_ID>000600621</NSF_ID>
<StartDate>09/01/2020</StartDate>
<EndDate/>
<RoleCode>Co-Principal Investigator</RoleCode>
</Investigator>
<Investigator>
<FirstName>Brendan</FirstName>
<LastName>Dolan-Gavitt</LastName>
<PI_MID_INIT/>
<PI_SUFX_NAME/>
<PI_FULL_NAME>Brendan Dolan-Gavitt</PI_FULL_NAME>
<EmailAddress><![CDATA[bd52@nyu.edu]]></EmailAddress>
<NSF_ID>000701772</NSF_ID>
<StartDate>09/01/2020</StartDate>
<EndDate/>
<RoleCode>Principal Investigator</RoleCode>
</Investigator>
<Institution>
<Name><![CDATA[New York University]]></Name>
<CityName>NEW YORK</CityName>
<ZipCode>100121019</ZipCode>
<PhoneNumber>2129982121</PhoneNumber>
<StreetAddress><![CDATA[70 WASHINGTON SQ S]]></StreetAddress>
<StreetAddress2/>
<CountryName>United States</CountryName>
<StateName>New York</StateName>
<StateCode>NY</StateCode>
<CONGRESSDISTRICT>10</CONGRESSDISTRICT>
<CONGRESS_DISTRICT_ORG>NY10</CONGRESS_DISTRICT_ORG>
<ORG_UEI_NUM>NX9PXMKW5KW8</ORG_UEI_NUM>
<ORG_LGL_BUS_NAME>NEW YORK UNIVERSITY</ORG_LGL_BUS_NAME>
<ORG_PRNT_UEI_NUM/>
</Institution>
<Performance_Institution>
<Name><![CDATA[New York University]]></Name>
<CityName>New York</CityName>
<StateCode>NY</StateCode>
<ZipCode>100121019</ZipCode>
<StreetAddress><![CDATA[70 Washington Square S]]></StreetAddress>
<CountryCode>US</CountryCode>
<CountryName>United States</CountryName>
<StateName>New York</StateName>
<CountryFlag>1</CountryFlag>
<CONGRESSDISTRICT>10</CONGRESSDISTRICT>
<CONGRESS_DISTRICT_PERF>NY10</CONGRESS_DISTRICT_PERF>
</Performance_Institution>
<ProgramElement>
<Code>806000</Code>
<Text>Secure &amp;Trustworthy Cyberspace</Text>
</ProgramElement>
<ProgramReference>
<Code>025Z</Code>
<Text>SaTC: Secure and Trustworthy Cyberspace</Text>
</ProgramReference>
<ProgramReference>
<Code>7924</Code>
<Text>MEDIUM PROJECT</Text>
</ProgramReference>
<Appropriation>
<Code>0120</Code>
<Name>NSF RESEARCH &amp; RELATED ACTIVIT</Name>
<APP_SYMB_ID>040100</APP_SYMB_ID>
</Appropriation>
<Fund>
<Code>01002021DB</Code>
<Name><![CDATA[NSF RESEARCH & RELATED ACTIVIT]]></Name>
<FUND_SYMB_ID>040100</FUND_SYMB_ID>
</Fund>
<FUND_OBLG>2020~1200000</FUND_OBLG>
</Award>
</rootTag>
