<?xml version="1.0" encoding="UTF-8"?>
<rootTag>
<Award>
<AwardTitle><![CDATA[Collaborative Research: CSEDI: Understanding the Role of Hydrogen and Melting in the Water Transport Across the Transition Zone-Lower Mantle Boundary]]></AwardTitle>
<AGENCY>NSF</AGENCY>
<AwardEffectiveDate>07/15/2020</AwardEffectiveDate>
<AwardExpirationDate>06/30/2025</AwardExpirationDate>
<AwardTotalIntnAmount>240976.00</AwardTotalIntnAmount>
<AwardAmount>240976</AwardAmount>
<AwardInstrument>
<Value>Standard Grant</Value>
</AwardInstrument>
<Organization>
<Code>06030000</Code>
<Directorate>
<Abbreviation>GEO</Abbreviation>
<LongName>Directorate For Geosciences</LongName>
</Directorate>
<Division>
<Abbreviation>EAR</Abbreviation>
<LongName>Division Of Earth Sciences</LongName>
</Division>
</Organization>
<ProgramOfficer>
<SignBlockName>Wendy Panero</SignBlockName>
<PO_EMAI>wpanero@nsf.gov</PO_EMAI>
<PO_PHON>7032925058</PO_PHON>
</ProgramOfficer>
<AbstractNarration>The aim of this project is to conduct new experimental and theoretical studies on the properties of mineral in the deep interior of Earth that will help us to understand the nature of global water circulation in Earth’s mantle. Not only on the surface, water (hydrogen) is present inside of Earth and slowly circulates. This global water circulation creates and maintains oceans on Earth. Based on a number of studies during the last a few decades, there is a clear idea about the water circulation in the shallow part of Earth’s interior. However, the nature of water circulation in the largest part of the mantle, the lower mantle, remains poorly constrained. A key in the global water circulation is the role of melting. Melting removes water from minerals to melt, and melt migrates a long distance to cause large-scale water transport. However, the nature of global water circulation in the deep mantle is very poorly understood mainly because our understanding of water in the minerals in the deep mantle is limited.  The PI team will bring together a suite of theoretical and experimental methods to address these questions, and will train both graduate and undergraduate students at three institutions on a cross-cutting research project.  The PIs will also engage in public outreach events.&lt;br/&gt;&lt;br/&gt;In this new project, the water solubility in bridgmanite (dominant lower mantle mineral) will be determined under the shallow lower mantle conditions from ~660 km to ~1000 km depth, and also the role of water (hydrogen) on electrical conductivity in bridgmanite will be investigated. Experimental studies will be made on clean single crystals of bridgmanite and the hydrogen content and solubility mechanisms will be studied using FTIR and SIMS. Electrical conductivity will be measured on these samples for different orientations using the AC impedance spectroscopy. First-principle computational studies will also be made on hydrogen solubility and mobility in bridgmanite to help interpreting the experimental results. These results will help us to develop a model of global water circulation and to test models against geophysical estimates of water distribution.&lt;br/&gt;&lt;br/&gt;This award reflects NSF's statutory mission and has been deemed worthy of support through evaluation using the Foundation's intellectual merit and broader impacts review criteria.</AbstractNarration>
<MinAmdLetterDate>07/09/2020</MinAmdLetterDate>
<MaxAmdLetterDate>07/09/2020</MaxAmdLetterDate>
<ARRAAmount/>
<TRAN_TYPE>Grant</TRAN_TYPE>
<CFDA_NUM>47.050</CFDA_NUM>
<NSF_PAR_USE_FLAG>1</NSF_PAR_USE_FLAG>
<FUND_AGCY_CODE>4900</FUND_AGCY_CODE>
<AWDG_AGCY_CODE>4900</AWDG_AGCY_CODE>
<AwardID>2001381</AwardID>
<Investigator>
<FirstName>Jung-Fu</FirstName>
<LastName>Lin</LastName>
<PI_MID_INIT/>
<PI_SUFX_NAME/>
<PI_FULL_NAME>Jung-Fu Lin</PI_FULL_NAME>
<EmailAddress><![CDATA[afu@jsg.utexas.edu]]></EmailAddress>
<NSF_ID>000297513</NSF_ID>
<StartDate>07/09/2020</StartDate>
<EndDate/>
<RoleCode>Principal Investigator</RoleCode>
</Investigator>
<Institution>
<Name><![CDATA[University of Texas at Austin]]></Name>
<CityName>AUSTIN</CityName>
<ZipCode>787121139</ZipCode>
<PhoneNumber>5124716424</PhoneNumber>
<StreetAddress><![CDATA[110 INNER CAMPUS DR]]></StreetAddress>
<StreetAddress2/>
<CountryName>United States</CountryName>
<StateName>Texas</StateName>
<StateCode>TX</StateCode>
<CONGRESSDISTRICT>25</CONGRESSDISTRICT>
<CONGRESS_DISTRICT_ORG>TX25</CONGRESS_DISTRICT_ORG>
<ORG_UEI_NUM>V6AFQPN18437</ORG_UEI_NUM>
<ORG_LGL_BUS_NAME>UNIVERSITY OF TEXAS AT AUSTIN</ORG_LGL_BUS_NAME>
<ORG_PRNT_UEI_NUM/>
</Institution>
<Performance_Institution>
<Name><![CDATA[University of Texas at Austin]]></Name>
<CityName>Austin</CityName>
<StateCode>TX</StateCode>
<ZipCode>787595316</ZipCode>
<StreetAddress><![CDATA[2275 Speedway Stop C9000]]></StreetAddress>
<CountryCode>US</CountryCode>
<CountryName>United States</CountryName>
<StateName>Texas</StateName>
<CountryFlag>1</CountryFlag>
<CONGRESSDISTRICT>37</CONGRESSDISTRICT>
<CONGRESS_DISTRICT_PERF>TX37</CONGRESS_DISTRICT_PERF>
</Performance_Institution>
<ProgramElement>
<Code>158500</Code>
<Text>STUDIES OF THE EARTHS DEEP INT</Text>
</ProgramElement>
<Appropriation>
<Code>0120</Code>
<Name>NSF RESEARCH &amp; RELATED ACTIVIT</Name>
<APP_SYMB_ID>040100</APP_SYMB_ID>
</Appropriation>
<Fund>
<Code>01002021DB</Code>
<Name><![CDATA[NSF RESEARCH & RELATED ACTIVIT]]></Name>
<FUND_SYMB_ID>040100</FUND_SYMB_ID>
</Fund>
<FUND_OBLG>2020~240976</FUND_OBLG>
</Award>
</rootTag>
