<?xml version="1.0" encoding="UTF-8"?>
<rootTag>
<Award>
<AwardTitle><![CDATA[Collaborative Research: Lithosphere-scale anisotropic imaging across the Eastern North American Margin's ocean-continent transition]]></AwardTitle>
<AGENCY>NSF</AGENCY>
<AwardEffectiveDate>08/16/2019</AwardEffectiveDate>
<AwardExpirationDate>07/31/2024</AwardExpirationDate>
<AwardTotalIntnAmount>115472.00</AwardTotalIntnAmount>
<AwardAmount>115472</AwardAmount>
<AwardInstrument>
<Value>Standard Grant</Value>
</AwardInstrument>
<Organization>
<Code>06040200</Code>
<Directorate>
<Abbreviation>GEO</Abbreviation>
<LongName>Directorate For Geosciences</LongName>
</Directorate>
<Division>
<Abbreviation>OCE</Abbreviation>
<LongName>Division Of Ocean Sciences</LongName>
</Division>
</Organization>
<ProgramOfficer>
<SignBlockName>Gail Christeson</SignBlockName>
<PO_EMAI>gchriste@nsf.gov</PO_EMAI>
<PO_PHON>7032922952</PO_PHON>
</ProgramOfficer>
<AbstractNarration>The cycle of continent formation and subsequent breakup to build oceans is an essential aspect of plate tectonics and is one of the fundamental processes that shape the planet. Yet, there are several details of continental rifting that continue to elude us. Rifted margins, such as that which comprises the entire east coast of the United States, represent the contact between continental crust and oceanic crust that is formed during, and after, the breakup (in this case, the Atlantic Ocean formed as Africa moved away). These margins retain a record of the processes that led up to, coincided with, and followed continental breakup. This project will utilize existing onshore and offshore seismic data to study in detail the deformation that produced the modern day eastern U.S. The results will aid in assessing contemporary hazard and risks along the margin. This project supports the training of a graduate student at the University of California at Santa Barbara and at least one undergraduate student at the University of Arizona. It also supports outreach activities to several high schools in North Carolina that hosted seismic instruments that recorded earthquake data used in the analyses.   &lt;br/&gt;&lt;br/&gt;&lt;br/&gt;This project aims to shed light on two fundamental scientific questions related to the structure, evolution, and on-going dynamics associated with the eastern North American passive rift margin (ENAM): 1) What is the structure of the lithosphere from top to bottom across the ocean-continent transition and how was it shaped by rifting processes? 2) What is the history of deformation both within and seaward of the passive margin, and how is present-day mantle flow controlled by the margin's structure? Depth-constrained 3-D anisotropic velocity models will be produced of the ENAM from crust to below the lithosphere-asthenosphere boundary (LAB). By employing different imaging techniques in sequence, we will create a suite of complementary models: a) 3-D isotropic shear velocity model from inversion of ambient noise and earthquake-generated surface waves; b) 1-D high-resolution velocity profiles using dispersion curves inverted jointly with S-p and P-s receiver functions sensitive to crust and mantle discontinuities; c) 3-D finite-frequency body-wave azimuthal anisotropy tomography using the surface wave tomography as a starting model. These models will be jointly interpreted to refine estimates of crustal thickness and LAB character across the margin in the context of geodynamical rifting models, as well as to understand deformational flow during rifting and margin maturation to the present day.&lt;br/&gt;&lt;br/&gt;This award reflects NSF's statutory mission and has been deemed worthy of support through evaluation using the Foundation's intellectual merit and broader impacts review criteria.</AbstractNarration>
<MinAmdLetterDate>11/15/2019</MinAmdLetterDate>
<MaxAmdLetterDate>05/15/2023</MaxAmdLetterDate>
<ARRAAmount/>
<TRAN_TYPE>Grant</TRAN_TYPE>
<CFDA_NUM>47.050</CFDA_NUM>
<NSF_PAR_USE_FLAG>1</NSF_PAR_USE_FLAG>
<FUND_AGCY_CODE>4900</FUND_AGCY_CODE>
<AWDG_AGCY_CODE>4900</AWDG_AGCY_CODE>
<AwardID>2001145</AwardID>
<Investigator>
<FirstName>Colton</FirstName>
<LastName>Lynner</LastName>
<PI_MID_INIT/>
<PI_SUFX_NAME/>
<PI_FULL_NAME>Colton Lynner</PI_FULL_NAME>
<EmailAddress><![CDATA[clynner@udel.edu]]></EmailAddress>
<NSF_ID>000675426</NSF_ID>
<StartDate>11/15/2019</StartDate>
<EndDate/>
<RoleCode>Principal Investigator</RoleCode>
</Investigator>
<Institution>
<Name><![CDATA[University of Delaware]]></Name>
<CityName>NEWARK</CityName>
<ZipCode>197160099</ZipCode>
<PhoneNumber>3028312136</PhoneNumber>
<StreetAddress><![CDATA[220 HULLIHEN HALL]]></StreetAddress>
<StreetAddress2/>
<CountryName>United States</CountryName>
<StateName>Delaware</StateName>
<StateCode>DE</StateCode>
<CONGRESSDISTRICT>00</CONGRESSDISTRICT>
<CONGRESS_DISTRICT_ORG>DE00</CONGRESS_DISTRICT_ORG>
<ORG_UEI_NUM>T72NHKM259N3</ORG_UEI_NUM>
<ORG_LGL_BUS_NAME>UNIVERSITY OF DELAWARE</ORG_LGL_BUS_NAME>
<ORG_PRNT_UEI_NUM/>
</Institution>
<Performance_Institution>
<Name><![CDATA[University of Delaware]]></Name>
<CityName>Newark</CityName>
<StateCode>DE</StateCode>
<ZipCode>197160099</ZipCode>
<StreetAddress><![CDATA[222 S Chapel St]]></StreetAddress>
<CountryCode>US</CountryCode>
<CountryName>United States</CountryName>
<StateName>Delaware</StateName>
<CountryFlag>1</CountryFlag>
<CONGRESSDISTRICT>00</CONGRESSDISTRICT>
<CONGRESS_DISTRICT_PERF>DE00</CONGRESS_DISTRICT_PERF>
</Performance_Institution>
<ProgramElement>
<Code>007F00</Code>
<Text>EARTHSCOPE</Text>
</ProgramElement>
<ProgramElement>
<Code>162000</Code>
<Text>Marine Geology and Geophysics</Text>
</ProgramElement>
<ProgramReference>
<Code>007F</Code>
<Text>EARTHSCOPE</Text>
</ProgramReference>
<ProgramReference>
<Code>8076</Code>
<Text>GeoPRISMS</Text>
</ProgramReference>
<Appropriation>
<Code>0118</Code>
<Name>NSF RESEARCH &amp; RELATED ACTIVIT</Name>
<APP_SYMB_ID>040100</APP_SYMB_ID>
</Appropriation>
<Fund>
<Code>01001819DB</Code>
<Name><![CDATA[NSF RESEARCH & RELATED ACTIVIT]]></Name>
<FUND_SYMB_ID>040100</FUND_SYMB_ID>
</Fund>
<FUND_OBLG>2018~115471</FUND_OBLG>
</Award>
</rootTag>
