<?xml version="1.0" encoding="UTF-8"?>
<rootTag>
<Award>
<AwardTitle><![CDATA[Analytic Theory of Automorphic Forms and L-Functions]]></AwardTitle>
<AGENCY>NSF</AGENCY>
<AwardEffectiveDate>06/01/2020</AwardEffectiveDate>
<AwardExpirationDate>09/30/2023</AwardExpirationDate>
<AwardTotalIntnAmount>167251.00</AwardTotalIntnAmount>
<AwardAmount>167251</AwardAmount>
<AwardInstrument>
<Value>Standard Grant</Value>
</AwardInstrument>
<Organization>
<Code>03040000</Code>
<Directorate>
<Abbreviation>MPS</Abbreviation>
<LongName>Direct For Mathematical &amp; Physical Scien</LongName>
</Directorate>
<Division>
<Abbreviation>DMS</Abbreviation>
<LongName>Division Of Mathematical Sciences</LongName>
</Division>
</Organization>
<ProgramOfficer>
<SignBlockName>Andrew Pollington</SignBlockName>
<PO_EMAI>adpollin@nsf.gov</PO_EMAI>
<PO_PHON>7032924878</PO_PHON>
</ProgramOfficer>
<AbstractNarration>This project is jointly funded by the Algebra and Number Theory program in the Division of Mathematical Sciences and the Established Program to Stimulate Competitive Research (EPSCoR). &lt;br/&gt;&lt;br/&gt;This research project is concerned with two objects at the cornerstones of number theory: L-functions and automorphic forms. These are very special types of functions, which package a lot of information and symmetry, and for this reason are the key to solving a myriad of mathematical problems. The project will reveal new symmetries possessed by L-functions, which in turn will be useful for understanding objects such as the prime numbers. Prime numbers are essential in cryptography, a method by which computer data is securely transferred. The project will also reveal how automorphic forms are distributed. This will partially answer some open questions in Arithmetic Quantum Chaos, a multidisciplinary field at the interface of number theory and theoretical physics. The project will provide research training opportunities for graduate students. The principal investigator will also continue to be involved in an outreach program to prepare underprivileged high school students for college entrance.&lt;br/&gt;&lt;br/&gt;In more detail, the principal goals of this project are to: 1) Make progress towards the Random Wave Conjecture, which predicts that automorphic forms should behave like random waves and 2) investigate the class of reciprocity formulae for L-functions. The Random Wave Conjecture can be formulated in terms of moments of automorphic forms, with the statement for the second moment corresponding to the familiar Quantum Unique Ergodicity problem. This project will go beyond QUE, by investigating higher moments of automorphic forms, and yielding a finer understanding of the distribution of automorphic forms. The reciprocity formulae are certain exact formulae for moments of L-functions, exhibiting some surprising symmetry. An early example is Motohashi's formula, which relates the fourth moment of the Riemann Zeta function to the third moment of automorphic forms. This project will discover new examples of reciprocity formulae, which will shed light on the nature of such symmetries and yield new applications, such as subconvexity bounds for L-functions. The unifying approach for both goals will be a study of moments of automorphic forms and L-functions, using methods from the analytic theory of L-functions and the spectral theory of automorphic forms.&lt;br/&gt;&lt;br/&gt;This award reflects NSF's statutory mission and has been deemed worthy of support through evaluation using the Foundation's intellectual merit and broader impacts review criteria.</AbstractNarration>
<MinAmdLetterDate>05/11/2020</MinAmdLetterDate>
<MaxAmdLetterDate>05/11/2020</MaxAmdLetterDate>
<ARRAAmount/>
<TRAN_TYPE>Grant</TRAN_TYPE>
<CFDA_NUM>47.049</CFDA_NUM>
<NSF_PAR_USE_FLAG>1</NSF_PAR_USE_FLAG>
<FUND_AGCY_CODE>4900</FUND_AGCY_CODE>
<AWDG_AGCY_CODE>4900</AWDG_AGCY_CODE>
<AwardID>2001183</AwardID>
<Investigator>
<FirstName>Rizwanur</FirstName>
<LastName>Khan</LastName>
<PI_MID_INIT/>
<PI_SUFX_NAME/>
<PI_FULL_NAME>Rizwanur Khan</PI_FULL_NAME>
<EmailAddress><![CDATA[rizwanur.khan@utdallas.edu]]></EmailAddress>
<NSF_ID>000702649</NSF_ID>
<StartDate>05/11/2020</StartDate>
<EndDate/>
<RoleCode>Principal Investigator</RoleCode>
</Investigator>
<Institution>
<Name><![CDATA[University of Mississippi]]></Name>
<CityName>UNIVERSITY</CityName>
<ZipCode>386779704</ZipCode>
<PhoneNumber>6629157482</PhoneNumber>
<StreetAddress><![CDATA[113 FALKNER]]></StreetAddress>
<StreetAddress2/>
<CountryName>United States</CountryName>
<StateName>Mississippi</StateName>
<StateCode>MS</StateCode>
<CONGRESSDISTRICT>01</CONGRESSDISTRICT>
<CONGRESS_DISTRICT_ORG>MS01</CONGRESS_DISTRICT_ORG>
<ORG_UEI_NUM>G1THVER8BNL4</ORG_UEI_NUM>
<ORG_LGL_BUS_NAME>THE UNIVERSITY OF MISSISSIPPI</ORG_LGL_BUS_NAME>
<ORG_PRNT_UEI_NUM/>
</Institution>
<Performance_Institution>
<Name><![CDATA[University of Mississippi]]></Name>
<CityName>University</CityName>
<StateCode>MS</StateCode>
<ZipCode>386771848</ZipCode>
<StreetAddress><![CDATA[320 Hume Hall]]></StreetAddress>
<CountryCode>US</CountryCode>
<CountryName>United States</CountryName>
<StateName>Mississippi</StateName>
<CountryFlag>1</CountryFlag>
<CONGRESSDISTRICT>01</CONGRESSDISTRICT>
<CONGRESS_DISTRICT_PERF>MS01</CONGRESS_DISTRICT_PERF>
</Performance_Institution>
<ProgramElement>
<Code>126400</Code>
<Text>ALGEBRA,NUMBER THEORY,AND COM</Text>
</ProgramElement>
<ProgramElement>
<Code>915000</Code>
<Text>EPSCoR Co-Funding</Text>
</ProgramElement>
<ProgramReference>
<Code>9150</Code>
<Text>EXP PROG TO STIM COMP RES</Text>
</ProgramReference>
<Appropriation>
<Code>0120</Code>
<Name>NSF RESEARCH &amp; RELATED ACTIVIT</Name>
<APP_SYMB_ID>040100</APP_SYMB_ID>
</Appropriation>
<Fund>
<Code>01002021DB</Code>
<Name><![CDATA[NSF RESEARCH & RELATED ACTIVIT]]></Name>
<FUND_SYMB_ID>040100</FUND_SYMB_ID>
</Fund>
<FUND_OBLG>2020~127994</FUND_OBLG>
</Award>
</rootTag>
