<?xml version="1.0" encoding="UTF-8"?>
<rootTag>
<Award>
<AwardTitle><![CDATA[NSF-BSF: Categorical Methods in Representation Theory of Lie Superalgebras]]></AwardTitle>
<AGENCY>NSF</AGENCY>
<AwardEffectiveDate>07/01/2020</AwardEffectiveDate>
<AwardExpirationDate>06/30/2025</AwardExpirationDate>
<AwardTotalIntnAmount>294571.00</AwardTotalIntnAmount>
<AwardAmount>294571</AwardAmount>
<AwardInstrument>
<Value>Standard Grant</Value>
</AwardInstrument>
<Organization>
<Code>03040000</Code>
<Directorate>
<Abbreviation>MPS</Abbreviation>
<LongName>Direct For Mathematical &amp; Physical Scien</LongName>
</Directorate>
<Division>
<Abbreviation>DMS</Abbreviation>
<LongName>Division Of Mathematical Sciences</LongName>
</Division>
</Organization>
<ProgramOfficer>
<SignBlockName>James Matthew Douglass</SignBlockName>
<PO_EMAI>mdouglas@nsf.gov</PO_EMAI>
<PO_PHON>7032922467</PO_PHON>
</ProgramOfficer>
<AbstractNarration>This project will explore connections between representation theory of Lie superalgebras and tensor categories. Representation theory of groups and Lie algebras is a mathematical language for studying symmetries of different problems in natural sciences. In this project, the PI will study a certain modification of Lie algebras called Lie superalgebras. The term "super" means that in addition to the usual (even or "bosonic") symmetries we allow another kind: "odd symmetries", which behave in a certain sense "like fermions." Superalgebras are mathematical tools encoding the concept of supersymmetry developed in physics in the second half of the 20th century. The theory of symmetric monoidal (tensor) categories is an advanced framework in representation theory. Recent developments have uncovered deep connections between superalgebras and tensor categories. The PI  will study applications of these results that will shed new light on the theory of Lie superalgebras, and provide new tools and techniques for investigating supersymmetries. This research area has many open questions that are accessible accessible for beginning researchers and this proposal includes research projects to be undertaken by undergraduate and graduate students.&lt;br/&gt;&lt;br/&gt;This proposal was submitted in response to the Dear Colleague Letter NSF 17-120: Special Guidelines for Submitting Collaborative Proposals under National Science Foundation (NSF) and US-Israel Binational Science Foundation (BSF) Collaborative Research Opportunities, and the proposed research will be pursued in collaboration with an Israeli researcher. Three projects are proposed. In the first project, the PIs will describe the conditions under which a natural generalization of the Jacobson-Morozov lemma holds for supergroups (and Lie superalgebras). This will be done using the theory of semisimplifications of tensor categories, in the spirit of recent work of Etingof, Ostrik, Andre, and Kahn. The PIs will then investigate the case when the condition on the supergroup does not hold and develop an analogue of the notion of a reductive envelope for supergroups. The second project concerns symmetric monoidal functors between representations of different Lie superalgebras. The PIs will study compositions of such functors and endomorphisms of such compositions. The third project concerns the periplectic supergroup, which is an interesting superanalogue of the orthogonal group. The PIs will answer open questions about representations of the periplectic supergroups, such as computing dimensions and characters of irreducible representations, as well as use Duflo-Serganova functors to study stabilization patterns in periplectic representation theory.&lt;br/&gt;&lt;br/&gt;This award reflects NSF's statutory mission and has been deemed worthy of support through evaluation using the Foundation's intellectual merit and broader impacts review criteria.</AbstractNarration>
<MinAmdLetterDate>03/26/2020</MinAmdLetterDate>
<MaxAmdLetterDate>03/26/2020</MaxAmdLetterDate>
<ARRAAmount/>
<TRAN_TYPE>Grant</TRAN_TYPE>
<CFDA_NUM>47.049</CFDA_NUM>
<NSF_PAR_USE_FLAG>1</NSF_PAR_USE_FLAG>
<FUND_AGCY_CODE>4900</FUND_AGCY_CODE>
<AWDG_AGCY_CODE>4900</AWDG_AGCY_CODE>
<AwardID>2001191</AwardID>
<Investigator>
<FirstName>Vera</FirstName>
<LastName>Serganova</LastName>
<PI_MID_INIT/>
<PI_SUFX_NAME/>
<PI_FULL_NAME>Vera Serganova</PI_FULL_NAME>
<EmailAddress><![CDATA[serganova@math.berkeley.edu]]></EmailAddress>
<NSF_ID>000101877</NSF_ID>
<StartDate>03/26/2020</StartDate>
<EndDate/>
<RoleCode>Principal Investigator</RoleCode>
</Investigator>
<Institution>
<Name><![CDATA[University of California-Berkeley]]></Name>
<CityName>BERKELEY</CityName>
<ZipCode>947101749</ZipCode>
<PhoneNumber>5106433891</PhoneNumber>
<StreetAddress><![CDATA[1608 4TH ST STE 201]]></StreetAddress>
<StreetAddress2/>
<CountryName>United States</CountryName>
<StateName>California</StateName>
<StateCode>CA</StateCode>
<CONGRESSDISTRICT>12</CONGRESSDISTRICT>
<CONGRESS_DISTRICT_ORG>CA12</CONGRESS_DISTRICT_ORG>
<ORG_UEI_NUM>GS3YEVSS12N6</ORG_UEI_NUM>
<ORG_LGL_BUS_NAME>REGENTS OF THE UNIVERSITY OF CALIFORNIA, THE</ORG_LGL_BUS_NAME>
<ORG_PRNT_UEI_NUM/>
</Institution>
<Performance_Institution>
<Name><![CDATA[University of California-Berkeley]]></Name>
<CityName>Berkeley</CityName>
<StateCode>CA</StateCode>
<ZipCode>947203840</ZipCode>
<StreetAddress><![CDATA[Dept of Mathematics]]></StreetAddress>
<CountryCode>US</CountryCode>
<CountryName>United States</CountryName>
<StateName>California</StateName>
<CountryFlag>1</CountryFlag>
<CONGRESSDISTRICT>12</CONGRESSDISTRICT>
<CONGRESS_DISTRICT_PERF>CA12</CONGRESS_DISTRICT_PERF>
</Performance_Institution>
<ProgramElement>
<Code>126400</Code>
<Text>ALGEBRA,NUMBER THEORY,AND COM</Text>
</ProgramElement>
<Appropriation>
<Code>0120</Code>
<Name>NSF RESEARCH &amp; RELATED ACTIVIT</Name>
<APP_SYMB_ID>040100</APP_SYMB_ID>
</Appropriation>
<Fund>
<Code>01002021DB</Code>
<Name><![CDATA[NSF RESEARCH & RELATED ACTIVIT]]></Name>
<FUND_SYMB_ID>040100</FUND_SYMB_ID>
</Fund>
<FUND_OBLG>2020~294571</FUND_OBLG>
</Award>
</rootTag>
