<?xml version="1.0" encoding="UTF-8"?>
<rootTag>
<Award>
<AwardTitle><![CDATA[Homological Techniques for Noncommutative Algebras and Tensor Categories]]></AwardTitle>
<AGENCY>NSF</AGENCY>
<AwardEffectiveDate>09/01/2020</AwardEffectiveDate>
<AwardExpirationDate>08/31/2024</AwardExpirationDate>
<AwardTotalIntnAmount>200000.00</AwardTotalIntnAmount>
<AwardAmount>200000</AwardAmount>
<AwardInstrument>
<Value>Standard Grant</Value>
</AwardInstrument>
<Organization>
<Code>03040000</Code>
<Directorate>
<Abbreviation>MPS</Abbreviation>
<LongName>Direct For Mathematical &amp; Physical Scien</LongName>
</Directorate>
<Division>
<Abbreviation>DMS</Abbreviation>
<LongName>Division Of Mathematical Sciences</LongName>
</Division>
</Organization>
<ProgramOfficer>
<SignBlockName>Andrew Pollington</SignBlockName>
<PO_EMAI>adpollin@nsf.gov</PO_EMAI>
<PO_PHON>7032924878</PO_PHON>
</ProgramOfficer>
<AbstractNarration>Many objects in nature, such as flowers, crystals, and molecules, exhibit symmetry. Symmetry can be described mathematically through motions, for example, a rotation after which the object appears the same. Such motions collectively form what is called a symmetry group. In quantum physics, this classical notion of symmetry group is no longer enough to capture all symmetries and is replaced by a notion more suited to quantum phenomena, termed quantum symmetry groups, or by related more general mathematical structures. This project carries out basic research in quantum symmetry, which is important in current applications of mathematics such as quantum computing and quantum information science. The project aims to develop and apply techniques for breaking down instances of quantum symmetry into smaller components, facilitating understanding. This work will expand the techniques available for answering questions about quantum symmetry that arise in applications. The project involves training of students through research involvement.&lt;br/&gt;&lt;br/&gt;Quantum groups, noncommutative algebras, and tensor categories are the settings for quantum symmetry studied in this project, which uses homological techniques to shed light on their structure. The research involves several directions. The investigator will study the cohomology of Hopf algebras and tensor categories, specifically to investigate a conjecture that cohomology of finite tensor categories is always finitely generated. The investigator aims to establish results on the structure of support varieties for finite tensor categories, harnessing homological techniques combined with geometry to obtain information such as a tensor product property and criteria for wild representation type. She plans to establish a direct connection between two different techniques that were developed recently, the homotopy lifting method and loops in exact categories, calling on techniques used in connection with A-infinity structures. She will also continue to develop improved techniques for understanding the Lie structure of the Hochschild cohomology of twisted tensor product algebras, particularly skew group algebras.&lt;br/&gt;&lt;br/&gt;This award reflects NSF's statutory mission and has been deemed worthy of support through evaluation using the Foundation's intellectual merit and broader impacts review criteria.</AbstractNarration>
<MinAmdLetterDate>03/20/2020</MinAmdLetterDate>
<MaxAmdLetterDate>03/20/2020</MaxAmdLetterDate>
<ARRAAmount/>
<TRAN_TYPE>Grant</TRAN_TYPE>
<CFDA_NUM>47.049</CFDA_NUM>
<NSF_PAR_USE_FLAG>1</NSF_PAR_USE_FLAG>
<FUND_AGCY_CODE>4900</FUND_AGCY_CODE>
<AWDG_AGCY_CODE>4900</AWDG_AGCY_CODE>
<AwardID>2001163</AwardID>
<Investigator>
<FirstName>Sarah</FirstName>
<LastName>Witherspoon</LastName>
<PI_MID_INIT>J</PI_MID_INIT>
<PI_SUFX_NAME/>
<PI_FULL_NAME>Sarah J Witherspoon</PI_FULL_NAME>
<EmailAddress><![CDATA[sjw@math.tamu.edu]]></EmailAddress>
<NSF_ID>000347528</NSF_ID>
<StartDate>03/20/2020</StartDate>
<EndDate/>
<RoleCode>Principal Investigator</RoleCode>
</Investigator>
<Institution>
<Name><![CDATA[Texas A&M University]]></Name>
<CityName>COLLEGE STATION</CityName>
<ZipCode>778454375</ZipCode>
<PhoneNumber>9798626777</PhoneNumber>
<StreetAddress><![CDATA[400 HARVEY MITCHELL PKY S STE 30]]></StreetAddress>
<StreetAddress2/>
<CountryName>United States</CountryName>
<StateName>Texas</StateName>
<StateCode>TX</StateCode>
<CONGRESSDISTRICT>10</CONGRESSDISTRICT>
<CONGRESS_DISTRICT_ORG>TX10</CONGRESS_DISTRICT_ORG>
<ORG_UEI_NUM>JF6XLNB4CDJ5</ORG_UEI_NUM>
<ORG_LGL_BUS_NAME>TEXAS A &amp; M UNIVERSITY</ORG_LGL_BUS_NAME>
<ORG_PRNT_UEI_NUM/>
</Institution>
<Performance_Institution>
<Name><![CDATA[Texas A&M University Main Campus]]></Name>
<CityName>College Station</CityName>
<StateCode>TX</StateCode>
<ZipCode>778433368</ZipCode>
<StreetAddress/>
<CountryCode>US</CountryCode>
<CountryName>United States</CountryName>
<StateName>Texas</StateName>
<CountryFlag>1</CountryFlag>
<CONGRESSDISTRICT>10</CONGRESSDISTRICT>
<CONGRESS_DISTRICT_PERF>TX10</CONGRESS_DISTRICT_PERF>
</Performance_Institution>
<ProgramElement>
<Code>126400</Code>
<Text>ALGEBRA,NUMBER THEORY,AND COM</Text>
</ProgramElement>
<Appropriation>
<Code>0120</Code>
<Name>NSF RESEARCH &amp; RELATED ACTIVIT</Name>
<APP_SYMB_ID>040100</APP_SYMB_ID>
</Appropriation>
<Fund>
<Code>01002021DB</Code>
<Name><![CDATA[NSF RESEARCH & RELATED ACTIVIT]]></Name>
<FUND_SYMB_ID>040100</FUND_SYMB_ID>
</Fund>
<FUND_OBLG>2020~200000</FUND_OBLG>
<POR>
<DRECONTENT><![CDATA[<div class="porColContainerWBG"> <div class="porContentCol"><p>The PI developed fundamental tools for use in addressing questions about quantum symmetry. Classical symmetry, for example of crystals or molecules, can be expressed and studied mathematically by way of symmetry groups. More generally, and in many settings of current interest, symmetry is expressed and studied with noncommutative algebras or tensor categories. Homological techniques facilitate study by breaking information down into smaller components.</p> <p>The PI, together with collaborators, proved a finite generation conjecture about cohomology of some types of finite dimensional Hopf algebras, developing new homological techniques in the process. She worked with several different groups of collaborators to understand the Lie structure of Hochschild cohomology of algebras, in particular using the relatively new homotopy lifting technique for arbitrary resolutions. She proved results on support varieties for tensor categories, primarily focusing on conditions under which the tensor product property does or does not hold.&nbsp;</p> <p>The project provided good training opportunities for graduate students, postdocs, and other early career mathematicians. The PI advised four PhD students who graduated during the grant period, and wrote joint papers with all of them as part of the project. She mentored several other early career mathematicians, included as collaborators on several of the papers in the scope of the project.</p><br> <p>  Last Modified: 09/02/2024<br> Modified by: Sarah&nbsp;J&nbsp;Witherspoon</p></div> <div class="porSideCol" ></div> </div>]]></DRECONTENT>
<POR_COPY_TXT><![CDATA[  The PI developed fundamental tools for use in addressing questions about quantum symmetry. Classical symmetry, for example of crystals or molecules, can be expressed and studied mathematically by way of symmetry groups. More generally, and in many settings of current interest, symmetry is expressed and studied with noncommutative algebras or tensor categories. Homological techniques facilitate study by breaking information down into smaller components.   The PI, together with collaborators, proved a finite generation conjecture about cohomology of some types of finite dimensional Hopf algebras, developing new homological techniques in the process. She worked with several different groups of collaborators to understand the Lie structure of Hochschild cohomology of algebras, in particular using the relatively new homotopy lifting technique for arbitrary resolutions. She proved results on support varieties for tensor categories, primarily focusing on conditions under which the tensor product property does or does not hold.   The project provided good training opportunities for graduate students, postdocs, and other early career mathematicians. The PI advised four PhD students who graduated during the grant period, and wrote joint papers with all of them as part of the project. She mentored several other early career mathematicians, included as collaborators on several of the papers in the scope of the project.     Last Modified: 09/02/2024       Submitted by: SarahJWitherspoon]]></POR_COPY_TXT>
</POR>
</Award>
</rootTag>
