<?xml version="1.0" encoding="UTF-8"?>
<rootTag>
<Award>
<AwardTitle><![CDATA[NSF Student Travel Grant for 2019 ACM Conference on Computer and Communications Security (ACM CCS)]]></AwardTitle>
<AGENCY>NSF</AGENCY>
<AwardEffectiveDate>09/01/2019</AwardEffectiveDate>
<AwardExpirationDate>06/30/2020</AwardExpirationDate>
<AwardTotalIntnAmount>25000.00</AwardTotalIntnAmount>
<AwardAmount>25000</AwardAmount>
<AwardInstrument>
<Value>Standard Grant</Value>
</AwardInstrument>
<Organization>
<Code>05050000</Code>
<Directorate>
<Abbreviation>CSE</Abbreviation>
<LongName>Direct For Computer &amp; Info Scie &amp; Enginr</LongName>
</Directorate>
<Division>
<Abbreviation>CNS</Abbreviation>
<LongName>Division Of Computer and Network Systems</LongName>
</Division>
</Organization>
<ProgramOfficer>
<SignBlockName>Indrajit Ray</SignBlockName>
<PO_EMAI/>
<PO_PHON/>
</ProgramOfficer>
<AbstractNarration>The annual ACM Conference on Computer and Communications Security (ACM CCS) is a top-tier venue for quick and wide dissemination of cutting-edge research results in computer and communications security. The conference achieves this by hosting several technical sessions, in-depth tutorials poster sessions, panels and workshops.  The conference also invites leading researchers every year for keynote talks. They present seminars on some of the most intriguing and pressing challenges in the discipline, highlighting open avenues for further work in these areas. The 2019 ACM CCS will consist of approximately 140 technical papers across a wide spectrum of computer and network security and privacy domains. Participation in the conference is a valuable opportunity to students and is an important part of graduate education in cyber-security.&lt;br/&gt;&lt;br/&gt;This award provides travel support to encourage participation in the 2019 ACM Conference on Computer and Communications Security by students who would normally find it difficult to attend. Criteria for selection include evidence of a serious interest in the field as demonstrated by statement of research, CV showing research output, coursework and/or project experience, etc. Organizers encourage participation of women and students from other under-represented groups.&lt;br/&gt;&lt;br/&gt;This award reflects NSF's statutory mission and has been deemed worthy of support through evaluation using the Foundation's intellectual merit and broader impacts review criteria.</AbstractNarration>
<MinAmdLetterDate>10/28/2019</MinAmdLetterDate>
<MaxAmdLetterDate>10/28/2019</MaxAmdLetterDate>
<ARRAAmount/>
<TRAN_TYPE>Grant</TRAN_TYPE>
<CFDA_NUM>47.070</CFDA_NUM>
<NSF_PAR_USE_FLAG>1</NSF_PAR_USE_FLAG>
<FUND_AGCY_CODE>4900</FUND_AGCY_CODE>
<AWDG_AGCY_CODE>4900</AWDG_AGCY_CODE>
<AwardID>2001093</AwardID>
<Investigator>
<FirstName>Daniel</FirstName>
<LastName>Takabi</LastName>
<PI_MID_INIT/>
<PI_SUFX_NAME/>
<PI_FULL_NAME>Daniel Takabi</PI_FULL_NAME>
<EmailAddress><![CDATA[takabi@odu.edu]]></EmailAddress>
<NSF_ID>000658609</NSF_ID>
<StartDate>10/28/2019</StartDate>
<EndDate/>
<RoleCode>Principal Investigator</RoleCode>
</Investigator>
<Institution>
<Name><![CDATA[Georgia State University Research Foundation, Inc.]]></Name>
<CityName>ATLANTA</CityName>
<ZipCode>303032921</ZipCode>
<PhoneNumber>4044133570</PhoneNumber>
<StreetAddress><![CDATA[58 EDGEWOOD AVE NE]]></StreetAddress>
<StreetAddress2><![CDATA[FL 3]]></StreetAddress2>
<CountryName>United States</CountryName>
<StateName>Georgia</StateName>
<StateCode>GA</StateCode>
<CONGRESSDISTRICT>05</CONGRESSDISTRICT>
<CONGRESS_DISTRICT_ORG>GA05</CONGRESS_DISTRICT_ORG>
<ORG_UEI_NUM>MNS7B9CVKDN7</ORG_UEI_NUM>
<ORG_LGL_BUS_NAME>GEORGIA STATE UNIVERSITY RESEARCH FOUNDATION INC</ORG_LGL_BUS_NAME>
<ORG_PRNT_UEI_NUM/>
</Institution>
<Performance_Institution>
<Name><![CDATA[Georgia State University Research Foundation]]></Name>
<CityName>Atlanta</CityName>
<StateCode>GA</StateCode>
<ZipCode>303032921</ZipCode>
<StreetAddress><![CDATA[58 Edgewood Avenue]]></StreetAddress>
<CountryCode>US</CountryCode>
<CountryName>United States</CountryName>
<StateName>Georgia</StateName>
<CountryFlag>1</CountryFlag>
<CONGRESSDISTRICT>05</CONGRESSDISTRICT>
<CONGRESS_DISTRICT_PERF>GA05</CONGRESS_DISTRICT_PERF>
</Performance_Institution>
<ProgramElement>
<Code>806000</Code>
<Text>Secure &amp;Trustworthy Cyberspace</Text>
</ProgramElement>
<ProgramReference>
<Code>025Z</Code>
<Text>SaTC: Secure and Trustworthy Cyberspace</Text>
</ProgramReference>
<ProgramReference>
<Code>7556</Code>
<Text>CONFERENCE AND WORKSHOPS</Text>
</ProgramReference>
<Appropriation>
<Code>0119</Code>
<Name>NSF RESEARCH &amp; RELATED ACTIVIT</Name>
<APP_SYMB_ID>040100</APP_SYMB_ID>
</Appropriation>
<Fund>
<Code>01001920DB</Code>
<Name><![CDATA[NSF RESEARCH & RELATED ACTIVIT]]></Name>
<FUND_SYMB_ID>040100</FUND_SYMB_ID>
</Fund>
<FUND_OBLG>2019~25000</FUND_OBLG>
<POR>
<DRECONTENT><![CDATA[<div class="porColContainerWBG"> <div class="porContentCol"><p>The project awarded 25 student travel grants to students to attend the 26<sup>th</sup> ACM Conference on Computer and Communications Security (CCS) Conference and/or co-hosted workshops which were held in the city of London, UK from November 11, 2019 to November 15, 2019. These award allowed students who could not attend the conference without the travel grant to be able to attend and benefit from the conference. One of the main goals was to attract members of minority groups and majority of the awardees were students from minority groups that are traditionally underrepresented in CCS with 7 awardees being female students and 6 awardees being from underrepresented groups. The award amounts were $1000 for the main conference and $500 for the workshops.</p> <p>Today&rsquo;s students are tomorrow&rsquo;s leaders and providing them with an opportunity<strong> </strong>to enhance their skill sets is a direct investment towards a better future. ACM CCS is the flag-ship annual conference of the Special Interest Group on Security, Audit and Control (SIGSAC) of the Association for Computing Machinery (ACM); it facilitates quick and wide dissemination of cutting-edge research<strong> </strong>results and ideas in computer and communication security. Participation in the CCS conference and/or co-hosted workshops gave students the opportunity to establish careers that focus efforts on the important area of computer and communications security.</p> <p>&nbsp;</p><br> <p>            Last Modified: 07/05/2020<br>      Modified by: Daniel&nbsp;Takabi</p> </div> <div class="porSideCol"></div> </div>]]></DRECONTENT>
<POR_COPY_TXT><![CDATA[ The project awarded 25 student travel grants to students to attend the 26th ACM Conference on Computer and Communications Security (CCS) Conference and/or co-hosted workshops which were held in the city of London, UK from November 11, 2019 to November 15, 2019. These award allowed students who could not attend the conference without the travel grant to be able to attend and benefit from the conference. One of the main goals was to attract members of minority groups and majority of the awardees were students from minority groups that are traditionally underrepresented in CCS with 7 awardees being female students and 6 awardees being from underrepresented groups. The award amounts were $1000 for the main conference and $500 for the workshops.  Today’s students are tomorrow’s leaders and providing them with an opportunity to enhance their skill sets is a direct investment towards a better future. ACM CCS is the flag-ship annual conference of the Special Interest Group on Security, Audit and Control (SIGSAC) of the Association for Computing Machinery (ACM); it facilitates quick and wide dissemination of cutting-edge research results and ideas in computer and communication security. Participation in the CCS conference and/or co-hosted workshops gave students the opportunity to establish careers that focus efforts on the important area of computer and communications security.          Last Modified: 07/05/2020       Submitted by: Daniel Takabi]]></POR_COPY_TXT>
</POR>
</Award>
</rootTag>
