<?xml version="1.0" encoding="UTF-8"?>
<rootTag>
<Award>
<AwardTitle><![CDATA[Rational Points and Asymptotics of Distribution]]></AwardTitle>
<AGENCY>NSF</AGENCY>
<AwardEffectiveDate>06/01/2020</AwardEffectiveDate>
<AwardExpirationDate>05/31/2024</AwardExpirationDate>
<AwardTotalIntnAmount>400000.00</AwardTotalIntnAmount>
<AwardAmount>400000</AwardAmount>
<AwardInstrument>
<Value>Continuing Grant</Value>
</AwardInstrument>
<Organization>
<Code>03040000</Code>
<Directorate>
<Abbreviation>MPS</Abbreviation>
<LongName>Direct For Mathematical &amp; Physical Scien</LongName>
</Directorate>
<Division>
<Abbreviation>DMS</Abbreviation>
<LongName>Division Of Mathematical Sciences</LongName>
</Division>
</Organization>
<ProgramOfficer>
<SignBlockName>Adriana Salerno</SignBlockName>
<PO_EMAI>asalerno@nsf.gov</PO_EMAI>
<PO_PHON>7032922271</PO_PHON>
</ProgramOfficer>
<AbstractNarration>The fundamental question of contemporary number theory, which has also been the fundamental question of number theory for the last two and a half thousand years, is: what can we say about solutions to equations in whole numbers?  The PI’s research explores the relation of questions about solutions to equations (in particular, how many solutions certain kinds of equations have) with questions about geometry of certain kinds of spaces; in turn, another side of the PI’s proposed research investigates the ways geometry of high-dimensional spaces can be brought to bear on other problems in mathematics and data science which might not immediately "look like" geometry.  The PI’s research is closely entwined with his work as a popularizer of mathematics in print, broadcast, and social media; he is currently working on a book about geometry which will involve some of the funded research.&lt;br/&gt;&lt;br/&gt;The project covers a wide range of problems in number theory, algebraic geometry, and data science.  A central part is the work of PI and collaborators on a theory of height for rational points on algebraic stacks.  The definition was pinned down and its properties studied during the previous granting period; during the present period, we will state a general heuristic for asymptotically counting points on stacks of bounded height, and work towards proving new cases.  This new conjecture will include as special cases the Malle conjectures (how many number fields are there of discriminant at most X?) and the Batyrev-Manin conjectures (how many solutions are there to a given equation in integers all of which are at most X?)  but applies to many new cases besides, and sheds new light even on the classical questions.  In particular, our work adds to the developing consensus that we should go beyond heights attached to line bundles and study the variation of heights attached to vector bundles of arbitrary rank, opening up whole new directions of research and revealing new connections between existing sectors of the literature.  The project also includes a wide range of problems in other areas, including group theory (an attempt to use the method of “FI-groups” to prove property T for new families of groups, following the breakthrough of Kaluba, Kielak, and Nowak for Out(F_n)), arithmetic statistics (proving new results towards the Bhargava-Kane-Lenstra-Poonen-Rains conjectures on variation of Selmer groups in the function field case), multilinear algebra (understanding the algebraic and convex geometry of the locus of low-slice-rank tensors), and data science (investigation of what popular machine learning protocols do and don’t learn about symmetry from their input).&lt;br/&gt;&lt;br/&gt;This award reflects NSF's statutory mission and has been deemed worthy of support through evaluation using the Foundation's intellectual merit and broader impacts review criteria.</AbstractNarration>
<MinAmdLetterDate>01/30/2020</MinAmdLetterDate>
<MaxAmdLetterDate>07/06/2022</MaxAmdLetterDate>
<ARRAAmount/>
<TRAN_TYPE>Grant</TRAN_TYPE>
<CFDA_NUM>47.049</CFDA_NUM>
<NSF_PAR_USE_FLAG>1</NSF_PAR_USE_FLAG>
<FUND_AGCY_CODE>4900</FUND_AGCY_CODE>
<AWDG_AGCY_CODE>4900</AWDG_AGCY_CODE>
<AwardID>2001200</AwardID>
<Investigator>
<FirstName>Jordan</FirstName>
<LastName>Ellenberg</LastName>
<PI_MID_INIT>S</PI_MID_INIT>
<PI_SUFX_NAME/>
<PI_FULL_NAME>Jordan S Ellenberg</PI_FULL_NAME>
<EmailAddress><![CDATA[ellenber@math.wisc.edu]]></EmailAddress>
<NSF_ID>000234866</NSF_ID>
<StartDate>01/30/2020</StartDate>
<EndDate/>
<RoleCode>Principal Investigator</RoleCode>
</Investigator>
<Institution>
<Name><![CDATA[University of Wisconsin-Madison]]></Name>
<CityName>MADISON</CityName>
<ZipCode>537151218</ZipCode>
<PhoneNumber>6082623822</PhoneNumber>
<StreetAddress><![CDATA[21 N PARK ST STE 6301]]></StreetAddress>
<StreetAddress2/>
<CountryName>United States</CountryName>
<StateName>Wisconsin</StateName>
<StateCode>WI</StateCode>
<CONGRESSDISTRICT>02</CONGRESSDISTRICT>
<CONGRESS_DISTRICT_ORG>WI02</CONGRESS_DISTRICT_ORG>
<ORG_UEI_NUM>LCLSJAGTNZQ7</ORG_UEI_NUM>
<ORG_LGL_BUS_NAME>UNIVERSITY OF WISCONSIN SYSTEM</ORG_LGL_BUS_NAME>
<ORG_PRNT_UEI_NUM/>
</Institution>
<Performance_Institution>
<Name><![CDATA[University of Wisconsin-Madison]]></Name>
<CityName>MADISON</CityName>
<StateCode>WI</StateCode>
<ZipCode>537151218</ZipCode>
<StreetAddress><![CDATA[21 North Park Street]]></StreetAddress>
<CountryCode>US</CountryCode>
<CountryName>United States</CountryName>
<StateName>Wisconsin</StateName>
<CountryFlag>1</CountryFlag>
<CONGRESSDISTRICT>02</CONGRESSDISTRICT>
<CONGRESS_DISTRICT_PERF>WI02</CONGRESS_DISTRICT_PERF>
</Performance_Institution>
<ProgramElement>
<Code>126400</Code>
<Text>ALGEBRA,NUMBER THEORY,AND COM</Text>
</ProgramElement>
<Appropriation>
<Code>0120</Code>
<Name>NSF RESEARCH &amp; RELATED ACTIVIT</Name>
<APP_SYMB_ID>040100</APP_SYMB_ID>
</Appropriation>
<Appropriation>
<Code>0121</Code>
<Name>NSF RESEARCH &amp; RELATED ACTIVIT</Name>
<APP_SYMB_ID>040100</APP_SYMB_ID>
</Appropriation>
<Appropriation>
<Code>0122</Code>
<Name>NSF RESEARCH &amp; RELATED ACTIVIT</Name>
<APP_SYMB_ID>040100</APP_SYMB_ID>
</Appropriation>
<Fund>
<Code>01002021DB</Code>
<Name><![CDATA[NSF RESEARCH & RELATED ACTIVIT]]></Name>
<FUND_SYMB_ID>040100</FUND_SYMB_ID>
</Fund>
<Fund>
<Code>01002122DB</Code>
<Name><![CDATA[NSF RESEARCH & RELATED ACTIVIT]]></Name>
<FUND_SYMB_ID>040100</FUND_SYMB_ID>
</Fund>
<Fund>
<Code>01002223DB</Code>
<Name><![CDATA[NSF RESEARCH & RELATED ACTIVIT]]></Name>
<FUND_SYMB_ID>040100</FUND_SYMB_ID>
</Fund>
<FUND_OBLG>2020~123478</FUND_OBLG>
<FUND_OBLG>2021~124783</FUND_OBLG>
<FUND_OBLG>2022~151739</FUND_OBLG>
<POR>
<DRECONTENT><![CDATA[<div class="porColContainerWBG"> <div class="porContentCol"><p>In the granting period covered by &ldquo;Rational Points and Asymptotics of Distribution,&rdquo; the PI and his collaborators continued to expand and deepen the relation between rational points (in other words, solutions to equations) and questions of geometry.&nbsp; The research portion of the grant spanned several major projects.&nbsp; In work with Matt Satriano and David Zureick-Brown, the PI showed that two much-studied families of conjectures, called the Batyrev-Manin conjecture and the Malle conjecture, could actually be seen as manifestations of a previously unknown &ldquo;master conjecture,&rdquo; phrased in terms of a geometric object called an &ldquo;algebraic stack.&rdquo;&nbsp; This sheds new light on the subject and has already spurred many papers by others investigating the new conjecture.&nbsp; In work with TriThang Tran and Craig Westerland, we show that a version of the Malle conjecture holds over function fields &ndash; the novelty here is that, for the first time, we connect this area of number theory with a completely different area, quantum algebra.&nbsp; In work with Brian Lawrence and Akshay Venkatesh, we studied equations with &ldquo;sufficiently complicated&rdquo; geometry.&nbsp; These equations are expected to have only finitely many solutions, a conjecture that still seems far out of reach &ndash; but we were able to prove that they have *very few* solutions of any given size, a serious advance.&nbsp; The broader impact of the proposal was also successful.&nbsp; The PI wrote a new book, SHAPE, which presents many advanced geometric ideas in a form readable by the general public, published many articles in newspapers and magazines on mathematical talks, and appeared on the popular Lex Fridman podcast.&nbsp; He also provided mathematical consultation to multiple government agencies in Wisconsin.</p><br> <p>  Last Modified: 08/06/2024<br> Modified by: Jordan&nbsp;S&nbsp;Ellenberg</p></div> <div class="porSideCol" ></div> </div>]]></DRECONTENT>
<POR_COPY_TXT><![CDATA[  In the granting period covered by Rational Points and Asymptotics of Distribution, the PI and his collaborators continued to expand and deepen the relation between rational points (in other words, solutions to equations) and questions of geometry. The research portion of the grant spanned several major projects. In work with Matt Satriano and David Zureick-Brown, the PI showed that two much-studied families of conjectures, called the Batyrev-Manin conjecture and the Malle conjecture, could actually be seen as manifestations of a previously unknown master conjecture, phrased in terms of a geometric object called an algebraic stack. This sheds new light on the subject and has already spurred many papers by others investigating the new conjecture. In work with TriThang Tran and Craig Westerland, we show that a version of the Malle conjecture holds over function fields  the novelty here is that, for the first time, we connect this area of number theory with a completely different area, quantum algebra. In work with Brian Lawrence and Akshay Venkatesh, we studied equations with sufficiently complicated geometry. These equations are expected to have only finitely many solutions, a conjecture that still seems far out of reach  but we were able to prove that they have *very few* solutions of any given size, a serious advance. The broader impact of the proposal was also successful. The PI wrote a new book, SHAPE, which presents many advanced geometric ideas in a form readable by the general public, published many articles in newspapers and magazines on mathematical talks, and appeared on the popular Lex Fridman podcast. He also provided mathematical consultation to multiple government agencies in Wisconsin.     Last Modified: 08/06/2024       Submitted by: JordanSEllenberg]]></POR_COPY_TXT>
</POR>
</Award>
</rootTag>
