<?xml version="1.0" encoding="UTF-8"?>
<rootTag>
<Award>
<AwardTitle><![CDATA[Period Domains, Motives, and Ramification Theory in Arithmetic Geometry]]></AwardTitle>
<AGENCY>NSF</AGENCY>
<AwardEffectiveDate>07/01/2020</AwardEffectiveDate>
<AwardExpirationDate>06/30/2024</AwardExpirationDate>
<AwardTotalIntnAmount>414000.00</AwardTotalIntnAmount>
<AwardAmount>414000</AwardAmount>
<AwardInstrument>
<Value>Continuing Grant</Value>
</AwardInstrument>
<Organization>
<Code>03040000</Code>
<Directorate>
<Abbreviation>MPS</Abbreviation>
<LongName>Direct For Mathematical &amp; Physical Scien</LongName>
</Directorate>
<Division>
<Abbreviation>DMS</Abbreviation>
<LongName>Division Of Mathematical Sciences</LongName>
</Division>
</Organization>
<ProgramOfficer>
<SignBlockName>Adriana Salerno</SignBlockName>
<PO_EMAI>asalerno@nsf.gov</PO_EMAI>
<PO_PHON>7032922271</PO_PHON>
</ProgramOfficer>
<AbstractNarration>This award supports the principal investigators' research in arithmetic geometry. At its heart, arithmetic geometry is concerned with integer (or rational) solutions of polynomial equations, seeking to better understand numbers through their geometric structure. Famous questions in arithmetic geometry include the celebrated Fermat's Last Theorem. In particular, the PIs will study branching behavior (called "ramification")  of these geometric objects, and they will investigate parameter spaces that describe them (called "period domains"). New technology developed by the PIs and others -- including upper ramiﬁcation groups of an arbitrary henselian valuation ring, heights of motives, and motive versions of the Manin conjecture and the Vojta conjecture -- should allow for major progress on open questions in these areas. The project also provides support for the PIs to write books for researchers working in similar areas and provides research training opportunities for graduate students.&lt;br/&gt;&lt;br/&gt;The principal investigator intends to strengthen his study of ramification theory of schemes and of ell-adic sheaves, various extended period domains, and motives over number fields in arithmetic geometry connecting these subjects, and to study related problems (heights of motives, heights of variation of Hodge structures, Hodge theoretic Nevanlinna theory, zeta functions, Tamagawa number conjecture, Iwasawa theory, Sharifi conjecture, asymptotic behaviors of Beilinson regulators and period integrals which appear in physics etc.). The PI defined heights of motives, and formulated motive versions of the Manin conjecture and the Vojta conjecture about heights of points of an algebraic variety. He intends to obtain non-trivial results on these motive versions. The PI started the Hodge theoretic Nevanliina theory. He plans to make new progress in Hodge theory basing on this Nevanlinna point of view. The PI will collaborate with the co-principal investigator T. Fukaya to study Sharifi conjectures and to study the arithmetic of non-commutative rings.&lt;br/&gt;&lt;br/&gt;This award reflects NSF's statutory mission and has been deemed worthy of support through evaluation using the Foundation's intellectual merit and broader impacts review criteria.</AbstractNarration>
<MinAmdLetterDate>03/27/2020</MinAmdLetterDate>
<MaxAmdLetterDate>08/08/2022</MaxAmdLetterDate>
<ARRAAmount/>
<TRAN_TYPE>Grant</TRAN_TYPE>
<CFDA_NUM>47.049</CFDA_NUM>
<NSF_PAR_USE_FLAG>1</NSF_PAR_USE_FLAG>
<FUND_AGCY_CODE>4900</FUND_AGCY_CODE>
<AWDG_AGCY_CODE>4900</AWDG_AGCY_CODE>
<AwardID>2001182</AwardID>
<Investigator>
<FirstName>Kazuya</FirstName>
<LastName>Kato</LastName>
<PI_MID_INIT/>
<PI_SUFX_NAME/>
<PI_FULL_NAME>Kazuya Kato</PI_FULL_NAME>
<EmailAddress><![CDATA[kkato@math.uchicago.edu]]></EmailAddress>
<NSF_ID>000546455</NSF_ID>
<StartDate>03/27/2020</StartDate>
<EndDate/>
<RoleCode>Principal Investigator</RoleCode>
</Investigator>
<Investigator>
<FirstName>Takako</FirstName>
<LastName>Fukaya</LastName>
<PI_MID_INIT/>
<PI_SUFX_NAME/>
<PI_FULL_NAME>Takako Fukaya</PI_FULL_NAME>
<EmailAddress><![CDATA[takako@math.uchicago.edu]]></EmailAddress>
<NSF_ID>000546456</NSF_ID>
<StartDate>03/27/2020</StartDate>
<EndDate/>
<RoleCode>Co-Principal Investigator</RoleCode>
</Investigator>
<Institution>
<Name><![CDATA[University of Chicago]]></Name>
<CityName>CHICAGO</CityName>
<ZipCode>606375418</ZipCode>
<PhoneNumber>7737028669</PhoneNumber>
<StreetAddress><![CDATA[5801 S ELLIS AVE]]></StreetAddress>
<StreetAddress2/>
<CountryName>United States</CountryName>
<StateName>Illinois</StateName>
<StateCode>IL</StateCode>
<CONGRESSDISTRICT>01</CONGRESSDISTRICT>
<CONGRESS_DISTRICT_ORG>IL01</CONGRESS_DISTRICT_ORG>
<ORG_UEI_NUM>ZUE9HKT2CLC9</ORG_UEI_NUM>
<ORG_LGL_BUS_NAME>UNIVERSITY OF CHICAGO</ORG_LGL_BUS_NAME>
<ORG_PRNT_UEI_NUM>ZUE9HKT2CLC9</ORG_PRNT_UEI_NUM>
</Institution>
<Performance_Institution>
<Name><![CDATA[University of Chicago]]></Name>
<CityName>Chicago</CityName>
<StateCode>IL</StateCode>
<ZipCode>606371505</ZipCode>
<StreetAddress><![CDATA[5734 South University Ave]]></StreetAddress>
<CountryCode>US</CountryCode>
<CountryName>United States</CountryName>
<StateName>Illinois</StateName>
<CountryFlag>1</CountryFlag>
<CONGRESSDISTRICT>01</CONGRESSDISTRICT>
<CONGRESS_DISTRICT_PERF>IL01</CONGRESS_DISTRICT_PERF>
</Performance_Institution>
<ProgramElement>
<Code>126400</Code>
<Text>ALGEBRA,NUMBER THEORY,AND COM</Text>
</ProgramElement>
<Appropriation>
<Code>0120</Code>
<Name>NSF RESEARCH &amp; RELATED ACTIVIT</Name>
<APP_SYMB_ID>040100</APP_SYMB_ID>
</Appropriation>
<Appropriation>
<Code>0121</Code>
<Name>NSF RESEARCH &amp; RELATED ACTIVIT</Name>
<APP_SYMB_ID>040100</APP_SYMB_ID>
</Appropriation>
<Appropriation>
<Code>0122</Code>
<Name>NSF RESEARCH &amp; RELATED ACTIVIT</Name>
<APP_SYMB_ID>040100</APP_SYMB_ID>
</Appropriation>
<Fund>
<Code>01002021DB</Code>
<Name><![CDATA[NSF RESEARCH & RELATED ACTIVIT]]></Name>
<FUND_SYMB_ID>040100</FUND_SYMB_ID>
</Fund>
<Fund>
<Code>01002122DB</Code>
<Name><![CDATA[NSF RESEARCH & RELATED ACTIVIT]]></Name>
<FUND_SYMB_ID>040100</FUND_SYMB_ID>
</Fund>
<Fund>
<Code>01002223DB</Code>
<Name><![CDATA[NSF RESEARCH & RELATED ACTIVIT]]></Name>
<FUND_SYMB_ID>040100</FUND_SYMB_ID>
</Fund>
<FUND_OBLG>2020~182098</FUND_OBLG>
<FUND_OBLG>2021~115951</FUND_OBLG>
<FUND_OBLG>2022~115951</FUND_OBLG>
</Award>
</rootTag>
