<?xml version="1.0" encoding="UTF-8"?>
<rootTag>
<Award>
<AwardTitle><![CDATA[CAREER: Understanding the Thermal and Optical Behaviors of the Near Infrared (NIR)-Selective Dynamic Glazing Structures]]></AwardTitle>
<AGENCY>NSF</AGENCY>
<AwardEffectiveDate>10/01/2019</AwardEffectiveDate>
<AwardExpirationDate>12/31/2024</AwardExpirationDate>
<AwardTotalIntnAmount>500000.00</AwardTotalIntnAmount>
<AwardAmount>610000</AwardAmount>
<AwardInstrument>
<Value>Standard Grant</Value>
</AwardInstrument>
<Organization>
<Code>07030000</Code>
<Directorate>
<Abbreviation>ENG</Abbreviation>
<LongName>Directorate For Engineering</LongName>
</Directorate>
<Division>
<Abbreviation>CMMI</Abbreviation>
<LongName>Div Of Civil, Mechanical, &amp; Manufact Inn</LongName>
</Division>
</Organization>
<ProgramOfficer>
<SignBlockName>Gianluca Cusatis</SignBlockName>
<PO_EMAI>gcusatis@nsf.gov</PO_EMAI>
<PO_PHON>7032920000</PO_PHON>
</ProgramOfficer>
<AbstractNarration>The objective of this Faculty Early Career Development (CAREER) Program award is to understand the thermal and optical behaviors of windows consisting of multi-layer functions and near infrared (NIR)-selective effects. An ideal window should seasonally respond to the solar heat, while transmitting the visible light. However, current window technologies are challenged to modulate solar heat independent of visible light. Recent advances in nanomaterials have demonstrated the ability to independently manipulate NIR light. This project will integrate the nanoscale physical relations and effects of nanomaterials on the thermal and optical behaviors of multi-layer glazing structures. The societal impacts of the project will constitute a new class of building windows that can greatly reduce the total building energy consumption in the nation. The educational impacts will include courses concentrating on building windows and envelopes, which bridge the knowledge and ignite collaborative interest between the architecture and engineering communities for cultivating future professionals in the sustainable building industry. Furthermore, experimental modules will be created to teach high school students to build their own sensors for window measurements and to raise community and public awareness of energy-efficient window technology.&lt;br/&gt;&lt;br/&gt;To achieve the objective, the research approach includes: (1) decomposing global solar irradiance into its spectral band components to achieve a time-dependent NIR model; (2) deriving and experimentally validating the fundamental thermal and optical behaviors of NIR-selective glazing structures; and (3) integrating the thermo-optical model and NIR model for the evaluation and optimization of dynamic NIR-selective glazing structures. This research will form the foundation to understand the combined effects of nanoscale phenomenon (i.e., photoexcitation) and micro-to-macroscale glazing structure properties (i.e., glazing properties, spectral emissivity, central-layer insulating abilities, layer placements). Such knowledge will significantly improve our ability to incorporate NIR-selective materials into building windows. New analytical models that take the nanoscale NIR absorption and scattering features into account will be developed and experimentally validated. By coupling the developed solar spectral decomposition model and computational method to quantify glazing performance, this research will provide an understanding of the salient characteristics and patterns of the optimal time-dependent thermo-optical properties of NIR-selective glazing structures to achieve a minimum level of energy use.&lt;br/&gt;&lt;br/&gt;This award reflects NSF's statutory mission and has been deemed worthy of support through evaluation using the Foundation's intellectual merit and broader impacts review criteria.</AbstractNarration>
<MinAmdLetterDate>11/15/2019</MinAmdLetterDate>
<MaxAmdLetterDate>07/30/2024</MaxAmdLetterDate>
<ARRAAmount/>
<TRAN_TYPE>Grant</TRAN_TYPE>
<CFDA_NUM>47.041</CFDA_NUM>
<NSF_PAR_USE_FLAG>1</NSF_PAR_USE_FLAG>
<FUND_AGCY_CODE>4900</FUND_AGCY_CODE>
<AWDG_AGCY_CODE>4900</AWDG_AGCY_CODE>
<AwardID>2001207</AwardID>
<Investigator>
<FirstName>Julian</FirstName>
<LastName>Wang</LastName>
<PI_MID_INIT/>
<PI_SUFX_NAME/>
<PI_FULL_NAME>Julian Wang</PI_FULL_NAME>
<EmailAddress><![CDATA[julian.wang@psu.edu]]></EmailAddress>
<NSF_ID>000718213</NSF_ID>
<StartDate>11/15/2019</StartDate>
<EndDate/>
<RoleCode>Principal Investigator</RoleCode>
</Investigator>
<Institution>
<Name><![CDATA[Pennsylvania State Univ University Park]]></Name>
<CityName>UNIVERSITY PARK</CityName>
<ZipCode>168021503</ZipCode>
<PhoneNumber>8148651372</PhoneNumber>
<StreetAddress><![CDATA[201 OLD MAIN]]></StreetAddress>
<StreetAddress2/>
<CountryName>United States</CountryName>
<StateName>Pennsylvania</StateName>
<StateCode>PA</StateCode>
<CONGRESSDISTRICT>15</CONGRESSDISTRICT>
<CONGRESS_DISTRICT_ORG>PA15</CONGRESS_DISTRICT_ORG>
<ORG_UEI_NUM>NPM2J7MSCF61</ORG_UEI_NUM>
<ORG_LGL_BUS_NAME>THE PENNSYLVANIA STATE UNIVERSITY</ORG_LGL_BUS_NAME>
<ORG_PRNT_UEI_NUM/>
</Institution>
<Performance_Institution>
<Name><![CDATA[Pennsylvania State Univ University Park]]></Name>
<CityName/>
<StateCode>PA</StateCode>
<ZipCode>168021503</ZipCode>
<StreetAddress/>
<CountryCode>US</CountryCode>
<CountryName>United States</CountryName>
<StateName>Pennsylvania</StateName>
<CountryFlag>1</CountryFlag>
<CONGRESSDISTRICT>15</CONGRESSDISTRICT>
<CONGRESS_DISTRICT_PERF>PA15</CONGRESS_DISTRICT_PERF>
</Performance_Institution>
<ProgramElement>
<Code>073Y00</Code>
<Text>ECI-Engineering for Civil Infr</Text>
</ProgramElement>
<ProgramElement>
<Code>104500</Code>
<Text>CAREER: FACULTY EARLY CAR DEV</Text>
</ProgramElement>
<ProgramElement>
<Code>150400</Code>
<Text>GOALI-Grnt Opp Acad Lia wIndus</Text>
</ProgramElement>
<ProgramReference>
<Code>019Z</Code>
<Text>Grad Prep APG:Enhan. Experience</Text>
</ProgramReference>
<ProgramReference>
<Code>024E</Code>
<Text>MATERIALS DESIGN</Text>
</ProgramReference>
<ProgramReference>
<Code>025E</Code>
<Text>INFRASTRUCTURE MATERIALS</Text>
</ProgramReference>
<ProgramReference>
<Code>052Z</Code>
<Text>ArchEng Architectural Engineering</Text>
</ProgramReference>
<ProgramReference>
<Code>1045</Code>
<Text>CAREER-Faculty Erly Career Dev</Text>
</ProgramReference>
<ProgramReference>
<Code>1057</Code>
<Text>CIS BASE RESEARCH</Text>
</ProgramReference>
<ProgramReference>
<Code>1504</Code>
<Text>GRANT OPP FOR ACAD LIA W/INDUS</Text>
</ProgramReference>
<Appropriation>
<Code/>
<Name/>
<APP_SYMB_ID/>
</Appropriation>
<Appropriation>
<Code/>
<Name/>
<APP_SYMB_ID/>
</Appropriation>
<Appropriation>
<Code>0119</Code>
<Name>NSF RESEARCH &amp; RELATED ACTIVIT</Name>
<APP_SYMB_ID>040100</APP_SYMB_ID>
</Appropriation>
<Fund>
<Code>01002425DB</Code>
<Name><![CDATA[NSF RESEARCH & RELATED ACTIVIT]]></Name>
<FUND_SYMB_ID>040100</FUND_SYMB_ID>
</Fund>
<Fund>
<Code>01002324DB</Code>
<Name><![CDATA[NSF RESEARCH & RELATED ACTIVIT]]></Name>
<FUND_SYMB_ID>040100</FUND_SYMB_ID>
</Fund>
<Fund>
<Code>01001920DB</Code>
<Name><![CDATA[NSF RESEARCH & RELATED ACTIVIT]]></Name>
<FUND_SYMB_ID>040100</FUND_SYMB_ID>
</Fund>
<FUND_OBLG>2019~500000</FUND_OBLG>
<FUND_OBLG>2023~55000</FUND_OBLG>
<FUND_OBLG>2024~55000</FUND_OBLG>
</Award>
</rootTag>
