<?xml version="1.0" encoding="UTF-8"?>
<rootTag>
<Award>
<AwardTitle><![CDATA[Nanoscale Design of Interfacial Kinematics in Composite Manufacturing]]></AwardTitle>
<AGENCY>NSF</AGENCY>
<AwardEffectiveDate>07/01/2020</AwardEffectiveDate>
<AwardExpirationDate>06/30/2025</AwardExpirationDate>
<AwardTotalIntnAmount>391744.00</AwardTotalIntnAmount>
<AwardAmount>399744</AwardAmount>
<AwardInstrument>
<Value>Standard Grant</Value>
</AwardInstrument>
<Organization>
<Code>07030000</Code>
<Directorate>
<Abbreviation>ENG</Abbreviation>
<LongName>Directorate For Engineering</LongName>
</Directorate>
<Division>
<Abbreviation>CMMI</Abbreviation>
<LongName>Div Of Civil, Mechanical, &amp; Manufact Inn</LongName>
</Division>
</Organization>
<ProgramOfficer>
<SignBlockName>Andrew Wells</SignBlockName>
<PO_EMAI>awells@nsf.gov</PO_EMAI>
<PO_PHON>7032927225</PO_PHON>
</ProgramOfficer>
<AbstractNarration>The ubiquitous usage of polymer matrix composites in aerospace, automotive, and other applications necessitates both a fundamental understanding of the manufacturing process and novel design strategies to engineer their behavior. Ply interfaces are known to play a crucial role in composite manufacturing. Movement of ply interfaces during curing can lead to manufacturing defects that affect the composite structure performance and have been a limiting factor in several applications, resulting in delays and redesigns of products like aircraft and civil infrastructure. This grant aims at understanding the evolution and movement of composite interfaces during their manufacturing through the development of a novel in-situ characterization approach using digital image correlation (DIC). In addition, nanoscale interfacial components such as zinc oxide (ZnO) nanowires will be utilized to mechanically alter the interfacial behavior during curing. Multiscale computational modeling will complement experimental investigations. The outcome of this research will lead to novel diagnostics that reduce processing-induced defects and addresses the current manufacturing needs of the commercial and defense industries. The educational impacts of the project involve the development of a vertically integrated pathway for engaging students in materials engineering, all the way from K-12 to graduate school.&lt;br/&gt;&lt;br/&gt;This research will elucidate the role of interfacial kinematics and energetics in the evolution of inter-ply interfaces in composite structures during manufacturing. The research team will develop a novel experimental method for in-situ characterization of surface and interface deformations during composite processing, utilizing a customized commercial composite autoclave with a digital image correlation system. The surface strain and displacement measurements will be combined with ex-situ X-ray tomography and thermal characterization to map the interfacial thermomechanical response as a function of design and processing parameters. Additionally, the interfacial behavior will be engineered through the rapid and controlled growth of ZnO nanowires on carbon fibers to create a nanoscale interfacial component that increases the fiber bending resistance and creates an interlocking effect at the interfaces to mitigate defects propagation. The experimental research will be complemented by molecular dynamics simulations of the sliding of amorphous polymer interfaces and mesoscale simulation of flow in porous media. This comprehensive approach of in-situ characterization, interface design, and modeling will lead to a fundamental understanding of the ply movement during composite manufacturing and development of methods to reduce the occurrence of processing-induced defects.&lt;br/&gt;&lt;br/&gt;This award reflects NSF's statutory mission and has been deemed worthy of support through evaluation using the Foundation's intellectual merit and broader impacts review criteria.</AbstractNarration>
<MinAmdLetterDate>06/16/2020</MinAmdLetterDate>
<MaxAmdLetterDate>05/19/2021</MaxAmdLetterDate>
<ARRAAmount/>
<TRAN_TYPE>Grant</TRAN_TYPE>
<CFDA_NUM>47.041</CFDA_NUM>
<NSF_PAR_USE_FLAG>1</NSF_PAR_USE_FLAG>
<FUND_AGCY_CODE>4900</FUND_AGCY_CODE>
<AWDG_AGCY_CODE>4900</AWDG_AGCY_CODE>
<AwardID>2001038</AwardID>
<Investigator>
<FirstName>Sirish</FirstName>
<LastName>Namilae</LastName>
<PI_MID_INIT/>
<PI_SUFX_NAME/>
<PI_FULL_NAME>Sirish Namilae</PI_FULL_NAME>
<EmailAddress><![CDATA[namilaes@erau.edu]]></EmailAddress>
<NSF_ID>000684116</NSF_ID>
<StartDate>06/16/2020</StartDate>
<EndDate/>
<RoleCode>Principal Investigator</RoleCode>
</Investigator>
<Investigator>
<FirstName>Marwan</FirstName>
<LastName>Al-Haik</LastName>
<PI_MID_INIT>S</PI_MID_INIT>
<PI_SUFX_NAME/>
<PI_FULL_NAME>Marwan S Al-Haik</PI_FULL_NAME>
<EmailAddress><![CDATA[malhaik@kennesaw.edu]]></EmailAddress>
<NSF_ID>000307310</NSF_ID>
<StartDate>06/16/2020</StartDate>
<EndDate/>
<RoleCode>Co-Principal Investigator</RoleCode>
</Investigator>
<Institution>
<Name><![CDATA[Embry-Riddle Aeronautical University]]></Name>
<CityName>DAYTONA BEACH</CityName>
<ZipCode>321143910</ZipCode>
<PhoneNumber>3862267695</PhoneNumber>
<StreetAddress><![CDATA[1 AEROSPACE BLVD]]></StreetAddress>
<StreetAddress2/>
<CountryName>United States</CountryName>
<StateName>Florida</StateName>
<StateCode>FL</StateCode>
<CONGRESSDISTRICT>06</CONGRESSDISTRICT>
<CONGRESS_DISTRICT_ORG>FL06</CONGRESS_DISTRICT_ORG>
<ORG_UEI_NUM>U5MMBAC9XAM5</ORG_UEI_NUM>
<ORG_LGL_BUS_NAME>EMBRY-RIDDLE AERONAUTICAL UNIVERSITY, INC.</ORG_LGL_BUS_NAME>
<ORG_PRNT_UEI_NUM/>
</Institution>
<Performance_Institution>
<Name><![CDATA[Embry-Riddle Aeronautical University]]></Name>
<CityName/>
<StateCode>FL</StateCode>
<ZipCode>321143900</ZipCode>
<StreetAddress/>
<CountryCode>US</CountryCode>
<CountryName>United States</CountryName>
<StateName>Florida</StateName>
<CountryFlag>1</CountryFlag>
<CONGRESSDISTRICT>06</CONGRESSDISTRICT>
<CONGRESS_DISTRICT_PERF>FL06</CONGRESS_DISTRICT_PERF>
</Performance_Institution>
<ProgramElement>
<Code>088Y00</Code>
<Text>AM-Advanced Manufacturing</Text>
</ProgramElement>
<ProgramReference>
<Code>085E</Code>
<Text>POLYMER &amp; COMPOSITES PROCESSES</Text>
</ProgramReference>
<ProgramReference>
<Code>116E</Code>
<Text>RESEARCH EXP FOR UNDERGRADS</Text>
</ProgramReference>
<ProgramReference>
<Code>8025</Code>
<Text>Advanced Materials Processing</Text>
</ProgramReference>
<ProgramReference>
<Code>8614</Code>
<Text>Nanomaterials</Text>
</ProgramReference>
<ProgramReference>
<Code>9178</Code>
<Text>UNDERGRADUATE EDUCATION</Text>
</ProgramReference>
<ProgramReference>
<Code>9231</Code>
<Text>SUPPL FOR UNDERGRAD RES ASSIST</Text>
</ProgramReference>
<ProgramReference>
<Code>9251</Code>
<Text>REU SUPP-Res Exp for Ugrd Supp</Text>
</ProgramReference>
<Appropriation>
<Code>0120</Code>
<Name>NSF RESEARCH &amp; RELATED ACTIVIT</Name>
<APP_SYMB_ID>040100</APP_SYMB_ID>
</Appropriation>
<Appropriation>
<Code>0121</Code>
<Name>NSF RESEARCH &amp; RELATED ACTIVIT</Name>
<APP_SYMB_ID>040100</APP_SYMB_ID>
</Appropriation>
<Fund>
<Code>01002021DB</Code>
<Name><![CDATA[NSF RESEARCH & RELATED ACTIVIT]]></Name>
<FUND_SYMB_ID>040100</FUND_SYMB_ID>
</Fund>
<Fund>
<Code>01002122DB</Code>
<Name><![CDATA[NSF RESEARCH & RELATED ACTIVIT]]></Name>
<FUND_SYMB_ID>040100</FUND_SYMB_ID>
</Fund>
<FUND_OBLG>2020~391744</FUND_OBLG>
<FUND_OBLG>2021~8000</FUND_OBLG>
</Award>
</rootTag>
