<?xml version="1.0" encoding="UTF-8"?>
<rootTag>
<Award>
<AwardTitle><![CDATA[Relating Special Values of L-Functions with Orders of Tate-Shafarevich Groups]]></AwardTitle>
<AGENCY>NSF</AGENCY>
<AwardEffectiveDate>07/15/2020</AwardEffectiveDate>
<AwardExpirationDate>06/30/2025</AwardExpirationDate>
<AwardTotalIntnAmount>152976.00</AwardTotalIntnAmount>
<AwardAmount>152976</AwardAmount>
<AwardInstrument>
<Value>Standard Grant</Value>
</AwardInstrument>
<Organization>
<Code>03040000</Code>
<Directorate>
<Abbreviation>MPS</Abbreviation>
<LongName>Direct For Mathematical &amp; Physical Scien</LongName>
</Directorate>
<Division>
<Abbreviation>DMS</Abbreviation>
<LongName>Division Of Mathematical Sciences</LongName>
</Division>
</Organization>
<ProgramOfficer>
<SignBlockName>Adriana Salerno</SignBlockName>
<PO_EMAI>asalerno@nsf.gov</PO_EMAI>
<PO_PHON>7032922271</PO_PHON>
</ProgramOfficer>
<AbstractNarration>Finding rational numbers that solve a polynomial equation is harder than finding solutions that are real numbers. This is because the real numbers form a number system called a completion of the rational numbers, and the solutions in a completion can usually be found more easily. One may hope to find the hard rational number solutions by scrutinizing the easier solutions living in the completions, but there may be a discrepancy between these two types of solutions. One central object in number theory designed to measure such a discrepancy is the Tate-Shafarevich group, and this group is only understood in some special cases. Two central conjectures (the Birch and Swinnerton-Dyer conjecture and the Bloch-Kato conjecture) relate sizes of Tate-Shafarevich groups to special values of an appropriate function. This project outlines some progress on these conjectures via a theory called Iwasawa theory. Another goal is to understand the interplay between the special values from the perspective of a modern form of analysis, called p-adic analysis, and use this interplay to give an easy explanation of complicated phenomena of certain crystalline representations.&lt;br/&gt;&lt;br/&gt;The Iwasawa main conjecture for elliptic curves at supersingular primes was proved by Wan in the case in which the trace of Frobenius vanishes, and the PI in the general supersingular case. The plan is to extend this work to more general modular forms. One central idea in the supersingular case is the construction of two appropriate p-adic power series, which is known explicitly by work of Pollack when the Frobenius trace is zero. The PI will work with Otsuki to explicitly construct the appropriate pair of p-adic power series in more general cases by developing the analytic aspect of supersingular Iwasawa theory further. One goal of such an explicit construction is determining reductions of crystalline Galois representations, shedding light on some conjectures of Breuil which describe these reductions purely in terms of the Frobenius trace and its Hodge-Tate weight. Another goal is to establish asymptotic formulas for the size of the p-primary components of Tate-Shafarevich groups as defined by Bloch and Kato, generalizing work of Lei, Loeffler, and Zerbes.&lt;br/&gt;&lt;br/&gt;This award reflects NSF's statutory mission and has been deemed worthy of support through evaluation using the Foundation's intellectual merit and broader impacts review criteria.</AbstractNarration>
<MinAmdLetterDate>07/11/2020</MinAmdLetterDate>
<MaxAmdLetterDate>07/11/2020</MaxAmdLetterDate>
<ARRAAmount/>
<TRAN_TYPE>Grant</TRAN_TYPE>
<CFDA_NUM>47.049</CFDA_NUM>
<NSF_PAR_USE_FLAG>1</NSF_PAR_USE_FLAG>
<FUND_AGCY_CODE>4900</FUND_AGCY_CODE>
<AWDG_AGCY_CODE>4900</AWDG_AGCY_CODE>
<AwardID>2001280</AwardID>
<Investigator>
<FirstName>Florian</FirstName>
<LastName>Sprung</LastName>
<PI_MID_INIT>E</PI_MID_INIT>
<PI_SUFX_NAME/>
<PI_FULL_NAME>Florian E Sprung</PI_FULL_NAME>
<EmailAddress><![CDATA[ian.sprung@gmail.com]]></EmailAddress>
<NSF_ID>000654077</NSF_ID>
<StartDate>07/11/2020</StartDate>
<EndDate/>
<RoleCode>Principal Investigator</RoleCode>
</Investigator>
<Institution>
<Name><![CDATA[Arizona State University]]></Name>
<CityName>TEMPE</CityName>
<ZipCode>852813670</ZipCode>
<PhoneNumber>4809655479</PhoneNumber>
<StreetAddress><![CDATA[660 S MILL AVENUE STE 204]]></StreetAddress>
<StreetAddress2/>
<CountryName>United States</CountryName>
<StateName>Arizona</StateName>
<StateCode>AZ</StateCode>
<CONGRESSDISTRICT>04</CONGRESSDISTRICT>
<CONGRESS_DISTRICT_ORG>AZ04</CONGRESS_DISTRICT_ORG>
<ORG_UEI_NUM>NTLHJXM55KZ6</ORG_UEI_NUM>
<ORG_LGL_BUS_NAME>ARIZONA STATE UNIVERSITY</ORG_LGL_BUS_NAME>
<ORG_PRNT_UEI_NUM/>
</Institution>
<Performance_Institution>
<Name><![CDATA[School of Mathematical and Statistical Sciences]]></Name>
<CityName>Tempe</CityName>
<StateCode>AZ</StateCode>
<ZipCode>852871804</ZipCode>
<StreetAddress><![CDATA[P.O.Box 871804]]></StreetAddress>
<CountryCode>US</CountryCode>
<CountryName>United States</CountryName>
<StateName>Arizona</StateName>
<CountryFlag>1</CountryFlag>
<CONGRESSDISTRICT>04</CONGRESSDISTRICT>
<CONGRESS_DISTRICT_PERF>AZ04</CONGRESS_DISTRICT_PERF>
</Performance_Institution>
<ProgramElement>
<Code>126400</Code>
<Text>ALGEBRA,NUMBER THEORY,AND COM</Text>
</ProgramElement>
<Appropriation>
<Code>0120</Code>
<Name>NSF RESEARCH &amp; RELATED ACTIVIT</Name>
<APP_SYMB_ID>040100</APP_SYMB_ID>
</Appropriation>
<Fund>
<Code>01002021DB</Code>
<Name><![CDATA[NSF RESEARCH & RELATED ACTIVIT]]></Name>
<FUND_SYMB_ID>040100</FUND_SYMB_ID>
</Fund>
<FUND_OBLG>2020~152976</FUND_OBLG>
</Award>
</rootTag>
