<?xml version="1.0" encoding="UTF-8"?>
<rootTag>
<Award>
<AwardTitle><![CDATA[FRG: Obstructions to Local-Global Principles and Applications to Algebraic Structures]]></AwardTitle>
<AGENCY>NSF</AGENCY>
<AwardEffectiveDate>07/31/2019</AwardEffectiveDate>
<AwardExpirationDate>06/30/2020</AwardExpirationDate>
<AwardTotalIntnAmount>26026.00</AwardTotalIntnAmount>
<AwardAmount>26026</AwardAmount>
<AwardInstrument>
<Value>Standard Grant</Value>
</AwardInstrument>
<Organization>
<Code>03040000</Code>
<Directorate>
<Abbreviation>MPS</Abbreviation>
<LongName>Direct For Mathematical &amp; Physical Scien</LongName>
</Directorate>
<Division>
<Abbreviation>DMS</Abbreviation>
<LongName>Division Of Mathematical Sciences</LongName>
</Division>
</Organization>
<ProgramOfficer>
<SignBlockName>James Matthew Douglass</SignBlockName>
<PO_EMAI>mdouglas@nsf.gov</PO_EMAI>
<PO_PHON>7032922467</PO_PHON>
</ProgramOfficer>
<AbstractNarration><![CDATA[The interplay between number theory and algebraic geometry has been a source of inspiration in modern mathematics. Having led to the solution of a number of outstanding conjectures, such as Fermat's Last Theorem and the Mordell Conjecture, it continues to give rise to deep and important problems in algebra. Local-global principles are a central theme in this interplay of subjects, and many important outstanding problems can be expressed in terms of such principles. This project has the objective of understanding local-global principles and their obstructions, in contexts that are broader than those considered in number theory. The project will also support and enhance the training of graduate students and postdoctoral researchers through seminars, conferences and workshops, and mentoring activities.&lt;br/&gt;&lt;br/&gt;The Focused Research Group will focus on local-global principles for algebraic structures defined over function fields of curves over base fields such as p-adic fields, with a longer term goal of treating the case of function fields of curves over global fields. The obstructions to such local-global principles can often be formulated in terms of cohomology. Our project aims to study the finiteness of these obstructions and determine criteria for them to vanish. The resulting understanding will be applied to proving conjectures and solving open problems concerning algebraic structures such as quadratic forms and associative algebras. This will include situations that have been studied by many researchers but where solutions had previously seemed out of reach. Research methods will include field patching, cohomological methods including residues and duality, and approaches from geometry.]]></AbstractNarration>
<MinAmdLetterDate>10/18/2019</MinAmdLetterDate>
<MaxAmdLetterDate>10/18/2019</MaxAmdLetterDate>
<ARRAAmount/>
<TRAN_TYPE>Grant</TRAN_TYPE>
<CFDA_NUM>47.049</CFDA_NUM>
<NSF_PAR_USE_FLAG>0</NSF_PAR_USE_FLAG>
<FUND_AGCY_CODE>4900</FUND_AGCY_CODE>
<AWDG_AGCY_CODE>4900</AWDG_AGCY_CODE>
<AwardID>2001109</AwardID>
<Investigator>
<FirstName>Daniel</FirstName>
<LastName>Krashen</LastName>
<PI_MID_INIT/>
<PI_SUFX_NAME/>
<PI_FULL_NAME>Daniel Krashen</PI_FULL_NAME>
<EmailAddress><![CDATA[dkrashen@sas.upenn.edu]]></EmailAddress>
<NSF_ID>000466757</NSF_ID>
<StartDate>10/18/2019</StartDate>
<EndDate/>
<RoleCode>Principal Investigator</RoleCode>
</Investigator>
<Institution>
<Name>Rutgers University New Brunswick</Name>
<CityName>NEW BRUNSWICK</CityName>
<ZipCode>089018559</ZipCode>
<PhoneNumber>8489320150</PhoneNumber>
<StreetAddress>3 RUTGERS PLZ</StreetAddress>
<StreetAddress2/>
<CountryName>United States</CountryName>
<StateName>New Jersey</StateName>
<StateCode>NJ</StateCode>
<CONGRESSDISTRICT>12</CONGRESSDISTRICT>
<CONGRESS_DISTRICT_ORG>NJ12</CONGRESS_DISTRICT_ORG>
<ORG_UEI_NUM>M1LVPE5GLSD9</ORG_UEI_NUM>
<ORG_LGL_BUS_NAME>RUTGERS, THE STATE UNIVERSITY</ORG_LGL_BUS_NAME>
<ORG_PRNT_UEI_NUM/>
</Institution>
<Performance_Institution>
<Name><![CDATA[Rutgers University New Brunswick]]></Name>
<CityName>Piscataway</CityName>
<StateCode>NJ</StateCode>
<ZipCode>088543925</ZipCode>
<StreetAddress><![CDATA[33 Knightsbridge Road 2nd Floor East Wing]]></StreetAddress>
<CountryCode>US</CountryCode>
<CountryName>United States</CountryName>
<StateName>New Jersey</StateName>
<CountryFlag>1</CountryFlag>
<CONGRESSDISTRICT>06</CONGRESSDISTRICT>
<CONGRESS_DISTRICT_PERF>NJ06</CONGRESS_DISTRICT_PERF>
</Performance_Institution>
<ProgramElement>
<Code>1264</Code>
<Text>ALGEBRA,NUMBER THEORY,AND COM</Text>
</ProgramElement>
<ProgramReference>
<Code>1616</Code>
<Text>FOCUSED RESEARCH GROUPS IN MATH SCIENCES</Text>
</ProgramReference>
<Appropriation>
<Code>0115</Code>
<Name>NSF RESEARCH &amp; RELATED ACTIVIT</Name>
<APP_SYMB_ID>040100</APP_SYMB_ID>
</Appropriation>
<Fund>
<Code>01001516DB</Code>
<Name><![CDATA[NSF RESEARCH & RELATED ACTIVIT]]></Name>
<FUND_SYMB_ID>040100</FUND_SYMB_ID>
</Fund>
<FUND_OBLG>2015~26026</FUND_OBLG>
<POR>
<DRECONTENT><![CDATA[<div class="porColContainerWBG"> <div class="porContentCol"><p>This project, in the area of algebra, has had the objective of understanding local-global principles and their obstructions, in contexts that are broader than those considered in number theory. Building on recent breakthroughs, we have focused on the case of semiglobal fields, which are function fields of curves defined over complete discretely valued base fields such as p-adic fields.<br /><br />As it evolved over the course of the funding period, this became a rich story which involved a range of topics from local-global principles used in understanding the structure of algebraic objects, to rationality questions of algebraic groups, as well as the combinatorics of degenerations of families of smooth curves. Applications included local-global principles zero-cycles on homogeneous varieties, for the structure of absolute Galois groups and for torsors for certain linear algebraic groups.<br /><br /><br />Mentoring of graduate students and young researchers, and building new connections between researchers was also an essential part of the activities.<span> </span>Along these lines, the project involved the training of graduate students in ways that went beyond the usual activities, by bringing them into the collaborative research efforts, workshops and conferences.<br /><br /><br />In addition, the project activities also involved other conferences aimed at a wider audience of active researchers, and still others featured small focused research groups.&nbsp;</p><br> <p>            Last Modified: 12/27/2020<br>      Modified by: Daniel&nbsp;Krashen</p> </div> <div class="porSideCol"></div> </div>]]></DRECONTENT>
<POR_COPY_TXT><![CDATA[ This project, in the area of algebra, has had the objective of understanding local-global principles and their obstructions, in contexts that are broader than those considered in number theory. Building on recent breakthroughs, we have focused on the case of semiglobal fields, which are function fields of curves defined over complete discretely valued base fields such as p-adic fields.  As it evolved over the course of the funding period, this became a rich story which involved a range of topics from local-global principles used in understanding the structure of algebraic objects, to rationality questions of algebraic groups, as well as the combinatorics of degenerations of families of smooth curves. Applications included local-global principles zero-cycles on homogeneous varieties, for the structure of absolute Galois groups and for torsors for certain linear algebraic groups.   Mentoring of graduate students and young researchers, and building new connections between researchers was also an essential part of the activities. Along these lines, the project involved the training of graduate students in ways that went beyond the usual activities, by bringing them into the collaborative research efforts, workshops and conferences.   In addition, the project activities also involved other conferences aimed at a wider audience of active researchers, and still others featured small focused research groups.        Last Modified: 12/27/2020       Submitted by: Daniel Krashen]]></POR_COPY_TXT>
</POR>
</Award>
</rootTag>
