<?xml version="1.0" encoding="UTF-8"?>
<rootTag>
<Award>
<AwardTitle><![CDATA[Collaborative Research: Understanding the Deep Ancestry of the Indigenous People of North America]]></AwardTitle>
<AGENCY>NSF</AGENCY>
<AwardEffectiveDate>12/15/2019</AwardEffectiveDate>
<AwardExpirationDate>08/31/2024</AwardExpirationDate>
<AwardTotalIntnAmount>255000.00</AwardTotalIntnAmount>
<AwardAmount>255000</AwardAmount>
<AwardInstrument>
<Value>Standard Grant</Value>
</AwardInstrument>
<Organization>
<Code>04040000</Code>
<Directorate>
<Abbreviation>SBE</Abbreviation>
<LongName>Direct For Social, Behav &amp; Economic Scie</LongName>
</Directorate>
<Division>
<Abbreviation>BCS</Abbreviation>
<LongName>Division Of Behavioral and Cognitive Sci</LongName>
</Division>
</Organization>
<ProgramOfficer>
<SignBlockName>Rebecca Ferrell</SignBlockName>
<PO_EMAI>rferrell@nsf.gov</PO_EMAI>
<PO_PHON>7032927850</PO_PHON>
</ProgramOfficer>
<AbstractNarration>In this project, the investigators will utilize the latest advances in DNA sequencing technology and population genetics to elucidate the evolutionary history of Native Americans, on both a regional and continental level, and establish genetic reference panels specific to indigenous Nations. The project will expand collaborative efforts between researchers with an interest in studying important events in Native American history and will continue research collaborations with tribal community members. Results will be shared with participants from seven Native American Nations throughout North America and also made available via a dedicated analysis server. The project also will enhance the successful Summer internship for INdigenous peoples in Genomics (SING) workshop by creating an alumni conference to take place in the summer of 2021. This conference will include a public event with a focus on presentations of social and ethical aspects of genomics research with indigenous communities, as well as a workshop to tackle relevant issues, such as the development of mutually beneficial agreements between researchers and communities.&lt;br/&gt;&lt;br/&gt;The comprehensive study design of this project will utilize genome-level data from participating indigenous communities throughout North America, which will advance our understanding of ancient migrations and adaptations to local environments, ranging from the Subarctic to the Sonoran Desert. Comparative analyses between tribes will provide a unique perspective on the local evolutionary history of the Americas, with an additional emphasis on the effects of European colonization, which resulted in devasting population declines from a variety of factors, including disease and warfare. These findings will be contextualized in a broader demographic framework to provide a richer characterization of the evolution of these adaptations, while elucidating nuanced demographic histories complicated by disease and colonization.&lt;br/&gt;&lt;br/&gt;This award reflects NSF's statutory mission and has been deemed worthy of support through evaluation using the Foundation's intellectual merit and broader impacts review criteria.</AbstractNarration>
<MinAmdLetterDate>12/09/2019</MinAmdLetterDate>
<MaxAmdLetterDate>12/09/2019</MaxAmdLetterDate>
<ARRAAmount/>
<TRAN_TYPE>Grant</TRAN_TYPE>
<CFDA_NUM>47.075</CFDA_NUM>
<NSF_PAR_USE_FLAG>1</NSF_PAR_USE_FLAG>
<FUND_AGCY_CODE>4900</FUND_AGCY_CODE>
<AWDG_AGCY_CODE>4900</AWDG_AGCY_CODE>
<AwardID>2001063</AwardID>
<Investigator>
<FirstName>Michael</FirstName>
<LastName>DeGiorgio</LastName>
<PI_MID_INIT/>
<PI_SUFX_NAME/>
<PI_FULL_NAME>Michael DeGiorgio</PI_FULL_NAME>
<EmailAddress><![CDATA[mdegiorg@fau.edu]]></EmailAddress>
<NSF_ID>000576728</NSF_ID>
<StartDate>12/09/2019</StartDate>
<EndDate/>
<RoleCode>Principal Investigator</RoleCode>
</Investigator>
<Institution>
<Name><![CDATA[Florida Atlantic University]]></Name>
<CityName>BOCA RATON</CityName>
<ZipCode>334316424</ZipCode>
<PhoneNumber>5612970777</PhoneNumber>
<StreetAddress><![CDATA[777 GLADES RD]]></StreetAddress>
<StreetAddress2/>
<CountryName>United States</CountryName>
<StateName>Florida</StateName>
<StateCode>FL</StateCode>
<CONGRESSDISTRICT>23</CONGRESSDISTRICT>
<CONGRESS_DISTRICT_ORG>FL23</CONGRESS_DISTRICT_ORG>
<ORG_UEI_NUM>Q266L2NDAVP1</ORG_UEI_NUM>
<ORG_LGL_BUS_NAME>FLORIDA ATLANTIC UNIVERSITY</ORG_LGL_BUS_NAME>
<ORG_PRNT_UEI_NUM/>
</Institution>
<Performance_Institution>
<Name><![CDATA[Florida Atlantic University]]></Name>
<CityName>Boca Raton</CityName>
<StateCode>FL</StateCode>
<ZipCode>334310991</ZipCode>
<StreetAddress><![CDATA[777 Glades Road]]></StreetAddress>
<CountryCode>US</CountryCode>
<CountryName>United States</CountryName>
<StateName>Florida</StateName>
<CountryFlag>1</CountryFlag>
<CONGRESSDISTRICT>23</CONGRESSDISTRICT>
<CONGRESS_DISTRICT_PERF>FL23</CONGRESS_DISTRICT_PERF>
</Performance_Institution>
<ProgramElement>
<Code>139200</Code>
<Text>Biological Anthropology</Text>
</ProgramElement>
<ProgramReference>
<Code>1392</Code>
<Text>Biological Anthropology</Text>
</ProgramReference>
<ProgramReference>
<Code>7298</Code>
<Text>COLLABORATIVE RESEARCH</Text>
</ProgramReference>
<ProgramReference>
<Code>9179</Code>
<Text>GRADUATE INVOLVEMENT</Text>
</ProgramReference>
<Appropriation>
<Code>0119</Code>
<Name>NSF RESEARCH &amp; RELATED ACTIVIT</Name>
<APP_SYMB_ID>040100</APP_SYMB_ID>
</Appropriation>
<Fund>
<Code>01001920DB</Code>
<Name><![CDATA[NSF RESEARCH & RELATED ACTIVIT]]></Name>
<FUND_SYMB_ID>040100</FUND_SYMB_ID>
</Fund>
<FUND_OBLG>2019~255000</FUND_OBLG>
</Award>
</rootTag>
