<?xml version="1.0" encoding="UTF-8"?>
<rootTag>
<Award>
<AwardTitle><![CDATA[Thirteenth AIMS Conference on Dynamical Systems, Differential Equations and Applications]]></AwardTitle>
<AGENCY>NSF</AGENCY>
<AwardEffectiveDate>04/01/2020</AwardEffectiveDate>
<AwardExpirationDate>03/31/2024</AwardExpirationDate>
<AwardTotalIntnAmount>30000.00</AwardTotalIntnAmount>
<AwardAmount>30000</AwardAmount>
<AwardInstrument>
<Value>Standard Grant</Value>
</AwardInstrument>
<Organization>
<Code>03040000</Code>
<Directorate>
<Abbreviation>MPS</Abbreviation>
<LongName>Direct For Mathematical &amp; Physical Scien</LongName>
</Directorate>
<Division>
<Abbreviation>DMS</Abbreviation>
<LongName>Division Of Mathematical Sciences</LongName>
</Division>
</Organization>
<ProgramOfficer>
<SignBlockName>Pedro Embid</SignBlockName>
<PO_EMAI>pembid@nsf.gov</PO_EMAI>
<PO_PHON>7032924859</PO_PHON>
</ProgramOfficer>
<AbstractNarration>This award provides partial support for the thirteenth “AIMS Conference on Dynamical Systems, Differential Equations, and Applications.” The event will take place at Peachtree Westin Plaza in Atlanta, Georgia, June 4-9, 2020. This series of biennial conferences has a 26-year history; it is organized under the American Institute of Mathematical Sciences (AIMS). The conference has focus in the growing field of analysis and applied analysis with emphasis on dynamical systems, differential equations, and applications. The conference will foster international collaborations between researchers in these fields. It features a large number of presentations by graduate students and female mathematicians and scientists.&lt;br/&gt;&lt;br/&gt;While modern mathematics now encompasses a vast range of topics, dynamical systems and differential equations have retained their central role because of the wide variety of applications ranging from the traditional areas of physics and engineering to the more recently developed and growing applications in biology, chemistry, ecology, physiology, economics and finance. Thus, the study of differential equations and dynamical systems has been a core component in our understanding of many natural phenomena. The program includes over 90 special sessions, that cover a variety of topics such as: data science, Navier-Stokes equations and fluid mechanics, topological and variational methods, mathematics of chemotaxis, biological systems analysis, progress on the n-body problem, and stochastic partial differential equations, among others.  More information on the conference can be found at the conference website: http://aimsconference.org/conferences/2020/index.html&lt;br/&gt;&lt;br/&gt;This award reflects NSF's statutory mission and has been deemed worthy of support through evaluation using the Foundation's intellectual merit and broader impacts review criteria.</AbstractNarration>
<MinAmdLetterDate>02/27/2020</MinAmdLetterDate>
<MaxAmdLetterDate>08/31/2022</MaxAmdLetterDate>
<ARRAAmount/>
<TRAN_TYPE>Grant</TRAN_TYPE>
<CFDA_NUM>47.049</CFDA_NUM>
<NSF_PAR_USE_FLAG>1</NSF_PAR_USE_FLAG>
<FUND_AGCY_CODE>4900</FUND_AGCY_CODE>
<AWDG_AGCY_CODE>4900</AWDG_AGCY_CODE>
<AwardID>2001148</AwardID>
<Investigator>
<FirstName>William</FirstName>
<LastName>Bray</LastName>
<PI_MID_INIT/>
<PI_SUFX_NAME/>
<PI_FULL_NAME>William Bray</PI_FULL_NAME>
<EmailAddress><![CDATA[wbray@missouristate.edu]]></EmailAddress>
<NSF_ID>000676626</NSF_ID>
<StartDate>02/27/2020</StartDate>
<EndDate/>
<RoleCode>Principal Investigator</RoleCode>
</Investigator>
<Institution>
<Name><![CDATA[Missouri State University]]></Name>
<CityName>SPRINGFIELD</CityName>
<ZipCode>658970027</ZipCode>
<PhoneNumber>4178365972</PhoneNumber>
<StreetAddress><![CDATA[901 S NATIONAL AVE]]></StreetAddress>
<StreetAddress2/>
<CountryName>United States</CountryName>
<StateName>Missouri</StateName>
<StateCode>MO</StateCode>
<CONGRESSDISTRICT>07</CONGRESSDISTRICT>
<CONGRESS_DISTRICT_ORG>MO07</CONGRESS_DISTRICT_ORG>
<ORG_UEI_NUM>CL7KJX2VFHS9</ORG_UEI_NUM>
<ORG_LGL_BUS_NAME>MISSOURI STATE UNIVERSITY</ORG_LGL_BUS_NAME>
<ORG_PRNT_UEI_NUM/>
</Institution>
<Performance_Institution>
<Name><![CDATA[Missouri State University]]></Name>
<CityName>Springfield</CityName>
<StateCode>MO</StateCode>
<ZipCode>658970027</ZipCode>
<StreetAddress><![CDATA[901 S. National Ave]]></StreetAddress>
<CountryCode>US</CountryCode>
<CountryName>United States</CountryName>
<StateName>Missouri</StateName>
<CountryFlag>1</CountryFlag>
<CONGRESSDISTRICT>07</CONGRESSDISTRICT>
<CONGRESS_DISTRICT_PERF>MO07</CONGRESS_DISTRICT_PERF>
</Performance_Institution>
<ProgramElement>
<Code>126600</Code>
<Text>APPLIED MATHEMATICS</Text>
</ProgramElement>
<ProgramElement>
<Code>128100</Code>
<Text>ANALYSIS PROGRAM</Text>
</ProgramElement>
<ProgramReference>
<Code>7556</Code>
<Text>CONFERENCE AND WORKSHOPS</Text>
</ProgramReference>
<Appropriation>
<Code>0120</Code>
<Name>NSF RESEARCH &amp; RELATED ACTIVIT</Name>
<APP_SYMB_ID>040100</APP_SYMB_ID>
</Appropriation>
<Fund>
<Code>01002021DB</Code>
<Name><![CDATA[NSF RESEARCH & RELATED ACTIVIT]]></Name>
<FUND_SYMB_ID>040100</FUND_SYMB_ID>
</Fund>
<FUND_OBLG>2020~30000</FUND_OBLG>
<POR>
<DRECONTENT><![CDATA[<div class="porColContainerWBG"> <div class="porContentCol"><p>The 13th AIMS Conference of Dynamical Systems, Differential Equations, and Applications was held May 31-June 4, 2023 at the University of North Carolina-Wilmington. The conference was originally planned for June 2020 but was postponed due to the pandemic. <span>The Conference aims to promote and influence more cooperation, understanding, and collaboration among scientists working in dynamical systems, differential equations and applications. </span>&nbsp;Overall there were 91 Special Sessions on a range of topics in ordinary differential equations, partial differential equations, harmonic analysis and applications such as celestial mechanics, population dynamics, ecology, material science, to name a few. There were eleven invited plenary speakers including Dr. Igrid Daubchies (USA), Dr. Maria Colombo (Switzerland), and Dr. Gunther Uhlmann (USA).</p> <p>The goals of the meeting are a cross-fertilization of ideas from different application areas, and increased communication between the mathematicians who develop dynamical systems techniques and the applied scientists who use them. An important part of this cross-fertilization and exposure to new ideas is the training of &nbsp;Ph.D candidates and expandiing the horizons of recent Ph.D's. This NSF grant was provided partial support for the 13th biannual Conference on Dynamical Systems, Differential Equations and Applications through supporting 70 Ph.D. candidates and recent Ph.D's to participate in the conference through covering their room and board expenditures during the conference.</p><br> <p>  Last Modified: 06/11/2024<br> Modified by: William&nbsp;Bray</p></div> <div class="porSideCol" ><div class="each-gallery"> <div class="galContent" id="gallery0"> <div class="photoCount" id="photoCount0">          Image         </div> <div class="galControls onePhoto" id="controls0"></div> <div class="galSlideshow" id="slideshow0"></div> <div class="galEmbox" id="embox"> <div class="image-title"></div> </div> </div> <div class="galNavigation onePhoto" id="navigation0"> <ul class="thumbs" id="thumbs0"> <li> <a href="/por/images/Reports/POR/2024/2001148/2001148_10655018_1718117442368_AIMS_13--rgov-214x142.jpeg" original="/por/images/Reports/POR/2024/2001148/2001148_10655018_1718117442368_AIMS_13--rgov-800width.jpeg" title="Lecturepic"><img src="/por/images/Reports/POR/2024/2001148/2001148_10655018_1718117442368_AIMS_13--rgov-66x44.jpeg" alt="Lecturepic"></a> <div class="imageCaptionContainer"> <div class="imageCaption">Captive Audience.</div> <div class="imageCredit">AIMS</div> <div class="imagePermisssions">Public Domain</div> <div class="imageSubmitted">William&nbsp;Bray <div class="imageTitle">Lecturepic</div> </div> </li></ul> </div> </div></div> </div>]]></DRECONTENT>
<POR_COPY_TXT><![CDATA[  The 13th AIMS Conference of Dynamical Systems, Differential Equations, and Applications was held May 31-June 4, 2023 at the University of North Carolina-Wilmington. The conference was originally planned for June 2020 but was postponed due to the pandemic. The Conference aims to promote and influence more cooperation, understanding, and collaboration among scientists working in dynamical systems, differential equations and applications. Overall there were 91 Special Sessions on a range of topics in ordinary differential equations, partial differential equations, harmonic analysis and applications such as celestial mechanics, population dynamics, ecology, material science, to name a few. There were eleven invited plenary speakers including Dr. Igrid Daubchies (USA), Dr. Maria Colombo (Switzerland), and Dr. Gunther Uhlmann (USA).   The goals of the meeting are a cross-fertilization of ideas from different application areas, and increased communication between the mathematicians who develop dynamical systems techniques and the applied scientists who use them. An important part of this cross-fertilization and exposure to new ideas is the training of Ph.D candidates and expandiing the horizons of recent Ph.D's. This NSF grant was provided partial support for the 13th biannual Conference on Dynamical Systems, Differential Equations and Applications through supporting 70 Ph.D. candidates and recent Ph.D's to participate in the conference through covering their room and board expenditures during the conference.     Last Modified: 06/11/2024       Submitted by: WilliamBray]]></POR_COPY_TXT>
</POR>
</Award>
</rootTag>
