<?xml version="1.0" encoding="UTF-8"?>
<rootTag>
<Award>
<AwardTitle><![CDATA[CBET-EPSRC: Transition and Turbulence in Compressible Boundary Layers Subjected to Concave Surface Curvature]]></AwardTitle>
<AGENCY>NSF</AGENCY>
<AwardEffectiveDate>09/20/2019</AwardEffectiveDate>
<AwardExpirationDate>04/30/2023</AwardExpirationDate>
<AwardTotalIntnAmount>264990.00</AwardTotalIntnAmount>
<AwardAmount>264990</AwardAmount>
<AwardInstrument>
<Value>Standard Grant</Value>
</AwardInstrument>
<Organization>
<Code>07020000</Code>
<Directorate>
<Abbreviation>ENG</Abbreviation>
<LongName>Directorate For Engineering</LongName>
</Directorate>
<Division>
<Abbreviation>CBET</Abbreviation>
<LongName>Div Of Chem, Bioeng, Env, &amp; Transp Sys</LongName>
</Division>
</Organization>
<ProgramOfficer>
<SignBlockName>Ron Joslin</SignBlockName>
<PO_EMAI>rjoslin@nsf.gov</PO_EMAI>
<PO_PHON>7032927030</PO_PHON>
</ProgramOfficer>
<AbstractNarration>This research was funded under the NSF Engineering - UKRI Engineering and Physical Sciences Research Council opportunity NSF 1-067.&lt;br/&gt;Any solid body that moves through a fluid, for example air or water, experiences a resistive drag force that slows its motion down. Cars, trucks, motorcycles, airplanes, ships, and submarines all require a lot of fuel to overcome this drag force and move through air or water. A large part of this resistance is caused by friction effects between the surface and the fluid. These effects are confined in a very thin region near the surface, called the boundary layer. The boundary layer causes no real harm when its motion is very regular and ordered (laminar motion) because the resistive force is very small. However, on large bodies, like airplanes and trucks, the boundary layer is often chaotic because there are a lot of vortices and whirls (turbulent motion), which give a huge resistive force. The change of a boundary layer from laminar to turbulent is called laminar-turbulent transition. The knowledge of this change is essential information for the design of transport vehicles because it is critical to predict how much drag force is generated. This project seeks to study laminar-turbulent transition in air flowing over very fast airplanes. The focus is on the high-speed boundary layers over concave parts of the airplanes, like the bottom of the wing, because these curved surfaces are much more common than flat surfaces. These very fast flows also occur inside the engines, over turbine blades in particular, that compress gases to make the airplanes fly. A systematic theoretical and numerical study will be conducted in collaboration with researchers at the University of Sheffield to provide a complete understanding of when, where, and how a high-speed boundary layer flowing over concave solid surfaces transitions to turbulence. Integrated with the research effort, a variety of educational activities will be undertaken to showcase and instill the excitement of cyberphysics discovery in students at all levels, as well as to prepare a highly-trained workforce in high-speed flows and advanced cyberinfrastructure.&lt;br/&gt;&lt;br/&gt;The overall objectives of this CBET-EPSRC proposal are to advance the fundamental understanding of all the stages of laminar-turbulent transition in compressible boundary layers flowing over concave solid surfaces, starting from the entrainment of the free-stream disturbances into a laminar boundary layer (i.e., the receptivity stage) through transition up to a fully turbulent flow. The inclusion of the receptivity stage is a fundamental ingredient for transition prediction that has not been previously explored for subsonic and supersonic boundary-layer flows subject to streamwise concave curvature. The proposed approach includes receptivity analysis based on advanced nonlinear asymptotic theory, boundary-layer instability computations, and direct numerical simulations (DNS). A systematic theoretical and numerical study will be conducted to clarify the role of Gortler vortices, streamwise-elongated, counter-rotating structures caused by concave curvature, the dynamics of which is extremely difficult to predict and control. The detailed study of boundary-layer physics will also be combined with large-eddy simulations (LES) and Reynolds-averaged Navier-Stokes (RANS) to assess the performance of subgrid-scale (SGS) and RANS models for transitional flows dominated by Gortler vortices.&lt;br/&gt;&lt;br/&gt;This award reflects NSF's statutory mission and has been deemed worthy of support through evaluation using the Foundation's intellectual merit and broader impacts review criteria.</AbstractNarration>
<MinAmdLetterDate>10/16/2019</MinAmdLetterDate>
<MaxAmdLetterDate>10/16/2019</MaxAmdLetterDate>
<ARRAAmount/>
<TRAN_TYPE>Grant</TRAN_TYPE>
<CFDA_NUM>47.041</CFDA_NUM>
<NSF_PAR_USE_FLAG>1</NSF_PAR_USE_FLAG>
<FUND_AGCY_CODE>4900</FUND_AGCY_CODE>
<AWDG_AGCY_CODE>4900</AWDG_AGCY_CODE>
<AwardID>2001127</AwardID>
<Investigator>
<FirstName>Lian</FirstName>
<LastName>Duan</LastName>
<PI_MID_INIT/>
<PI_SUFX_NAME/>
<PI_FULL_NAME>Lian Duan</PI_FULL_NAME>
<EmailAddress><![CDATA[duan.322@osu.edu]]></EmailAddress>
<NSF_ID>000661215</NSF_ID>
<StartDate>10/16/2019</StartDate>
<EndDate/>
<RoleCode>Principal Investigator</RoleCode>
</Investigator>
<Institution>
<Name><![CDATA[Ohio State University]]></Name>
<CityName>COLUMBUS</CityName>
<ZipCode>432101016</ZipCode>
<PhoneNumber>6146888735</PhoneNumber>
<StreetAddress><![CDATA[1960 KENNY RD]]></StreetAddress>
<StreetAddress2/>
<CountryName>United States</CountryName>
<StateName>Ohio</StateName>
<StateCode>OH</StateCode>
<CONGRESSDISTRICT>03</CONGRESSDISTRICT>
<CONGRESS_DISTRICT_ORG>OH03</CONGRESS_DISTRICT_ORG>
<ORG_UEI_NUM>DLWBSLWAJWR1</ORG_UEI_NUM>
<ORG_LGL_BUS_NAME>OHIO STATE UNIVERSITY, THE</ORG_LGL_BUS_NAME>
<ORG_PRNT_UEI_NUM>MN4MDDMN8529</ORG_PRNT_UEI_NUM>
</Institution>
<Performance_Institution>
<Name><![CDATA[The Ohio State University]]></Name>
<CityName>Columbus</CityName>
<StateCode>OH</StateCode>
<ZipCode>432101016</ZipCode>
<StreetAddress><![CDATA[Scott Laboratory]]></StreetAddress>
<CountryCode>US</CountryCode>
<CountryName>United States</CountryName>
<StateName>Ohio</StateName>
<CountryFlag>1</CountryFlag>
<CONGRESSDISTRICT>03</CONGRESSDISTRICT>
<CONGRESS_DISTRICT_PERF>OH03</CONGRESS_DISTRICT_PERF>
</Performance_Institution>
<ProgramElement>
<Code>144300</Code>
<Text>FD-Fluid Dynamics</Text>
</ProgramElement>
<ProgramReference>
<Code>5946</Code>
<Text>UNITED KINGDOM</Text>
</ProgramReference>
<Appropriation>
<Code>0119</Code>
<Name>NSF RESEARCH &amp; RELATED ACTIVIT</Name>
<APP_SYMB_ID>040100</APP_SYMB_ID>
</Appropriation>
<Fund>
<Code>01001920DB</Code>
<Name><![CDATA[NSF RESEARCH & RELATED ACTIVIT]]></Name>
<FUND_SYMB_ID>040100</FUND_SYMB_ID>
</Fund>
<FUND_OBLG>2019~264990</FUND_OBLG>
<POR>
<DRECONTENT><![CDATA[<div class="porColContainerWBG"> <div class="porContentCol"><p>This project studied laminar-turbulent transition and fully turbulent  flows in air flowing over very fast airplanes. The focus was on the  high-speed boundary layers over concave parts of the airplanes, like the  bottom of the wing, because these curved surfaces are much more common  than flat surfaces. These very fast flows also occur inside the engines,  over turbine blades in particular, that compress gases to make the  airplanes fly. A systematic theoretical and numerical study can provide a  complete understanding of when, where, and how a high-speed boundary  layer flowing over concave solid surfaces transitions to turbulence and  how the transition process influences the ensuing developing and fully  developed turbulent boundary layer flows. The knowledge of these  transitional and turbulent boundary-layer flows is essential information  for the design of flight vehicles because it is critical to predict how  much drag and surface heating are generated. Integrated with the  research effort, the project showcased and  instilled the excitement of  cyberphysics discovery in undergraduate and  graduate students through the creation of high-quality flow visualizations. It also  helped build a  future work force in high-speed aerodynamics and advanced modeling and  simulation by providing research experience and training opportunities to five graduate students and two undergraduate students.</p><br> <p>            Last Modified: 09/13/2023<br>      Modified by: Lian&nbsp;Duan</p> </div> <div class="porSideCol"></div> </div>]]></DRECONTENT>
<POR_COPY_TXT><![CDATA[ This project studied laminar-turbulent transition and fully turbulent  flows in air flowing over very fast airplanes. The focus was on the  high-speed boundary layers over concave parts of the airplanes, like the  bottom of the wing, because these curved surfaces are much more common  than flat surfaces. These very fast flows also occur inside the engines,  over turbine blades in particular, that compress gases to make the  airplanes fly. A systematic theoretical and numerical study can provide a  complete understanding of when, where, and how a high-speed boundary  layer flowing over concave solid surfaces transitions to turbulence and  how the transition process influences the ensuing developing and fully  developed turbulent boundary layer flows. The knowledge of these  transitional and turbulent boundary-layer flows is essential information  for the design of flight vehicles because it is critical to predict how  much drag and surface heating are generated. Integrated with the  research effort, the project showcased and  instilled the excitement of  cyberphysics discovery in undergraduate and  graduate students through the creation of high-quality flow visualizations. It also  helped build a  future work force in high-speed aerodynamics and advanced modeling and  simulation by providing research experience and training opportunities to five graduate students and two undergraduate students.       Last Modified: 09/13/2023       Submitted by: Lian Duan]]></POR_COPY_TXT>
</POR>
</Award>
</rootTag>
