<?xml version="1.0" encoding="UTF-8"?>
<rootTag>
<Award>
<AwardTitle><![CDATA[Elements: The ThYme database and identifying representative amino acid sequences that originate thioester-active enzyme families]]></AwardTitle>
<AGENCY>NSF</AGENCY>
<AwardEffectiveDate>07/01/2020</AwardEffectiveDate>
<AwardExpirationDate>06/30/2024</AwardExpirationDate>
<AwardTotalIntnAmount>599999.00</AwardTotalIntnAmount>
<AwardAmount>599999</AwardAmount>
<AwardInstrument>
<Value>Standard Grant</Value>
</AwardInstrument>
<Organization>
<Code>05090000</Code>
<Directorate>
<Abbreviation>CSE</Abbreviation>
<LongName>Direct For Computer &amp; Info Scie &amp; Enginr</LongName>
</Directorate>
<Division>
<Abbreviation>OAC</Abbreviation>
<LongName>Office of Advanced Cyberinfrastructure (OAC)</LongName>
</Division>
</Organization>
<ProgramOfficer>
<SignBlockName>Sharmistha Bagchi-Sen</SignBlockName>
<PO_EMAI>shabagch@nsf.gov</PO_EMAI>
<PO_PHON>7032928104</PO_PHON>
</ProgramOfficer>
<AbstractNarration>The ThYme database includes most enzymes involved in the formation of fatty acids and polyketides. These are ultimately converted into valuable products. Such products include cosmetics, detergents, insecticides, fungicides, antibiotics, and other medicinal compounds. The updated ThYme database will provide vital support to research related to these products. Metabolic engineers, plant biologists, natural products and medicinal chemists will all benefit from improved access to enzyme structure and function. High school students from underrepresented populations will be recruited and trained in various aspects of coding. They will then have the opportunity to work with graduate students and postdocs to contribute to the improvement of the platform. This should ultimately strengthen the STEM workforce in Nevada, and nationally.&lt;br/&gt;&lt;br/&gt;The ThYme database contains most known sequences and structures of enzymes that act on thioesters, classified by sequence similarity into families. The advantage of classifying enzymes by sequence similarity is that one can infer that all enzymes in a family will have very similar structures and nearly identical catalytic residues and mechanisms. The goal of this project is to launch a new and updated ThYme database by identifying the current families of thioester active enzymes, developing a new approach to identify representative sequences, improving the database management scheme, and modernizing the online user interface. We will develop an efficient method, using submodular functions, to select the representative sequence(s) of an enzyme family among sequences experimentally verified to have a particular enzymatic activity. The database will be disseminated by a website, where every enzyme family will have its own webpage including relevant knowledge and an open query field where users will be able to search by organism, sequence accession code, function, name, sequence, or crystal structure. With input from the user community, the new website will have features to make the content more interactive and allow automated data querying. The user community will be engaged and supported with a forum page to pose questions and begin discussions to which both developers and users can contribute, as well as with tutorials of useful website functionalities.&lt;br/&gt;&lt;br/&gt;This award by the NSF Office of Advanced Cyberinfrastructure is jointly supported by the ivision of Chemical, Bioengineering, Environmental and Transport Systems within the NSF Directorate of Engineering.&lt;br/&gt;&lt;br/&gt;This award reflects NSF's statutory mission and has been deemed worthy of support through evaluation using the Foundation's intellectual merit and broader impacts review criteria.</AbstractNarration>
<MinAmdLetterDate>04/21/2020</MinAmdLetterDate>
<MaxAmdLetterDate>04/21/2020</MaxAmdLetterDate>
<ARRAAmount/>
<TRAN_TYPE>Grant</TRAN_TYPE>
<CFDA_NUM>47.070</CFDA_NUM>
<NSF_PAR_USE_FLAG>1</NSF_PAR_USE_FLAG>
<FUND_AGCY_CODE>4900</FUND_AGCY_CODE>
<AWDG_AGCY_CODE>4900</AWDG_AGCY_CODE>
<AwardID>2001385</AwardID>
<Investigator>
<FirstName>Tin</FirstName>
<LastName>Nguyen</LastName>
<PI_MID_INIT>C</PI_MID_INIT>
<PI_SUFX_NAME/>
<PI_FULL_NAME>Tin C Nguyen</PI_FULL_NAME>
<EmailAddress><![CDATA[tinn@auburn.edu]]></EmailAddress>
<NSF_ID>000754184</NSF_ID>
<StartDate>04/21/2020</StartDate>
<EndDate/>
<RoleCode>Co-Principal Investigator</RoleCode>
</Investigator>
<Investigator>
<FirstName>David</FirstName>
<LastName>Cantu</LastName>
<PI_MID_INIT/>
<PI_SUFX_NAME/>
<PI_FULL_NAME>David Cantu</PI_FULL_NAME>
<EmailAddress><![CDATA[dcantu@unr.edu]]></EmailAddress>
<NSF_ID>000788425</NSF_ID>
<StartDate>04/21/2020</StartDate>
<EndDate/>
<RoleCode>Principal Investigator</RoleCode>
</Investigator>
<Institution>
<Name><![CDATA[Board of Regents, NSHE, obo University of Nevada, Reno]]></Name>
<CityName>RENO</CityName>
<ZipCode>895570001</ZipCode>
<PhoneNumber>7757844040</PhoneNumber>
<StreetAddress><![CDATA[1664 N VIRGINIA ST # 285]]></StreetAddress>
<StreetAddress2/>
<CountryName>United States</CountryName>
<StateName>Nevada</StateName>
<StateCode>NV</StateCode>
<CONGRESSDISTRICT>02</CONGRESSDISTRICT>
<CONGRESS_DISTRICT_ORG>NV02</CONGRESS_DISTRICT_ORG>
<ORG_UEI_NUM>WLDGTNCFFJZ3</ORG_UEI_NUM>
<ORG_LGL_BUS_NAME>BOARD OF REGENTS OF THE NEVADA SYSTEM OF HIGHER ED</ORG_LGL_BUS_NAME>
<ORG_PRNT_UEI_NUM>WLDGTNCFFJZ3</ORG_PRNT_UEI_NUM>
</Institution>
<Performance_Institution>
<Name><![CDATA[Board of Regents, NSHE, obo University of Nevada, Reno]]></Name>
<CityName>Reno</CityName>
<StateCode>NV</StateCode>
<ZipCode>895570001</ZipCode>
<StreetAddress><![CDATA[1664 N. Virginia St.]]></StreetAddress>
<CountryCode>US</CountryCode>
<CountryName>United States</CountryName>
<StateName>Nevada</StateName>
<CountryFlag>1</CountryFlag>
<CONGRESSDISTRICT>02</CONGRESSDISTRICT>
<CONGRESS_DISTRICT_PERF>NV02</CONGRESS_DISTRICT_PERF>
</Performance_Institution>
<ProgramElement>
<Code>149100</Code>
<Text>Cellular &amp; Biochem Engineering</Text>
</ProgramElement>
<ProgramElement>
<Code>164200</Code>
<Text>Special Initiatives</Text>
</ProgramElement>
<ProgramElement>
<Code>800400</Code>
<Text>Software Institutes</Text>
</ProgramElement>
<ProgramReference>
<Code>077Z</Code>
<Text>CSSI-1: Cyberinfr for Sustained Scientif</Text>
</ProgramReference>
<ProgramReference>
<Code>1491</Code>
<Text>BIOTECH, BIOCHEM &amp; BIOMASS ENG</Text>
</ProgramReference>
<ProgramReference>
<Code>7923</Code>
<Text>SMALL PROJECT</Text>
</ProgramReference>
<ProgramReference>
<Code>8004</Code>
<Text>Software Institutes</Text>
</ProgramReference>
<ProgramReference>
<Code>9150</Code>
<Text>EXP PROG TO STIM COMP RES</Text>
</ProgramReference>
<Appropriation>
<Code>0120</Code>
<Name>NSF RESEARCH &amp; RELATED ACTIVIT</Name>
<APP_SYMB_ID>040100</APP_SYMB_ID>
</Appropriation>
<Fund>
<Code>01002021DB</Code>
<Name><![CDATA[NSF RESEARCH & RELATED ACTIVIT]]></Name>
<FUND_SYMB_ID>040100</FUND_SYMB_ID>
</Fund>
<FUND_OBLG>2020~599999</FUND_OBLG>
</Award>
</rootTag>
