<?xml version="1.0" encoding="UTF-8"?>
<rootTag>
<Award>
<AwardTitle><![CDATA[Icy landscapes from the Brooks Range to the Beaufort Sea: Quantifying the mobilization, transport and deposition of sediment and carbon in Arctic Alaska]]></AwardTitle>
<AGENCY>NSF</AGENCY>
<AwardEffectiveDate>09/01/2020</AwardEffectiveDate>
<AwardExpirationDate>08/31/2024</AwardExpirationDate>
<AwardTotalIntnAmount>1306498.00</AwardTotalIntnAmount>
<AwardAmount>1306498</AwardAmount>
<AwardInstrument>
<Value>Standard Grant</Value>
</AwardInstrument>
<Organization>
<Code>06090100</Code>
<Directorate>
<Abbreviation>GEO</Abbreviation>
<LongName>Directorate For Geosciences</LongName>
</Directorate>
<Division>
<Abbreviation>OPP</Abbreviation>
<LongName>Office of Polar Programs (OPP)</LongName>
</Division>
</Organization>
<ProgramOfficer>
<SignBlockName>Rainer Amon</SignBlockName>
<PO_EMAI/>
<PO_PHON/>
</ProgramOfficer>
<AbstractNarration>Arctic landscapes are rapidly changing because of ongoing warming. One effect of this warming is that permafrost, which is ground that remains frozen even in summer, is now thawing. Permafrost thaw exposes previously frozen organic soil material to decomposition, a process that releases carbon dioxide to the world’s atmosphere and can contribute to the greenhouse effect. Thaw also brings new amounts of soil and carbon material into Arctic rivers, which then gets deposited in floodplains and coasts. How the transport of this soil and carbon through river corridors and the burial of this material on the coasts, affect carbon decomposition is unclear.  This project collects data that will monitor changes in water and carbon chemistry for the Canning River in Alaska.  These measurements from the land surface, floodplain and river banks, will allow us to develop new theories about the carbon cycle. These new insights will be used to develop computer models that predict future landscape change and carbon release. The project will help build the future workforce through training of four students and a postdoctoral fellow in integrated data collection and computer modeling. We will share our insights with the public through a short film. We will also work with regional decision makers through close collaboration with the US Geological Survey, Fish and Wildlife Service, and at the National Park Service.&lt;br/&gt;&lt;br/&gt;Limited understanding of the mechanisms of sediment production in seasonally frozen landscapes, of transport, storage, and transformation of sediment and carbon along river corridors, and deposition at the coasts, prevents us from predicting Arctic carbon cycles into the future. This project addresses the geomorphic transport system and its connection to organic carbon liberation and sequestration. The study tracks sediment and carbon geochemical characteristics through the conveyor system of the Canning River on Alaska’s North Slope, from its glacial headwaters in the Brooks Range to its delta in the Beaufort Sea.  We will develop new theory and quantitative numerical models. Field efforts, which include the establishment of time-lapse cameras along the Canning River, high resolution morphological change mapping using drones and the new Arctic Digital Elevation Model, deployment of temperature and sediment transport sensors, and the collection of water, sediment and carbon samples, will shed light on the magnitudes of sediment and carbon fluxes from the terrestrial domain to the coastal Arctic Ocean.  These measurements will provide a baseline data set against which future change can be assessed. The study will address hillslope sediment transport by solifluction, thaw-controlled fluvial sediment transport, sediment comminution by frost cracking, thermal riverbank erosion, and deltaic deposition in a sea-ice-covered ocean. The numerical schemes developed in this project will improve existing open-source model frameworks for simulating high latitude, hydrology, biogeochemistry, and morpho-dynamics. This project will train graduate and undergraduate students in Arctic system science, geomorphology, and sedimentary processes, within the integrated context of field, laboratory, numerical modeling methods.&lt;br/&gt;&lt;br/&gt;This award is co-funded by the Arctic Natural Sciences Program and the Geomorphology and Land-use Dynamics Program.&lt;br/&gt;&lt;br/&gt;This award reflects NSF's statutory mission and has been deemed worthy of support through evaluation using the Foundation's intellectual merit and broader impacts review criteria.</AbstractNarration>
<MinAmdLetterDate>08/12/2020</MinAmdLetterDate>
<MaxAmdLetterDate>08/12/2020</MaxAmdLetterDate>
<ARRAAmount/>
<TRAN_TYPE>Grant</TRAN_TYPE>
<CFDA_NUM>47.078</CFDA_NUM>
<NSF_PAR_USE_FLAG>1</NSF_PAR_USE_FLAG>
<FUND_AGCY_CODE>4900</FUND_AGCY_CODE>
<AWDG_AGCY_CODE>4900</AWDG_AGCY_CODE>
<AwardID>2001225</AwardID>
<Investigator>
<FirstName>Robert</FirstName>
<LastName>Anderson</LastName>
<PI_MID_INIT>S</PI_MID_INIT>
<PI_SUFX_NAME/>
<PI_FULL_NAME>Robert S Anderson</PI_FULL_NAME>
<EmailAddress><![CDATA[andersrs@colorado.edu]]></EmailAddress>
<NSF_ID>000418295</NSF_ID>
<StartDate>08/12/2020</StartDate>
<EndDate/>
<RoleCode>Co-Principal Investigator</RoleCode>
</Investigator>
<Investigator>
<FirstName>Suzanne</FirstName>
<LastName>Anderson</LastName>
<PI_MID_INIT>P</PI_MID_INIT>
<PI_SUFX_NAME/>
<PI_FULL_NAME>Suzanne P Anderson</PI_FULL_NAME>
<EmailAddress><![CDATA[suzanne.anderson@colorado.edu]]></EmailAddress>
<NSF_ID>000431924</NSF_ID>
<StartDate>08/12/2020</StartDate>
<EndDate/>
<RoleCode>Co-Principal Investigator</RoleCode>
</Investigator>
<Investigator>
<FirstName>Irina</FirstName>
<LastName>Overeem</LastName>
<PI_MID_INIT/>
<PI_SUFX_NAME/>
<PI_FULL_NAME>Irina Overeem</PI_FULL_NAME>
<EmailAddress><![CDATA[irina.overeem@colorado.edu]]></EmailAddress>
<NSF_ID>000493687</NSF_ID>
<StartDate>08/12/2020</StartDate>
<EndDate/>
<RoleCode>Principal Investigator</RoleCode>
</Investigator>
<Institution>
<Name><![CDATA[University of Colorado at Boulder]]></Name>
<CityName>Boulder</CityName>
<ZipCode>803090001</ZipCode>
<PhoneNumber>3034926221</PhoneNumber>
<StreetAddress><![CDATA[3100 MARINE ST]]></StreetAddress>
<StreetAddress2><![CDATA[STE 481 572 UCB]]></StreetAddress2>
<CountryName>United States</CountryName>
<StateName>Colorado</StateName>
<StateCode>CO</StateCode>
<CONGRESSDISTRICT>02</CONGRESSDISTRICT>
<CONGRESS_DISTRICT_ORG>CO02</CONGRESS_DISTRICT_ORG>
<ORG_UEI_NUM>SPVKK1RC2MZ3</ORG_UEI_NUM>
<ORG_LGL_BUS_NAME>THE REGENTS OF THE UNIVERSITY OF COLORADO</ORG_LGL_BUS_NAME>
<ORG_PRNT_UEI_NUM/>
</Institution>
<Performance_Institution>
<Name><![CDATA[University of Colorado at Boulder]]></Name>
<CityName>Boulder</CityName>
<StateCode>CO</StateCode>
<ZipCode>803031058</ZipCode>
<StreetAddress><![CDATA[3100 Marine Street, Room 481]]></StreetAddress>
<CountryCode>US</CountryCode>
<CountryName>United States</CountryName>
<StateName>Colorado</StateName>
<CountryFlag>1</CountryFlag>
<CONGRESSDISTRICT>02</CONGRESSDISTRICT>
<CONGRESS_DISTRICT_PERF>CO02</CONGRESS_DISTRICT_PERF>
</Performance_Institution>
<ProgramElement>
<Code>528000</Code>
<Text>ANS-Arctic Natural Sciences</Text>
</ProgramElement>
<ProgramElement>
<Code>745800</Code>
<Text>Geomorphology &amp; Land-use Dynam</Text>
</ProgramElement>
<ProgramReference>
<Code>1079</Code>
<Text>ARCTIC RESEARCH</Text>
</ProgramReference>
<ProgramReference>
<Code>7458</Code>
<Text>GEOMORPHOLOGY &amp; LAND USE DYNAM</Text>
</ProgramReference>
<Appropriation>
<Code>0120</Code>
<Name>NSF RESEARCH &amp; RELATED ACTIVIT</Name>
<APP_SYMB_ID>040100</APP_SYMB_ID>
</Appropriation>
<Appropriation>
<Code>02XX</Code>
<Name>NSF RESEARCH &amp; RELATED ACTIVIT</Name>
<APP_SYMB_ID>040100</APP_SYMB_ID>
</Appropriation>
<Fund>
<Code>01002021DB</Code>
<Name><![CDATA[NSF RESEARCH & RELATED ACTIVIT]]></Name>
<FUND_SYMB_ID>040100</FUND_SYMB_ID>
</Fund>
<Fund>
<Code>0100XXXXDB</Code>
<Name><![CDATA[NSF RESEARCH & RELATED ACTIVIT]]></Name>
<FUND_SYMB_ID>040100</FUND_SYMB_ID>
</Fund>
<FUND_OBLG>2020~1306498</FUND_OBLG>
</Award>
</rootTag>
