<?xml version="1.0" encoding="UTF-8"?>
<rootTag>
<Award>
<AwardTitle><![CDATA[Understanding the Burst of Hydroxyl Radicals (OH) in Newly Formed Cloud Droplets]]></AwardTitle>
<AGENCY>NSF</AGENCY>
<AwardEffectiveDate>04/01/2020</AwardEffectiveDate>
<AwardExpirationDate>03/31/2025</AwardExpirationDate>
<AwardTotalIntnAmount>514307.00</AwardTotalIntnAmount>
<AwardAmount>514307</AwardAmount>
<AwardInstrument>
<Value>Standard Grant</Value>
</AwardInstrument>
<Organization>
<Code>06020104</Code>
<Directorate>
<Abbreviation>GEO</Abbreviation>
<LongName>Directorate For Geosciences</LongName>
</Directorate>
<Division>
<Abbreviation>AGS</Abbreviation>
<LongName>Div Atmospheric &amp; Geospace Sciences</LongName>
</Division>
</Organization>
<ProgramOfficer>
<SignBlockName>Sylvia Edgerton</SignBlockName>
<PO_EMAI>sedgerto@nsf.gov</PO_EMAI>
<PO_PHON>7032928522</PO_PHON>
</ProgramOfficer>
<AbstractNarration>Aerosol particles and aerosol-cloud interactions remain one of the least constrained aspects in global climate modeling and prediction efforts. To help increase current understanding, the PI seeks to characterize reaction mechanisms in aerosol particles that have shown recently to produce light-induced initial bursts of the most oxidizing species, hydroxyl radical (OH). Focus will be on trace metals and organic peroxides, latter of which represent a new class of molecules to be studied in this context. Results from ambient aerosol analyses, laboratory simulations and chamber experiments will inform parametrization of OH production for incorporation into larger scale climate models.&lt;br/&gt; &lt;br/&gt;The project aims at increasing understanding of mechanisms of atmospheric production of OH in cloud droplets. The work is motivated by the PI’s observation of an initial and substantial burst in OH production when exposing aerosols to near-UV radiation. Identifying new OH sources in cloud droplets has important and potentially transformative implications on many chemical and physical atmospheric processes that affect global climate and human health. The three-pronged experimental approach consists of measuring OH production in (i) collected and chemically analyzed ambient aerosols of various types; (ii) controlled laboratory experiments using a series of synthesized (hydro)peroxides, trace metals, and varying pH, conductivity, and wavelength; and (iii) chamber generated aerosol particles. A new semi-portable instrument (direct-to liquid OH analyzer) is sought to be developed that allows aerosols to grow to droplets that are collected and analyzed for OH formation on the time scale of tens of minutes to hours. Chemical kinetic modeling of results from all components of the experimental approach will be used to derive rate constants and parametrization for implementation in larger scale models. Two graduate students will receive training through this project, and a number of undergraduate students from underrepresented populations will be recruited from existing programs on the PI’s campus.&lt;br/&gt;&lt;br/&gt;This award reflects NSF's statutory mission and has been deemed worthy of support through evaluation using the Foundation's intellectual merit and broader impacts review criteria.</AbstractNarration>
<MinAmdLetterDate>01/23/2020</MinAmdLetterDate>
<MaxAmdLetterDate>01/23/2020</MaxAmdLetterDate>
<ARRAAmount/>
<TRAN_TYPE>Grant</TRAN_TYPE>
<CFDA_NUM>47.050</CFDA_NUM>
<NSF_PAR_USE_FLAG>1</NSF_PAR_USE_FLAG>
<FUND_AGCY_CODE>4900</FUND_AGCY_CODE>
<AWDG_AGCY_CODE>4900</AWDG_AGCY_CODE>
<AwardID>2001187</AwardID>
<Investigator>
<FirstName>Suzanne</FirstName>
<LastName>Paulson</LastName>
<PI_MID_INIT>E</PI_MID_INIT>
<PI_SUFX_NAME/>
<PI_FULL_NAME>Suzanne E Paulson</PI_FULL_NAME>
<EmailAddress><![CDATA[paulson@atmos.ucla.edu]]></EmailAddress>
<NSF_ID>000096592</NSF_ID>
<StartDate>01/23/2020</StartDate>
<EndDate/>
<RoleCode>Principal Investigator</RoleCode>
</Investigator>
<Institution>
<Name><![CDATA[University of California-Los Angeles]]></Name>
<CityName>LOS ANGELES</CityName>
<ZipCode>900244200</ZipCode>
<PhoneNumber>3107940102</PhoneNumber>
<StreetAddress><![CDATA[10889 WILSHIRE BLVD STE 700]]></StreetAddress>
<StreetAddress2/>
<CountryName>United States</CountryName>
<StateName>California</StateName>
<StateCode>CA</StateCode>
<CONGRESSDISTRICT>36</CONGRESSDISTRICT>
<CONGRESS_DISTRICT_ORG>CA36</CONGRESS_DISTRICT_ORG>
<ORG_UEI_NUM>RN64EPNH8JC6</ORG_UEI_NUM>
<ORG_LGL_BUS_NAME>UNIVERSITY OF CALIFORNIA, LOS ANGELES</ORG_LGL_BUS_NAME>
<ORG_PRNT_UEI_NUM/>
</Institution>
<Performance_Institution>
<Name><![CDATA[University of California, Los Angeles]]></Name>
<CityName>Los Angeles</CityName>
<StateCode>CA</StateCode>
<ZipCode>900951565</ZipCode>
<StreetAddress><![CDATA[520 Portola Plaza, MS 7127]]></StreetAddress>
<CountryCode>US</CountryCode>
<CountryName>United States</CountryName>
<StateName>California</StateName>
<CountryFlag>1</CountryFlag>
<CONGRESSDISTRICT>36</CONGRESSDISTRICT>
<CONGRESS_DISTRICT_PERF>CA36</CONGRESS_DISTRICT_PERF>
</Performance_Institution>
<ProgramElement>
<Code>152400</Code>
<Text>Atmospheric Chemistry</Text>
</ProgramElement>
<Appropriation>
<Code>0120</Code>
<Name>NSF RESEARCH &amp; RELATED ACTIVIT</Name>
<APP_SYMB_ID>040100</APP_SYMB_ID>
</Appropriation>
<Fund>
<Code>01002021DB</Code>
<Name><![CDATA[NSF RESEARCH & RELATED ACTIVIT]]></Name>
<FUND_SYMB_ID>040100</FUND_SYMB_ID>
</Fund>
<FUND_OBLG>2020~514307</FUND_OBLG>
</Award>
</rootTag>
