<?xml version="1.0" encoding="UTF-8"?>
<rootTag>
<Award>
<AwardTitle><![CDATA[Higher Dimensional Algebraic Varieties: Geometry and Arithmetic]]></AwardTitle>
<AGENCY>NSF</AGENCY>
<AwardEffectiveDate>07/15/2020</AwardEffectiveDate>
<AwardExpirationDate>08/31/2021</AwardExpirationDate>
<AwardTotalIntnAmount>174486.00</AwardTotalIntnAmount>
<AwardAmount>174486</AwardAmount>
<AwardInstrument>
<Value>Standard Grant</Value>
</AwardInstrument>
<Organization>
<Code>03040000</Code>
<Directorate>
<Abbreviation>MPS</Abbreviation>
<LongName>Direct For Mathematical &amp; Physical Scien</LongName>
</Directorate>
<Division>
<Abbreviation>DMS</Abbreviation>
<LongName>Division Of Mathematical Sciences</LongName>
</Division>
</Organization>
<ProgramOfficer>
<SignBlockName>michelle manes</SignBlockName>
<PO_EMAI/>
<PO_PHON/>
</ProgramOfficer>
<AbstractNarration>Algebraic geometry focuses on the study of solutions of polynomial equations. Guiding questions in this fields are to understand the geometric objects, called algebraic varieties, arising from polynomial equations and to classify such shapes. This project also concerns applications to number theory, with hopes to understand what the geometry of these shapes can tell us about the rational number or integral solutions to these polynomial equations. These problems have applications to other fields of math (e.g. differential geometry) as well as physics (e.g. string theory). &lt;br/&gt;&lt;br/&gt;Moduli spaces of higher dimensional algebraic varieties are not as well understood as their curve counterparts. The first overarching question in this project is to the understand compactifications of moduli spaces of higher dimensional algebraic varieties. The approaches taken will be a combination of techniques arising from, e.g. the minimal model program (MMP), as well as K-stability. In particular, the PI plans to understand explicit compactifications in specific cases (e.g. K3 surfaces), and to study how to interpolate between various compactifications in a modular way. The second overarching question, is to investigate how geometry of higher dimensional varieties and their moduli influences arithmetic, studying the rich interplay between algebraic geometry, hyperbolicity, and arithmetic geometry.&lt;br/&gt;&lt;br/&gt;This award reflects NSF's statutory mission and has been deemed worthy of support through evaluation using the Foundation's intellectual merit and broader impacts review criteria.</AbstractNarration>
<MinAmdLetterDate>07/11/2020</MinAmdLetterDate>
<MaxAmdLetterDate>07/11/2020</MaxAmdLetterDate>
<ARRAAmount/>
<TRAN_TYPE>Grant</TRAN_TYPE>
<CFDA_NUM>47.049</CFDA_NUM>
<NSF_PAR_USE_FLAG>1</NSF_PAR_USE_FLAG>
<FUND_AGCY_CODE>4900</FUND_AGCY_CODE>
<AWDG_AGCY_CODE>4900</AWDG_AGCY_CODE>
<AwardID>2001408</AwardID>
<Investigator>
<FirstName>Kenneth</FirstName>
<LastName>Ascher</LastName>
<PI_MID_INIT>B</PI_MID_INIT>
<PI_SUFX_NAME/>
<PI_FULL_NAME>Kenneth B Ascher</PI_FULL_NAME>
<EmailAddress><![CDATA[kascher@uci.edu]]></EmailAddress>
<NSF_ID>000731922</NSF_ID>
<StartDate>07/11/2020</StartDate>
<EndDate/>
<RoleCode>Principal Investigator</RoleCode>
</Investigator>
<Institution>
<Name><![CDATA[Princeton University]]></Name>
<CityName>PRINCETON</CityName>
<ZipCode>085442001</ZipCode>
<PhoneNumber>6092583090</PhoneNumber>
<StreetAddress><![CDATA[1 NASSAU HALL]]></StreetAddress>
<StreetAddress2/>
<CountryName>United States</CountryName>
<StateName>New Jersey</StateName>
<StateCode>NJ</StateCode>
<CONGRESSDISTRICT>12</CONGRESSDISTRICT>
<CONGRESS_DISTRICT_ORG>NJ12</CONGRESS_DISTRICT_ORG>
<ORG_UEI_NUM>NJ1YPQXQG7U5</ORG_UEI_NUM>
<ORG_LGL_BUS_NAME>THE TRUSTEES OF PRINCETON UNIVERSITY</ORG_LGL_BUS_NAME>
<ORG_PRNT_UEI_NUM/>
</Institution>
<Performance_Institution>
<Name><![CDATA[Princeton University]]></Name>
<CityName>Princeton</CityName>
<StateCode>NJ</StateCode>
<ZipCode>085442020</ZipCode>
<StreetAddress/>
<CountryCode>US</CountryCode>
<CountryName>United States</CountryName>
<StateName>New Jersey</StateName>
<CountryFlag>1</CountryFlag>
<CONGRESSDISTRICT>12</CONGRESSDISTRICT>
<CONGRESS_DISTRICT_PERF>NJ12</CONGRESS_DISTRICT_PERF>
</Performance_Institution>
<ProgramElement>
<Code>126400</Code>
<Text>ALGEBRA,NUMBER THEORY,AND COM</Text>
</ProgramElement>
<Appropriation>
<Code>0120</Code>
<Name>NSF RESEARCH &amp; RELATED ACTIVIT</Name>
<APP_SYMB_ID>040100</APP_SYMB_ID>
</Appropriation>
<Fund>
<Code>01002021DB</Code>
<Name><![CDATA[NSF RESEARCH & RELATED ACTIVIT]]></Name>
<FUND_SYMB_ID>040100</FUND_SYMB_ID>
</Fund>
<FUND_OBLG>2020~44270</FUND_OBLG>
</Award>
</rootTag>
