<?xml version="1.0" encoding="UTF-8"?>
<rootTag>
<Award>
<AwardTitle><![CDATA[Digitization PEN: Integration of data from the UNH Insect Collection with LepNet.]]></AwardTitle>
<AGENCY>NSF</AGENCY>
<AwardEffectiveDate>09/15/2020</AwardEffectiveDate>
<AwardExpirationDate>08/31/2025</AwardExpirationDate>
<AwardTotalIntnAmount>157277.00</AwardTotalIntnAmount>
<AwardAmount>157277</AwardAmount>
<AwardInstrument>
<Value>Standard Grant</Value>
</AwardInstrument>
<Organization>
<Code>08080000</Code>
<Directorate>
<Abbreviation>BIO</Abbreviation>
<LongName>Direct For Biological Sciences</LongName>
</Directorate>
<Division>
<Abbreviation>DBI</Abbreviation>
<LongName>Div Of Biological Infrastructure</LongName>
</Division>
</Organization>
<ProgramOfficer>
<SignBlockName>Reed Beaman</SignBlockName>
<PO_EMAI>rsbeaman@nsf.gov</PO_EMAI>
<PO_PHON>7032927163</PO_PHON>
</ProgramOfficer>
<AbstractNarration>An award is made University of New Hampshire for the Don Chandler Entomological Collection (UNHC) to establish a Partner to Existing Networks (PEN) collaboration with the Lepidoptera of North America Thematic Collection Network (LepNet TCN).  The LepNet TCN unlocks data from North American Lepidoptera holdings across the US that provides a baseline to track changes in species and communities, and to correlate them with climate and other human-related changes in the environment.  This PEN will complement the Lepnet TCN by adding underrepresented historic New England moths and butterflies including species from the unique pitch pine / scrub oak ecosystems. The project will increase the number of currently digitized New England species in LepNet by 63 percent and the number of digitized specimens by 40 percent. Data from this project will be made available on the LepNet portal for the research community, government agencies, students, educators, and the general public.  Undergraduate students will be trained in all aspects of nature history collection curation. The general public will be engaged through Bioblitz and annual Open Day events at UNHC, which includes yearly tours for visually impaired students. &lt;br/&gt;&lt;br/&gt;The 700,000 specimens of the historical and taxonomically important holdings of the Don Chandler Entomological Collection (UNHC) have been partially inaccessible to researchers and the general public, and digitization effort will increase research and public access. During this project students and technicians will image and transcribe the label information of 50,000 specimens, generate 35,000 specimen images and create the dorsal and z-stack image sets of the dorsal and ventral sides of 15,000 microlepidoptera specimens using a Macropod imaging system. This project will utilize a new, cell phone-based imaging workflow that increases the speed and accuracy of the digitization of entomological collections. Locality data for 30,000 specimens will also be georeferenced. Undergraduate students will be trained throughout this process and data recorded during this project will be integrated into undergraduate courses at the University of New Hampshire to model changes in distribution of Lepidoptera. The UNHC will display results from the proposed project in 3 public exhibits at the Spaulding Life Science Complex. Data produced by this project will be shared through the LepNet portal, iDigBio.org, and GBIF.org.&lt;br/&gt;&lt;br/&gt;This award reflects NSF's statutory mission and has been deemed worthy of support through evaluation using the Foundation's intellectual merit and broader impacts review criteria.</AbstractNarration>
<MinAmdLetterDate>08/20/2020</MinAmdLetterDate>
<MaxAmdLetterDate>03/30/2022</MaxAmdLetterDate>
<ARRAAmount/>
<TRAN_TYPE>Grant</TRAN_TYPE>
<CFDA_NUM>47.074</CFDA_NUM>
<NSF_PAR_USE_FLAG>1</NSF_PAR_USE_FLAG>
<FUND_AGCY_CODE>4900</FUND_AGCY_CODE>
<AWDG_AGCY_CODE>4900</AWDG_AGCY_CODE>
<AwardID>2001589</AwardID>
<Investigator>
<FirstName>Istvan</FirstName>
<LastName>Miko</LastName>
<PI_MID_INIT/>
<PI_SUFX_NAME/>
<PI_FULL_NAME>Istvan Miko</PI_FULL_NAME>
<EmailAddress><![CDATA[istvan.miko@gmail.com]]></EmailAddress>
<NSF_ID>000595159</NSF_ID>
<StartDate>08/20/2020</StartDate>
<EndDate/>
<RoleCode>Principal Investigator</RoleCode>
</Investigator>
<Institution>
<Name><![CDATA[University of New Hampshire]]></Name>
<CityName>DURHAM</CityName>
<ZipCode>038242620</ZipCode>
<PhoneNumber>6038622172</PhoneNumber>
<StreetAddress><![CDATA[51 COLLEGE RD]]></StreetAddress>
<StreetAddress2><![CDATA[BLDG 107]]></StreetAddress2>
<CountryName>United States</CountryName>
<StateName>New Hampshire</StateName>
<StateCode>NH</StateCode>
<CONGRESSDISTRICT>01</CONGRESSDISTRICT>
<CONGRESS_DISTRICT_ORG>NH01</CONGRESS_DISTRICT_ORG>
<ORG_UEI_NUM>GBNGC495XA67</ORG_UEI_NUM>
<ORG_LGL_BUS_NAME>UNIVERSITY SYSTEM OF NEW HAMPSHIRE</ORG_LGL_BUS_NAME>
<ORG_PRNT_UEI_NUM/>
</Institution>
<Performance_Institution>
<Name><![CDATA[UNH Biological Sciences]]></Name>
<CityName>Durham</CityName>
<StateCode>NH</StateCode>
<ZipCode>038243585</ZipCode>
<StreetAddress><![CDATA[242 Spaulding, 38 Academic Way]]></StreetAddress>
<CountryCode>US</CountryCode>
<CountryName>United States</CountryName>
<StateName>New Hampshire</StateName>
<CountryFlag>1</CountryFlag>
<CONGRESSDISTRICT>01</CONGRESSDISTRICT>
<CONGRESS_DISTRICT_PERF>NH01</CONGRESS_DISTRICT_PERF>
</Performance_Institution>
<ProgramElement>
<Code>085Y00</Code>
<Text>ICB: Infrastructure Capacity f</Text>
</ProgramElement>
<ProgramReference>
<Code>1197</Code>
<Text>BIOLOGICAL RESEARCH COLLECTION</Text>
</ProgramReference>
<ProgramReference>
<Code>6895</Code>
<Text>DIGITIZATION</Text>
</ProgramReference>
<ProgramReference>
<Code>9150</Code>
<Text>EXP PROG TO STIM COMP RES</Text>
</ProgramReference>
<Appropriation>
<Code>0120</Code>
<Name>NSF RESEARCH &amp; RELATED ACTIVIT</Name>
<APP_SYMB_ID>040100</APP_SYMB_ID>
</Appropriation>
<Fund>
<Code>01002021DB</Code>
<Name><![CDATA[NSF RESEARCH & RELATED ACTIVIT]]></Name>
<FUND_SYMB_ID>040100</FUND_SYMB_ID>
</Fund>
<FUND_OBLG>2020~157277</FUND_OBLG>
</Award>
</rootTag>
