<?xml version="1.0" encoding="UTF-8"?>
<rootTag>
<Award>
<AwardTitle><![CDATA[Collaborative Research: Using molecular functionalization to tune nanoscale interfacial energy and momentum transport]]></AwardTitle>
<AGENCY>NSF</AGENCY>
<AwardEffectiveDate>09/01/2020</AwardEffectiveDate>
<AwardExpirationDate>08/31/2022</AwardExpirationDate>
<AwardTotalIntnAmount>73026.00</AwardTotalIntnAmount>
<AwardAmount>73026</AwardAmount>
<AwardInstrument>
<Value>Continuing Grant</Value>
</AwardInstrument>
<Organization>
<Code>07020000</Code>
<Directorate>
<Abbreviation>ENG</Abbreviation>
<LongName>Directorate For Engineering</LongName>
</Directorate>
<Division>
<Abbreviation>CBET</Abbreviation>
<LongName>Div Of Chem, Bioeng, Env, &amp; Transp Sys</LongName>
</Division>
</Organization>
<ProgramOfficer>
<SignBlockName>Nora Savage</SignBlockName>
<PO_EMAI>nosavage@nsf.gov</PO_EMAI>
<PO_PHON>7032927949</PO_PHON>
</ProgramOfficer>
<AbstractNarration>Engineering surfaces at the nanometer scale will play a crucial role in a wide range of future technologies, including water desalination/purification for drinking and agriculture, efficient heating/cooling, waste heat recovery, advanced energy generation and storage, as well as biomedical applications such as advanced diagnostics and therapeutics.  The investigators seek demonstrate nanometer-scale and molecular-level tuning of material properties to create nano-engineered surfaces, or so-called “super-surfaces”.  The project will also train diverse scientists and engineers through interdisciplinary science, technology, engineering, and math education. A pilot undergraduate nanoscience program will be created for undergraduates, including rural, first-generation, non-traditional, and Hispanic students. This will provide students, including underrepresented groups, an opportunity to research and network with faculty and students at a major research university.  &lt;br/&gt;&lt;br/&gt;The goal of this project is to demonstrate a novel technique for molecular-level tuning of interfacial thermal conductance, surface charge, capillary properties, and biological interaction of solid-liquid interfaces using a model gold-alkanethiol-water system. By employing a highly synergistic, integrated experimental and theoretical approach (to design, synthesize, and then re-design microscale surfaces), the study will advance the fundamental understanding of mixed monolayer structure, dynamics, and interfacial interactions. These studies will extend to a systematic investigation of cooling rate and substrate curvature on functionalized thiol domain formation on both flat substrates and nanoparticles. By demonstrating a commercially scalable technique for tuning solid-liquid interfacial transport properties and biomolecular sensitivity of surfaces with nanometer precision, the project addresses significant applied research needs in the field. This work is anticipated to lead to the development of a new nanoscale manufacturing paradigm for the rational engineering of solid-fluid interfaces that can be applied to a broad range of functional molecules and substrates. Additionally, it will explore possible means to control interfacial transport and biological interactions with functionalized and nanostructured materials.  Thus, these studies will provide considerable cross-cutting scientific and technological benefits, which will improve the overall quality of human life and health. Because the project will also establish a pilot collaborative nanoscience program including students from two primarily undergraduate institutions (Colorado Mesa University and Central Washington University), which serve large Hispanic, rural, first generation, and non-traditional student populations, with students and researchers at University of Notre Dame, this project will contribute to the diversity of the scientific workforce. Specifically, the integrated research and education design of the studies will aid in student engagement, retention, and success. Because of the COVID pandemic, the PIs at all three institutions are actively engaged in developing a plan for inter- and intra- institutional collaborative research during the pandemic, planning for increased laboratory safety and utilizing information technology solutions for communications to mitigate the disruptive effects of the pandemic on the project activities while assuring researcher safety. Lastly, through community outreach and education activities via Colorado Mesa University’s Eureka Science Museum and Maverick Innovation Center, the PIs will contribute to regional educational development and economic development through entrepreneurship.&lt;br/&gt;&lt;br/&gt;This award reflects NSF's statutory mission and has been deemed worthy of support through evaluation using the Foundation's intellectual merit and broader impacts review criteria.</AbstractNarration>
<MinAmdLetterDate>08/28/2020</MinAmdLetterDate>
<MaxAmdLetterDate>08/11/2021</MaxAmdLetterDate>
<ARRAAmount/>
<TRAN_TYPE>Grant</TRAN_TYPE>
<CFDA_NUM>47.041</CFDA_NUM>
<NSF_PAR_USE_FLAG>1</NSF_PAR_USE_FLAG>
<FUND_AGCY_CODE>4900</FUND_AGCY_CODE>
<AWDG_AGCY_CODE>4900</AWDG_AGCY_CODE>
<AwardID>2001079</AwardID>
<Investigator>
<FirstName>Tengfei</FirstName>
<LastName>Luo</LastName>
<PI_MID_INIT/>
<PI_SUFX_NAME/>
<PI_FULL_NAME>Tengfei Luo</PI_FULL_NAME>
<EmailAddress><![CDATA[tluo@nd.edu]]></EmailAddress>
<NSF_ID>000616469</NSF_ID>
<StartDate>08/28/2020</StartDate>
<EndDate/>
<RoleCode>Principal Investigator</RoleCode>
</Investigator>
<Institution>
<Name><![CDATA[University of Notre Dame]]></Name>
<CityName>NOTRE DAME</CityName>
<ZipCode>465565708</ZipCode>
<PhoneNumber>5746317432</PhoneNumber>
<StreetAddress><![CDATA[940 GRACE HALL]]></StreetAddress>
<StreetAddress2/>
<CountryName>United States</CountryName>
<StateName>Indiana</StateName>
<StateCode>IN</StateCode>
<CONGRESSDISTRICT>02</CONGRESSDISTRICT>
<CONGRESS_DISTRICT_ORG>IN02</CONGRESS_DISTRICT_ORG>
<ORG_UEI_NUM>FPU6XGFXMBE9</ORG_UEI_NUM>
<ORG_LGL_BUS_NAME>UNIVERSITY OF NOTRE DAME DU LAC</ORG_LGL_BUS_NAME>
<ORG_PRNT_UEI_NUM>FPU6XGFXMBE9</ORG_PRNT_UEI_NUM>
</Institution>
<Performance_Institution>
<Name><![CDATA[University of Notre Dame]]></Name>
<CityName>Notre Dame</CityName>
<StateCode>IN</StateCode>
<ZipCode>465565708</ZipCode>
<StreetAddress><![CDATA[940 Grace Hall]]></StreetAddress>
<CountryCode>US</CountryCode>
<CountryName>United States</CountryName>
<StateName>Indiana</StateName>
<CountryFlag>1</CountryFlag>
<CONGRESSDISTRICT>02</CONGRESSDISTRICT>
<CONGRESS_DISTRICT_PERF>IN02</CONGRESS_DISTRICT_PERF>
</Performance_Institution>
<ProgramElement>
<Code>117900</Code>
<Text>Nanoscale Interactions Program</Text>
</ProgramElement>
<ProgramReference>
<Code>7237</Code>
<Text>NANO NON-SOLIC SCI &amp; ENG AWD</Text>
</ProgramReference>
<Appropriation>
<Code>0120</Code>
<Name>NSF RESEARCH &amp; RELATED ACTIVIT</Name>
<APP_SYMB_ID>040100</APP_SYMB_ID>
</Appropriation>
<Appropriation>
<Code>0121</Code>
<Name>NSF RESEARCH &amp; RELATED ACTIVIT</Name>
<APP_SYMB_ID>040100</APP_SYMB_ID>
</Appropriation>
<Fund>
<Code>01002021DB</Code>
<Name><![CDATA[NSF RESEARCH & RELATED ACTIVIT]]></Name>
<FUND_SYMB_ID>040100</FUND_SYMB_ID>
</Fund>
<Fund>
<Code>01002122DB</Code>
<Name><![CDATA[NSF RESEARCH & RELATED ACTIVIT]]></Name>
<FUND_SYMB_ID>040100</FUND_SYMB_ID>
</Fund>
<FUND_OBLG>2020~36008</FUND_OBLG>
<FUND_OBLG>2021~37018</FUND_OBLG>
<POR>
<DRECONTENT><![CDATA[<div class="porColContainerWBG"> <div class="porContentCol"><p>The fabrication and characterization of engineered nanomaterials (ENMs) with molecularly-tailored surface properties has been the subject of many recently published studies, concerning applications ranging from those at the food-water-energy nexus, including metal-free solar-driven desalination and water-remediation, plasmonic photothermal therapy (PPT) for cancer treatment, and photocatalysis/separations. This project supported study into the feasibility of tuning interfacial properties such as interfacial thermal conductance (ITC) of nanostructured surfaces using mixed thiol self-assembled monolayers (SAMs) interfaces on both flat and nanostructured substrates including nanoparticles. This included modulation of the composition and morphology of these mixed SAMs via stoichiometry and temperature control of the incubating solution as well as preliminary investigation into the thermal degradation of SAM-liquid interfaces. The interfaces were characterized by optical, other surface, and electrochemical measurements, as well as ITC measurements, and compared to simple models and scaling analysis.</p> <p>From an applications point of view, this project was significant because it proposes to investigate a potentially scalable and practical way to manipulate domain composition and morphology in self-assembled monolayers using a well-characterized model system (alkanethiols on gold) with the potential to be extended to other systems and include variations on technique. From a fundamental point of view, the project aimed to fill in several important gaps in the understanding of structure and dynamics of self-assembled monolayers on both flat and curved surfaces. The project further investigated the emergent properties of such interfaces, as a first step in developing a micro-nanoscale interfacial design paradigm. By studying a wide range of interactions (capillary, thermal, electrokinetic, biological), the project establishes important understanding of desired surface properties correlated with monolayer structure, composition, and underlying substrate morphology (principally curvature.)&nbsp;</p> <p>&nbsp;</p><br> <p>            Last Modified: 01/01/2023<br>      Modified by: Tengfei&nbsp;Luo</p> </div> <div class="porSideCol"></div> </div>]]></DRECONTENT>
<POR_COPY_TXT><![CDATA[ The fabrication and characterization of engineered nanomaterials (ENMs) with molecularly-tailored surface properties has been the subject of many recently published studies, concerning applications ranging from those at the food-water-energy nexus, including metal-free solar-driven desalination and water-remediation, plasmonic photothermal therapy (PPT) for cancer treatment, and photocatalysis/separations. This project supported study into the feasibility of tuning interfacial properties such as interfacial thermal conductance (ITC) of nanostructured surfaces using mixed thiol self-assembled monolayers (SAMs) interfaces on both flat and nanostructured substrates including nanoparticles. This included modulation of the composition and morphology of these mixed SAMs via stoichiometry and temperature control of the incubating solution as well as preliminary investigation into the thermal degradation of SAM-liquid interfaces. The interfaces were characterized by optical, other surface, and electrochemical measurements, as well as ITC measurements, and compared to simple models and scaling analysis.  From an applications point of view, this project was significant because it proposes to investigate a potentially scalable and practical way to manipulate domain composition and morphology in self-assembled monolayers using a well-characterized model system (alkanethiols on gold) with the potential to be extended to other systems and include variations on technique. From a fundamental point of view, the project aimed to fill in several important gaps in the understanding of structure and dynamics of self-assembled monolayers on both flat and curved surfaces. The project further investigated the emergent properties of such interfaces, as a first step in developing a micro-nanoscale interfacial design paradigm. By studying a wide range of interactions (capillary, thermal, electrokinetic, biological), the project establishes important understanding of desired surface properties correlated with monolayer structure, composition, and underlying substrate morphology (principally curvature.)           Last Modified: 01/01/2023       Submitted by: Tengfei Luo]]></POR_COPY_TXT>
</POR>
</Award>
</rootTag>
