<?xml version="1.0" encoding="UTF-8"?>
<rootTag>
<Award>
<AwardTitle><![CDATA[RoL: RUI: Collaborative Research: Understanding the Ecological and Genomic Bases of Local Adaptation in an Obligate Pollination Mutualism]]></AwardTitle>
<AGENCY>NSF</AGENCY>
<AwardEffectiveDate>07/01/2020</AwardEffectiveDate>
<AwardExpirationDate>06/30/2025</AwardExpirationDate>
<AwardTotalIntnAmount>1112316.00</AwardTotalIntnAmount>
<AwardAmount>1112316</AwardAmount>
<AwardInstrument>
<Value>Standard Grant</Value>
</AwardInstrument>
<Organization>
<Code>08010000</Code>
<Directorate>
<Abbreviation>BIO</Abbreviation>
<LongName>Direct For Biological Sciences</LongName>
</Directorate>
<Division>
<Abbreviation>DEB</Abbreviation>
<LongName>Division Of Environmental Biology</LongName>
</Division>
</Organization>
<ProgramOfficer>
<SignBlockName>Samuel Scheiner</SignBlockName>
<PO_EMAI>sscheine@nsf.gov</PO_EMAI>
<PO_PHON>7032927175</PO_PHON>
</ProgramOfficer>
<AbstractNarration>All living things must manage stress from their environment and interactions with other living things. Biologists have long believed that interactions with predators, competitors, and helpful mutualists are a powerful force in the history of life, helping to spur the formation of new species. However, it is difficult to test whether interactions between living things have been more important than the effects of the physical environment like heat, freezing, or drought. This project makes that comparison by taking advantage of a unique interaction between species that live in the extreme environments of the Mojave Desert. Joshua trees, the spikey, twisted-looking trees found across the Mojave, cannot produce fruit without the help of yucca moths. Joshua tree flowers appear to be adapted to the moths, but the trees also experience extreme heat and drought, and it seems likely that these effects of the physical, nonliving environment also impact their survival. The Joshua Tree Genome Project will use genetic sequencing and experiments with Joshua tree seedlings to study how the trees cope with different climates in different parts of the desert. The project collaborators can then compare the effects of climate on Joshua tree populations to the effects of their interaction with yucca moths. The team will also engage volunteers and science teachers across the Mojave region to measure and monitor Joshua tree populations in their own backyards. By examining the Joshua tree's adaptation to climate in detail for the first time, this project will help to answer a longstanding question in the history of life on Earth — whether interactions between living things or the physical environment have been more important — and develop scientific tools and community partnerships that can help protect Joshua trees under changing future climates.&lt;br/&gt;&lt;br/&gt;The Joshua Tree Genome Project is a collaboration of ecologists, geneticists, bioinformaticians, and plant physiologists at Willamette University, California State University Northridge, the Universities of Alabama and Hawaii, and the US Geological Survey Western Ecological Research Center. The collaborators will plant Joshua tree seedlings at common-garden sites around the Mojave, monitor their growth and physiological performance, and use RNA sequencing to identify genes that are differentially expressed in different climates. The team will complete a Joshua tree reference genome and use it with the gene expression results to design a sequence capture array for targeted sequencing of hundreds of trees. Targeted sequencing will allow them to perform genome-wide association study (GWAS) of physiological traits that contribute to seedlings’ survival and performance in the common gardens, and of floral traits related to pollination by yucca moths. The team will then use landscape genomic analyses to identify genes showing signatures of local adaptation to variation in climate and moth traits. Meanwhile, the team will expand a participatory science program working with Mojave-regional conservation nonprofits and K-12 educators to train volunteers to survey the demography of Joshua tree populations, recording how many trees flower and produce fruit, and how many young trees are present to renew the population. Finally, the team will use the results of their genetic analyses to build a genomic prediction protocol that can project the physiological and pollination-related traits of a Joshua tree population from genetic data alone. The team will use this protocol to predict the traits of trees at sites profiled by volunteer surveys, and test for relationships between populations’ predicted trait values and their demographic health. This will allow them to identify specific traits that influence the fitness of Joshua trees in current conditions, and would provide a tool to assess the resilience of Joshua tree populations in future climates.&lt;br/&gt;&lt;br/&gt;This award reflects NSF's statutory mission and has been deemed worthy of support through evaluation using the Foundation's intellectual merit and broader impacts review criteria.</AbstractNarration>
<MinAmdLetterDate>06/16/2020</MinAmdLetterDate>
<MaxAmdLetterDate>01/06/2023</MaxAmdLetterDate>
<ARRAAmount/>
<TRAN_TYPE>Grant</TRAN_TYPE>
<CFDA_NUM>47.074</CFDA_NUM>
<NSF_PAR_USE_FLAG>1</NSF_PAR_USE_FLAG>
<FUND_AGCY_CODE>4900</FUND_AGCY_CODE>
<AWDG_AGCY_CODE>4900</AWDG_AGCY_CODE>
<AwardID>2001190</AwardID>
<Investigator>
<FirstName>Christopher</FirstName>
<LastName>Smith</LastName>
<PI_MID_INIT>I</PI_MID_INIT>
<PI_SUFX_NAME/>
<PI_FULL_NAME>Christopher I Smith</PI_FULL_NAME>
<EmailAddress><![CDATA[csmith@willamette.edu]]></EmailAddress>
<NSF_ID>000274784</NSF_ID>
<StartDate>06/16/2020</StartDate>
<EndDate/>
<RoleCode>Principal Investigator</RoleCode>
</Investigator>
<Investigator>
<FirstName>Todd</FirstName>
<LastName>Esque</LastName>
<PI_MID_INIT>C</PI_MID_INIT>
<PI_SUFX_NAME/>
<PI_FULL_NAME>Todd C Esque</PI_FULL_NAME>
<EmailAddress><![CDATA[tesque@usgs.gov]]></EmailAddress>
<NSF_ID>000308219</NSF_ID>
<StartDate>06/16/2020</StartDate>
<EndDate/>
<RoleCode>Co-Principal Investigator</RoleCode>
</Investigator>
<Investigator>
<FirstName>Michael</FirstName>
<LastName>McKain</LastName>
<PI_MID_INIT>R</PI_MID_INIT>
<PI_SUFX_NAME/>
<PI_FULL_NAME>Michael R McKain</PI_FULL_NAME>
<EmailAddress><![CDATA[mrmckain@ua.edu]]></EmailAddress>
<NSF_ID>000654846</NSF_ID>
<StartDate>06/16/2020</StartDate>
<EndDate/>
<RoleCode>Co-Principal Investigator</RoleCode>
</Investigator>
<Investigator>
<FirstName>Karolina</FirstName>
<LastName>Heyduk</LastName>
<PI_MID_INIT/>
<PI_SUFX_NAME/>
<PI_FULL_NAME>Karolina Heyduk</PI_FULL_NAME>
<EmailAddress><![CDATA[karolina.heyduk@uconn.edu]]></EmailAddress>
<NSF_ID>000656749</NSF_ID>
<StartDate>06/16/2020</StartDate>
<EndDate/>
<RoleCode>Co-Principal Investigator</RoleCode>
</Investigator>
<Investigator>
<FirstName>Defalco</FirstName>
<LastName>Lesley</LastName>
<PI_MID_INIT/>
<PI_SUFX_NAME/>
<PI_FULL_NAME>Defalco Lesley</PI_FULL_NAME>
<EmailAddress><![CDATA[ldefalco@usgs.gov]]></EmailAddress>
<NSF_ID>000744316</NSF_ID>
<StartDate>06/16/2020</StartDate>
<EndDate/>
<RoleCode>Co-Principal Investigator</RoleCode>
</Investigator>
<Institution>
<Name><![CDATA[Willamette University]]></Name>
<CityName>SALEM</CityName>
<ZipCode>973013922</ZipCode>
<PhoneNumber>5033706049</PhoneNumber>
<StreetAddress><![CDATA[900 STATE ST]]></StreetAddress>
<StreetAddress2/>
<CountryName>United States</CountryName>
<StateName>Oregon</StateName>
<StateCode>OR</StateCode>
<CONGRESSDISTRICT>06</CONGRESSDISTRICT>
<CONGRESS_DISTRICT_ORG>OR06</CONGRESS_DISTRICT_ORG>
<ORG_UEI_NUM>LBDSJ1GSKJY1</ORG_UEI_NUM>
<ORG_LGL_BUS_NAME>WILLAMETTE UNIVERSITY</ORG_LGL_BUS_NAME>
<ORG_PRNT_UEI_NUM>LBDSJ1GSKJY1</ORG_PRNT_UEI_NUM>
</Institution>
<Performance_Institution>
<Name><![CDATA[Willamette University]]></Name>
<CityName>Salem</CityName>
<StateCode>OR</StateCode>
<ZipCode>973013922</ZipCode>
<StreetAddress><![CDATA[900 State Street, Department of]]></StreetAddress>
<CountryCode>US</CountryCode>
<CountryName>United States</CountryName>
<StateName>Oregon</StateName>
<CountryFlag>1</CountryFlag>
<CONGRESSDISTRICT>06</CONGRESSDISTRICT>
<CONGRESS_DISTRICT_PERF>OR06</CONGRESS_DISTRICT_PERF>
</Performance_Institution>
<ProgramElement>
<Code>112700</Code>
<Text>Evolutionary Processes</Text>
</ProgramElement>
<ProgramElement>
<Code>727500</Code>
<Text>Cross-BIO Activities</Text>
</ProgramElement>
<ProgramElement>
<Code>765700</Code>
<Text>Integrtv Ecological Physiology</Text>
</ProgramElement>
<ProgramReference>
<Code>068Z</Code>
<Text>URoL-Understanding Rules of Life</Text>
</ProgramReference>
<ProgramReference>
<Code>9229</Code>
<Text>RES IN UNDERGRAD INST-RESEARCH</Text>
</ProgramReference>
<ProgramReference>
<Code>9251</Code>
<Text>REU SUPP-Res Exp for Ugrd Supp</Text>
</ProgramReference>
<Appropriation>
<Code>0120</Code>
<Name>NSF RESEARCH &amp; RELATED ACTIVIT</Name>
<APP_SYMB_ID>040100</APP_SYMB_ID>
</Appropriation>
<Fund>
<Code>01002021DB</Code>
<Name><![CDATA[NSF RESEARCH & RELATED ACTIVIT]]></Name>
<FUND_SYMB_ID>040100</FUND_SYMB_ID>
</Fund>
<FUND_OBLG>2020~1112316</FUND_OBLG>
</Award>
</rootTag>
