<?xml version="1.0" encoding="UTF-8"?>
<rootTag>
<Award>
<AwardTitle><![CDATA[Principal Bundles and Higgs Bundles in Algebraic Geometry]]></AwardTitle>
<AGENCY>NSF</AGENCY>
<AwardEffectiveDate>08/01/2020</AwardEffectiveDate>
<AwardExpirationDate>07/31/2024</AwardExpirationDate>
<AwardTotalIntnAmount>180000.00</AwardTotalIntnAmount>
<AwardAmount>180000</AwardAmount>
<AwardInstrument>
<Value>Standard Grant</Value>
</AwardInstrument>
<Organization>
<Code>03040000</Code>
<Directorate>
<Abbreviation>MPS</Abbreviation>
<LongName>Direct For Mathematical &amp; Physical Scien</LongName>
</Directorate>
<Division>
<Abbreviation>DMS</Abbreviation>
<LongName>Division Of Mathematical Sciences</LongName>
</Division>
</Organization>
<ProgramOfficer>
<SignBlockName>Andrew Pollington</SignBlockName>
<PO_EMAI>adpollin@nsf.gov</PO_EMAI>
<PO_PHON>7032924878</PO_PHON>
</ProgramOfficer>
<AbstractNarration><![CDATA[The study of principal bundles began in the early XXth century by physicists as a formalism to describe electromagnetism. Later, this was extended to encompass strong and weak interactions, so that principal bundles became a basis for the so-called standard model - a physical theory describing three out of four fundamental interactions. In mathematics, principal bundles penetrate many areas: geometry, number theory, mathematical physics, and others. In 1950's Fields Medalist Jean-Pierre Serre recognized the importance of principal bundles in algebraic geometry. In his 1958 seminal paper he gave the first modern definition of a principal bundle and formulated a certain deep conjecture. This conjecture, as well as some remaining questions, are among the oldest unsolved foundational questions in mathematics. The first part of this project is aimed at proving some of these conjectures. The remaining parts of the projects are related to the so-called Higgs principal bundles, which can be thought of as mathematical incarnations of the Higgs boson -- a recently found elementary particle. These parts of the project belong to the famous Langlands program unifying number theory, algebraic geometry, harmonic analysis, and mathematical physics. This award will support continuing research in these areas. Advising students and giving talks at conferences are going to be part of the proposed activity.&lt;br/&gt;&lt;br/&gt;In more detail, the first project originated from the Grothendieck-Serre conjecture on principal bundles, which was settled recently for rings containing fields by Ivan Panin and the PI. The PI plans to extend the proof to the mixed characteristic case as well as to work on the purity conjecture for principal bundles. The purity conjecture is, in a sense, the next logical step after the Grothendieck-Serre conjecture. In the second project, the PI intends to construct and prove the local Langlands duality for Hitchin systems and to derive some cases of the global Langlands duality for Hitchin systems from the local case. The third project is devoted to counting motivic volumes of moduli stacks of principal Higgs bundles. The goal is to generalize the previous results of the PI and other people from the GL(n) case to the case of arbitrary reductive groups.&lt;br/&gt;&lt;br/&gt;This award reflects NSF's statutory mission and has been deemed worthy of support through evaluation using the Foundation's intellectual merit and broader impacts review criteria.]]></AbstractNarration>
<MinAmdLetterDate>07/20/2020</MinAmdLetterDate>
<MaxAmdLetterDate>07/20/2020</MaxAmdLetterDate>
<ARRAAmount/>
<TRAN_TYPE>Grant</TRAN_TYPE>
<CFDA_NUM>47.049</CFDA_NUM>
<NSF_PAR_USE_FLAG>1</NSF_PAR_USE_FLAG>
<FUND_AGCY_CODE>4900</FUND_AGCY_CODE>
<AWDG_AGCY_CODE>4900</AWDG_AGCY_CODE>
<AwardID>2001516</AwardID>
<Investigator>
<FirstName>Roman</FirstName>
<LastName>Fedorov</LastName>
<PI_MID_INIT>M</PI_MID_INIT>
<PI_SUFX_NAME/>
<PI_FULL_NAME>Roman M Fedorov</PI_FULL_NAME>
<EmailAddress><![CDATA[fedorov@pitt.edu]]></EmailAddress>
<NSF_ID>000601670</NSF_ID>
<StartDate>07/20/2020</StartDate>
<EndDate/>
<RoleCode>Principal Investigator</RoleCode>
</Investigator>
<Institution>
<Name>University of Pittsburgh</Name>
<CityName>PITTSBURGH</CityName>
<ZipCode>152600001</ZipCode>
<PhoneNumber>4126247400</PhoneNumber>
<StreetAddress>4200 FIFTH AVENUE</StreetAddress>
<StreetAddress2/>
<CountryName>United States</CountryName>
<StateName>Pennsylvania</StateName>
<StateCode>PA</StateCode>
<CONGRESSDISTRICT>12</CONGRESSDISTRICT>
<CONGRESS_DISTRICT_ORG>PA12</CONGRESS_DISTRICT_ORG>
<ORG_UEI_NUM>MKAGLD59JRL1</ORG_UEI_NUM>
<ORG_LGL_BUS_NAME>UNIVERSITY OF PITTSBURGH - OF THE COMMONWEALTH SYSTEM OF HIGHER EDUCATION</ORG_LGL_BUS_NAME>
<ORG_PRNT_UEI_NUM/>
</Institution>
<Performance_Institution>
<Name><![CDATA[University of Pittsburgh]]></Name>
<CityName>Pittsburgh</CityName>
<StateCode>PA</StateCode>
<ZipCode>152132303</ZipCode>
<StreetAddress/>
<CountryCode>US</CountryCode>
<CountryName>United States</CountryName>
<StateName>Pennsylvania</StateName>
<CountryFlag>1</CountryFlag>
<CONGRESSDISTRICT>12</CONGRESSDISTRICT>
<CONGRESS_DISTRICT_PERF>PA12</CONGRESS_DISTRICT_PERF>
</Performance_Institution>
<ProgramElement>
<Code>1264</Code>
<Text>ALGEBRA,NUMBER THEORY,AND COM</Text>
</ProgramElement>
<Appropriation>
<Code>0120</Code>
<Name>NSF RESEARCH &amp; RELATED ACTIVIT</Name>
<APP_SYMB_ID>040100</APP_SYMB_ID>
</Appropriation>
<Fund>
<Code>01002021DB</Code>
<Name><![CDATA[NSF RESEARCH & RELATED ACTIVIT]]></Name>
<FUND_SYMB_ID>040100</FUND_SYMB_ID>
</Fund>
<FUND_OBLG>2020~180000</FUND_OBLG>
</Award>
</rootTag>
