<?xml version="1.0" encoding="UTF-8"?>
<rootTag>
<Award>
<AwardTitle><![CDATA[Violent Non-State Rivalry and Organizational Behavior]]></AwardTitle>
<AGENCY>NSF</AGENCY>
<AwardEffectiveDate>01/01/2020</AwardEffectiveDate>
<AwardExpirationDate>01/31/2021</AwardExpirationDate>
<AwardTotalIntnAmount>88179.00</AwardTotalIntnAmount>
<AwardAmount>88179</AwardAmount>
<AwardInstrument>
<Value>Continuing Grant</Value>
</AwardInstrument>
<Organization>
<Code>04050000</Code>
<Directorate>
<Abbreviation>SBE</Abbreviation>
<LongName>Direct For Social, Behav &amp; Economic Scie</LongName>
</Directorate>
<Division>
<Abbreviation>SES</Abbreviation>
<LongName>Divn Of Social and Economic Sciences</LongName>
</Division>
</Organization>
<ProgramOfficer>
<SignBlockName>Brian Humes</SignBlockName>
<PO_EMAI/>
<PO_PHON/>
</ProgramOfficer>
<AbstractNarration>General Abstract&lt;br/&gt;This project examines how competition between violent non-state actors such as insurgent groups, terrorist organizations and pro-government militias influences their behavior.  Despite a wealth of literature on competition in psychology, economics and political science, relatively little attention has been paid to the role of competition between such organizations.  One would expect that sustained rivalries between groups can, in turn, lead to more general forms of violence against the population more broadly.  These expectations are counterintuitive given the amount of work - both academic and policy-based - that contends competition among non-state organizations can serve to reduce violence.  Conclusions of this sort have led political actors to adopt policies that might lead them to support one group in the hopes that it will destroy or distract a rival group.&lt;br/&gt;&lt;br/&gt;Technical Abstract&lt;br/&gt;The project addresses two remaining issues with respect to competitive dynamics among violent non-state actors in the field of international relations.  First, there is currently no large-scale dataset that provides detailed information on the competitive relationships between specific organizations. In this project, the authors develop a typology of rivalry along with a dyadic dataset that captures detailed information about the nature and intensity of intergroup rivalries over time.  Second, existing research overlooks the impact of multiple intergroup relationships on group behavior.  To address this omission, the research team utilizes both dyadic and social network analysis techniques to identify the effect of multiple simultaneous relationships.  This approach also allows them to examine to the "co-evolution" of violent behavior and the formation of rivalries.</AbstractNarration>
<MinAmdLetterDate>12/16/2019</MinAmdLetterDate>
<MaxAmdLetterDate>12/16/2019</MaxAmdLetterDate>
<ARRAAmount/>
<TRAN_TYPE>Grant</TRAN_TYPE>
<CFDA_NUM>47.075</CFDA_NUM>
<NSF_PAR_USE_FLAG>1</NSF_PAR_USE_FLAG>
<FUND_AGCY_CODE>4900</FUND_AGCY_CODE>
<AWDG_AGCY_CODE>4900</AWDG_AGCY_CODE>
<AwardID>2001330</AwardID>
<Investigator>
<FirstName>Justin</FirstName>
<LastName>Conrad</LastName>
<PI_MID_INIT/>
<PI_SUFX_NAME/>
<PI_FULL_NAME>Justin Conrad</PI_FULL_NAME>
<EmailAddress><![CDATA[Justin.Conrad@uga.edu]]></EmailAddress>
<NSF_ID>000701752</NSF_ID>
<StartDate>12/16/2019</StartDate>
<EndDate/>
<RoleCode>Principal Investigator</RoleCode>
</Investigator>
<Institution>
<Name><![CDATA[University of Georgia Research Foundation Inc]]></Name>
<CityName>ATHENS</CityName>
<ZipCode>306021589</ZipCode>
<PhoneNumber>7065425939</PhoneNumber>
<StreetAddress><![CDATA[310 E CAMPUS RD RM 409]]></StreetAddress>
<StreetAddress2/>
<CountryName>United States</CountryName>
<StateName>Georgia</StateName>
<StateCode>GA</StateCode>
<CONGRESSDISTRICT>10</CONGRESSDISTRICT>
<CONGRESS_DISTRICT_ORG>GA10</CONGRESS_DISTRICT_ORG>
<ORG_UEI_NUM>NMJHD63STRC5</ORG_UEI_NUM>
<ORG_LGL_BUS_NAME>UNIVERSITY OF GEORGIA RESEARCH FOUNDATION, INC.</ORG_LGL_BUS_NAME>
<ORG_PRNT_UEI_NUM/>
</Institution>
<Performance_Institution>
<Name><![CDATA[Universit of Georgia]]></Name>
<CityName/>
<StateCode>GA</StateCode>
<ZipCode>306021589</ZipCode>
<StreetAddress/>
<CountryCode>US</CountryCode>
<CountryName>United States</CountryName>
<StateName>Georgia</StateName>
<CountryFlag>1</CountryFlag>
<CONGRESSDISTRICT>10</CONGRESSDISTRICT>
<CONGRESS_DISTRICT_PERF>GA10</CONGRESS_DISTRICT_PERF>
</Performance_Institution>
<ProgramElement>
<Code>137100</Code>
<Text>Political Science</Text>
</ProgramElement>
<Appropriation>
<Code>0117</Code>
<Name>NSF RESEARCH &amp; RELATED ACTIVIT</Name>
<APP_SYMB_ID>040100</APP_SYMB_ID>
</Appropriation>
<Fund>
<Code>01001718DB</Code>
<Name><![CDATA[NSF RESEARCH & RELATED ACTIVIT]]></Name>
<FUND_SYMB_ID>040100</FUND_SYMB_ID>
</Fund>
<FUND_OBLG>2017~88179</FUND_OBLG>
<POR>
<DRECONTENT><![CDATA[<div class="porColContainerWBG"> <div class="porContentCol"><p>This project examines the causes and consequences of intergroup rivalries among militant organizations - including terrorist groups, rebel organizations and pro-government militias.&nbsp; Why, for instance, do such organizations often compete with one another even when they are nominally on the same &ldquo;side&rdquo; of a conflict?&nbsp;&nbsp; Existing research has frequently focused on how resource scarcity &ndash; in terms of public support, recruits, media attention and financial means &ndash; forces groups into competition by default.&nbsp; And yet, the empirical record is mixed on whether this perceived competition translates into observed competitive behavior, let alone whether it leads to specific conflict outcomes, such as civilian victimization.&nbsp; This project provides conceptual, theoretical and empirical clarity to facilitate an improved understanding of competitive dynamics among militant groups.&nbsp; First, conceptually, we build on previous research and distinguish between competition and rivalry.&nbsp; Second, we propose a theoretical framework that explains how these distinct categories can have divergent consequences in terms of conflict outcomes, and how other actors (including the government and the civilian population) can impact the competitive process among militant groups.&nbsp; Third, we develop datasets that provide detailed information on intergroup dynamics - including ideological relationships and observed competitive behavior - among dyadic pairs of groups.</p> <p>The project has revealed considerable insights into the competitive process among militant groups.&nbsp; These results have thus far appeared in numerous national and international conference presentations, multiple manuscripts currently under review (including one that the researchers were recently invited to revise and resubmit) and a forthcoming book.&nbsp;&nbsp; Some of the most novel findings include:</p> <p>Rivalry &ndash; groups confronting each other with denouncements, threats, or violence &ndash; directly influences civilian targeting. We find a robust relationship between rivalry and civilian victimization. Even less-violent rivalry (denouncements, threats) is associated with civilian targeting.&nbsp; In a series of studies, we also examine the determinants of militant group rivalries.&nbsp; Results suggest that power distributions and group ideologies are significantly associated with the formation of rivalries.&nbsp; Our work also collectively indicates that the effects of more general forms of competition (i.e., more groups operating in the same space) are not as clear as they may seem, and interventions to alter competitive incentives may backfire if states are not careful.</p> <p>In addition to these empirically-based findings, the project produces open-source datasets that will be of value to the academic and policy communities.&nbsp; First, we create an original dataset featuring annual observations of competitive behavior, ideological relationships and violence between all militant groups in Africa and Asia between 1990 and 2015.&nbsp; This is the central dataset produced by the project, and captures all observed violence among terrorist groups, rebel organizations and/or pro-government militias.&nbsp; Second, we create a non-directed dyadic version of this data, which matches up all pairs of groups that could possibly engage in competition during the time period.&nbsp; This version includes more than 17,000 observations and allows users to compare dyads that engaged in competitive behavior with those that did not.&nbsp; Third, we construct a version of the data formatted in a network structure, allowing for the exploration of additional categories of research questions.</p> <p>Ultimately, the project fosters a wider understanding of conflict processes by creating a theoretical framework and data on competitive relationships among non-state violent actors. To fully understand political violence, it is necessary to incorporate the strategic decision making of all critical actors, including militant groups. The insights provided by this project offer policy makers a more comprehensive understanding of potential and actual conflict scenarios, and in particular, a better understanding and anticipation of actor decisions.&nbsp; The concepts, theories and results can be applied to a wide range of work relevant to national and international security and may assist in future conflict mitigation efforts.</p> <p>&nbsp;</p><br> <p>            Last Modified: 05/25/2021<br>      Modified by: Justin&nbsp;Conrad</p> </div> <div class="porSideCol"></div> </div>]]></DRECONTENT>
<POR_COPY_TXT><![CDATA[ This project examines the causes and consequences of intergroup rivalries among militant organizations - including terrorist groups, rebel organizations and pro-government militias.  Why, for instance, do such organizations often compete with one another even when they are nominally on the same "side" of a conflict?   Existing research has frequently focused on how resource scarcity &ndash; in terms of public support, recruits, media attention and financial means &ndash; forces groups into competition by default.  And yet, the empirical record is mixed on whether this perceived competition translates into observed competitive behavior, let alone whether it leads to specific conflict outcomes, such as civilian victimization.  This project provides conceptual, theoretical and empirical clarity to facilitate an improved understanding of competitive dynamics among militant groups.  First, conceptually, we build on previous research and distinguish between competition and rivalry.  Second, we propose a theoretical framework that explains how these distinct categories can have divergent consequences in terms of conflict outcomes, and how other actors (including the government and the civilian population) can impact the competitive process among militant groups.  Third, we develop datasets that provide detailed information on intergroup dynamics - including ideological relationships and observed competitive behavior - among dyadic pairs of groups.  The project has revealed considerable insights into the competitive process among militant groups.  These results have thus far appeared in numerous national and international conference presentations, multiple manuscripts currently under review (including one that the researchers were recently invited to revise and resubmit) and a forthcoming book.   Some of the most novel findings include:  Rivalry &ndash; groups confronting each other with denouncements, threats, or violence &ndash; directly influences civilian targeting. We find a robust relationship between rivalry and civilian victimization. Even less-violent rivalry (denouncements, threats) is associated with civilian targeting.  In a series of studies, we also examine the determinants of militant group rivalries.  Results suggest that power distributions and group ideologies are significantly associated with the formation of rivalries.  Our work also collectively indicates that the effects of more general forms of competition (i.e., more groups operating in the same space) are not as clear as they may seem, and interventions to alter competitive incentives may backfire if states are not careful.  In addition to these empirically-based findings, the project produces open-source datasets that will be of value to the academic and policy communities.  First, we create an original dataset featuring annual observations of competitive behavior, ideological relationships and violence between all militant groups in Africa and Asia between 1990 and 2015.  This is the central dataset produced by the project, and captures all observed violence among terrorist groups, rebel organizations and/or pro-government militias.  Second, we create a non-directed dyadic version of this data, which matches up all pairs of groups that could possibly engage in competition during the time period.  This version includes more than 17,000 observations and allows users to compare dyads that engaged in competitive behavior with those that did not.  Third, we construct a version of the data formatted in a network structure, allowing for the exploration of additional categories of research questions.  Ultimately, the project fosters a wider understanding of conflict processes by creating a theoretical framework and data on competitive relationships among non-state violent actors. To fully understand political violence, it is necessary to incorporate the strategic decision making of all critical actors, including militant groups. The insights provided by this project offer policy makers a more comprehensive understanding of potential and actual conflict scenarios, and in particular, a better understanding and anticipation of actor decisions.  The concepts, theories and results can be applied to a wide range of work relevant to national and international security and may assist in future conflict mitigation efforts.          Last Modified: 05/25/2021       Submitted by: Justin Conrad]]></POR_COPY_TXT>
</POR>
</Award>
</rootTag>
