<?xml version="1.0" encoding="UTF-8"?>
<rootTag>
<Award>
<AwardTitle><![CDATA[CDS&E: Numerical Investigation of Two-Particle Response Functions of Correlated Materials]]></AwardTitle>
<AGENCY>NSF</AGENCY>
<AwardEffectiveDate>08/01/2020</AwardEffectiveDate>
<AwardExpirationDate>07/31/2024</AwardExpirationDate>
<AwardTotalIntnAmount>330000.00</AwardTotalIntnAmount>
<AwardAmount>330000</AwardAmount>
<AwardInstrument>
<Value>Continuing Grant</Value>
</AwardInstrument>
<Organization>
<Code>03070000</Code>
<Directorate>
<Abbreviation>MPS</Abbreviation>
<LongName>Direct For Mathematical &amp; Physical Scien</LongName>
</Directorate>
<Division>
<Abbreviation>DMR</Abbreviation>
<LongName>Division Of Materials Research</LongName>
</Division>
</Organization>
<ProgramOfficer>
<SignBlockName>Daryl Hess</SignBlockName>
<PO_EMAI>dhess@nsf.gov</PO_EMAI>
<PO_PHON>7032924942</PO_PHON>
</ProgramOfficer>
<AbstractNarration>NONTECHNICAL SUMMARY&lt;br/&gt;&lt;br/&gt;This award supports theoretical and computational research aimed at understanding the relationship between experimental measurements and numerical simulations of materials in which strong electronic correlation effects are important. In particular, the team will focus on obtaining computational data simulating the response to externally applied fields in superconducting and magnetic materials.&lt;br/&gt;&lt;br/&gt;Materials consist of electrons and ions arranged in a crystal lattice. In some materials, the motion of an electron is strongly interdependent on, or correlated with, the motion of many other electrons. As a consequence, these materials may exhibit unusual behavior including superconductivity, magnetism, or charge order. This unusual behavior can often be investigated with experimental probes that measure the response of a material to externally applied fields. Our standard analytical tools for describing this response are inadequate, and numerical methods are therefore needed. The subject of this project is the development and application of accurate and controlled numerical methods that can describe these materials and their response to applied fields, and compute experimentally measured quantities.&lt;br/&gt;&lt;br/&gt;The project will contribute to broader impacts by supporting the development and maintenance of sustainable open-source community software libraries, which will accelerate the development of future codes as well as provide reliable and state-of-the-art applications to the science community. The software libraries currently maintained by the PI are among the few established open-source libraries for calculations on strongly correlated systems. As part of the project, graduate students will be trained in modern theoretical techniques and in scientific software development.&lt;br/&gt;&lt;br/&gt;&lt;br/&gt;TECHNICAL SUMMARY&lt;br/&gt;&lt;br/&gt;This project is aimed at understanding the relation between experimentally measured two-particle response functions and generalized susceptibilities of effective low-energy lattice models in systems where strong electronic correlations are important, and in particular systems where superconducting or magnetic order has been established. The project will combine newly developed numerical methods with large-scale calculations to compute emergent fluctuations, as well as the response functions measured in superconducting, charge ordered, and magnetic systems.&lt;br/&gt;&lt;br/&gt;Susceptibilities reveal important information about collective excitations of a system and are directly measurable in experiment. However, the strong correlation physics of generalized susceptibilities measured by two-particle probes such as neutron scattering is theoretically not well understood, especially in ordered phases. This project will analyze two-particle correlation functions in fermion lattice model systems inside and outside the superconducting phase. By providing reliable results for the susceptibilities of fermionic lattice models and by computing response functions, this work will facilitate the separation of true electron correlation physics from model-dependent artifacts, which in turn will aid in the interpretation of experiments.&lt;br/&gt;&lt;br/&gt;Correlated electron materials are essential for modern technological applications such as information technology, energy technology, materials science, and nanoscience. By clarifying the basic behavior of susceptibilities and their relation to experimental work, this project will contribute to our understanding of correlated materials and their characterization.&lt;br/&gt;&lt;br/&gt;The project will contribute to broader impacts by supporting the development and maintenance of sustainable open-source community software libraries, which will accelerate the development of future codes as well as provide reliable and state-of-the-art applications to the science community. The software libraries currently maintained by the PI are among the few established open-source libraries for calculations on strongly correlated systems. As part of the project, graduate students will be trained in modern theoretical techniques and scientific software development.&lt;br/&gt;&lt;br/&gt;This award reflects NSF's statutory mission and has been deemed worthy of support through evaluation using the Foundation's intellectual merit and broader impacts review criteria.</AbstractNarration>
<MinAmdLetterDate>07/29/2020</MinAmdLetterDate>
<MaxAmdLetterDate>06/03/2022</MaxAmdLetterDate>
<ARRAAmount/>
<TRAN_TYPE>Grant</TRAN_TYPE>
<CFDA_NUM>47.049</CFDA_NUM>
<NSF_PAR_USE_FLAG>1</NSF_PAR_USE_FLAG>
<FUND_AGCY_CODE>4900</FUND_AGCY_CODE>
<AWDG_AGCY_CODE>4900</AWDG_AGCY_CODE>
<AwardID>2001465</AwardID>
<Investigator>
<FirstName>Emanuel</FirstName>
<LastName>Gull</LastName>
<PI_MID_INIT>C</PI_MID_INIT>
<PI_SUFX_NAME/>
<PI_FULL_NAME>Emanuel C Gull</PI_FULL_NAME>
<EmailAddress><![CDATA[egull@umich.edu]]></EmailAddress>
<NSF_ID>000632072</NSF_ID>
<StartDate>07/29/2020</StartDate>
<EndDate/>
<RoleCode>Principal Investigator</RoleCode>
</Investigator>
<Institution>
<Name><![CDATA[Regents of the University of Michigan - Ann Arbor]]></Name>
<CityName>ANN ARBOR</CityName>
<ZipCode>481091079</ZipCode>
<PhoneNumber>7347636438</PhoneNumber>
<StreetAddress><![CDATA[1109 GEDDES AVE, SUITE 3300]]></StreetAddress>
<StreetAddress2/>
<CountryName>United States</CountryName>
<StateName>Michigan</StateName>
<StateCode>MI</StateCode>
<CONGRESSDISTRICT>06</CONGRESSDISTRICT>
<CONGRESS_DISTRICT_ORG>MI06</CONGRESS_DISTRICT_ORG>
<ORG_UEI_NUM>GNJ7BBP73WE9</ORG_UEI_NUM>
<ORG_LGL_BUS_NAME>REGENTS OF THE UNIVERSITY OF MICHIGAN</ORG_LGL_BUS_NAME>
<ORG_PRNT_UEI_NUM/>
</Institution>
<Performance_Institution>
<Name><![CDATA[University of Michigan Ann Arbor]]></Name>
<CityName>Ann Arbor</CityName>
<StateCode>MI</StateCode>
<ZipCode>481091274</ZipCode>
<StreetAddress><![CDATA[3003 South State St. Room 1062]]></StreetAddress>
<CountryCode>US</CountryCode>
<CountryName>United States</CountryName>
<StateName>Michigan</StateName>
<CountryFlag>1</CountryFlag>
<CONGRESSDISTRICT>06</CONGRESSDISTRICT>
<CONGRESS_DISTRICT_PERF>MI06</CONGRESS_DISTRICT_PERF>
</Performance_Institution>
<ProgramElement>
<Code>176500</Code>
<Text>CONDENSED MATTER &amp; MAT THEORY</Text>
</ProgramElement>
<ProgramReference>
<Code>7569</Code>
<Text>CYBERINFRASTRUCTURE/SCIENCE</Text>
</ProgramReference>
<ProgramReference>
<Code>8084</Code>
<Text>CDS&amp;E</Text>
</ProgramReference>
<ProgramReference>
<Code>8396</Code>
<Text>Clean Energy Technology</Text>
</ProgramReference>
<ProgramReference>
<Code>8399</Code>
<Text>Energy Storage or Transmission</Text>
</ProgramReference>
<ProgramReference>
<Code>9216</Code>
<Text>ADVANCED SOFTWARE TECH &amp; ALGOR</Text>
</ProgramReference>
<Appropriation>
<Code/>
<Name/>
<APP_SYMB_ID/>
</Appropriation>
<Appropriation>
<Code/>
<Name/>
<APP_SYMB_ID/>
</Appropriation>
<Fund>
<Code>01002021DB</Code>
<Name><![CDATA[NSF RESEARCH & RELATED ACTIVIT]]></Name>
<FUND_SYMB_ID>040100</FUND_SYMB_ID>
</Fund>
<Fund>
<Code>01002223DB</Code>
<Name><![CDATA[NSF RESEARCH & RELATED ACTIVIT]]></Name>
<FUND_SYMB_ID>040100</FUND_SYMB_ID>
</Fund>
<FUND_OBLG>2020~220000</FUND_OBLG>
<FUND_OBLG>2022~110000</FUND_OBLG>
</Award>
</rootTag>
