<?xml version="1.0" encoding="UTF-8"?>
<rootTag>
<Award>
<AwardTitle><![CDATA[Collaborative Research: A Novel Biological Valorization of Hydrothermal Liquefaction Wastewater with Marine Protist and its Granulated Phenotype]]></AwardTitle>
<AGENCY>NSF</AGENCY>
<AwardEffectiveDate>07/01/2020</AwardEffectiveDate>
<AwardExpirationDate>06/30/2025</AwardExpirationDate>
<AwardTotalIntnAmount>142549.00</AwardTotalIntnAmount>
<AwardAmount>176190</AwardAmount>
<AwardInstrument>
<Value>Standard Grant</Value>
</AwardInstrument>
<Organization>
<Code>07020000</Code>
<Directorate>
<Abbreviation>ENG</Abbreviation>
<LongName>Directorate For Engineering</LongName>
</Directorate>
<Division>
<Abbreviation>CBET</Abbreviation>
<LongName>Div Of Chem, Bioeng, Env, &amp; Transp Sys</LongName>
</Division>
</Organization>
<ProgramOfficer>
<SignBlockName>Rohit Ramachandran</SignBlockName>
<PO_EMAI>rramacha@nsf.gov</PO_EMAI>
<PO_PHON>7032927258</PO_PHON>
</ProgramOfficer>
<AbstractNarration>Hydrothermal liquefaction (HTL) has been considered as a promising thermal processing approach to biofuel production from a broad range of organic matter, including agricultural waste biomass, municipal solid waste, and algae.  A recent U.S. Department of Energy report stated that as much as 5.9 billion gallons of biocrude could be produced each year in the U.S. from the available waste organic matter using HTL technology; this biocrude can be further refined to liquid transportation fuels using processes similar to conventional petroleum refining, replacing those fuels currently produced from non-renewable feedstocks. However, current HTL processes produce a large amount of wastewater containing high concentrations of organic compounds and nutrients; the sustainable disposal of this wastewater is one of the most significant bottlenecks to the scale-up and commercialization of HTL. This research will address concerns from both environmental and energy conversion efficiency perspectives of HTL by recovering organic carbon and nutrients from HTL wastewater. This is a critical step to increasing the net energy yield and enhancing the economic viability and environmental sustainability of HTL processes. In the course of carrying out this project, the researchers will train the next generation of scientists and engineers in biofuel production, biotechnology/bioprocessing, and environmental stewardship, all while educating the public about sustainable biofuel production and the impact of energy consumption on economic, environmental and societal sustainability.&lt;br/&gt;&lt;br/&gt;The research team of this proposal has recently found that a marine protist Thraustochytrium striatum HB can survive and grow in wastewater produced from HTL processing of municipal solid waste without supplemental nutrients while removing approximately 80% total organic carbon, 100% total nitrogen, and 80% phosphorus. Additionally, the microbes were found to be tolerant of wide pH and salinity ranges (comparable to sea water) in metabolizing organic compounds in HTL wastewater while being able to form cell aggregates under harsh conditions. Therefore, marine protists hold promise to be a new class of superior microorganisms for HTL wastewater treatment and valorization. The overarching goal of this project is to establish a T. striatum HB-facilitated platform for HTL wastewater valorization to enable sustainable HTL for biofuel production. The specific objectives of this research are to: (1) elucidate the correlation between biocrude yield and the HTL wastewater composition; (2) reveal the metabolic adaptation of T. striatum HB to the new wastewater environments to enhance overall energy return and biocrude yield; and (3) explore the formation mechanisms of T. striatum HB biogranules and the resulting performance impact on HTL wastewater valorization since biogranules are more efficient in wastewater valorization compared to dispersed cells. The marine protists could be a new class of promising microorganisms for valorization of other types of high-strength wastewater. The interdisciplinary nature of the proposed research will facilitate the integration of research and educational plans to enhance the education programs of three institutes involved in this project.&lt;br/&gt;&lt;br/&gt;This award reflects NSF's statutory mission and has been deemed worthy of support through evaluation using the Foundation's intellectual merit and broader impacts review criteria.</AbstractNarration>
<MinAmdLetterDate>06/18/2020</MinAmdLetterDate>
<MaxAmdLetterDate>07/26/2021</MaxAmdLetterDate>
<ARRAAmount/>
<TRAN_TYPE>Grant</TRAN_TYPE>
<CFDA_NUM>47.041</CFDA_NUM>
<NSF_PAR_USE_FLAG>1</NSF_PAR_USE_FLAG>
<FUND_AGCY_CODE>4900</FUND_AGCY_CODE>
<AWDG_AGCY_CODE>4900</AWDG_AGCY_CODE>
<AwardID>2001568</AwardID>
<Investigator>
<FirstName>Zhiwu</FirstName>
<LastName>Wang</LastName>
<PI_MID_INIT/>
<PI_SUFX_NAME/>
<PI_FULL_NAME>Zhiwu Wang</PI_FULL_NAME>
<EmailAddress><![CDATA[wzw@vt.edu]]></EmailAddress>
<NSF_ID>000674854</NSF_ID>
<StartDate>06/18/2020</StartDate>
<EndDate/>
<RoleCode>Principal Investigator</RoleCode>
</Investigator>
<Institution>
<Name><![CDATA[Virginia Polytechnic Institute and State University]]></Name>
<CityName>BLACKSBURG</CityName>
<ZipCode>240603359</ZipCode>
<PhoneNumber>5402315281</PhoneNumber>
<StreetAddress><![CDATA[300 TURNER ST NW]]></StreetAddress>
<StreetAddress2><![CDATA[STE 4200]]></StreetAddress2>
<CountryName>United States</CountryName>
<StateName>Virginia</StateName>
<StateCode>VA</StateCode>
<CONGRESSDISTRICT>09</CONGRESSDISTRICT>
<CONGRESS_DISTRICT_ORG>VA09</CONGRESS_DISTRICT_ORG>
<ORG_UEI_NUM>QDE5UHE5XD16</ORG_UEI_NUM>
<ORG_LGL_BUS_NAME>VIRGINIA POLYTECHNIC INSTITUTE &amp; STATE UNIVERSITY</ORG_LGL_BUS_NAME>
<ORG_PRNT_UEI_NUM>M515A1DKXAN8</ORG_PRNT_UEI_NUM>
</Institution>
<Performance_Institution>
<Name><![CDATA[Virginia Tech]]></Name>
<CityName>Manassas</CityName>
<StateCode>VA</StateCode>
<ZipCode>201105670</ZipCode>
<StreetAddress><![CDATA[9408 Prince William Street, Unit]]></StreetAddress>
<CountryCode>US</CountryCode>
<CountryName>United States</CountryName>
<StateName>Virginia</StateName>
<CountryFlag>1</CountryFlag>
<CONGRESSDISTRICT>10</CONGRESSDISTRICT>
<CONGRESS_DISTRICT_PERF>VA10</CONGRESS_DISTRICT_PERF>
</Performance_Institution>
<ProgramElement>
<Code>140300</Code>
<Text>Proc Sys, Reac Eng &amp; Mol Therm</Text>
</ProgramElement>
<ProgramElement>
<Code>150400</Code>
<Text>GOALI-Grnt Opp Acad Lia wIndus</Text>
</ProgramElement>
<ProgramReference>
<Code>019Z</Code>
<Text>Grad Prep APG:Enhan. Experience</Text>
</ProgramReference>
<ProgramReference>
<Code>1504</Code>
<Text>GRANT OPP FOR ACAD LIA W/INDUS</Text>
</ProgramReference>
<Appropriation>
<Code>0120</Code>
<Name>NSF RESEARCH &amp; RELATED ACTIVIT</Name>
<APP_SYMB_ID>040100</APP_SYMB_ID>
</Appropriation>
<Appropriation>
<Code>0121</Code>
<Name>NSF RESEARCH &amp; RELATED ACTIVIT</Name>
<APP_SYMB_ID>040100</APP_SYMB_ID>
</Appropriation>
<Fund>
<Code>01002021DB</Code>
<Name><![CDATA[NSF RESEARCH & RELATED ACTIVIT]]></Name>
<FUND_SYMB_ID>040100</FUND_SYMB_ID>
</Fund>
<Fund>
<Code>01002122DB</Code>
<Name><![CDATA[NSF RESEARCH & RELATED ACTIVIT]]></Name>
<FUND_SYMB_ID>040100</FUND_SYMB_ID>
</Fund>
<FUND_OBLG>2020~142549</FUND_OBLG>
<FUND_OBLG>2021~33641</FUND_OBLG>
</Award>
</rootTag>
