<?xml version="1.0" encoding="UTF-8"?>
<rootTag>
<Award>
<AwardTitle><![CDATA[SBIR Phase I:  Protoflight Design and Validation of Molten Regolith Electrolysis Facility For Lunar In-Situ Resource Utilization]]></AwardTitle>
<AGENCY>NSF</AGENCY>
<AwardEffectiveDate>06/01/2020</AwardEffectiveDate>
<AwardExpirationDate>02/28/2021</AwardExpirationDate>
<AwardTotalIntnAmount>225000.00</AwardTotalIntnAmount>
<AwardAmount>225000</AwardAmount>
<AwardInstrument>
<Value>Standard Grant</Value>
</AwardInstrument>
<Organization>
<Code>15030000</Code>
<Directorate>
<Abbreviation>TIP</Abbreviation>
<LongName>Dir for Tech, Innovation, &amp; Partnerships</LongName>
</Directorate>
<Division>
<Abbreviation>TI</Abbreviation>
<LongName>Translational Impacts</LongName>
</Division>
</Organization>
<ProgramOfficer>
<SignBlockName>Anna Brady</SignBlockName>
<PO_EMAI>abrady@nsf.gov</PO_EMAI>
<PO_PHON>7032927077</PO_PHON>
</ProgramOfficer>
<AbstractNarration>The broader impact/commercial potential of this Small Business Innovation Research (SBIR) project will be to advance space industrialization, exploration and colonization.  The Moon has mineral deposits in its soil, and extraction is difficult. The proposed project will advance the analysis of the potential to extract breathable oxygen, metallurgical grade metals, and semiconductor quality silicon. This analysis extends the understanding of ultra-efficient processes for refining materials, particularly toward advanced operations in space. &lt;br/&gt;&lt;br/&gt;This SBIR Phase I project proposes to advance the translation of molten regolith electrolysis to refine lunar soil. The proposed project will: determine the operating conditions allowing uninterruptible electrolysis, develop preliminary designs of a molten regolith electrolysis facility, and conduct computer models of a system to refine lunar regolith in the lunar environment.&lt;br/&gt;&lt;br/&gt;This award reflects NSF's statutory mission and has been deemed worthy of support through evaluation using the Foundation's intellectual merit and broader impacts review criteria.</AbstractNarration>
<MinAmdLetterDate>05/22/2020</MinAmdLetterDate>
<MaxAmdLetterDate>05/22/2020</MaxAmdLetterDate>
<ARRAAmount/>
<TRAN_TYPE>Grant</TRAN_TYPE>
<CFDA_NUM>47.041</CFDA_NUM>
<NSF_PAR_USE_FLAG>1</NSF_PAR_USE_FLAG>
<FUND_AGCY_CODE>4900</FUND_AGCY_CODE>
<AWDG_AGCY_CODE>4900</AWDG_AGCY_CODE>
<AwardID>2001310</AwardID>
<Investigator>
<FirstName>Donald</FirstName>
<LastName>Sadoway</LastName>
<PI_MID_INIT>R</PI_MID_INIT>
<PI_SUFX_NAME/>
<PI_FULL_NAME>Donald R Sadoway</PI_FULL_NAME>
<EmailAddress><![CDATA[dsadoway@lunarresources.space]]></EmailAddress>
<NSF_ID>000107806</NSF_ID>
<StartDate>05/22/2020</StartDate>
<EndDate/>
<RoleCode>Principal Investigator</RoleCode>
</Investigator>
<Institution>
<Name><![CDATA[LUNAR RESOURCES, INC.]]></Name>
<CityName>HOUSTON</CityName>
<ZipCode>770583506</ZipCode>
<PhoneNumber>6464558382</PhoneNumber>
<StreetAddress><![CDATA[18108 POINT LOOKOUT DR]]></StreetAddress>
<StreetAddress2/>
<CountryName>United States</CountryName>
<StateName>Texas</StateName>
<StateCode>TX</StateCode>
<CONGRESSDISTRICT>36</CONGRESSDISTRICT>
<CONGRESS_DISTRICT_ORG>TX36</CONGRESS_DISTRICT_ORG>
<ORG_UEI_NUM>G3ZMPB72ELP8</ORG_UEI_NUM>
<ORG_LGL_BUS_NAME>LUNAR RESOURCES, INC.</ORG_LGL_BUS_NAME>
<ORG_PRNT_UEI_NUM>QMUKBR4SJ299</ORG_PRNT_UEI_NUM>
</Institution>
<Performance_Institution>
<Name><![CDATA[LUNAR RESOURCES, INC.]]></Name>
<CityName>Houston</CityName>
<StateCode>TX</StateCode>
<ZipCode>770234634</ZipCode>
<StreetAddress><![CDATA[5000 Gulf Freeway, ERP Building]]></StreetAddress>
<CountryCode>US</CountryCode>
<CountryName>United States</CountryName>
<StateName>Texas</StateName>
<CountryFlag>1</CountryFlag>
<CONGRESSDISTRICT>29</CONGRESSDISTRICT>
<CONGRESS_DISTRICT_PERF>TX29</CONGRESS_DISTRICT_PERF>
</Performance_Institution>
<ProgramElement>
<Code>537100</Code>
<Text>SBIR Phase I</Text>
</ProgramElement>
<ProgramReference>
<Code>8033</Code>
<Text>Hardware Software Integration</Text>
</ProgramReference>
<ProgramReference>
<Code>8034</Code>
<Text>Hardware Components</Text>
</ProgramReference>
<Appropriation>
<Code>0120</Code>
<Name>NSF RESEARCH &amp; RELATED ACTIVIT</Name>
<APP_SYMB_ID>040100</APP_SYMB_ID>
</Appropriation>
<Fund>
<Code>01002021DB</Code>
<Name><![CDATA[NSF RESEARCH & RELATED ACTIVIT]]></Name>
<FUND_SYMB_ID>040100</FUND_SYMB_ID>
</Fund>
<FUND_OBLG>2020~225000</FUND_OBLG>
<POR>
<DRECONTENT><![CDATA[<div class="porColContainerWBG"> <div class="porContentCol"><p>Lunar Resources is developing molten regolith electrolysis (MRE) for the extraction of metals and oxygen from lunar regolith (soil) on the Moon. MRE is&nbsp;a high-temperature electrolytic process in which the naturally high-oxide lunar regolith is liquefied and by the action of electric current is dissociated to electrowin liquid metal as a product and oxygen as a by-product. MRE needs ONLY power, oxides, and gravity to extract oxygen and metals from regolith on the Moon and as such is a highly advantegous technology for economic lunar resource extraction.</p><p>Our SBIR Phase I effort&nbsp;was highly successful and has produced a robust and implementable plan to construct a full-scale MRE system during the Phase II effort. The Phase I effort saw the laboratory testing of the MRE electrochemical process which demonstrated the generation of oxygen and metal on lunar regolith simulant. Then an MRE extractor cell anwas developed based on this process utilizing COMSOL Multiphysics modeling and SolidWorks CAD creating a preliminary MRE system design. Preliminary design simulations were then performed and demonstrated that the MRE system is capable of exceeding 5 year lifetime and commercial output requirements. The resulting effort has laid the foundation for a follow-on Phase II effort to:&nbsp; a) develop a prototype MRE system designed in Phase I; and b) test the system in the laboratory and vacuum envirorment. The team believes the Phase I project progress to date has led to the most consequential advancement of MRE technology to date and will result in an operating MRE system on the Moon.</p><br> <p>            Last Modified: 03/01/2021<br>      Modified by: Donald&nbsp;R&nbsp;Sadoway</p> </div> <div class="porSideCol"></div> </div> <div class="porColContainerHR"> <div class="porContentCol"> <h2>Addendum # 1</h2><h2>Where can I get some?</h2> <p>There are many variations of passages of Lorem Ipsum available, but the majority have suffered alteration in some form, by injected humour, or randomised words which don't look even slightly believable. If you are going to use a passage of Lorem Ipsum, you need to be sure there isn't anything embarrassing hidden in the middle of text. All the Lorem Ipsum generators on the Internet tend to repeat predefined chunks as necessary, making this the first true generator on the Internet. It uses a dictionary of over 200 Latin words, combined with a handful of model sentence structures, to generate Lorem Ipsum which looks reasonable. The generated Lorem Ipsum is therefore always free from repetition, injected humour, or non-characteristic words etc.</p> <h2>Where can I get some?</h2> <p>There are many variations of passages of Lorem Ipsum available, but the majority have suffered alteration in some form, by injected humour, or randomised words which don't look even slightly believable. If you are going to use a passage of Lorem Ipsum, you need to be sure there isn't anything embarrassing hidden in the middle of text. All the Lorem Ipsum generators on the Internet tend to repeat predefined chunks as necessary, making this the first true generator on the Internet. It uses a dictionary of over 200 Latin words, combined with a handful of model sentence structures, to generate Lorem Ipsum which looks reasonable. The generated Lorem Ipsum is therefore always free from repetition, injected humour, or non-characteristic words etc.</p> <h2>Where can I get some?</h2> <p>There are many variations of passages of Lorem Ipsum available, but the majority have suffered alteration in some form, by injected humour, or randomised words which don't look even slightly believable. If you are going to use a passage of Lorem Ipsum, you need to be sure there isn't anything embarrassing hidden in the middle of text. All the Lorem Ipsum generators on the Internet tend to repeat predefined chunks as necessary, making this the first true generator on the Internet. It uses a dictionary of over 200 Latin words, combined with a handful of model sentence structures, to generate Lorem Ipsum which looks reasonable. The generated Lorem Ipsum is therefore always free from repetition, injected humour, or non-characteristic words etc.</p> <h2>Where can I get some?</h2> <p>There are many variations of passages of Lorem Ipsum available, but the majority have suffered alteration in some form, by injected humour, or randomised words which don't look even slightly believable. If you are going to use a passage of Lorem Ipsum, you need to be sure there isn't anything embarrassing hidden in the middle of text. All the Lorem Ipsum generators on the Internet tend to repeat predefined chunks as necessary, making this the first true generator on the Internet. It uses a dictionary of over 200 Latin words, combined with a handful of model sentence structures, to generate Lorem Ipsum which looks reasonable. The generated Lorem Ipsum is therefore always free from repetition, injected humour, or non-characteristic words etc.</p> <h2>Where can I get some?</h2> <p>There are many variations of passages of Lorem Ipsum available, but the majority have suffered alteration in some form, by injected humour, or randomised words which don't look even slightly believable. If you are going to use a passage of Lorem Ipsum, you need to be sure there isn't anything embarrassing hidden in the middle of text. All the Lorem Ipsum generators on the Internet tend to repeat predefined chunks as necessary, making this the first true generator on the Internet. It uses a dictionary of over 200 Latin words, combined with a handful of model sentence structures, to generate Lorem Ipsum which looks reasonable. The generated Lorem Ipsum is therefore always free from repetition, injected humour, or non-characteristic words etc.</p> <p>&nbsp;</p> <p>&nbsp;</p> <p>&nbsp;</p> <p>&nbsp;</p> <p>&nbsp;</p><br> <p>Added: 05/27/2021<br>Submitted by: Donald&nbsp;R&nbsp;Sadoway</p> </div> <div class="porSideCol"></div> </div>]]></DRECONTENT>
<POR_COPY_TXT><![CDATA[ Lunar Resources is developing molten regolith electrolysis (MRE) for the extraction of metals and oxygen from lunar regolith (soil) on the Moon. MRE is a high-temperature electrolytic process in which the naturally high-oxide lunar regolith is liquefied and by the action of electric current is dissociated to electrowin liquid metal as a product and oxygen as a by-product. MRE needs ONLY power, oxides, and gravity to extract oxygen and metals from regolith on the Moon and as such is a highly advantegous technology for economic lunar resource extraction. Our SBIR Phase I effort was highly successful and has produced a robust and implementable plan to construct a full-scale MRE system during the Phase II effort. The Phase I effort saw the laboratory testing of the MRE electrochemical process which demonstrated the generation of oxygen and metal on lunar regolith simulant. Then an MRE extractor cell anwas developed based on this process utilizing COMSOL Multiphysics modeling and SolidWorks CAD creating a preliminary MRE system design. Preliminary design simulations were then performed and demonstrated that the MRE system is capable of exceeding 5 year lifetime and commercial output requirements. The resulting effort has laid the foundation for a follow-on Phase II effort to:  a) develop a prototype MRE system designed in Phase I; and b) test the system in the laboratory and vacuum envirorment. The team believes the Phase I project progress to date has led to the most consequential advancement of MRE technology to date and will result in an operating MRE system on the Moon.       Last Modified: 03/01/2021       Submitted by: Donald R SadowayWhere can I get some?  There are many variations of passages of Lorem Ipsum available, but the majority have suffered alteration in some form, by injected humour, or randomised words which don't look even slightly believable. If you are going to use a passage of Lorem Ipsum, you need to be sure there isn't anything embarrassing hidden in the middle of text. All the Lorem Ipsum generators on the Internet tend to repeat predefined chunks as necessary, making this the first true generator on the Internet. It uses a dictionary of over 200 Latin words, combined with a handful of model sentence structures, to generate Lorem Ipsum which looks reasonable. The generated Lorem Ipsum is therefore always free from repetition, injected humour, or non-characteristic words etc. Where can I get some?  There are many variations of passages of Lorem Ipsum available, but the majority have suffered alteration in some form, by injected humour, or randomised words which don't look even slightly believable. If you are going to use a passage of Lorem Ipsum, you need to be sure there isn't anything embarrassing hidden in the middle of text. All the Lorem Ipsum generators on the Internet tend to repeat predefined chunks as necessary, making this the first true generator on the Internet. It uses a dictionary of over 200 Latin words, combined with a handful of model sentence structures, to generate Lorem Ipsum which looks reasonable. The generated Lorem Ipsum is therefore always free from repetition, injected humour, or non-characteristic words etc. Where can I get some?  There are many variations of passages of Lorem Ipsum available, but the majority have suffered alteration in some form, by injected humour, or randomised words which don't look even slightly believable. If you are going to use a passage of Lorem Ipsum, you need to be sure there isn't anything embarrassing hidden in the middle of text. All the Lorem Ipsum generators on the Internet tend to repeat predefined chunks as necessary, making this the first true generator on the Internet. It uses a dictionary of over 200 Latin words, combined with a handful of model sentence structures, to generate Lorem Ipsum which looks reasonable. The generated Lorem Ipsum is therefore always free from repetition, injected humour, or non-characteristic words etc. Where can I get some?  There are many variations of passages of Lorem Ipsum available, but the majority have suffered alteration in some form, by injected humour, or randomised words which don't look even slightly believable. If you are going to use a passage of Lorem Ipsum, you need to be sure there isn't anything embarrassing hidden in the middle of text. All the Lorem Ipsum generators on the Internet tend to repeat predefined chunks as necessary, making this the first true generator on the Internet. It uses a dictionary of over 200 Latin words, combined with a handful of model sentence structures, to generate Lorem Ipsum which looks reasonable. The generated Lorem Ipsum is therefore always free from repetition, injected humour, or non-characteristic words etc. Where can I get some?  There are many variations of passages of Lorem Ipsum available, but the majority have suffered alteration in some form, by injected humour, or randomised words which don't look even slightly believable. If you are going to use a passage of Lorem Ipsum, you need to be sure there isn't anything embarrassing hidden in the middle of text. All the Lorem Ipsum generators on the Internet tend to repeat predefined chunks as necessary, making this the first true generator on the Internet. It uses a dictionary of over 200 Latin words, combined with a handful of model sentence structures, to generate Lorem Ipsum which looks reasonable. The generated Lorem Ipsum is therefore always free from repetition, injected humour, or non-characteristic words etc.                Last Modified: 05/27/2021 Submitted by: Donald R Sadoway]]></POR_COPY_TXT>
</POR>
</Award>
</rootTag>
