<?xml version="1.0" encoding="UTF-8"?>
<rootTag>
<Award>
<AwardTitle><![CDATA[Categorical Kahler Geometry and Applications]]></AwardTitle>
<AGENCY>NSF</AGENCY>
<AwardEffectiveDate>05/01/2020</AwardEffectiveDate>
<AwardExpirationDate>04/30/2024</AwardExpirationDate>
<AwardTotalIntnAmount>225000.00</AwardTotalIntnAmount>
<AwardAmount>225000</AwardAmount>
<AwardInstrument>
<Value>Continuing Grant</Value>
</AwardInstrument>
<Organization>
<Code>03040000</Code>
<Directorate>
<Abbreviation>MPS</Abbreviation>
<LongName>Direct For Mathematical &amp; Physical Scien</LongName>
</Directorate>
<Division>
<Abbreviation>DMS</Abbreviation>
<LongName>Division Of Mathematical Sciences</LongName>
</Division>
</Organization>
<ProgramOfficer>
<SignBlockName>James Matthew Douglass</SignBlockName>
<PO_EMAI>mdouglas@nsf.gov</PO_EMAI>
<PO_PHON>7032922467</PO_PHON>
</ProgramOfficer>
<AbstractNarration>Birational geometry is a classical mathematical discipline whose roots go back to ancient Greece. Nevertheless, it still offers many difficult unsolved questions. The core part of this project is to tackle these questions with cutting-edge modern methods coming from the homological mirror symmetry program. Homological mirror symmetry is a deep geometric duality that originates in quantum field theory and has been used in studying novel phenomena and proving unexpected results in symplectic geometry suggested by algebraic geometry. This project aims to use homological mirror symmetry to introduce new applications of symplectic topology to algebraic geometry and to answer classical open questions in birational geometry. A postdoctoral fellow will be involved in various aspects of this research project.&lt;br/&gt;&lt;br/&gt;This project will use an approach based on categorical Kähler geometry. The most notable application of this approach is toward proving the non-rationality of generic, four-dimensional cubics, which is arguably the central problem in algebraic geometry. More specifically, a detailed study of the singularities of quantum D-modules produces a completely new type of birational invariant. This new invariant is a canonical decomposition of the cohomology of a four-dimensional cubic based on simultaneous use of both (algebraic and symplectic) sides of homological mirror symmetry. The example of four-dimensional cubics is only the tip of the iceberg. There are many other potential applications of this approach, for example to uniformization problems.&lt;br/&gt;&lt;br/&gt;This award reflects NSF's statutory mission and has been deemed worthy of support through evaluation using the Foundation's intellectual merit and broader impacts review criteria.</AbstractNarration>
<MinAmdLetterDate>04/03/2020</MinAmdLetterDate>
<MaxAmdLetterDate>06/27/2022</MaxAmdLetterDate>
<ARRAAmount/>
<TRAN_TYPE>Grant</TRAN_TYPE>
<CFDA_NUM>47.049</CFDA_NUM>
<NSF_PAR_USE_FLAG>1</NSF_PAR_USE_FLAG>
<FUND_AGCY_CODE>4900</FUND_AGCY_CODE>
<AWDG_AGCY_CODE>4900</AWDG_AGCY_CODE>
<AwardID>2001319</AwardID>
<Investigator>
<FirstName>Ludmil</FirstName>
<LastName>Katzarkov</LastName>
<PI_MID_INIT>V</PI_MID_INIT>
<PI_SUFX_NAME/>
<PI_FULL_NAME>Ludmil V Katzarkov</PI_FULL_NAME>
<EmailAddress><![CDATA[lkatzarkov@gmail.com]]></EmailAddress>
<NSF_ID>000206486</NSF_ID>
<StartDate>04/03/2020</StartDate>
<EndDate/>
<RoleCode>Principal Investigator</RoleCode>
</Investigator>
<Institution>
<Name><![CDATA[University of Miami]]></Name>
<CityName>CORAL GABLES</CityName>
<ZipCode>331462919</ZipCode>
<PhoneNumber>3052843924</PhoneNumber>
<StreetAddress><![CDATA[1320 SOUTH DIXIE HIGHWAY STE 650]]></StreetAddress>
<StreetAddress2/>
<CountryName>United States</CountryName>
<StateName>Florida</StateName>
<StateCode>FL</StateCode>
<CONGRESSDISTRICT>27</CONGRESSDISTRICT>
<CONGRESS_DISTRICT_ORG>FL27</CONGRESS_DISTRICT_ORG>
<ORG_UEI_NUM>RQMFJGDTQ5V3</ORG_UEI_NUM>
<ORG_LGL_BUS_NAME>UNIVERSITY OF MIAMI</ORG_LGL_BUS_NAME>
<ORG_PRNT_UEI_NUM/>
</Institution>
<Performance_Institution>
<Name><![CDATA[University of Miami]]></Name>
<CityName>Coral Gables</CityName>
<StateCode>FL</StateCode>
<ZipCode>331462926</ZipCode>
<StreetAddress/>
<CountryCode>US</CountryCode>
<CountryName>United States</CountryName>
<StateName>Florida</StateName>
<CountryFlag>1</CountryFlag>
<CONGRESSDISTRICT>27</CONGRESSDISTRICT>
<CONGRESS_DISTRICT_PERF>FL27</CONGRESS_DISTRICT_PERF>
</Performance_Institution>
<ProgramElement>
<Code>126400</Code>
<Text>ALGEBRA,NUMBER THEORY,AND COM</Text>
</ProgramElement>
<Appropriation>
<Code>0120</Code>
<Name>NSF RESEARCH &amp; RELATED ACTIVIT</Name>
<APP_SYMB_ID>040100</APP_SYMB_ID>
</Appropriation>
<Appropriation>
<Code>0121</Code>
<Name>NSF RESEARCH &amp; RELATED ACTIVIT</Name>
<APP_SYMB_ID>040100</APP_SYMB_ID>
</Appropriation>
<Appropriation>
<Code>0122</Code>
<Name>NSF RESEARCH &amp; RELATED ACTIVIT</Name>
<APP_SYMB_ID>040100</APP_SYMB_ID>
</Appropriation>
<Fund>
<Code>01002021DB</Code>
<Name><![CDATA[NSF RESEARCH & RELATED ACTIVIT]]></Name>
<FUND_SYMB_ID>040100</FUND_SYMB_ID>
</Fund>
<Fund>
<Code>01002122DB</Code>
<Name><![CDATA[NSF RESEARCH & RELATED ACTIVIT]]></Name>
<FUND_SYMB_ID>040100</FUND_SYMB_ID>
</Fund>
<Fund>
<Code>01002223DB</Code>
<Name><![CDATA[NSF RESEARCH & RELATED ACTIVIT]]></Name>
<FUND_SYMB_ID>040100</FUND_SYMB_ID>
</Fund>
<FUND_OBLG>2020~75583</FUND_OBLG>
<FUND_OBLG>2021~74159</FUND_OBLG>
<FUND_OBLG>2022~75258</FUND_OBLG>
<POR>
<DRECONTENT><![CDATA[<div class="porColContainerWBG"> <div class="porContentCol"><p>Categorical Kaehler Geometry is a new subject initiated<br />by Kontsevich, Katzarkov and their collaborators.<br /><br /><br /><br />The idea of studying structures by finding representatives of that structure that extremize a certain quantity is extremely robust, and consequently ubiquitous in mathematics. It is the basis for some of the deepest theorems in mathematics -- it constitutes the basis for Hodge theory and Hamilton's Ricci flow program, for example. The program we propose derives from the observation that the key features of the Donaldson-Uhlenbeck-Yau extremization problem are sufficiently robust to allow one to extend the DUY theorem to the context of categorical noncommutative geometry. In the categorical realm, this is an interplay between categories &nbsp;and stability conditions.<br /><br /><br />Our considerations lead to several new directions in modern geometry:<br /><br /><br />1. Spectral networks and connection with Hitchin's systems.<br /><br />2. New singularity theory - singularity theory in categorical &nbsp;setting.<br /><br />3. New type of spectra and applications.<br /><br />4. Connections with &nbsp;Birational Geometry.<br /><br /><br />5. We initiated the theory of atoms.<br /><br />6. &nbsp;We made a connection with Topological modular forms.<br /><br /><br /></p> <div>The &nbsp;results obtained were very well broadcasted at</div> <div>IMSA conferences in Lecture series by Konstevich.</div> <p>As a result new collaborations have been initiated and<br />papers and lectures notes are being written.<br />New results were reported at &nbsp;conferences.<br /><br />The training of students and postdocs was a major part of this project.<br />The participation of &nbsp; the underrepresented groups was given&nbsp; special attention. <br />Massive effort was made to arrange international collaboration with Latin America - the main function of IMSA.<br /><br /><br /><br /></p><br> <p>  Last Modified: 07/13/2024<br> Modified by: Ludmil&nbsp;V&nbsp;Katzarkov</p></div> <div class="porSideCol" ></div> </div>]]></DRECONTENT>
<POR_COPY_TXT><![CDATA[  Categorical Kaehler Geometry is a new subject initiated by Kontsevich, Katzarkov and their collaborators.    The idea of studying structures by finding representatives of that structure that extremize a certain quantity is extremely robust, and consequently ubiquitous in mathematics. It is the basis for some of the deepest theorems in mathematics -- it constitutes the basis for Hodge theory and Hamilton's Ricci flow program, for example. The program we propose derives from the observation that the key features of the Donaldson-Uhlenbeck-Yau extremization problem are sufficiently robust to allow one to extend the DUY theorem to the context of categorical noncommutative geometry. In the categorical realm, this is an interplay between categories and stability conditions.   Our considerations lead to several new directions in modern geometry:   1. Spectral networks and connection with Hitchin's systems.  2. New singularity theory - singularity theory in categorical setting.  3. New type of spectra and applications.  4. Connections with Birational Geometry.   5. We initiated the theory of atoms.  6. We made a connection with Topological modular forms.    The results obtained were very well broadcasted at IMSA conferences in Lecture series by Konstevich.   As a result new collaborations have been initiated and papers and lectures notes are being written. New results were reported at conferences.  The training of students and postdocs was a major part of this project. The participation of  the underrepresented groups was given special attention.  Massive effort was made to arrange international collaboration with Latin America - the main function of IMSA.         Last Modified: 07/13/2024       Submitted by: LudmilVKatzarkov]]></POR_COPY_TXT>
</POR>
</Award>
</rootTag>
