<?xml version="1.0" encoding="UTF-8"?>
<rootTag>
<Award>
<AwardTitle><![CDATA[Interaction of a Shock wave with a Homogeneous Field of Acoustic Waves: Theory and Simulation]]></AwardTitle>
<AGENCY>NSF</AGENCY>
<AwardEffectiveDate>09/23/2019</AwardEffectiveDate>
<AwardExpirationDate>08/31/2022</AwardExpirationDate>
<AwardTotalIntnAmount>160254.00</AwardTotalIntnAmount>
<AwardAmount>160254</AwardAmount>
<AwardInstrument>
<Value>Continuing Grant</Value>
</AwardInstrument>
<Organization>
<Code>07020000</Code>
<Directorate>
<Abbreviation>ENG</Abbreviation>
<LongName>Directorate For Engineering</LongName>
</Directorate>
<Division>
<Abbreviation>CBET</Abbreviation>
<LongName>Div Of Chem, Bioeng, Env, &amp; Transp Sys</LongName>
</Division>
</Organization>
<ProgramOfficer>
<SignBlockName>Ron Joslin</SignBlockName>
<PO_EMAI>rjoslin@nsf.gov</PO_EMAI>
<PO_PHON>7032927030</PO_PHON>
</ProgramOfficer>
<AbstractNarration>A shock wave occurs when a wave moves faster than the speed of sound in a fluid.  The interaction of a shock wave with compressible turbulence is relevant to a wide range of engineering applications including aeronautics (supersonic flight and propulsion), energy (fusion), medicine (shock wave lithotripsy), and space physics (star formation and supernovae explosions).  Understanding the physics of the interaction between a shock wave and a homogeneous field of acoustic waves (shock/acoustics interaction) are of major theoretical and practical importance.  Given that the coexistence of shock waves with background acoustic noise is an almost unavoidable feature for any experiments conducted in supersonic wind tunnels, the study of shock/acoustics interaction is particularly important to the characterization of background acoustic disturbances in supersonic wind tunnels and to the extrapolation of measurement data obtained in noisy supersonic wind tunnels to free flight. The experiences and results gained from the research effort are being incorporated into education activities including classroom teaching, research training, and outreach activities via involvement in Missouri S&amp;T Student Diversity, Outreach and Women?s Programs in order to engage students to consider careers in STEM fields. &lt;br/&gt;&lt;br/&gt;In this research project, significant flow characteristics associated with a homogeneous field of acoustic waves passing through a nominally normal shock wave are quantified using direct numerical simulations and linear interaction analysis. The full-fledged nonlinear simulations and the linear analysis are enabled by a pre-cursor numerical database of boundary-layer acoustic radiation that provides incident acoustic fields with a high degree of physical realism and applicability. This study advances the state of the art knowledge of shock/acoustics interaction, including (1) the generic statistical and spectral features of the post-shock fluctuations and their dependence on flow parameters; (2) the distinctions between linear and nonlinear mechanisms; and (3) the transfer function associated with the total pressure and the contribution of individual Kovasznay modes to the post-shock total pressure. This research contributes to the fundamental understanding of the interaction of a shock wave with a field of turbulence by characterizing its behaviors in the pure dilatational limit and complements existing studies of shock/turbulence interaction with a vorticity-dominated incident turbulent field. The project also provides the basis for measuring tunnel freestream noise with intrusive probes in noisy supersonic wind tunnels and for elucidating the impact of facility noise on the experimental data obtained in such wind tunnels.</AbstractNarration>
<MinAmdLetterDate>10/22/2019</MinAmdLetterDate>
<MaxAmdLetterDate>10/22/2019</MaxAmdLetterDate>
<ARRAAmount/>
<TRAN_TYPE>Grant</TRAN_TYPE>
<CFDA_NUM>47.041</CFDA_NUM>
<NSF_PAR_USE_FLAG>1</NSF_PAR_USE_FLAG>
<FUND_AGCY_CODE>4900</FUND_AGCY_CODE>
<AWDG_AGCY_CODE>4900</AWDG_AGCY_CODE>
<AwardID>2001125</AwardID>
<Investigator>
<FirstName>Lian</FirstName>
<LastName>Duan</LastName>
<PI_MID_INIT/>
<PI_SUFX_NAME/>
<PI_FULL_NAME>Lian Duan</PI_FULL_NAME>
<EmailAddress><![CDATA[duan.322@osu.edu]]></EmailAddress>
<NSF_ID>000661215</NSF_ID>
<StartDate>10/22/2019</StartDate>
<EndDate/>
<RoleCode>Principal Investigator</RoleCode>
</Investigator>
<Institution>
<Name><![CDATA[Ohio State University]]></Name>
<CityName>COLUMBUS</CityName>
<ZipCode>432101016</ZipCode>
<PhoneNumber>6146888735</PhoneNumber>
<StreetAddress><![CDATA[1960 KENNY RD]]></StreetAddress>
<StreetAddress2/>
<CountryName>United States</CountryName>
<StateName>Ohio</StateName>
<StateCode>OH</StateCode>
<CONGRESSDISTRICT>03</CONGRESSDISTRICT>
<CONGRESS_DISTRICT_ORG>OH03</CONGRESS_DISTRICT_ORG>
<ORG_UEI_NUM>DLWBSLWAJWR1</ORG_UEI_NUM>
<ORG_LGL_BUS_NAME>OHIO STATE UNIVERSITY, THE</ORG_LGL_BUS_NAME>
<ORG_PRNT_UEI_NUM>MN4MDDMN8529</ORG_PRNT_UEI_NUM>
</Institution>
<Performance_Institution>
<Name><![CDATA[The Ohio State University]]></Name>
<CityName>Columbus</CityName>
<StateCode>OH</StateCode>
<ZipCode>432101016</ZipCode>
<StreetAddress><![CDATA[Scott Laboratory]]></StreetAddress>
<CountryCode>US</CountryCode>
<CountryName>United States</CountryName>
<StateName>Ohio</StateName>
<CountryFlag>1</CountryFlag>
<CONGRESSDISTRICT>03</CONGRESSDISTRICT>
<CONGRESS_DISTRICT_PERF>OH03</CONGRESS_DISTRICT_PERF>
</Performance_Institution>
<ProgramElement>
<Code>144300</Code>
<Text>FD-Fluid Dynamics</Text>
</ProgramElement>
<ProgramReference>
<Code>9150</Code>
<Text>EXP PROG TO STIM COMP RES</Text>
</ProgramReference>
<Appropriation>
<Code>0118</Code>
<Name>NSF RESEARCH &amp; RELATED ACTIVIT</Name>
<APP_SYMB_ID>040100</APP_SYMB_ID>
</Appropriation>
<Appropriation>
<Code>0119</Code>
<Name>NSF RESEARCH &amp; RELATED ACTIVIT</Name>
<APP_SYMB_ID>040100</APP_SYMB_ID>
</Appropriation>
<Fund>
<Code>01001819DB</Code>
<Name><![CDATA[NSF RESEARCH & RELATED ACTIVIT]]></Name>
<FUND_SYMB_ID>040100</FUND_SYMB_ID>
</Fund>
<Fund>
<Code>01001920DB</Code>
<Name><![CDATA[NSF RESEARCH & RELATED ACTIVIT]]></Name>
<FUND_SYMB_ID>040100</FUND_SYMB_ID>
</Fund>
<FUND_OBLG>2018~70502</FUND_OBLG>
<FUND_OBLG>2019~89752</FUND_OBLG>
<POR>
<DRECONTENT><![CDATA[<div class="porColContainerWBG"> <div class="porContentCol"><p>The freestream disturbance environment in a conventional supersonic/hypersonic wind tunnel with adequate flow conditioning is dominated by acoustic waves radiated from turbulent boundary layers (TBLs) on tunnel side-walls, and freestream pitot probes are commonly applied for characterizing wind-tunnel freestream disturbances. Given that a pitot probe records the time variation of total (pitot) pressure behind the probe shock wave, a study on the interaction of a shock wave with a field of acoustic waves (shock/acoustics interaction) is critical to the characterization and reconstruction of the incident acoustic disturbances from the post-shock pitot pressure. In this project, we performed direct numerical simulations (DNS) to synthesize the naturally occurring, random acoustic disturbances created within the tunnel-wall TBLs and understand how such a &ldquo;tunnel-like&rdquo; acoustic disturbance field gets modified as it passes through a shock wave. An analytic tunnel-noise model was developed that successfully synthesizes freestream acoustic disturbances in the test section of a realistic supersonic/hypersonic wind tunnel. The tunnel-noise model was subsequently used in DNS of shock/acoustics interaction to characterize a transfer function that converts post-shock flow disturbances to the pre-shock incident acoustic field. The characterization of a transfer function included that for a simplified normal shock wave and that associated with a realistic pitot probe. This grant provided research trainings in areas of high-speed flows and advanced cyberinfrastructure to three graduate students and three undergraduate students, and the research results and visualizations were integrated into teaching materials on turbulent flows.</p><br> <p>            Last Modified: 12/28/2022<br>      Modified by: Lian&nbsp;Duan</p> </div> <div class="porSideCol"> <div class="each-gallery"> <div class="galContent" id="gallery0"> <div class="photoCount" id="photoCount0">          Image         </div> <div class="galControls onePhoto" id="controls0"></div> <div class="galSlideshow" id="slideshow0"></div> <div class="galEmbox" id="embox"> <div class="image-title"></div> </div> </div> <div class="galNavigation onePhoto" id="navigation0"> <ul class="thumbs" id="thumbs0"> <li> <a href="/por/images/Reports/POR/2022/2001125/2001125_10517822_1672254339353_ShockAcousticsInteraction_TunnelNoise--rgov-214x142.jpg" original="/por/images/Reports/POR/2022/2001125/2001125_10517822_1672254339353_ShockAcousticsInteraction_TunnelNoise--rgov-800width.jpg" title="Schematic_ShockNoiseInteraction"><img src="/por/images/Reports/POR/2022/2001125/2001125_10517822_1672254339353_ShockAcousticsInteraction_TunnelNoise--rgov-66x44.jpg" alt="Schematic_ShockNoiseInteraction"></a> <div class="imageCaptionContainer"> <div class="imageCaption">Shock/acoustics interaction for characterizing freestream acoustic disturbances in high-speed wind tunnels</div> <div class="imageCredit">Image by Prof. Lian Duan, The Ohio State University</div> <div class="imagePermisssions">Copyrighted</div> <div class="imageSubmitted">Lian&nbsp;Duan</div> <div class="imageTitle">Schematic_ShockNoiseInteraction</div> </div> </li> </ul> </div> </div> </div> </div>]]></DRECONTENT>
<POR_COPY_TXT><![CDATA[ The freestream disturbance environment in a conventional supersonic/hypersonic wind tunnel with adequate flow conditioning is dominated by acoustic waves radiated from turbulent boundary layers (TBLs) on tunnel side-walls, and freestream pitot probes are commonly applied for characterizing wind-tunnel freestream disturbances. Given that a pitot probe records the time variation of total (pitot) pressure behind the probe shock wave, a study on the interaction of a shock wave with a field of acoustic waves (shock/acoustics interaction) is critical to the characterization and reconstruction of the incident acoustic disturbances from the post-shock pitot pressure. In this project, we performed direct numerical simulations (DNS) to synthesize the naturally occurring, random acoustic disturbances created within the tunnel-wall TBLs and understand how such a "tunnel-like" acoustic disturbance field gets modified as it passes through a shock wave. An analytic tunnel-noise model was developed that successfully synthesizes freestream acoustic disturbances in the test section of a realistic supersonic/hypersonic wind tunnel. The tunnel-noise model was subsequently used in DNS of shock/acoustics interaction to characterize a transfer function that converts post-shock flow disturbances to the pre-shock incident acoustic field. The characterization of a transfer function included that for a simplified normal shock wave and that associated with a realistic pitot probe. This grant provided research trainings in areas of high-speed flows and advanced cyberinfrastructure to three graduate students and three undergraduate students, and the research results and visualizations were integrated into teaching materials on turbulent flows.       Last Modified: 12/28/2022       Submitted by: Lian Duan]]></POR_COPY_TXT>
</POR>
</Award>
</rootTag>
