<?xml version="1.0" encoding="UTF-8"?>
<rootTag>
<Award>
<AwardTitle><![CDATA[Digitization PEN:  Partnership to the New England Vascular Plant Network (NEVP) for the Environmental Management and Monitoring Alliance (EMMA)]]></AwardTitle>
<AGENCY>NSF</AGENCY>
<AwardEffectiveDate>09/15/2020</AwardEffectiveDate>
<AwardExpirationDate>08/31/2023</AwardExpirationDate>
<AwardTotalIntnAmount>48904.00</AwardTotalIntnAmount>
<AwardAmount>48904</AwardAmount>
<AwardInstrument>
<Value>Standard Grant</Value>
</AwardInstrument>
<Organization>
<Code>08080000</Code>
<Directorate>
<Abbreviation>BIO</Abbreviation>
<LongName>Direct For Biological Sciences</LongName>
</Directorate>
<Division>
<Abbreviation>DBI</Abbreviation>
<LongName>Div Of Biological Infrastructure</LongName>
</Division>
</Organization>
<ProgramOfficer>
<SignBlockName>Reed Beaman</SignBlockName>
<PO_EMAI>rsbeaman@nsf.gov</PO_EMAI>
<PO_PHON>7032927163</PO_PHON>
</ProgramOfficer>
<AbstractNarration><![CDATA[Herbaria, collections of pressed and dried plant specimens, provide windows into the past.  They tell us what kinds of plants were present, where those plants were, and when the plants were there.  With this information we can track changes over time, such as the return of wildflowers and forest trees to previously farmed land, and the introduction and spread of invasive plant species.  Herbarium specimens are also records of past seasonal events such as when wildflowers bloomed, and when trees leafed out in the spring and dropped their leaves in fall.  The information stored in herbaria can help us understand past environmental changes, and also to predict and prepare for future change.  This project will allow six members of the Hudson Valley Environmental Monitoring and Management Alliance (EMMA) to digitize their collections.  Making the images and label information available online to anyone in the world will immeasurably increase the research and societal value of the EMMA herbaria.  The images and information will help the Alliance address urgent threats to ecosystem health in the Hudson Valley, including climate change, invasive species, habitat loss and fragmentation, and deer overabundance.  The EMMA herbarium information will also contribute to numerous other projects with scopes beyond the Hudson Valley.&lt;br/&gt;&lt;br/&gt;The EMMA herbaria participating in this project are the Louis Calder Center of Fordham University, the Highstead Arboretum, the E.N. Huyck Preserve, the Mohonk Preserve, Pace University, and Vassar College.  Together, they will partner with the existing New England Vascular Plant Network (NEVP).   Approximately 22,250 specimens will be digitized, of which around 13,550 are from New York State.  This project will provide training opportunities for undergraduate students at Pace and Vassar, who will digitize specimens from those herbaria onsite.  A travelling team will carry out most of the digitization work at the other four herbaria.  This will increase the NEVP’s New York specimens by 27%.  Images and data will be made available through the Consortium of Northeastern Herbaria portal and through iDigBio.org.  Along with the herbarium data, site-specific weather and phenology data will be available to researchers through the Forest Ecosystems Monitoring Cooperative platform and the EMMA website.  Phenology data will also be available through the USA-National Phenology Network.&lt;br/&gt;&lt;br/&gt;This award reflects NSF's statutory mission and has been deemed worthy of support through evaluation using the Foundation's intellectual merit and broader impacts review criteria.]]></AbstractNarration>
<MinAmdLetterDate>08/26/2020</MinAmdLetterDate>
<MaxAmdLetterDate>10/15/2020</MaxAmdLetterDate>
<ARRAAmount/>
<TRAN_TYPE>Grant</TRAN_TYPE>
<CFDA_NUM>47.074</CFDA_NUM>
<NSF_PAR_USE_FLAG>1</NSF_PAR_USE_FLAG>
<FUND_AGCY_CODE>4900</FUND_AGCY_CODE>
<AWDG_AGCY_CODE>4900</AWDG_AGCY_CODE>
<AwardID>2001321</AwardID>
<Investigator>
<FirstName>Mark</FirstName>
<LastName>Schlessman</LastName>
<PI_MID_INIT>A</PI_MID_INIT>
<PI_SUFX_NAME/>
<PI_FULL_NAME>Mark A Schlessman</PI_FULL_NAME>
<EmailAddress><![CDATA[schlessman@vassar.edu]]></EmailAddress>
<NSF_ID>000362462</NSF_ID>
<StartDate>08/26/2020</StartDate>
<EndDate/>
<RoleCode>Principal Investigator</RoleCode>
</Investigator>
<Investigator>
<FirstName>Keri</FirstName>
<LastName>VanCamp</LastName>
<PI_MID_INIT>L</PI_MID_INIT>
<PI_SUFX_NAME/>
<PI_FULL_NAME>Keri L VanCamp</PI_FULL_NAME>
<EmailAddress><![CDATA[kevancamp@vassar.edu]]></EmailAddress>
<NSF_ID>000638452</NSF_ID>
<StartDate>08/26/2020</StartDate>
<EndDate/>
<RoleCode>Co-Principal Investigator</RoleCode>
</Investigator>
<Investigator>
<FirstName>Nicole</FirstName>
<LastName>Scalessa</LastName>
<PI_MID_INIT>H</PI_MID_INIT>
<PI_SUFX_NAME/>
<PI_FULL_NAME>Nicole H Scalessa</PI_FULL_NAME>
<EmailAddress><![CDATA[nscalessa@vassar.edu]]></EmailAddress>
<NSF_ID>000811787</NSF_ID>
<StartDate>08/26/2020</StartDate>
<EndDate/>
<RoleCode>Co-Principal Investigator</RoleCode>
</Investigator>
<Institution>
<Name>Vassar College</Name>
<CityName>POUGHKEEPSIE</CityName>
<ZipCode>126040001</ZipCode>
<PhoneNumber>8454377092</PhoneNumber>
<StreetAddress>124 RAYMOND AVE</StreetAddress>
<StreetAddress2/>
<CountryName>United States</CountryName>
<StateName>New York</StateName>
<StateCode>NY</StateCode>
<CONGRESSDISTRICT>18</CONGRESSDISTRICT>
<CONGRESS_DISTRICT_ORG>NY18</CONGRESS_DISTRICT_ORG>
<ORG_UEI_NUM>J3XVZ8JZRJV8</ORG_UEI_NUM>
<ORG_LGL_BUS_NAME>VASSAR COLLEGE</ORG_LGL_BUS_NAME>
<ORG_PRNT_UEI_NUM/>
</Institution>
<Performance_Institution>
<Name><![CDATA[Vassar College]]></Name>
<CityName>Poughkeepsie</CityName>
<StateCode>NY</StateCode>
<ZipCode>126040657</ZipCode>
<StreetAddress><![CDATA[124 Raymond Ave.]]></StreetAddress>
<CountryCode>US</CountryCode>
<CountryName>United States</CountryName>
<StateName>New York</StateName>
<CountryFlag>1</CountryFlag>
<CONGRESSDISTRICT/>
<CONGRESS_DISTRICT_PERF>NY"</CONGRESS_DISTRICT_PERF>
</Performance_Institution>
<ProgramElement>
<Code>085Y</Code>
<Text>ICB: Infrastructure Capacity f</Text>
</ProgramElement>
<ProgramReference>
<Code>1197</Code>
<Text>BIOLOGICAL RESEARCH COLLECTION</Text>
</ProgramReference>
<ProgramReference>
<Code>6895</Code>
<Text>DIGITIZATION</Text>
</ProgramReference>
<Appropriation>
<Code>0120</Code>
<Name>NSF RESEARCH &amp; RELATED ACTIVIT</Name>
<APP_SYMB_ID>040100</APP_SYMB_ID>
</Appropriation>
<Fund>
<Code>01002021DB</Code>
<Name><![CDATA[NSF RESEARCH & RELATED ACTIVIT]]></Name>
<FUND_SYMB_ID>040100</FUND_SYMB_ID>
</Fund>
<FUND_OBLG>2020~48904</FUND_OBLG>
<POR>
<DRECONTENT><![CDATA[<div class="porColContainerWBG"> <div class="porContentCol"><p><span id="docs-internal-guid-b3e7ab17-7fff-7d7c-2e2a-726bd0276cab"> </span></p> <p dir="ltr"><span>Herbaria, collections of plants that have been pressed, dried, mounted on archival paper and labeled, are the gold standard for documenting plant biodiversity.&nbsp; Figure 1 shows a collection of oriental bittersweet, an invasive vine, made at the Preserve at Vassar College.</span></p> <p>&nbsp;</p> <p dir="ltr"><span>Herbaria can tell us where plants have been, what other plants they were found with, when they flowered and produced fruit, when they leafed out and when their leaves dropped, and many other things about plants that have been collected up until now.&nbsp; For a long time, this kind of information was important mostly for professional botanists, and they were also the only people who had relatively easy access to herbaria.&nbsp; That was because in order to study herbarium specimens, you had to view them directly.&nbsp; You had to either go to the herbaria yourself, or you had to ask to borrow specimens, wait for them to be shipped to you, and then return them once you&rsquo;d studied them.&nbsp; All of this was time consuming and expensive.</span></p> <p>&nbsp;</p> <p dir="ltr"><span>But recently this situation has changed dramatically.&nbsp; First, biodiversity scientists of all sorts, from conservationists to invasive species ecologists to climate scientists, have realized that herbaria are treasure troves of information on the spread of invasive species and changes in the geographical distributions and&nbsp; abundances of species, and changes in&nbsp; flowering and fruiting times.&nbsp; Data from herbarium specimens can be used to reconstruct the spread of invasive species, to&nbsp; understand responses&nbsp; to past climate change,&nbsp; to model responses to future change, and to manage natural areas.&nbsp; Second, digital technologies have made access to much of the information in herbarium specimens available to anyone with a computer and an internet connection.&nbsp; These changes have increased awareness of the value of herbaria and spurred global efforts to digitize them.</span></p> <p>&nbsp;</p> <p dir="ltr"><span>Our project digitized six small herbaria located in the Hudson Valley of southeastern New York State:&nbsp; The Louis Calder Center of Fordham University, the Highstead Arboretum, the Edmund H. Huyck Preserve, the Mohonk Preserve, Pace University, and Vassar College.&nbsp; Each of the herbaria includes specimens from a natural area that is part of the Environmental Monitoring and Management Alliance (EMMA).&nbsp; Figure 2 shows the locations of these six herbaria.</span></p> <p dir="ltr"><span>&nbsp;&nbsp;</span></p> <p dir="ltr"><span>We had two major goals. The first was to augment an ongoing effort by the New England Vascular Plants Network to digitize herbarium collections from the New England region.&nbsp; New England which is one of the most thoroughly botanized regions in the world, and hence a prime region for digitization of herbaria.. But plants do not recognize state boundaries, and New York State shares over 90% of its plant species with New England.&nbsp; We enhanced the New England Vascular Plants Network by digitizing approximately 13,500 specimens from New York State, thus increasing the NEVPN&rsquo;s digitized New York specimens by 27%.&nbsp; Our second goal was to enhance EMMA&rsquo;s ability to coordinate ecological monitoring and natural areas management throughout New York&rsquo;s Hudson Valley.&nbsp; We accomplished that by digitizing 7,200 specimens that are site-specific to EMMA natural areas.</span></p> <p>&nbsp;</p> <p dir="ltr"><span>Education of undergraduate students was integral to this project.&nbsp; Twentythree Vassar College students completed a one-semester Intensively Mentored Experience in Plant Biodiversity in which they digitized specimens, two students participated as Undergraduate Research Summer Institute Fellows, and eight students contributed to the project through work-study.&nbsp; Figure 3 shows 2022 Vassar graduates Alison Carranza and Garrett Goodrich working with Vassar Professor Emeritus Mark Schlessman.</span></p> <p>&nbsp;</p> <p dir="ltr"><span>Through a project website and stories put out by several of the EMMA institutions, this project also increased awareness of and appreciation for herbaria in New York&rsquo;s Hudson Valley.&nbsp; Figure 4 shows part of the Vassar Herbarium website home page.</span></p> <div><span><br /></span></div> <p>&nbsp;</p> <p>&nbsp;</p><br> <p>  Last Modified: 12/14/2023<br> Modified by: Mark&nbsp;A&nbsp;Schlessman</p></div> <div class="porSideCol" ><div class="each-gallery"> <div class="galContent" id="gallery0"> <div class="photoCount" id="photoCount0">          Images (<span id="selectedPhoto0">1</span> of <span class="totalNumber"></span>)          </div> <div class="galControls onePhoto" id="controls0"></div> <div class="galSlideshow" id="slideshow0"></div> <div class="galEmbox" id="embox"> <div class="image-title"></div> </div> </div> <div class="galNavigation" id="navigation0"> <ul class="thumbs" id="thumbs0"> <li> <a href="/por/images/Reports/POR/2023/2001321/2001321_10702386_1702486271524_Fig_4--rgov-214x142.jpeg" original="/por/images/Reports/POR/2023/2001321/2001321_10702386_1702486271524_Fig_4--rgov-800width.jpeg" title="Figure 4"><img src="/por/images/Reports/POR/2023/2001321/2001321_10702386_1702486271524_Fig_4--rgov-66x44.jpeg" alt="Figure 4"></a> <div class="imageCaptionContainer"> <div class="imageCaption">Home page of the Vassar College Herbarium website</div> <div class="imageCredit">Mark Schlesssman</div> <div class="imagePermisssions">Public Domain</div> <div class="imageSubmitted">Mark&nbsp;A&nbsp;Schlessman <div class="imageTitle">Figure 4</div> </div> </li><li> <a href="/por/images/Reports/POR/2023/2001321/2001321_10702386_1702565377347_Fig_1_oriental_bittersweet--rgov-214x142.jpeg" original="/por/images/Reports/POR/2023/2001321/2001321_10702386_1702565377347_Fig_1_oriental_bittersweet--rgov-800width.jpeg" title="Figure 1 oriental bittersweet"><img src="/por/images/Reports/POR/2023/2001321/2001321_10702386_1702565377347_Fig_1_oriental_bittersweet--rgov-66x44.jpeg" alt="Figure 1 oriental bittersweet"></a> <div class="imageCaptionContainer"> <div class="imageCaption">Herbarium specimen of oriental bittersweet, an invasive vine, collected on the Preserve at Vassar College</div> <div class="imageCredit">Mark Schlesssman</div> <div class="imagePermisssions">Public Domain</div> <div class="imageSubmitted">Mark&nbsp;A&nbsp;Schlessman <div class="imageTitle">Figure 1 oriental bittersweet</div> </div> </li><li> <a href="/por/images/Reports/POR/2023/2001321/2001321_10702386_1702485630377_Fig_3--rgov-214x142.jpeg" original="/por/images/Reports/POR/2023/2001321/2001321_10702386_1702485630377_Fig_3--rgov-800width.jpeg" title="Figure 3"><img src="/por/images/Reports/POR/2023/2001321/2001321_10702386_1702485630377_Fig_3--rgov-66x44.jpeg" alt="Figure 3"></a> <div class="imageCaptionContainer"> <div class="imageCaption">Alison Carranza and Garrett Goodrich, both Vassar College 2022, and Professor Mark Schlessman</div> <div class="imageCredit">Mark Schlesssman</div> <div class="imagePermisssions">Royalty-free (restricted use - cannot be shared)</div> <div class="imageSubmitted">Mark&nbsp;A&nbsp;Schlessman <div class="imageTitle">Figure 3</div> </div> </li></ul> </div> </div></div> </div>]]></DRECONTENT>
<POR_COPY_TXT><![CDATA[      Herbaria, collections of plants that have been pressed, dried, mounted on archival paper and labeled, are the gold standard for documenting plant biodiversity. Figure 1 shows a collection of oriental bittersweet, an invasive vine, made at the Preserve at Vassar College.      Herbaria can tell us where plants have been, what other plants they were found with, when they flowered and produced fruit, when they leafed out and when their leaves dropped, and many other things about plants that have been collected up until now. For a long time, this kind of information was important mostly for professional botanists, and they were also the only people who had relatively easy access to herbaria. That was because in order to study herbarium specimens, you had to view them directly. You had to either go to the herbaria yourself, or you had to ask to borrow specimens, wait for them to be shipped to you, and then return them once youd studied them. All of this was time consuming and expensive.      But recently this situation has changed dramatically. First, biodiversity scientists of all sorts, from conservationists to invasive species ecologists to climate scientists, have realized that herbaria are treasure troves of information on the spread of invasive species and changes in the geographical distributions and abundances of species, and changes in flowering and fruiting times. Data from herbarium specimens can be used to reconstruct the spread of invasive species, to understand responses to past climate change, to model responses to future change, and to manage natural areas. Second, digital technologies have made access to much of the information in herbarium specimens available to anyone with a computer and an internet connection. These changes have increased awareness of the value of herbaria and spurred global efforts to digitize them.      Our project digitized six small herbaria located in the Hudson Valley of southeastern New York State: The Louis Calder Center of Fordham University, the Highstead Arboretum, the Edmund H. Huyck Preserve, the Mohonk Preserve, Pace University, and Vassar College. Each of the herbaria includes specimens from a natural area that is part of the Environmental Monitoring and Management Alliance (EMMA). Figure 2 shows the locations of these six herbaria.      We had two major goals. The first was to augment an ongoing effort by the New England Vascular Plants Network to digitize herbarium collections from the New England region. New England which is one of the most thoroughly botanized regions in the world, and hence a prime region for digitization of herbaria.. But plants do not recognize state boundaries, and New York State shares over 90% of its plant species with New England. We enhanced the New England Vascular Plants Network by digitizing approximately 13,500 specimens from New York State, thus increasing the NEVPNs digitized New York specimens by 27%. Our second goal was to enhance EMMAs ability to coordinate ecological monitoring and natural areas management throughout New Yorks Hudson Valley. We accomplished that by digitizing 7,200 specimens that are site-specific to EMMA natural areas.      Education of undergraduate students was integral to this project. Twentythree Vassar College students completed a one-semester Intensively Mentored Experience in Plant Biodiversity in which they digitized specimens, two students participated as Undergraduate Research Summer Institute Fellows, and eight students contributed to the project through work-study. Figure 3 shows 2022 Vassar graduates Alison Carranza and Garrett Goodrich working with Vassar Professor Emeritus Mark Schlessman.      Through a project website and stories put out by several of the EMMA institutions, this project also increased awareness of and appreciation for herbaria in New Yorks Hudson Valley. Figure 4 shows part of the Vassar Herbarium website home page.             Last Modified: 12/14/2023       Submitted by: MarkASchlessman]]></POR_COPY_TXT>
</POR>
</Award>
</rootTag>
