<?xml version="1.0" encoding="UTF-8"?>
<rootTag>
<Award>
<AwardTitle><![CDATA[Density and Edge Coloring]]></AwardTitle>
<AGENCY>NSF</AGENCY>
<AwardEffectiveDate>04/01/2020</AwardEffectiveDate>
<AwardExpirationDate>10/31/2022</AwardExpirationDate>
<AwardTotalIntnAmount>94005.00</AwardTotalIntnAmount>
<AwardAmount>94005</AwardAmount>
<AwardInstrument>
<Value>Continuing Grant</Value>
</AwardInstrument>
<Organization>
<Code>03040000</Code>
<Directorate>
<Abbreviation>MPS</Abbreviation>
<LongName>Direct For Mathematical &amp; Physical Scien</LongName>
</Directorate>
<Division>
<Abbreviation>DMS</Abbreviation>
<LongName>Division Of Mathematical Sciences</LongName>
</Division>
</Organization>
<ProgramOfficer>
<SignBlockName>Stefaan De Winter</SignBlockName>
<PO_EMAI>sgdewint@nsf.gov</PO_EMAI>
<PO_PHON>7032922599</PO_PHON>
</ProgramOfficer>
<AbstractNarration>A graph is a mathematical structure that can be used to model relationships between objects. Take social networking as an example: each person in the network could be considered as a point, called a vertex, and two people are joined by an edge if they are friends. Edge-coloring studies the ways one can color edges of a graph under some restrictions. For example, a proper edge-coloring is an assignment of colors to the edges of a graph so that no two edges sharing the same vertex have the same color.  One important problem is to find the smallest number of colors possible that can be used for a proper edge-coloring.  In this project, the PI is planning to address open problems in edge-coloring as well as deriving efficient algorithms for graph coloring problems. Theoretical results and algorithms in edge-coloring have important applications in network problems, communication problems, scheduling problems, and many other optimization problems.&lt;br/&gt; &lt;br/&gt;Density as a graph parameter is involved in many open problems in edge-coloring.  The main goal of this project is to apply density-related techniques such as a generalization of the Tashkinov tree method obtained in attacking the Goldberg-Seymour conjecture, and a generalized Kempe Change method developed in exploring the Hilton-Zhao conjecture, to attack the following density-related problems: (1) the Hilton-Zhao conjecture and the overfull conjecture; (2) Gupta’s co-density conjecture; (3) Goldberg’s generalization of the total coloring conjecture for multigraphs; and (4) finding efficient algorithms to color graphs with the optimal number of colors in the conjectures above.  The PI is also hoping to develop new density-related techniques through exploring the above problems.&lt;br/&gt;&lt;br/&gt;This award reflects NSF's statutory mission and has been deemed worthy of support through evaluation using the Foundation's intellectual merit and broader impacts review criteria.</AbstractNarration>
<MinAmdLetterDate>03/26/2020</MinAmdLetterDate>
<MaxAmdLetterDate>01/31/2022</MaxAmdLetterDate>
<ARRAAmount/>
<TRAN_TYPE>Grant</TRAN_TYPE>
<CFDA_NUM>47.049</CFDA_NUM>
<NSF_PAR_USE_FLAG>1</NSF_PAR_USE_FLAG>
<FUND_AGCY_CODE>4900</FUND_AGCY_CODE>
<AWDG_AGCY_CODE>4900</AWDG_AGCY_CODE>
<AwardID>2001130</AwardID>
<Investigator>
<FirstName>Guangming</FirstName>
<LastName>Jing</LastName>
<PI_MID_INIT/>
<PI_SUFX_NAME/>
<PI_FULL_NAME>Guangming Jing</PI_FULL_NAME>
<EmailAddress><![CDATA[guangming_jing@uml.edu]]></EmailAddress>
<NSF_ID>000809769</NSF_ID>
<StartDate>03/26/2020</StartDate>
<EndDate/>
<RoleCode>Principal Investigator</RoleCode>
</Investigator>
<Institution>
<Name><![CDATA[AUGUSTA UNIVERSITY RESEARCH INSTITUTE, INC.]]></Name>
<CityName>AUGUSTA</CityName>
<ZipCode>309120001</ZipCode>
<PhoneNumber>7067212592</PhoneNumber>
<StreetAddress><![CDATA[AUGUSTA UNIVERSITY 1120 15TH STR]]></StreetAddress>
<StreetAddress2/>
<CountryName>United States</CountryName>
<StateName>Georgia</StateName>
<StateCode>GA</StateCode>
<CONGRESSDISTRICT>12</CONGRESSDISTRICT>
<CONGRESS_DISTRICT_ORG>GA12</CONGRESS_DISTRICT_ORG>
<ORG_UEI_NUM>N4WWJC8T2593</ORG_UEI_NUM>
<ORG_LGL_BUS_NAME>AUGUSTA UNIVERSITY RESEARCH INSTITUTE, INC</ORG_LGL_BUS_NAME>
<ORG_PRNT_UEI_NUM>N4WWJC8T2593</ORG_PRNT_UEI_NUM>
</Institution>
<Performance_Institution>
<Name><![CDATA[AUGUSTA UNIVERSITY]]></Name>
<CityName>Augusta</CityName>
<StateCode>GA</StateCode>
<ZipCode>309120004</ZipCode>
<StreetAddress><![CDATA[1120 15th Street]]></StreetAddress>
<CountryCode>US</CountryCode>
<CountryName>United States</CountryName>
<StateName>Georgia</StateName>
<CountryFlag>1</CountryFlag>
<CONGRESSDISTRICT>12</CONGRESSDISTRICT>
<CONGRESS_DISTRICT_PERF>GA12</CONGRESS_DISTRICT_PERF>
</Performance_Institution>
<ProgramElement>
<Code>797000</Code>
<Text>Combinatorics</Text>
</ProgramElement>
<Appropriation>
<Code/>
<Name/>
<APP_SYMB_ID/>
</Appropriation>
<Appropriation>
<Code/>
<Name/>
<APP_SYMB_ID/>
</Appropriation>
<Fund>
<Code>01002223DB</Code>
<Name><![CDATA[NSF RESEARCH & RELATED ACTIVIT]]></Name>
<FUND_SYMB_ID>040100</FUND_SYMB_ID>
</Fund>
<Fund>
<Code>01002021DB</Code>
<Name><![CDATA[NSF RESEARCH & RELATED ACTIVIT]]></Name>
<FUND_SYMB_ID>040100</FUND_SYMB_ID>
</Fund>
<FUND_OBLG>2020~62670</FUND_OBLG>
<FUND_OBLG>2022~14655</FUND_OBLG>
</Award>
</rootTag>
