<?xml version="1.0" encoding="UTF-8"?>
<rootTag>
<Award>
<AwardTitle><![CDATA[NSF-BSF Research in Representation Theory with Applications to Number Theory and Physics]]></AwardTitle>
<AGENCY>NSF</AGENCY>
<AwardEffectiveDate>08/01/2020</AwardEffectiveDate>
<AwardExpirationDate>07/31/2024</AwardExpirationDate>
<AwardTotalIntnAmount>131554.00</AwardTotalIntnAmount>
<AwardAmount>131554</AwardAmount>
<AwardInstrument>
<Value>Standard Grant</Value>
</AwardInstrument>
<Organization>
<Code>03040000</Code>
<Directorate>
<Abbreviation>MPS</Abbreviation>
<LongName>Direct For Mathematical &amp; Physical Scien</LongName>
</Directorate>
<Division>
<Abbreviation>DMS</Abbreviation>
<LongName>Division Of Mathematical Sciences</LongName>
</Division>
</Organization>
<ProgramOfficer>
<SignBlockName>James Matthew Douglass</SignBlockName>
<PO_EMAI>mdouglas@nsf.gov</PO_EMAI>
<PO_PHON>7032922467</PO_PHON>
</ProgramOfficer>
<AbstractNarration>Representation theory is the study of linear symmetries. Since there are many symmetries in nature, and since linear methods are powerful and efficient, this subject has found numerous applications in mathematics, physics, chemistry, and computer science. Classically, representations of finite or compact groups were studied. The current project concerns representations of infinite, non-compact, algebraic groups, and the PI and his collaborator will study more recent mathematical structures such as Lie supergroups, quantum groups, and double affine Hecke algebras. Each of these topics has been an active area of modern mathematical research for many years, yet many important questions remain open. The resolution of the questions answered in this project will lead to significant new applications in number theory, combinatorics, and physics.&lt;br/&gt;&lt;br/&gt;The main part of the project is dedicated to the study of automorphic representations and will be pursued by the PI and an Israeli collaborator D. Gourevitch. This is a subject of central importance in the Langlands program in number theory, and recently of much interest in string theory. The PI and Gourevitch will employ the method of Whittaker functionals, which are a traditional tool for studying large automorphic representations. However the PI and collaborators have recently introduced a more refined class of functionals, which are well-adapted to studying small representations. This will have applications to quantum gravity, where small automorphic representations arise as certain quantum corrections to Einstein's theory of general relativity. The second part of the project will study higher dimensional analogs of Dirichlet series, which generalize the celebrated Riemann zeta function. The PI will study these series using double affine Hecke algebra, which are a traditional tool for understanding the symmetries of Macdonald polynomials -- themselves a central object of study in algebraic combinatorics. The PI and collaborators have recently discovered a new class of representations of these algebras, called metaplectic representations, that hold considerable promise for studying multiple Dirichlet series. The third part of the project will develop the theory of Capelli differential operators. These operators have their origin in classical invariant theory, which comprised a large part of 19th century mathematics. They also played a key role in Atiyah-Bott-Patodi approach to the index theorem, which is a highlight of 20th century mathematics. The PI and collaborators will extend Capelli operators to the modern realms of Lie superalgebras and quantum groups.&lt;br/&gt;&lt;br/&gt;This award reflects NSF's statutory mission and has been deemed worthy of support through evaluation using the Foundation's intellectual merit and broader impacts review criteria.</AbstractNarration>
<MinAmdLetterDate>07/11/2020</MinAmdLetterDate>
<MaxAmdLetterDate>07/11/2020</MaxAmdLetterDate>
<ARRAAmount/>
<TRAN_TYPE>Grant</TRAN_TYPE>
<CFDA_NUM>47.049</CFDA_NUM>
<NSF_PAR_USE_FLAG>1</NSF_PAR_USE_FLAG>
<FUND_AGCY_CODE>4900</FUND_AGCY_CODE>
<AWDG_AGCY_CODE>4900</AWDG_AGCY_CODE>
<AwardID>2001537</AwardID>
<Investigator>
<FirstName>Siddhartha</FirstName>
<LastName>Sahi</LastName>
<PI_MID_INIT/>
<PI_SUFX_NAME/>
<PI_FULL_NAME>Siddhartha Sahi</PI_FULL_NAME>
<EmailAddress><![CDATA[sahi@math.rutgers.edu]]></EmailAddress>
<NSF_ID>000116540</NSF_ID>
<StartDate>07/11/2020</StartDate>
<EndDate/>
<RoleCode>Principal Investigator</RoleCode>
</Investigator>
<Institution>
<Name><![CDATA[Rutgers University New Brunswick]]></Name>
<CityName>NEW BRUNSWICK</CityName>
<ZipCode>089018559</ZipCode>
<PhoneNumber>8489320150</PhoneNumber>
<StreetAddress><![CDATA[3 RUTGERS PLZ]]></StreetAddress>
<StreetAddress2/>
<CountryName>United States</CountryName>
<StateName>New Jersey</StateName>
<StateCode>NJ</StateCode>
<CONGRESSDISTRICT>12</CONGRESSDISTRICT>
<CONGRESS_DISTRICT_ORG>NJ12</CONGRESS_DISTRICT_ORG>
<ORG_UEI_NUM>M1LVPE5GLSD9</ORG_UEI_NUM>
<ORG_LGL_BUS_NAME>RUTGERS, THE STATE UNIVERSITY</ORG_LGL_BUS_NAME>
<ORG_PRNT_UEI_NUM/>
</Institution>
<Performance_Institution>
<Name><![CDATA[Rutgers University New Brunswick]]></Name>
<CityName>Piscataway</CityName>
<StateCode>NJ</StateCode>
<ZipCode>088548019</ZipCode>
<StreetAddress><![CDATA[110 Frelinghuysen Road]]></StreetAddress>
<CountryCode>US</CountryCode>
<CountryName>United States</CountryName>
<StateName>New Jersey</StateName>
<CountryFlag>1</CountryFlag>
<CONGRESSDISTRICT>06</CONGRESSDISTRICT>
<CONGRESS_DISTRICT_PERF>NJ06</CONGRESS_DISTRICT_PERF>
</Performance_Institution>
<ProgramElement>
<Code>126400</Code>
<Text>ALGEBRA,NUMBER THEORY,AND COM</Text>
</ProgramElement>
<Appropriation>
<Code>0120</Code>
<Name>NSF RESEARCH &amp; RELATED ACTIVIT</Name>
<APP_SYMB_ID>040100</APP_SYMB_ID>
</Appropriation>
<Fund>
<Code>01002021DB</Code>
<Name><![CDATA[NSF RESEARCH & RELATED ACTIVIT]]></Name>
<FUND_SYMB_ID>040100</FUND_SYMB_ID>
</Fund>
<FUND_OBLG>2020~131554</FUND_OBLG>
</Award>
</rootTag>
