<?xml version="1.0" encoding="UTF-8"?>
<rootTag>
<Award>
<AwardTitle><![CDATA[SaTC: CORE: Medium: Collaborative: Rethinking Access Pattern Privacy: From Theory to Practice]]></AwardTitle>
<AGENCY>NSF</AGENCY>
<AwardEffectiveDate>10/01/2020</AwardEffectiveDate>
<AwardExpirationDate>09/30/2024</AwardExpirationDate>
<AwardTotalIntnAmount>300000.00</AwardTotalIntnAmount>
<AwardAmount>300000</AwardAmount>
<AwardInstrument>
<Value>Standard Grant</Value>
</AwardInstrument>
<Organization>
<Code>05050000</Code>
<Directorate>
<Abbreviation>CSE</Abbreviation>
<LongName>Direct For Computer &amp; Info Scie &amp; Enginr</LongName>
</Directorate>
<Division>
<Abbreviation>CNS</Abbreviation>
<LongName>Division Of Computer and Network Systems</LongName>
</Division>
</Organization>
<ProgramOfficer>
<SignBlockName>Anna Squicciarini</SignBlockName>
<PO_EMAI>asquicci@nsf.gov</PO_EMAI>
<PO_PHON>7032925177</PO_PHON>
</ProgramOfficer>
<AbstractNarration>When a program accesses data stored in memory, disk, or on a remote server, its access patterns can leak information about its secret inputs and data. There has been decades of work that investigated how to prevent programs from leaking any information by making their access patterns "oblivious", i.e., independent from their execution. This project is motivated by the significant overhead that past techniques incur. The project introduces and investigates new relaxed notions of access pattern obliviousness, and discovers new algorithms that achieve these notions with a significantly reduced overhead. The project includes training of Ph.D. students and postdoctoral researchers, and mentoring activities focused on high school, undergraduate, and graduate students. &lt;br/&gt;&lt;br/&gt;This project rethinks the definition of access pattern privacy, and considers (but not limited to) a new notion called "differential obliviousness". In analogy with differential privacy, differential obliviosness requires that the access patterns resulting from executing a program on similar inputs should be hard to distinguish. The project establishes theoretical understanding, including new lower and upper bounds, of the extent to which various notions of obliviosness impact the performance of programs. The investigators also explore the practical performance of new privacy-preserving algorithms in cloud outsourcing and database scenarios. The project develops open-source libraries for the new, differentially oblivious algorithms and data structures.&lt;br/&gt;&lt;br/&gt;This award reflects NSF's statutory mission and has been deemed worthy of support through evaluation using the Foundation's intellectual merit and broader impacts review criteria.</AbstractNarration>
<MinAmdLetterDate>08/21/2020</MinAmdLetterDate>
<MaxAmdLetterDate>10/15/2020</MaxAmdLetterDate>
<ARRAAmount/>
<TRAN_TYPE>Grant</TRAN_TYPE>
<CFDA_NUM>47.070</CFDA_NUM>
<NSF_PAR_USE_FLAG>1</NSF_PAR_USE_FLAG>
<FUND_AGCY_CODE>4900</FUND_AGCY_CODE>
<AWDG_AGCY_CODE>4900</AWDG_AGCY_CODE>
<AwardID>2001075</AwardID>
<Investigator>
<FirstName>George</FirstName>
<LastName>Kollios</LastName>
<PI_MID_INIT/>
<PI_SUFX_NAME/>
<PI_FULL_NAME>George Kollios</PI_FULL_NAME>
<EmailAddress><![CDATA[gkollios@bu.edu]]></EmailAddress>
<NSF_ID>000125592</NSF_ID>
<StartDate>08/21/2020</StartDate>
<EndDate/>
<RoleCode>Principal Investigator</RoleCode>
</Investigator>
<Institution>
<Name><![CDATA[Trustees of Boston University]]></Name>
<CityName>BOSTON</CityName>
<ZipCode>022151703</ZipCode>
<PhoneNumber>6173534365</PhoneNumber>
<StreetAddress><![CDATA[1 SILBER WAY]]></StreetAddress>
<StreetAddress2/>
<CountryName>United States</CountryName>
<StateName>Massachusetts</StateName>
<StateCode>MA</StateCode>
<CONGRESSDISTRICT>07</CONGRESSDISTRICT>
<CONGRESS_DISTRICT_ORG>MA07</CONGRESS_DISTRICT_ORG>
<ORG_UEI_NUM>THL6A6JLE1S7</ORG_UEI_NUM>
<ORG_LGL_BUS_NAME>TRUSTEES OF BOSTON UNIVERSITY</ORG_LGL_BUS_NAME>
<ORG_PRNT_UEI_NUM/>
</Institution>
<Performance_Institution>
<Name><![CDATA[Boston University]]></Name>
<CityName>Boston</CityName>
<StateCode>MA</StateCode>
<ZipCode>022151300</ZipCode>
<StreetAddress><![CDATA[881 COMMONWEALTH AVE]]></StreetAddress>
<CountryCode>US</CountryCode>
<CountryName>United States</CountryName>
<StateName>Massachusetts</StateName>
<CountryFlag>1</CountryFlag>
<CONGRESSDISTRICT>07</CONGRESSDISTRICT>
<CONGRESS_DISTRICT_PERF>MA07</CONGRESS_DISTRICT_PERF>
</Performance_Institution>
<ProgramElement>
<Code>806000</Code>
<Text>Secure &amp;Trustworthy Cyberspace</Text>
</ProgramElement>
<ProgramReference>
<Code>025Z</Code>
<Text>SaTC: Secure and Trustworthy Cyberspace</Text>
</ProgramReference>
<ProgramReference>
<Code>7924</Code>
<Text>MEDIUM PROJECT</Text>
</ProgramReference>
<Appropriation>
<Code>0120</Code>
<Name>NSF RESEARCH &amp; RELATED ACTIVIT</Name>
<APP_SYMB_ID>040100</APP_SYMB_ID>
</Appropriation>
<Fund>
<Code>01002021DB</Code>
<Name><![CDATA[NSF RESEARCH & RELATED ACTIVIT]]></Name>
<FUND_SYMB_ID>040100</FUND_SYMB_ID>
</Fund>
<FUND_OBLG>2020~300000</FUND_OBLG>
</Award>
</rootTag>
