<?xml version="1.0" encoding="UTF-8"?>
<rootTag>
<Award>
<AwardTitle><![CDATA[Research PGR: Genome-enabled characterization of orphan receptor-like kinases in plants.]]></AwardTitle>
<AGENCY>NSF</AGENCY>
<AwardEffectiveDate>06/15/2020</AwardEffectiveDate>
<AwardExpirationDate>10/31/2020</AwardExpirationDate>
<AwardTotalIntnAmount>2000000.00</AwardTotalIntnAmount>
<AwardAmount>2000000</AwardAmount>
<AwardInstrument>
<Value>Standard Grant</Value>
</AwardInstrument>
<Organization>
<Code>08090000</Code>
<Directorate>
<Abbreviation>BIO</Abbreviation>
<LongName>Direct For Biological Sciences</LongName>
</Directorate>
<Division>
<Abbreviation>IOS</Abbreviation>
<LongName>Division Of Integrative Organismal Systems</LongName>
</Division>
</Organization>
<ProgramOfficer>
<SignBlockName>Gerald Schoenknecht</SignBlockName>
<PO_EMAI>gschoenk@nsf.gov</PO_EMAI>
<PO_PHON>7032925076</PO_PHON>
</ProgramOfficer>
<AbstractNarration>This project will improve understanding of an important class of proteins, the so-called receptor-like kinases. Like cellular sentries, receptor-like kinases have crucial functions in sensing and orchestrating responses to environmental cues. Kinases perceive molecular signals from other organisms (like pathogens) or from neighboring cells and pass signals along to other proteins to initiate defense responses or other changes, such as halting growth. Consistent with the importance of these functions, kinases are one of the most abundant plant protein families; however, kinases have also proven to be difficult to study. New advances in both understanding and technology will be used in this project to enable matching of plant kinases to the signals that they detect and to the downstream “recipients” of the information, thereby revealing the function of these proteins. Improvements in knowledge of kinases will open new avenues for improving plant production for food, feed, fiber, and energy. In addition, the project will train at least five young scientists to use advanced technologies and will provide plant science educational opportunities to ~60 teachers via professional development workshops, introduce ~30 Native American high school and undergraduate students to research via week-long plant signaling research project workshops, and provide ~40 summer and academic year undergraduate research opportunities that meld plant and data science.&lt;br/&gt;&lt;br/&gt;This research will characterize the functions and substrates of receptor-like kinases (RLKs) of Arabidopsis, rice, and soybean. Objective 1 aims to reveal RLK functions by combing quantification of phosphorylation and S-acylation (e.g., palmitoylation) as indicators of involvement of an RLK in a biological process. This analysis will take advantage of new results that suggest that these posttranslational modifications are antagonistic. The project will use proteomics technology to deeply and quantitatively sample total and plasma membrane-enriched proteins during rice internode development, with and without drought stress; and soybean and rice root responses to conserved putative small secreted peptides. The relatively well-understood Arabidopsis- Pseudomonas syringae interaction will be examined to optimize methods. The focus on peptide hormone ligands and root growth will survey broadly across predicted small secreted peptide families. Objective 2 takes a complementary approach to revealing RLK function, by creating deep (12k) peptide libraries for each species and screening them against purified protein kinases with the goal of identifying kinase clients for at least 25 novel kinases. The kinase client assay accelerates assignment of downstream signaling and its usefulness has been demonstrated by rapid community adoption. In Objective 3, experimental results will be extended using machine learning approaches to predict plant phosphorylation sites and specific kinase clients. Proteome data will be used for molecular network reconstruction and for comparative analysis to identify patterns in RLK signaling. Results and predictions will be used to enhance previously established databases, P3DB and SoyKB, which are already well-used by the community, amplifying project value.&lt;br/&gt;&lt;br/&gt;This award reflects NSF's statutory mission and has been deemed worthy of support through evaluation using the Foundation's intellectual merit and broader impacts review criteria.</AbstractNarration>
<MinAmdLetterDate>06/12/2020</MinAmdLetterDate>
<MaxAmdLetterDate>06/12/2020</MaxAmdLetterDate>
<ARRAAmount/>
<TRAN_TYPE>Grant</TRAN_TYPE>
<CFDA_NUM>47.074</CFDA_NUM>
<NSF_PAR_USE_FLAG>1</NSF_PAR_USE_FLAG>
<FUND_AGCY_CODE>4900</FUND_AGCY_CODE>
<AWDG_AGCY_CODE>4900</AWDG_AGCY_CODE>
<AwardID>2001122</AwardID>
<Investigator>
<FirstName>Gary</FirstName>
<LastName>Stacey</LastName>
<PI_MID_INIT/>
<PI_SUFX_NAME/>
<PI_FULL_NAME>Gary Stacey</PI_FULL_NAME>
<EmailAddress><![CDATA[staceyg@missouri.edu]]></EmailAddress>
<NSF_ID>000271236</NSF_ID>
<StartDate>06/12/2020</StartDate>
<EndDate/>
<RoleCode>Co-Principal Investigator</RoleCode>
</Investigator>
<Investigator>
<FirstName>Dong</FirstName>
<LastName>Xu</LastName>
<PI_MID_INIT/>
<PI_SUFX_NAME/>
<PI_FULL_NAME>Dong Xu</PI_FULL_NAME>
<EmailAddress><![CDATA[xudong@missouri.edu]]></EmailAddress>
<NSF_ID>000124927</NSF_ID>
<StartDate>06/12/2020</StartDate>
<EndDate/>
<RoleCode>Co-Principal Investigator</RoleCode>
</Investigator>
<Investigator>
<FirstName>Jay</FirstName>
<LastName>Thelen</LastName>
<PI_MID_INIT>J</PI_MID_INIT>
<PI_SUFX_NAME/>
<PI_FULL_NAME>Jay J Thelen</PI_FULL_NAME>
<EmailAddress><![CDATA[thelenj@missouri.edu]]></EmailAddress>
<NSF_ID>000403243</NSF_ID>
<StartDate>06/12/2020</StartDate>
<EndDate/>
<RoleCode>Co-Principal Investigator</RoleCode>
</Investigator>
<Investigator>
<FirstName>Laura</FirstName>
<LastName>Bartley</LastName>
<PI_MID_INIT>E</PI_MID_INIT>
<PI_SUFX_NAME/>
<PI_FULL_NAME>Laura E Bartley</PI_FULL_NAME>
<EmailAddress><![CDATA[laura.bartley@wsu.edu]]></EmailAddress>
<NSF_ID>000585349</NSF_ID>
<StartDate>06/12/2020</StartDate>
<EndDate/>
<RoleCode>Principal Investigator</RoleCode>
</Investigator>
<Institution>
<Name><![CDATA[University of Oklahoma Norman Campus]]></Name>
<CityName>NORMAN</CityName>
<ZipCode>730193003</ZipCode>
<PhoneNumber>4053254757</PhoneNumber>
<StreetAddress><![CDATA[660 PARRINGTON OVAL RM 301]]></StreetAddress>
<StreetAddress2/>
<CountryName>United States</CountryName>
<StateName>Oklahoma</StateName>
<StateCode>OK</StateCode>
<CONGRESSDISTRICT>04</CONGRESSDISTRICT>
<CONGRESS_DISTRICT_ORG>OK04</CONGRESS_DISTRICT_ORG>
<ORG_UEI_NUM>EVTSTTLCEWS5</ORG_UEI_NUM>
<ORG_LGL_BUS_NAME>UNIVERSITY OF OKLAHOMA</ORG_LGL_BUS_NAME>
<ORG_PRNT_UEI_NUM/>
</Institution>
<Performance_Institution>
<Name><![CDATA[University of Oklahoma Norman Campus]]></Name>
<CityName/>
<StateCode>OK</StateCode>
<ZipCode>730195300</ZipCode>
<StreetAddress/>
<CountryCode>US</CountryCode>
<CountryName>United States</CountryName>
<StateName>Oklahoma</StateName>
<CountryFlag>1</CountryFlag>
<CONGRESSDISTRICT>04</CONGRESSDISTRICT>
<CONGRESS_DISTRICT_PERF>OK04</CONGRESS_DISTRICT_PERF>
</Performance_Institution>
<ProgramElement>
<Code>132900</Code>
<Text>Plant Genome Research Project</Text>
</ProgramElement>
<ProgramReference>
<Code>1228</Code>
<Text>MINORITY INVOLVEMENT -- BIO</Text>
</ProgramReference>
<ProgramReference>
<Code>1329</Code>
<Text>PLANT GENOME RESEARCH PROJECT</Text>
</ProgramReference>
<ProgramReference>
<Code>7218</Code>
<Text>RET SUPP-Res Exp for Tchr Supp</Text>
</ProgramReference>
<ProgramReference>
<Code>7577</Code>
<Text>PLANT GENOME RESEARCH RESOURCE</Text>
</ProgramReference>
<ProgramReference>
<Code>7744</Code>
<Text>RAHSS</Text>
</ProgramReference>
<ProgramReference>
<Code>9109</Code>
<Text>AGRICULTURAL BIOTECHNOLOGY</Text>
</ProgramReference>
<ProgramReference>
<Code>9150</Code>
<Text>EXP PROG TO STIM COMP RES</Text>
</ProgramReference>
<ProgramReference>
<Code>9178</Code>
<Text>UNDERGRADUATE EDUCATION</Text>
</ProgramReference>
<ProgramReference>
<Code>9179</Code>
<Text>GRADUATE INVOLVEMENT</Text>
</ProgramReference>
<ProgramReference>
<Code>9251</Code>
<Text>REU SUPP-Res Exp for Ugrd Supp</Text>
</ProgramReference>
<ProgramReference>
<Code>9261</Code>
<Text>RESRCH ASSIST-MINORITY H.S. ST</Text>
</ProgramReference>
<ProgramReference>
<Code>BIOT</Code>
<Text>BIOTECHNOLOGY</Text>
</ProgramReference>
<Appropriation>
<Code>0120</Code>
<Name>NSF RESEARCH &amp; RELATED ACTIVIT</Name>
<APP_SYMB_ID>040100</APP_SYMB_ID>
</Appropriation>
<Fund>
<Code>01002021DB</Code>
<Name><![CDATA[NSF RESEARCH & RELATED ACTIVIT]]></Name>
<FUND_SYMB_ID>040100</FUND_SYMB_ID>
</Fund>
<FUND_OBLG>2020~0</FUND_OBLG>
</Award>
</rootTag>
