<?xml version="1.0" encoding="UTF-8"?>
<rootTag>
<Award>
<AwardTitle><![CDATA[Recent Developments on Geometric Measure Theory and its Applications]]></AwardTitle>
<AGENCY>NSF</AGENCY>
<AwardEffectiveDate>02/01/2020</AwardEffectiveDate>
<AwardExpirationDate>01/31/2023</AwardExpirationDate>
<AwardTotalIntnAmount>30000.00</AwardTotalIntnAmount>
<AwardAmount>30000</AwardAmount>
<AwardInstrument>
<Value>Standard Grant</Value>
</AwardInstrument>
<Organization>
<Code>03040000</Code>
<Directorate>
<Abbreviation>MPS</Abbreviation>
<LongName>Direct For Mathematical &amp; Physical Scien</LongName>
</Directorate>
<Division>
<Abbreviation>DMS</Abbreviation>
<LongName>Division Of Mathematical Sciences</LongName>
</Division>
</Organization>
<ProgramOfficer>
<SignBlockName>Christopher Stark</SignBlockName>
<PO_EMAI>cstark@nsf.gov</PO_EMAI>
<PO_PHON>7032924869</PO_PHON>
</ProgramOfficer>
<AbstractNarration><![CDATA[This award provides partial participant support of the conference "Recent Developments on Geometric Measure Theory and its Applications", to be held at Rice University (Houston, Texas) on 19-21 March 2020. A common tendency of both nature and human engineering is to seek maximum efficiency in solving a problem. Nature will design a leaf to catch the sun and transport nutrients, subject to the constraining influence of the location of the plant; a soap film will use the least amount of material to span a boundary; humans will design a road system to most efficiently move people and goods from place to place.  The study of what the optimal shapes are for natural and artificial design problems has been a focus of increasingly sophisticated study by mathematicians for centuries, involving techniques from the foundations of calculus, geometry and partial differential equations.  In the past few years, there have been breakthroughs in a number of disparate areas of this subject, but few conferences in the United States that bring together experts from across the range of the subject to meet and exchange perspectives in a single meeting.  This conference aims for such a mixture of ideas.&lt;br/&gt;&lt;br/&gt;We list a number of areas where there has been deep recent progress. First, there have been important developments in the basics of geometric measure theory in general metric spaces, both finite and infinite dimensional. There has also been enormous progress in geometrical variational problems, both in a number of areas of regularity theory and in minimax theory for minimal hypersurfaces. We also see deep results in the structure of nodal sets, mean curvature flows and in harmonic measure. Further details are available at https://math.rice.edu/NewsEvents/Conferences/BobHardtGMTConference/index.html.&lt;br/&gt;&lt;br/&gt;This award reflects NSF's statutory mission and has been deemed worthy of support through evaluation using the Foundation's intellectual merit and broader impacts review criteria.]]></AbstractNarration>
<MinAmdLetterDate>01/17/2020</MinAmdLetterDate>
<MaxAmdLetterDate>01/17/2020</MaxAmdLetterDate>
<ARRAAmount/>
<TRAN_TYPE>Grant</TRAN_TYPE>
<CFDA_NUM>47.049</CFDA_NUM>
<NSF_PAR_USE_FLAG>1</NSF_PAR_USE_FLAG>
<FUND_AGCY_CODE>4900</FUND_AGCY_CODE>
<AWDG_AGCY_CODE>4900</AWDG_AGCY_CODE>
<AwardID>2001095</AwardID>
<Investigator>
<FirstName>Michael</FirstName>
<LastName>Wolf</LastName>
<PI_MID_INIT/>
<PI_SUFX_NAME/>
<PI_FULL_NAME>Michael Wolf</PI_FULL_NAME>
<EmailAddress><![CDATA[mwolf40@gatech.edu]]></EmailAddress>
<NSF_ID>000224934</NSF_ID>
<StartDate>01/17/2020</StartDate>
<EndDate/>
<RoleCode>Principal Investigator</RoleCode>
</Investigator>
<Institution>
<Name>William Marsh Rice University</Name>
<CityName>Houston</CityName>
<ZipCode>770051827</ZipCode>
<PhoneNumber>7133484820</PhoneNumber>
<StreetAddress>6100 MAIN ST</StreetAddress>
<StreetAddress2/>
<CountryName>United States</CountryName>
<StateName>Texas</StateName>
<StateCode>TX</StateCode>
<CONGRESSDISTRICT>09</CONGRESSDISTRICT>
<CONGRESS_DISTRICT_ORG>TX09</CONGRESS_DISTRICT_ORG>
<ORG_UEI_NUM>K51LECU1G8N3</ORG_UEI_NUM>
<ORG_LGL_BUS_NAME>WILLIAM MARSH RICE UNIVERSITY</ORG_LGL_BUS_NAME>
<ORG_PRNT_UEI_NUM/>
</Institution>
<Performance_Institution>
<Name><![CDATA[William Marsh Rice University]]></Name>
<CityName>Houston</CityName>
<StateCode>TX</StateCode>
<ZipCode>770051827</ZipCode>
<StreetAddress><![CDATA[6100 Main St]]></StreetAddress>
<CountryCode>US</CountryCode>
<CountryName>United States</CountryName>
<StateName>Texas</StateName>
<CountryFlag>1</CountryFlag>
<CONGRESSDISTRICT>09</CONGRESSDISTRICT>
<CONGRESS_DISTRICT_PERF>TX09</CONGRESS_DISTRICT_PERF>
</Performance_Institution>
<ProgramElement>
<Code>1265</Code>
<Text>GEOMETRIC ANALYSIS</Text>
</ProgramElement>
<ProgramReference>
<Code>7556</Code>
<Text>CONFERENCE AND WORKSHOPS</Text>
</ProgramReference>
<Appropriation>
<Code>0120</Code>
<Name>NSF RESEARCH &amp; RELATED ACTIVIT</Name>
<APP_SYMB_ID>040100</APP_SYMB_ID>
</Appropriation>
<Fund>
<Code>01002021DB</Code>
<Name><![CDATA[NSF RESEARCH & RELATED ACTIVIT]]></Name>
<FUND_SYMB_ID>040100</FUND_SYMB_ID>
</Fund>
<FUND_OBLG>2020~30000</FUND_OBLG>
<POR>
<DRECONTENT><![CDATA[<div class="porColContainerWBG"> <div class="porContentCol"><p>The PI organized a conference, postponed because of the COVID-19  pandemic, but held just as it lifted, on modern developments in geometry  and their applications.&nbsp; There were talks by the leading experts in the  world on geometry and the equations that define geometric objects,  centering on aspects of how nature chooses shapes that optimize  efficiency in some important settings.&nbsp; As one of the first conferences  held in-person after the pandemic, early career scholars flocked to the  conference in order to meet and interact with senior scholars and to  begin to construct and reinforce their professional and scientific  networks.&nbsp; Various events, including a poster session where younger  mathematicians could display their work, increased the visibility of the  work of the more junior participants. <br /> <br />The conference honored the retirement of an eminent and well-liked  geometer, and this served as an important attractant to the most  prominent researchers world-wide in the area; in addition, the honoree had worked  across both theory and applications, and this breadth of focus provided  a scaffold on which the conference assembled a collection of results  that portrayed how geometric theory can blend into geometric  applications.&nbsp; In all, the conference brought together about a hundred  participants, most of whom were junior scholars, who explored a rich and important area for four days, and  the funding attracted outside funding to grow the conference into a very  important event in its subject.</p><br> <p>            Last Modified: 07/27/2023<br>      Modified by: Michael&nbsp;Wolf</p> </div> <div class="porSideCol"></div> </div>]]></DRECONTENT>
<POR_COPY_TXT><![CDATA[ The PI organized a conference, postponed because of the COVID-19  pandemic, but held just as it lifted, on modern developments in geometry  and their applications.  There were talks by the leading experts in the  world on geometry and the equations that define geometric objects,  centering on aspects of how nature chooses shapes that optimize  efficiency in some important settings.  As one of the first conferences  held in-person after the pandemic, early career scholars flocked to the  conference in order to meet and interact with senior scholars and to  begin to construct and reinforce their professional and scientific  networks.  Various events, including a poster session where younger  mathematicians could display their work, increased the visibility of the  work of the more junior participants.    The conference honored the retirement of an eminent and well-liked  geometer, and this served as an important attractant to the most  prominent researchers world-wide in the area; in addition, the honoree had worked  across both theory and applications, and this breadth of focus provided  a scaffold on which the conference assembled a collection of results  that portrayed how geometric theory can blend into geometric  applications.  In all, the conference brought together about a hundred  participants, most of whom were junior scholars, who explored a rich and important area for four days, and  the funding attracted outside funding to grow the conference into a very  important event in its subject.       Last Modified: 07/27/2023       Submitted by: Michael Wolf]]></POR_COPY_TXT>
</POR>
</Award>
</rootTag>
