<?xml version="1.0" encoding="UTF-8"?>
<rootTag>
<Award>
<AwardTitle><![CDATA[Symbolic Powers and p-Derivations]]></AwardTitle>
<AGENCY>NSF</AGENCY>
<AwardEffectiveDate>07/01/2020</AwardEffectiveDate>
<AwardExpirationDate>08/31/2021</AwardExpirationDate>
<AwardTotalIntnAmount>162906.00</AwardTotalIntnAmount>
<AwardAmount>162906</AwardAmount>
<AwardInstrument>
<Value>Standard Grant</Value>
</AwardInstrument>
<Organization>
<Code>03040000</Code>
<Directorate>
<Abbreviation>MPS</Abbreviation>
<LongName>Direct For Mathematical &amp; Physical Scien</LongName>
</Directorate>
<Division>
<Abbreviation>DMS</Abbreviation>
<LongName>Division Of Mathematical Sciences</LongName>
</Division>
</Organization>
<ProgramOfficer>
<SignBlockName>Sandra Spiroff</SignBlockName>
<PO_EMAI/>
<PO_PHON/>
</ProgramOfficer>
<AbstractNarration>This is a project in commutative algebra, with connections to algebraic geometry, combinatorics, and arithmetic geometry. The research centers on the theme of symbolic powers, an active topic of research with connections to virtually all aspects of commutative algebra. This project aims to resolve two questions, on comparing the geometric notion of symbolic powers with the algebraic notion of natural powers, and on the application of the differential algebraic notion of p-derivations to commutative algebra. The investigator will direct undergraduate research experiences and organize a graduate workshop in commutative algebra.&lt;br/&gt;&lt;br/&gt;The unifying theme of this project is the study of symbolic powers of ideals. The research focuses primarily on two questions: the containment problem and applications of p-derivations to commutative algebra. While ideals in a polynomial ring correspond to the polynomials that vanish on a certain variety in affine space, their symbolic powers consist of the polynomials that vanish to a certain order on the given variety. This natural geometric notion has an algebraic description coming from the theory of primary decomposition, an ideal-theoretic version of the fundamental theorem of arithmetic. This is an old, rich, and ubiquitous topic, yet there is an abundance of questions about symbolic powers that are both easy to phrase and very difficult to solve. The containment problem attempts to compare symbolic powers, a natural geometric notion, with ordinary powers, a natural algebraic notion. This relates to other interesting questions, such as determining the minimal degrees of polynomials vanishing on a given variety. Another part of the project is to discover new connections between p-derivations and commutative algebra, with an eye towards a new singularity theory in mixed characteristic that combines p-derivations with differential operators in the spirit of the theory of F-singularities and its connections to D-modules.&lt;br/&gt;&lt;br/&gt;This award reflects NSF's statutory mission and has been deemed worthy of support through evaluation using the Foundation's intellectual merit and broader impacts review criteria.</AbstractNarration>
<MinAmdLetterDate>03/25/2020</MinAmdLetterDate>
<MaxAmdLetterDate>03/25/2020</MaxAmdLetterDate>
<ARRAAmount/>
<TRAN_TYPE>Grant</TRAN_TYPE>
<CFDA_NUM>47.049</CFDA_NUM>
<NSF_PAR_USE_FLAG>1</NSF_PAR_USE_FLAG>
<FUND_AGCY_CODE>4900</FUND_AGCY_CODE>
<AWDG_AGCY_CODE>4900</AWDG_AGCY_CODE>
<AwardID>2001445</AwardID>
<Investigator>
<FirstName>Eloísa</FirstName>
<LastName>Grifo</LastName>
<PI_MID_INIT/>
<PI_SUFX_NAME/>
<PI_FULL_NAME>Eloísa Grifo</PI_FULL_NAME>
<EmailAddress><![CDATA[grifo@unl.edu]]></EmailAddress>
<NSF_ID>000788114</NSF_ID>
<StartDate>03/25/2020</StartDate>
<EndDate/>
<RoleCode>Principal Investigator</RoleCode>
</Investigator>
<Institution>
<Name><![CDATA[University of California-Riverside]]></Name>
<CityName>RIVERSIDE</CityName>
<ZipCode>925210001</ZipCode>
<PhoneNumber>9518275535</PhoneNumber>
<StreetAddress><![CDATA[200 UNIVERSTY OFC BUILDING]]></StreetAddress>
<StreetAddress2/>
<CountryName>United States</CountryName>
<StateName>California</StateName>
<StateCode>CA</StateCode>
<CONGRESSDISTRICT>39</CONGRESSDISTRICT>
<CONGRESS_DISTRICT_ORG>CA39</CONGRESS_DISTRICT_ORG>
<ORG_UEI_NUM>MR5QC5FCAVH5</ORG_UEI_NUM>
<ORG_LGL_BUS_NAME>REGENTS OF THE UNIVERSITY OF CALIFORNIA AT RIVERSIDE</ORG_LGL_BUS_NAME>
<ORG_PRNT_UEI_NUM/>
</Institution>
<Performance_Institution>
<Name><![CDATA[University of California Riverside]]></Name>
<CityName>Riverside</CityName>
<StateCode>CA</StateCode>
<ZipCode>925210001</ZipCode>
<StreetAddress><![CDATA[900 University Avenue]]></StreetAddress>
<CountryCode>US</CountryCode>
<CountryName>United States</CountryName>
<StateName>California</StateName>
<CountryFlag>1</CountryFlag>
<CONGRESSDISTRICT>39</CONGRESSDISTRICT>
<CONGRESS_DISTRICT_PERF>CA39</CONGRESS_DISTRICT_PERF>
</Performance_Institution>
<ProgramElement>
<Code>126400</Code>
<Text>ALGEBRA,NUMBER THEORY,AND COM</Text>
</ProgramElement>
<Appropriation>
<Code>0120</Code>
<Name>NSF RESEARCH &amp; RELATED ACTIVIT</Name>
<APP_SYMB_ID>040100</APP_SYMB_ID>
</Appropriation>
<Fund>
<Code>01002021DB</Code>
<Name><![CDATA[NSF RESEARCH & RELATED ACTIVIT]]></Name>
<FUND_SYMB_ID>040100</FUND_SYMB_ID>
</Fund>
<FUND_OBLG>2020~33781</FUND_OBLG>
</Award>
</rootTag>
