<?xml version="1.0" encoding="UTF-8"?>
<rootTag>
<Award>
<AwardTitle><![CDATA[Doctoral Dissertation Research: Policing Women Across Social Class Lines]]></AwardTitle>
<AGENCY>NSF</AGENCY>
<AwardEffectiveDate>04/01/2020</AwardEffectiveDate>
<AwardExpirationDate>03/31/2021</AwardExpirationDate>
<AwardTotalIntnAmount>15999.00</AwardTotalIntnAmount>
<AwardAmount>15999</AwardAmount>
<AwardInstrument>
<Value>Standard Grant</Value>
</AwardInstrument>
<Organization>
<Code>04050000</Code>
<Directorate>
<Abbreviation>SBE</Abbreviation>
<LongName>Direct For Social, Behav &amp; Economic Scie</LongName>
</Directorate>
<Division>
<Abbreviation>SES</Abbreviation>
<LongName>Divn Of Social and Economic Sciences</LongName>
</Division>
</Organization>
<ProgramOfficer>
<SignBlockName>Melanie Hughes</SignBlockName>
<PO_EMAI>mehughes@nsf.gov</PO_EMAI>
<PO_PHON>7032920000</PO_PHON>
</ProgramOfficer>
<AbstractNarration>This project examines how social class affects the experiences of women with police. Few studies have researched police behavior against  women across social class lines.  This project addresses three questions: (1) How does social class influence women’s experiences with police? (2) How prevalent is police misbehavior involving women? (3) How do women draw on resources to contend with police misbehavior involving themselves and their communities? This study will provide empirical evidence regarding the impact of social class on police misbehavior involving women, including the documentation of various forms of misbehavior. Findings from this project will assist stakeholders at multiple levels of government in creating gender-inclusive police procedural and police reform policies. &lt;br/&gt; &lt;br/&gt;This project uses a mixed-methodological design consisting of interviews, field observations, and surveys. In-depth interviews are conducted with women from different social class backgrounds about their interactions with police. Field observations include attendance at community events regarding women, police misbehavior, or police reform. Local surveys are utilized to examine the specific types of policing women report experiencing. Based on an analysis of these data, a national survey was developed to examine the prevalence and scope of police misbehavior involving women. Findings from the national survey will provide insights regarding criminological theories of policing, as well as theories regarding racial inequality and gender inequality in the operation of the criminal justice system.&lt;br/&gt;&lt;br/&gt;This award reflects NSF's statutory mission and has been deemed worthy of support through evaluation using the Foundation's intellectual merit and broader impacts review criteria.</AbstractNarration>
<MinAmdLetterDate>02/28/2020</MinAmdLetterDate>
<MaxAmdLetterDate>02/28/2020</MaxAmdLetterDate>
<ARRAAmount/>
<TRAN_TYPE>Grant</TRAN_TYPE>
<CFDA_NUM>47.075</CFDA_NUM>
<NSF_PAR_USE_FLAG>1</NSF_PAR_USE_FLAG>
<FUND_AGCY_CODE>4900</FUND_AGCY_CODE>
<AWDG_AGCY_CODE>4900</AWDG_AGCY_CODE>
<AwardID>2001338</AwardID>
<Investigator>
<FirstName>Christine</FirstName>
<LastName>Williams</LastName>
<PI_MID_INIT>L</PI_MID_INIT>
<PI_SUFX_NAME/>
<PI_FULL_NAME>Christine L Williams</PI_FULL_NAME>
<EmailAddress><![CDATA[cwilliams@austin.utexas.edu]]></EmailAddress>
<NSF_ID>000580345</NSF_ID>
<StartDate>02/28/2020</StartDate>
<EndDate/>
<RoleCode>Principal Investigator</RoleCode>
</Investigator>
<Investigator>
<FirstName>Shannon</FirstName>
<LastName>Gonzalez</LastName>
<PI_MID_INIT>M</PI_MID_INIT>
<PI_SUFX_NAME/>
<PI_FULL_NAME>Shannon M Gonzalez</PI_FULL_NAME>
<EmailAddress><![CDATA[shannonmalone@utexas.edu]]></EmailAddress>
<NSF_ID>000789711</NSF_ID>
<StartDate>02/28/2020</StartDate>
<EndDate/>
<RoleCode>Co-Principal Investigator</RoleCode>
</Investigator>
<Institution>
<Name><![CDATA[University of Texas at Austin]]></Name>
<CityName>AUSTIN</CityName>
<ZipCode>787121139</ZipCode>
<PhoneNumber>5124716424</PhoneNumber>
<StreetAddress><![CDATA[110 INNER CAMPUS DR]]></StreetAddress>
<StreetAddress2/>
<CountryName>United States</CountryName>
<StateName>Texas</StateName>
<StateCode>TX</StateCode>
<CONGRESSDISTRICT>25</CONGRESSDISTRICT>
<CONGRESS_DISTRICT_ORG>TX25</CONGRESS_DISTRICT_ORG>
<ORG_UEI_NUM>V6AFQPN18437</ORG_UEI_NUM>
<ORG_LGL_BUS_NAME>UNIVERSITY OF TEXAS AT AUSTIN</ORG_LGL_BUS_NAME>
<ORG_PRNT_UEI_NUM/>
</Institution>
<Performance_Institution>
<Name><![CDATA[University of Texas at Austin]]></Name>
<CityName>Austin</CityName>
<StateCode>TX</StateCode>
<ZipCode>787595316</ZipCode>
<StreetAddress><![CDATA[3925 W Braker Lane, Ste 3.340]]></StreetAddress>
<CountryCode>US</CountryCode>
<CountryName>United States</CountryName>
<StateName>Texas</StateName>
<CountryFlag>1</CountryFlag>
<CONGRESSDISTRICT>37</CONGRESSDISTRICT>
<CONGRESS_DISTRICT_PERF>TX37</CONGRESS_DISTRICT_PERF>
</Performance_Institution>
<ProgramElement>
<Code>133100</Code>
<Text>Sociology</Text>
</ProgramElement>
<ProgramReference>
<Code>9179</Code>
<Text>GRADUATE INVOLVEMENT</Text>
</ProgramReference>
<Appropriation>
<Code>0120</Code>
<Name>NSF RESEARCH &amp; RELATED ACTIVIT</Name>
<APP_SYMB_ID>040100</APP_SYMB_ID>
</Appropriation>
<Fund>
<Code>01002021DB</Code>
<Name><![CDATA[NSF RESEARCH & RELATED ACTIVIT]]></Name>
<FUND_SYMB_ID>040100</FUND_SYMB_ID>
</Fund>
<FUND_OBLG>2020~15999</FUND_OBLG>
<POR>
<DRECONTENT><![CDATA[<div class="porColContainerWBG"> <div class="porContentCol"><p><span>This project examines police violence against black women across social class in the United States. Specifically, this project investigates how race, gender, and class shapes police encounters with black women and the prevalence of police violence against this population. To examine black women?s interactions with police, we utilize interviews with black women, observations of community events, and local surveys. We also conducted a nationally representative survey of police violence against black women that uses expansive measures of police use of force.</span></p> <p><span>&nbsp;</span></p> <p><span>The measures in this project include physical violence, psychological abuse, and sexual assault and harassment. This work has empirical, theoretical, and methodological implications for several fields, including sociology, criminology, and public policy. In addition to the results providing empirical data of rates of police violence against black women, they urge a methodological expansion of police use of force measures in future studies on policing. Results from this project also deepen our theoretical understanding of gendered and racialized violence and its impact within black communities.</span></p> <p><span>&nbsp;</span></p> <p><span>Results will have significant implications for those engaged in creating and implementing policies aimed at alleviating police violence. Findings from this project will be shared with community groups and organizations, along with being presented at academic conferences. Further, results from this project will be published in manuscripts that are currently in progress.</span></p> <p>&nbsp;</p><br> <p>            Last Modified: 06/01/2021<br>      Modified by: Shannon&nbsp;M&nbsp;Gonzalez</p> </div> <div class="porSideCol"></div> </div>]]></DRECONTENT>
<POR_COPY_TXT><![CDATA[ This project examines police violence against black women across social class in the United States. Specifically, this project investigates how race, gender, and class shapes police encounters with black women and the prevalence of police violence against this population. To examine black women?s interactions with police, we utilize interviews with black women, observations of community events, and local surveys. We also conducted a nationally representative survey of police violence against black women that uses expansive measures of police use of force.     The measures in this project include physical violence, psychological abuse, and sexual assault and harassment. This work has empirical, theoretical, and methodological implications for several fields, including sociology, criminology, and public policy. In addition to the results providing empirical data of rates of police violence against black women, they urge a methodological expansion of police use of force measures in future studies on policing. Results from this project also deepen our theoretical understanding of gendered and racialized violence and its impact within black communities.     Results will have significant implications for those engaged in creating and implementing policies aimed at alleviating police violence. Findings from this project will be shared with community groups and organizations, along with being presented at academic conferences. Further, results from this project will be published in manuscripts that are currently in progress.          Last Modified: 06/01/2021       Submitted by: Shannon M Gonzalez]]></POR_COPY_TXT>
</POR>
</Award>
</rootTag>
