<?xml version="1.0" encoding="UTF-8"?>
<rootTag>
<Award>
<AwardTitle><![CDATA[PEN: Digitization: Enhancing LepNet: Digitization and integration of significant butterfly and moth collections from the upper Midwest Tension Zone region]]></AwardTitle>
<AGENCY>NSF</AGENCY>
<AwardEffectiveDate>09/15/2020</AwardEffectiveDate>
<AwardExpirationDate>08/31/2024</AwardExpirationDate>
<AwardTotalIntnAmount>174647.00</AwardTotalIntnAmount>
<AwardAmount>174647</AwardAmount>
<AwardInstrument>
<Value>Standard Grant</Value>
</AwardInstrument>
<Organization>
<Code>08080000</Code>
<Directorate>
<Abbreviation>BIO</Abbreviation>
<LongName>Direct For Biological Sciences</LongName>
</Directorate>
<Division>
<Abbreviation>DBI</Abbreviation>
<LongName>Div Of Biological Infrastructure</LongName>
</Division>
</Organization>
<ProgramOfficer>
<SignBlockName>Reed Beaman</SignBlockName>
<PO_EMAI>rsbeaman@nsf.gov</PO_EMAI>
<PO_PHON>7032927163</PO_PHON>
</ProgramOfficer>
<AbstractNarration>Lepidoptera (butterflies and moths) are one of the most diverse groups of organisms on the planet: worldwide there are approximately 160,000 species, including around 14,300 species in North America. Moths and butterflies are a conspicuous component of terrestrial habitats and one of the most diverse groups of plant-feeding animals worldwide. This insect group includes species of great economic importance. Their juveniles feed on plants useful to humans, including grains, cotton, tobacco, and timber and shade trees. However, many of the adults are beneficial as pollinators and are icons of conservation as evidenced by Monarch butterflies. Given their economic importance and sheer beauty, butterflies and moths are one of the most abundant insect group in museum collections, but only a fraction of the approximately 15 million specimens in non-federal collections have had their specimen label information digitally recorded and accessible to researchers and educators. This award will allow the Wisconsin Insect Research Collection (WIRC) at UW-Madison to join with the Lepidoptera of North America Network Thematic Collection Network (LepNet TCN) as a Partner to Existing Network (PEN). A floristic “Tension Zone” separating temperate and sub-boreal biota passes through the Great Lake Region; Wisconsin contains a greater portion of this zone than any other state in which it is found. The majority of Lepidoptera specimens in the WIRC were collected in Wisconsin and their data will thus fill a significant and critical gap in our knowledge of Lepidoptera species in the upper Midwestern United States.&lt;br/&gt;&lt;br/&gt;This project will provide digitized and georeferenced data for nearly 70,000 North American Lepidoptera specimens. Currently, Wisconsin records for Lepidoptera are scarce in the LepNet SCAN portal. Inclusion of the WIRC dataset will significantly increase the number of species-level occurrences for the Great Lake Tension Zone region for most Lepidoptera superfamilies, greatly enhancing the target number of species for ecological niche modeling. Project personnel will develop and implement a workflow that involves transcribing data to add new specimen records to the WIRC’s existing Specify database. These data will be available through the LepNet SCAN portal, iDigBio.org, and GBIF.org, where they can be accessed for research, education, and public use. High-resolution images will also be generated for about 1,500 adult exemplar specimens for Lepidoptera species in and around the upper Midwest tension zone. Participating undergraduate and graduate students, as well as interns and volunteers, will be trained and mentored in databasing workflows, specimen curation, imaging, and collections-based research.&lt;br/&gt;&lt;br/&gt;This award reflects NSF's statutory mission and has been deemed worthy of support through evaluation using the Foundation's intellectual merit and broader impacts review criteria.</AbstractNarration>
<MinAmdLetterDate>08/12/2020</MinAmdLetterDate>
<MaxAmdLetterDate>08/15/2023</MaxAmdLetterDate>
<ARRAAmount/>
<TRAN_TYPE>Grant</TRAN_TYPE>
<CFDA_NUM>47.074</CFDA_NUM>
<NSF_PAR_USE_FLAG>1</NSF_PAR_USE_FLAG>
<FUND_AGCY_CODE>4900</FUND_AGCY_CODE>
<AWDG_AGCY_CODE>4900</AWDG_AGCY_CODE>
<AwardID>2001548</AwardID>
<Investigator>
<FirstName>Craig</FirstName>
<LastName>Brabant</LastName>
<PI_MID_INIT>M</PI_MID_INIT>
<PI_SUFX_NAME/>
<PI_FULL_NAME>Craig M Brabant</PI_FULL_NAME>
<EmailAddress><![CDATA[brabant@entomology.wisc.edu]]></EmailAddress>
<NSF_ID>000759785</NSF_ID>
<StartDate>08/12/2020</StartDate>
<EndDate/>
<RoleCode>Principal Investigator</RoleCode>
</Investigator>
<Investigator>
<FirstName>Daniel</FirstName>
<LastName>Young</LastName>
<PI_MID_INIT>K</PI_MID_INIT>
<PI_SUFX_NAME/>
<PI_FULL_NAME>Daniel K Young</PI_FULL_NAME>
<EmailAddress><![CDATA[young@entomology.wisc.edu]]></EmailAddress>
<NSF_ID>000325419</NSF_ID>
<StartDate>08/12/2020</StartDate>
<EndDate/>
<RoleCode>Co-Principal Investigator</RoleCode>
</Investigator>
<Institution>
<Name><![CDATA[University of Wisconsin-Madison]]></Name>
<CityName>MADISON</CityName>
<ZipCode>537151218</ZipCode>
<PhoneNumber>6082623822</PhoneNumber>
<StreetAddress><![CDATA[21 N PARK ST STE 6301]]></StreetAddress>
<StreetAddress2/>
<CountryName>United States</CountryName>
<StateName>Wisconsin</StateName>
<StateCode>WI</StateCode>
<CONGRESSDISTRICT>02</CONGRESSDISTRICT>
<CONGRESS_DISTRICT_ORG>WI02</CONGRESS_DISTRICT_ORG>
<ORG_UEI_NUM>LCLSJAGTNZQ7</ORG_UEI_NUM>
<ORG_LGL_BUS_NAME>UNIVERSITY OF WISCONSIN SYSTEM</ORG_LGL_BUS_NAME>
<ORG_PRNT_UEI_NUM/>
</Institution>
<Performance_Institution>
<Name><![CDATA[University of Wisconsin-Madison]]></Name>
<CityName>Madison</CityName>
<StateCode>WI</StateCode>
<ZipCode>537151218</ZipCode>
<StreetAddress><![CDATA[21 N Park St.]]></StreetAddress>
<CountryCode>US</CountryCode>
<CountryName>United States</CountryName>
<StateName>Wisconsin</StateName>
<CountryFlag>1</CountryFlag>
<CONGRESSDISTRICT>02</CONGRESSDISTRICT>
<CONGRESS_DISTRICT_PERF>WI02</CONGRESS_DISTRICT_PERF>
</Performance_Institution>
<ProgramElement>
<Code>085Y00</Code>
<Text>ICB: Infrastructure Capacity f</Text>
</ProgramElement>
<ProgramReference>
<Code>6895</Code>
<Text>DIGITIZATION</Text>
</ProgramReference>
<Appropriation>
<Code>0120</Code>
<Name>NSF RESEARCH &amp; RELATED ACTIVIT</Name>
<APP_SYMB_ID>040100</APP_SYMB_ID>
</Appropriation>
<Fund>
<Code>01002021DB</Code>
<Name><![CDATA[NSF RESEARCH & RELATED ACTIVIT]]></Name>
<FUND_SYMB_ID>040100</FUND_SYMB_ID>
</Fund>
<FUND_OBLG>2020~174647</FUND_OBLG>
</Award>
</rootTag>
