<?xml version="1.0" encoding="UTF-8"?>
<rootTag>
<Award>
<AwardTitle><![CDATA[Non-Commutative Spaces, Their Symmetries, and Geometric Quantum Group Theory]]></AwardTitle>
<AGENCY>NSF</AGENCY>
<AwardEffectiveDate>08/01/2020</AwardEffectiveDate>
<AwardExpirationDate>07/31/2024</AwardExpirationDate>
<AwardTotalIntnAmount>174996.00</AwardTotalIntnAmount>
<AwardAmount>174996</AwardAmount>
<AwardInstrument>
<Value>Standard Grant</Value>
</AwardInstrument>
<Organization>
<Code>03040000</Code>
<Directorate>
<Abbreviation>MPS</Abbreviation>
<LongName>Direct For Mathematical &amp; Physical Scien</LongName>
</Directorate>
<Division>
<Abbreviation>DMS</Abbreviation>
<LongName>Division Of Mathematical Sciences</LongName>
</Division>
</Organization>
<ProgramOfficer>
<SignBlockName>Andrew Pollington</SignBlockName>
<PO_EMAI>adpollin@nsf.gov</PO_EMAI>
<PO_PHON>7032924878</PO_PHON>
</ProgramOfficer>
<AbstractNarration>The project fits within the scope of the branch of mathematics known as noncommutative geometry, originating primarily in the discovery early in the 20th century that the then-newly-discovered phenomena of quantum mechanics require a novel mathematical formalism. The main point of departure from classical (or non-quantum) mathematics is the fact that by the very small-scale nature of our ambient world, certain pairs of measurable physical quantities cannot be measured simultaneously (with the momentum and position of a particle serving as the preeminent example). Mathematically, this manifests as the non-commutativity of a pair of transformations on a physical system, justifying the name "noncommutative" for the relevant field of study. The formal objects that model the symmetries (that is, structure-preserving transformations) of a physical system modeled according to this paradigm are known as a "quantum groups", and they are the central theme of the present research proposal. The training of graduate students is an important part of this project.&lt;br/&gt;&lt;br/&gt;A number of broader themes inform the problems under consideration. As one example, discrete quantum groups, like their classical counterparts, fall into a constellation of taxonomic classes based on the approximation properties enjoyed by their group algebras. The quantum versions of the classical results are typically more technically demanding, only partially settled, and good test beds for the strengths of the geometric-group-theoretic and operator-algebraic techniques that jointly make classical discrete groups such rich geometric and analytical objects. In another direction, much light can be shed on the structure and above-mentioned approximation properties of quantum groups (discrete or more generally, locally compact) by category and representation-theoretic means. For that reason, results to the effect that group-theoretic data (e.g. the center of a locally compact quantum group) can be reconstructed from categories of unitary representations with their underlying structure are of some interest in the field and the project. As a third example, randomness features heavily in the study of groups and other discrete objects (probabilistic methods are very important in graph theory, for instance); the general phenomenon whereby a "generic" object, constructed randomly (with the technical meaning of that phrase depending on the specifics of the problem) tends to be highly asymmetric appears to replicate in the quantum setting, with "most" finite graphs, finite metric spaces, etc. admitting no quantum symmetries. Such generic rigidity results always recover their classical counterparts (given that quantum symmetries always encompass ordinary ones), but usually require more involved and often more enlightening proof techniques. It is hoped the requisite eclectic mix of approaches to the problems (combinatorial, representation-theoretic, probabilistic, operator-algebraic, etc.) will offer insight not only into the nature of the quantum-mathematical objects ostensibly being studied, but also into the classical versions thereof.&lt;br/&gt;&lt;br/&gt;This award reflects NSF's statutory mission and has been deemed worthy of support through evaluation using the Foundation's intellectual merit and broader impacts review criteria.</AbstractNarration>
<MinAmdLetterDate>07/11/2020</MinAmdLetterDate>
<MaxAmdLetterDate>07/11/2020</MaxAmdLetterDate>
<ARRAAmount/>
<TRAN_TYPE>Grant</TRAN_TYPE>
<CFDA_NUM>47.049</CFDA_NUM>
<NSF_PAR_USE_FLAG>1</NSF_PAR_USE_FLAG>
<FUND_AGCY_CODE>4900</FUND_AGCY_CODE>
<AWDG_AGCY_CODE>4900</AWDG_AGCY_CODE>
<AwardID>2001128</AwardID>
<Investigator>
<FirstName>Alexandru</FirstName>
<LastName>Chirvasitu</LastName>
<PI_MID_INIT/>
<PI_SUFX_NAME/>
<PI_FULL_NAME>Alexandru Chirvasitu</PI_FULL_NAME>
<EmailAddress><![CDATA[achirvas@buffalo.edu]]></EmailAddress>
<NSF_ID>000702760</NSF_ID>
<StartDate>07/11/2020</StartDate>
<EndDate/>
<RoleCode>Principal Investigator</RoleCode>
</Investigator>
<Institution>
<Name><![CDATA[SUNY at Buffalo]]></Name>
<CityName>AMHERST</CityName>
<ZipCode>142282577</ZipCode>
<PhoneNumber>7166452634</PhoneNumber>
<StreetAddress><![CDATA[520 LEE ENTRANCE STE 211]]></StreetAddress>
<StreetAddress2/>
<CountryName>United States</CountryName>
<StateName>New York</StateName>
<StateCode>NY</StateCode>
<CONGRESSDISTRICT>26</CONGRESSDISTRICT>
<CONGRESS_DISTRICT_ORG>NY26</CONGRESS_DISTRICT_ORG>
<ORG_UEI_NUM>LMCJKRFW5R81</ORG_UEI_NUM>
<ORG_LGL_BUS_NAME>RESEARCH FOUNDATION FOR THE STATE UNIVERSITY OF NEW YORK, THE</ORG_LGL_BUS_NAME>
<ORG_PRNT_UEI_NUM>GMZUKXFDJMA9</ORG_PRNT_UEI_NUM>
</Institution>
<Performance_Institution>
<Name><![CDATA[SUNY at Buffalo]]></Name>
<CityName/>
<StateCode>NY</StateCode>
<ZipCode>142602900</ZipCode>
<StreetAddress/>
<CountryCode>US</CountryCode>
<CountryName>United States</CountryName>
<StateName>New York</StateName>
<CountryFlag>1</CountryFlag>
<CONGRESSDISTRICT>26</CONGRESSDISTRICT>
<CONGRESS_DISTRICT_PERF>NY26</CONGRESS_DISTRICT_PERF>
</Performance_Institution>
<ProgramElement>
<Code>126400</Code>
<Text>ALGEBRA,NUMBER THEORY,AND COM</Text>
</ProgramElement>
<Appropriation>
<Code>0120</Code>
<Name>NSF RESEARCH &amp; RELATED ACTIVIT</Name>
<APP_SYMB_ID>040100</APP_SYMB_ID>
</Appropriation>
<Fund>
<Code>01002021DB</Code>
<Name><![CDATA[NSF RESEARCH & RELATED ACTIVIT]]></Name>
<FUND_SYMB_ID>040100</FUND_SYMB_ID>
</Fund>
<FUND_OBLG>2020~174996</FUND_OBLG>
</Award>
</rootTag>
