<?xml version="1.0" encoding="UTF-8"?>
<rootTag>
<Award>
<AwardTitle><![CDATA[MSB-ECA:  Tropical biomes: how agriculture intensification and climate may alter fire regimes]]></AwardTitle>
<AGENCY>NSF</AGENCY>
<AwardEffectiveDate>08/16/2019</AwardEffectiveDate>
<AwardExpirationDate>07/31/2021</AwardExpirationDate>
<AwardTotalIntnAmount>197744.00</AwardTotalIntnAmount>
<AwardAmount>197744</AwardAmount>
<AwardInstrument>
<Value>Standard Grant</Value>
</AwardInstrument>
<Organization>
<Code>08010000</Code>
<Directorate>
<Abbreviation>BIO</Abbreviation>
<LongName>Direct For Biological Sciences</LongName>
</Directorate>
<Division>
<Abbreviation>DEB</Abbreviation>
<LongName>Division Of Environmental Biology</LongName>
</Division>
</Organization>
<ProgramOfficer>
<SignBlockName>Matthew Kane</SignBlockName>
<PO_EMAI>mkane@nsf.gov</PO_EMAI>
<PO_PHON>7032927186</PO_PHON>
</ProgramOfficer>
<AbstractNarration>Forests and savannas are largest and diverse ecosystems. They house some of the largest agricultural frontiers. The rapid expansion of agriculture in such regions is responsible for the production and export of agricultural commodities as well as releasing enormous amounts of carbon to Earth's atmosphere. Many of these agricultural achievements have come at a high environmental cost:  deforestation and vegetation degradation. Over the next few decades, agricultural pathways will determine the distribution of forests and savannas and whether they retain the capacity to sustain key global ecosystem services or enter a downward spiral with accelerating disturbances that severely degrade native ecosystems, with global consequences. This study will quantify how disturbance regimes may shift as agriculture intensifies and the environment changes. The hypotheses are that (1) fire suppression associated with ongoing agricultural intensification will change the likelihood of catastrophic wildfires, and (2) projected changes in climate may results in more frequent, high-intensity fires. The project outcomes could inform regional land and fire management, particularly the development of new strategies to avoid catastrophic wildfires that can damage infrastructure; negatively impact human health and well-being; and release large amounts of carbon to the atmosphere.&lt;br/&gt;&lt;br/&gt;This proposal will apply remote sensing imagery, statistical analyses, and numerical modeling to build a clearer understanding of the spatially varying synergies between climate, land use, and fire regimes in forests and savannas at a global scale. It will evaluate how burned area and fire frequency change as a function of environmental change and agricultural intensification, as well as how fire suppression and future environmental changes may alter the probability of widespread wildfires. Through remote sensing analyses, this project will advance understanding of fire disturbance regimes in forests and savannas worldwide, providing new insights into the unquantified thresholds that may lead to large-scale ecosystem change under future climate and land-use changes. To do so, the study focuses on four key components. First, reconstructing fire histories in forests and savannas using standard remote sensing products (e.g. Landsat, MODIS). Second, quantifying uncertainties inherent to the existing maps of land-use transitions in the agricultural frontier. Third, building a statistical model of changes in fire regime metrics as a function of land-use change, agriculture intensification, and climatic extremes. Fourth, improving the spatially explicit fire model (FISC) that will be used to simulate potential trajectories of fire regimes, and will also be applicable to forest-savanna areas in the rest of the globe, under scenarios of land-use and environmental change.&lt;br/&gt;&lt;br/&gt;This award reflects NSF's statutory mission and has been deemed worthy of support through evaluation using the Foundation's intellectual merit and broader impacts review criteria.</AbstractNarration>
<MinAmdLetterDate>10/21/2019</MinAmdLetterDate>
<MaxAmdLetterDate>10/21/2019</MaxAmdLetterDate>
<ARRAAmount/>
<TRAN_TYPE>Grant</TRAN_TYPE>
<CFDA_NUM>47.074</CFDA_NUM>
<NSF_PAR_USE_FLAG>1</NSF_PAR_USE_FLAG>
<FUND_AGCY_CODE>4900</FUND_AGCY_CODE>
<AWDG_AGCY_CODE>4900</AWDG_AGCY_CODE>
<AwardID>2001184</AwardID>
<Investigator>
<FirstName>Paulo</FirstName>
<LastName>Brando</LastName>
<PI_MID_INIT>M</PI_MID_INIT>
<PI_SUFX_NAME/>
<PI_FULL_NAME>Paulo M Brando</PI_FULL_NAME>
<EmailAddress><![CDATA[paulo.brando@yale.edu]]></EmailAddress>
<NSF_ID>000518645</NSF_ID>
<StartDate>10/21/2019</StartDate>
<EndDate/>
<RoleCode>Principal Investigator</RoleCode>
</Investigator>
<Institution>
<Name><![CDATA[University of California-Irvine]]></Name>
<CityName>IRVINE</CityName>
<ZipCode>926970001</ZipCode>
<PhoneNumber>9498247295</PhoneNumber>
<StreetAddress><![CDATA[160 ALDRICH HALL]]></StreetAddress>
<StreetAddress2/>
<CountryName>United States</CountryName>
<StateName>California</StateName>
<StateCode>CA</StateCode>
<CONGRESSDISTRICT>47</CONGRESSDISTRICT>
<CONGRESS_DISTRICT_ORG>CA47</CONGRESS_DISTRICT_ORG>
<ORG_UEI_NUM>MJC5FCYQTPE6</ORG_UEI_NUM>
<ORG_LGL_BUS_NAME>UNIVERSITY OF CALIFORNIA IRVINE</ORG_LGL_BUS_NAME>
<ORG_PRNT_UEI_NUM>MJC5FCYQTPE6</ORG_PRNT_UEI_NUM>
</Institution>
<Performance_Institution>
<Name><![CDATA[University of California-Irvine]]></Name>
<CityName>Irvine</CityName>
<StateCode>CA</StateCode>
<ZipCode>926173213</ZipCode>
<StreetAddress><![CDATA[141 Innovation Drive]]></StreetAddress>
<CountryCode>US</CountryCode>
<CountryName>United States</CountryName>
<StateName>California</StateName>
<CountryFlag>1</CountryFlag>
<CONGRESSDISTRICT>47</CONGRESSDISTRICT>
<CONGRESS_DISTRICT_PERF>CA47</CONGRESS_DISTRICT_PERF>
</Performance_Institution>
<ProgramElement>
<Code>795900</Code>
<Text>MacroSysBIO &amp; NEON-Enabled Sci</Text>
</ProgramElement>
<ProgramReference>
<Code>7959</Code>
<Text>MACROSYSTEM BIOLOGY</Text>
</ProgramReference>
<Appropriation>
<Code>0118</Code>
<Name>NSF RESEARCH &amp; RELATED ACTIVIT</Name>
<APP_SYMB_ID>040100</APP_SYMB_ID>
</Appropriation>
<Fund>
<Code>01001819DB</Code>
<Name><![CDATA[NSF RESEARCH & RELATED ACTIVIT]]></Name>
<FUND_SYMB_ID>040100</FUND_SYMB_ID>
</Fund>
<FUND_OBLG>2018~197744</FUND_OBLG>
<POR>
<DRECONTENT><![CDATA[<div class="porColContainerWBG"> <div class="porContentCol"><p>This project's goals were to quantify how recent fire regimes changes in Amazonia and Cerrado; attribute potential changes in fire regimes to land use and climatic variability; and, forecast the potential ecological impacts of climate and land-use change on future fire regimes.&nbsp;&nbsp;To achieve those goals, the project gathered geospatial temporal data on land-use change, climate, weather extremes, fire activity, and deforestation rates across southern Amazonia. The project also conducted exploratory spatial and temporal analyses of fire activity Amazonia and Cerrado. Finally, the project developed statistical models of sources of wildfire as a function of agriculture intensification, weather extreme events, and social-economic dynamics. The project's results suggest that Amazon fire regimes are likely to intensify in Amazonia. If deforestation continues, we project a doubling in burned area from wildfires in Southeast Amazonia by 2050, with 16% of the region's forests potentially losing carbon to wildfires. While these fires could emit up to 17.0 Pg of CO2 equivalent to the atmosphere, preventing new deforestation is likely to cut total net fire emissions by 50%. Stopping new deforestation could also prevent fires from escaping into protected areas and indigenous lands. Efforts to eliminate ignition sources and suppress wildfires will be critical to conserve southern Amazon forests, along with their services.</p><br> <p>            Last Modified: 01/10/2022<br>      Modified by: Paulo&nbsp;Brando</p> </div> <div class="porSideCol"> <div class="each-gallery"> <div class="galContent" id="gallery0"> <div class="photoCount" id="photoCount0">          Image         </div> <div class="galControls onePhoto" id="controls0"></div> <div class="galSlideshow" id="slideshow0"></div> <div class="galEmbox" id="embox"> <div class="image-title"></div> </div> </div> <div class="galNavigation onePhoto" id="navigation0"> <ul class="thumbs" id="thumbs0"> <li> <a href="/por/images/Reports/POR/2022/2001184/2001184_10565109_1641821255293_DSC01610--rgov-214x142.jpg" original="/por/images/Reports/POR/2022/2001184/2001184_10565109_1641821255293_DSC01610--rgov-800width.jpg" title="Understory Fires"><img src="/por/images/Reports/POR/2022/2001184/2001184_10565109_1641821255293_DSC01610--rgov-66x44.jpg" alt="Understory Fires"></a> <div class="imageCaptionContainer"> <div class="imageCaption">Understory fires in southern Amazonia</div> <div class="imageCredit">Paulo Brando</div> <div class="imagePermisssions">Copyrighted</div> <div class="imageSubmitted">Paulo&nbsp;Brando</div> <div class="imageTitle">Understory Fires</div> </div> </li> </ul> </div> </div> </div> </div>]]></DRECONTENT>
<POR_COPY_TXT><![CDATA[ This project's goals were to quantify how recent fire regimes changes in Amazonia and Cerrado; attribute potential changes in fire regimes to land use and climatic variability; and, forecast the potential ecological impacts of climate and land-use change on future fire regimes.  To achieve those goals, the project gathered geospatial temporal data on land-use change, climate, weather extremes, fire activity, and deforestation rates across southern Amazonia. The project also conducted exploratory spatial and temporal analyses of fire activity Amazonia and Cerrado. Finally, the project developed statistical models of sources of wildfire as a function of agriculture intensification, weather extreme events, and social-economic dynamics. The project's results suggest that Amazon fire regimes are likely to intensify in Amazonia. If deforestation continues, we project a doubling in burned area from wildfires in Southeast Amazonia by 2050, with 16% of the region's forests potentially losing carbon to wildfires. While these fires could emit up to 17.0 Pg of CO2 equivalent to the atmosphere, preventing new deforestation is likely to cut total net fire emissions by 50%. Stopping new deforestation could also prevent fires from escaping into protected areas and indigenous lands. Efforts to eliminate ignition sources and suppress wildfires will be critical to conserve southern Amazon forests, along with their services.       Last Modified: 01/10/2022       Submitted by: Paulo Brando]]></POR_COPY_TXT>
</POR>
</Award>
</rootTag>
