<?xml version="1.0" encoding="UTF-8"?>
<rootTag>
<Award>
<AwardTitle><![CDATA[Sleep and Selective Emotional Memory Consolidation from Young Adulthood through Middle Age]]></AwardTitle>
<AGENCY>NSF</AGENCY>
<AwardEffectiveDate>09/01/2020</AwardEffectiveDate>
<AwardExpirationDate>08/31/2025</AwardExpirationDate>
<AwardTotalIntnAmount>899876.00</AwardTotalIntnAmount>
<AwardAmount>899876</AwardAmount>
<AwardInstrument>
<Value>Standard Grant</Value>
</AwardInstrument>
<Organization>
<Code>04040000</Code>
<Directorate>
<Abbreviation>SBE</Abbreviation>
<LongName>Direct For Social, Behav &amp; Economic Scie</LongName>
</Directorate>
<Division>
<Abbreviation>BCS</Abbreviation>
<LongName>Division Of Behavioral and Cognitive Sci</LongName>
</Division>
</Organization>
<ProgramOfficer>
<SignBlockName>Dwight Kravitz</SignBlockName>
<PO_EMAI>dkravitz@nsf.gov</PO_EMAI>
<PO_PHON>7032924502</PO_PHON>
</ProgramOfficer>
<AbstractNarration>People spend nearly one-third of their lives sleeping, and growing evidence suggests that one purpose of sleep is to strengthen memories formed during the day, particularly if these memories are emotionally salient. However, the majority of this evidence stems from data on college-age research participants that are not representative of the broader population. Little is known about sleep and memory function in middle age. This research will examine how sleep contributes to selectivity effects in memory in middle-aged people. One example of memory selectivity is the tendency to remember emotional information extremely well, often at the expense of neutral information. This research builds on prior findings, of the role of sleep in selective consolidation of emotional memories in young adults. This project combines EEG, fMRI, and behavioral approaches to examine how different phases and features of sleep can re-wire neural circuits used to retrieve emotional memories; how such re-wiring may be influenced by the way an emotional event is first experienced; and whether such processes differ as a function of age. The research will provide educational and training opportunities at two universities, and will promote healthy aging through regional and national outreach.&lt;br/&gt;&lt;br/&gt;Sleep promotes memory for emotional components of complex scenes while conferring no benefit to memory for neutral, contextual elements. Moreover, sleep preferentially consolidates information that attracts overt attention and provokes a physiological arousal response during encoding. During retrieval, these effects of sleep-based consolidation are reflected in enhanced activity and connectivity within limbic circuitry. This project investigates whether sleep continues to aide in the selective consolidation of emotional information in adults over the age of 35. If so, do correlations between emotion, brain connectivity, sleep, and memory stay stable with age? If age disrupts selective consolidation, what changes in sleep architecture and/or encoding-related processing are most predictive of that disruption, and at what age do those changes begin to occur? This project further characterizes downstream consequences of sleep-dependent memory consolidation by examining neural circuitry involved during retrieval, fMRI will reveal whether age influences the sleep-related enhancement in limbic activity and connectivity during memory retrieval. This research will develop a foundational, basic-science understanding of sleep and emotional memory consolidation in middle age, and will inform development of sleep-based interventions to improve mnemonic and affective function as adults age.&lt;br/&gt;&lt;br/&gt;This award reflects NSF's statutory mission and has been deemed worthy of support through evaluation using the Foundation's intellectual merit and broader impacts review criteria.</AbstractNarration>
<MinAmdLetterDate>09/02/2020</MinAmdLetterDate>
<MaxAmdLetterDate>10/15/2020</MaxAmdLetterDate>
<ARRAAmount/>
<TRAN_TYPE>Grant</TRAN_TYPE>
<CFDA_NUM>47.075</CFDA_NUM>
<NSF_PAR_USE_FLAG>1</NSF_PAR_USE_FLAG>
<FUND_AGCY_CODE>4900</FUND_AGCY_CODE>
<AWDG_AGCY_CODE>4900</AWDG_AGCY_CODE>
<AwardID>2001025</AwardID>
<Investigator>
<FirstName>Jessica</FirstName>
<LastName>Payne</LastName>
<PI_MID_INIT/>
<PI_SUFX_NAME/>
<PI_FULL_NAME>Jessica Payne</PI_FULL_NAME>
<EmailAddress><![CDATA[jpayne7@nd.edu]]></EmailAddress>
<NSF_ID>000521860</NSF_ID>
<StartDate>09/02/2020</StartDate>
<EndDate/>
<RoleCode>Principal Investigator</RoleCode>
</Investigator>
<Investigator>
<FirstName>Elizabeth</FirstName>
<LastName>Kensinger</LastName>
<PI_MID_INIT>A</PI_MID_INIT>
<PI_SUFX_NAME/>
<PI_FULL_NAME>Elizabeth A Kensinger</PI_FULL_NAME>
<EmailAddress><![CDATA[elizabeth.kensinger.1@bc.edu]]></EmailAddress>
<NSF_ID>000395114</NSF_ID>
<StartDate>09/02/2020</StartDate>
<EndDate/>
<RoleCode>Co-Principal Investigator</RoleCode>
</Investigator>
<Institution>
<Name><![CDATA[University of Notre Dame]]></Name>
<CityName>NOTRE DAME</CityName>
<ZipCode>465565708</ZipCode>
<PhoneNumber>5746317432</PhoneNumber>
<StreetAddress><![CDATA[940 GRACE HALL]]></StreetAddress>
<StreetAddress2/>
<CountryName>United States</CountryName>
<StateName>Indiana</StateName>
<StateCode>IN</StateCode>
<CONGRESSDISTRICT>02</CONGRESSDISTRICT>
<CONGRESS_DISTRICT_ORG>IN02</CONGRESS_DISTRICT_ORG>
<ORG_UEI_NUM>FPU6XGFXMBE9</ORG_UEI_NUM>
<ORG_LGL_BUS_NAME>UNIVERSITY OF NOTRE DAME DU LAC</ORG_LGL_BUS_NAME>
<ORG_PRNT_UEI_NUM>FPU6XGFXMBE9</ORG_PRNT_UEI_NUM>
</Institution>
<Performance_Institution>
<Name><![CDATA[University of Notre Dame]]></Name>
<CityName>Notre Dame</CityName>
<StateCode>IN</StateCode>
<ZipCode>465565708</ZipCode>
<StreetAddress/>
<CountryCode>US</CountryCode>
<CountryName>United States</CountryName>
<StateName>Indiana</StateName>
<CountryFlag>1</CountryFlag>
<CONGRESSDISTRICT>02</CONGRESSDISTRICT>
<CONGRESS_DISTRICT_PERF>IN02</CONGRESS_DISTRICT_PERF>
</Performance_Institution>
<ProgramElement>
<Code>169900</Code>
<Text>Cognitive Neuroscience</Text>
</ProgramElement>
<ProgramReference>
<Code>1699</Code>
<Text>COGNEURO</Text>
</ProgramReference>
<ProgramReference>
<Code>8089</Code>
<Text>Understanding the Brain/Cognitive Scienc</Text>
</ProgramReference>
<Appropriation>
<Code>0120</Code>
<Name>NSF RESEARCH &amp; RELATED ACTIVIT</Name>
<APP_SYMB_ID>040100</APP_SYMB_ID>
</Appropriation>
<Fund>
<Code>01002021DB</Code>
<Name><![CDATA[NSF RESEARCH & RELATED ACTIVIT]]></Name>
<FUND_SYMB_ID>040100</FUND_SYMB_ID>
</Fund>
<FUND_OBLG>2020~899876</FUND_OBLG>
</Award>
</rootTag>
