<?xml version="1.0" encoding="UTF-8"?>
<rootTag>
<Award>
<AwardTitle><![CDATA[Elucidating the Hidden Steps of Replicative DNA Synthesis by Time-Resolved X-ray Crystallography]]></AwardTitle>
<AGENCY>NSF</AGENCY>
<AwardEffectiveDate>08/01/2020</AwardEffectiveDate>
<AwardExpirationDate>07/31/2023</AwardExpirationDate>
<AwardTotalIntnAmount>438000.00</AwardTotalIntnAmount>
<AwardAmount>438000</AwardAmount>
<AwardInstrument>
<Value>Standard Grant</Value>
</AwardInstrument>
<Organization>
<Code>03090000</Code>
<Directorate>
<Abbreviation>MPS</Abbreviation>
<LongName>Direct For Mathematical &amp; Physical Scien</LongName>
</Directorate>
<Division>
<Abbreviation>CHE</Abbreviation>
<LongName>Division Of Chemistry</LongName>
</Division>
</Organization>
<ProgramOfficer>
<SignBlockName>Christine Chow</SignBlockName>
<PO_EMAI/>
<PO_PHON/>
</ProgramOfficer>
<AbstractNarration>With this award, the Chemistry of Life Processes program in the Chemistry Division and the Genetic Mechanisms program in the Division of Molecular and Cellular Biosciences are funding Dr. John Chaput from the University of California, Irvine to apply time-resolved X-ray crystallography methods to capture snapshot images as the DNA polymerase enzyme copies one strand of DNA onto another. DNA is the blueprint that directs the molecular basis of life on our planet. However, despite decades of research, there remains an incomplete understanding of how enzymes make new copies of DNA inside cells.  The collection of images is assembled to produce the equivalent of an animated movie showing the precise order of each step in the reaction pathway at the atomic level. The detailed insights into the chemical mechanism of these enzymes leads potentially to the design of new polymerases for applications in biotechnology. In addition, this project includes a significant educational component that is designed to attract and maintain student interest in the chemical and biological sciences. This includes pro-active engagement in a number of university-sponsored programs, including the Minority Science Program, aimed at improving the participation of traditionally underrepresented groups in science.  &lt;br/&gt;&lt;br/&gt;Time-resolved X-ray crystallography is a powerful method for studying the mechanism of enzymes by capturing intermediates that cannot be observed in the lowest energy states of static protein crystal structures. This project investigates the mechanism of DNA synthesis by collecting time-lapsed images of the Bacillus stearothermophilus (Bst) and the Klenow-fragment analogue of the Thermus aquaticus (KlenTaq) DNA polymerase. The objectives are to provide details of a tyrosine gating mechanism that prevents frame-shift mutations and a novel push-pull mechanism during elongation. In addition, the study probes an unusual alternative reaction catalyzed by Bst polymerase that uses non-canonical templates (RNA, 2-fluoro-arabino nucleic acid, or alpha-L-threose nucleic acid) for DNA elongation. The time-lapse structures are projected to identify conformational changes as they occur in the enzyme active site. The full collection of snapshot images is to provide unequivocal evidence for the precise order of each intermediate in the reaction pathway and may lead to the discovery of new intermediates not observed in previous DNA polymerase studies. Successful completion of this project is expected to illuminate the chemistry of one of life’s most essential processes—DNA synthesis.&lt;br/&gt;&lt;br/&gt;This award is co-funded by the Chemistry of Life Processes program in the Division of Chemistry (Mathematical and Physical Sciences (MPS) Directorate) and the Genetic Mechanisms cluster in the Division of Molecular and Cellular Biosciences (Biological Sciences (BIO)Directorate).&lt;br/&gt;&lt;br/&gt;This award reflects NSF's statutory mission and has been deemed worthy of support through evaluation using the Foundation's intellectual merit and broader impacts review criteria.</AbstractNarration>
<MinAmdLetterDate>07/17/2020</MinAmdLetterDate>
<MaxAmdLetterDate>07/17/2020</MaxAmdLetterDate>
<ARRAAmount/>
<TRAN_TYPE>Grant</TRAN_TYPE>
<CFDA_NUM>47.049</CFDA_NUM>
<NSF_PAR_USE_FLAG>1</NSF_PAR_USE_FLAG>
<FUND_AGCY_CODE>4900</FUND_AGCY_CODE>
<AWDG_AGCY_CODE>4900</AWDG_AGCY_CODE>
<AwardID>2001434</AwardID>
<Investigator>
<FirstName>John</FirstName>
<LastName>Chaput</LastName>
<PI_MID_INIT/>
<PI_SUFX_NAME/>
<PI_FULL_NAME>John Chaput</PI_FULL_NAME>
<EmailAddress><![CDATA[jchaput@uci.edu]]></EmailAddress>
<NSF_ID>000387169</NSF_ID>
<StartDate>07/17/2020</StartDate>
<EndDate/>
<RoleCode>Principal Investigator</RoleCode>
</Investigator>
<Institution>
<Name><![CDATA[University of California-Irvine]]></Name>
<CityName>IRVINE</CityName>
<ZipCode>926970001</ZipCode>
<PhoneNumber>9498247295</PhoneNumber>
<StreetAddress><![CDATA[160 ALDRICH HALL]]></StreetAddress>
<StreetAddress2/>
<CountryName>United States</CountryName>
<StateName>California</StateName>
<StateCode>CA</StateCode>
<CONGRESSDISTRICT>47</CONGRESSDISTRICT>
<CONGRESS_DISTRICT_ORG>CA47</CONGRESS_DISTRICT_ORG>
<ORG_UEI_NUM>MJC5FCYQTPE6</ORG_UEI_NUM>
<ORG_LGL_BUS_NAME>UNIVERSITY OF CALIFORNIA IRVINE</ORG_LGL_BUS_NAME>
<ORG_PRNT_UEI_NUM>MJC5FCYQTPE6</ORG_PRNT_UEI_NUM>
</Institution>
<Performance_Institution>
<Name><![CDATA[University of California, Irvine]]></Name>
<CityName>Irvine</CityName>
<StateCode>CA</StateCode>
<ZipCode>926173213</ZipCode>
<StreetAddress><![CDATA[3342 McGaugh Hall (Bio Sci 2)]]></StreetAddress>
<CountryCode>US</CountryCode>
<CountryName>United States</CountryName>
<StateName>California</StateName>
<CountryFlag>1</CountryFlag>
<CONGRESSDISTRICT>47</CONGRESSDISTRICT>
<CONGRESS_DISTRICT_PERF>CA47</CONGRESS_DISTRICT_PERF>
</Performance_Institution>
<ProgramElement>
<Code>111200</Code>
<Text>Genetic Mechanisms</Text>
</ProgramElement>
<ProgramElement>
<Code>688300</Code>
<Text>Chemistry of Life Processes</Text>
</ProgramElement>
<ProgramReference>
<Code>7465</Code>
<Text>NANOSCALE BIO CORE</Text>
</ProgramReference>
<ProgramReference>
<Code>8038</Code>
<Text>Biotechnology</Text>
</ProgramReference>
<Appropriation>
<Code>0120</Code>
<Name>NSF RESEARCH &amp; RELATED ACTIVIT</Name>
<APP_SYMB_ID>040100</APP_SYMB_ID>
</Appropriation>
<Fund>
<Code>01002021DB</Code>
<Name><![CDATA[NSF RESEARCH & RELATED ACTIVIT]]></Name>
<FUND_SYMB_ID>040100</FUND_SYMB_ID>
</Fund>
<FUND_OBLG>2020~438000</FUND_OBLG>
<POR>
<DRECONTENT><![CDATA[<div class="porColContainerWBG"> <div class="porContentCol"><p>This grant supported research, teaching, and public outreach in the fields of nucleic acid chemistry, molecular biology, structural biology, and protein biochemistry. The study was led by Professor John Chaput at the University of California&mdash;Irvine and involved a team that included a staff scientist, 6 Ph.D. students, and 20 undergraduate students. Over the course of the funded work, the team used a technique, called time-resolved X-ray crystallography, to study the enzyme responsible for DNA synthesis in cells.</p> <p>Intellectual Merit:&nbsp;DNA polymerases&mdash;the proteins responsible for DNA synthesis&mdash;are among the most widely studied enzymes in biology. However, the classic textbook mechanism of DNA synthesis has been inferred from static structures that were collected in the absence of temporal information. In this study, we followed the reaction pathway of a DNA polymerase using time-resolved X-ray crystallography to unambiguously elucidate the order and transition between steps. The structural changes observed in the time-lapsed images that we collected reveal that translocation precedes catalysis. This finding, if observed in other polymerases, could change the textbook mechanism of DNA synthesis. Overall, this work resulted in 6 publications in peer reviewed journals. Additional components of the study involved structural and biochemical studies into the ability of polymerases to recognize DNA substrates with unnatural backbone structures. Such systems are currently being evaluated as genetic materials for synthetic biology and molecular medicine.</p> <p>Broader Impacts: The work allowed for greater public interest in and improved public understanding on the mechanism of DNA synthesis. The team developed the methodology needed to visualize the intermediate steps in a complicated reaction pathway, which is conceptually similar to the first time-lapsed pictures collected in the late 1800s to study the gait of a horse. Our findings provided a foundation for understanding the precise mechanism of DNA synthesis, which is an important first step in learning how to engineer these enzymes to make unnatural forms of DNA that are currently being evaluated for practical applications in synthetic biology and medicine. Much of the structural work that emerged from this project was conducted by undergraduate and graduate students from diverse academic programs, including Biological Sciences, Chemistry, Pharmaceutical Sciences, and Cognitive Science. Many of the undergraduate students were members of the UCI Minority Science Program, some of whom transferred to UCI via the Bridges to Baccalaureate program. Undergraduate students presented their findings at local and regional conferences and symposiums, such as the annual UCI Undergraduate Research Symposium and the <em>Annual Biomedical Research Conference for Minoritized Scientists. All participating</em> students were trained in hard skills, like protein expression and purification, protein crystallization, X-ray crystallography, and in soft skills, like the presentation of research posters and talks as well as the preparation of manuscripts. In addition, the research work was highlighted in a feature by the Advanced Light Source at Berkeley National Labs and has been the focus of individual research awards by numerous undergraduates, including the UCI Summer Undergraduate Research Fellowship (SURF) and Undergraduate Research Opportunities Program (UROP). Seasoned students have also become mentors in training the next generation of students, who are anticipated to continue advancing the project to the next level.</p><br> <p>            Last Modified: 09/15/2023<br>      Modified by: John&nbsp;Chaput</p> </div> <div class="porSideCol"></div> </div>]]></DRECONTENT>
<POR_COPY_TXT><![CDATA[ This grant supported research, teaching, and public outreach in the fields of nucleic acid chemistry, molecular biology, structural biology, and protein biochemistry. The study was led by Professor John Chaput at the University of California&mdash;Irvine and involved a team that included a staff scientist, 6 Ph.D. students, and 20 undergraduate students. Over the course of the funded work, the team used a technique, called time-resolved X-ray crystallography, to study the enzyme responsible for DNA synthesis in cells.  Intellectual Merit: DNA polymerases&mdash;the proteins responsible for DNA synthesis&mdash;are among the most widely studied enzymes in biology. However, the classic textbook mechanism of DNA synthesis has been inferred from static structures that were collected in the absence of temporal information. In this study, we followed the reaction pathway of a DNA polymerase using time-resolved X-ray crystallography to unambiguously elucidate the order and transition between steps. The structural changes observed in the time-lapsed images that we collected reveal that translocation precedes catalysis. This finding, if observed in other polymerases, could change the textbook mechanism of DNA synthesis. Overall, this work resulted in 6 publications in peer reviewed journals. Additional components of the study involved structural and biochemical studies into the ability of polymerases to recognize DNA substrates with unnatural backbone structures. Such systems are currently being evaluated as genetic materials for synthetic biology and molecular medicine.  Broader Impacts: The work allowed for greater public interest in and improved public understanding on the mechanism of DNA synthesis. The team developed the methodology needed to visualize the intermediate steps in a complicated reaction pathway, which is conceptually similar to the first time-lapsed pictures collected in the late 1800s to study the gait of a horse. Our findings provided a foundation for understanding the precise mechanism of DNA synthesis, which is an important first step in learning how to engineer these enzymes to make unnatural forms of DNA that are currently being evaluated for practical applications in synthetic biology and medicine. Much of the structural work that emerged from this project was conducted by undergraduate and graduate students from diverse academic programs, including Biological Sciences, Chemistry, Pharmaceutical Sciences, and Cognitive Science. Many of the undergraduate students were members of the UCI Minority Science Program, some of whom transferred to UCI via the Bridges to Baccalaureate program. Undergraduate students presented their findings at local and regional conferences and symposiums, such as the annual UCI Undergraduate Research Symposium and the Annual Biomedical Research Conference for Minoritized Scientists. All participating students were trained in hard skills, like protein expression and purification, protein crystallization, X-ray crystallography, and in soft skills, like the presentation of research posters and talks as well as the preparation of manuscripts. In addition, the research work was highlighted in a feature by the Advanced Light Source at Berkeley National Labs and has been the focus of individual research awards by numerous undergraduates, including the UCI Summer Undergraduate Research Fellowship (SURF) and Undergraduate Research Opportunities Program (UROP). Seasoned students have also become mentors in training the next generation of students, who are anticipated to continue advancing the project to the next level.       Last Modified: 09/15/2023       Submitted by: John Chaput]]></POR_COPY_TXT>
</POR>
</Award>
</rootTag>
