<?xml version="1.0" encoding="UTF-8"?>
<rootTag>
<Award>
<AwardTitle><![CDATA[Digitization PEN: CryptoVert - Digitizing small-bodied cryptobenthic fishes for the oVertTCN]]></AwardTitle>
<AGENCY>NSF</AGENCY>
<AwardEffectiveDate>09/15/2020</AwardEffectiveDate>
<AwardExpirationDate>08/31/2025</AwardExpirationDate>
<AwardTotalIntnAmount>172739.00</AwardTotalIntnAmount>
<AwardAmount>218489</AwardAmount>
<AwardInstrument>
<Value>Continuing Grant</Value>
</AwardInstrument>
<Organization>
<Code>08080000</Code>
<Directorate>
<Abbreviation>BIO</Abbreviation>
<LongName>Direct For Biological Sciences</LongName>
</Directorate>
<Division>
<Abbreviation>DBI</Abbreviation>
<LongName>Div Of Biological Infrastructure</LongName>
</Division>
</Organization>
<ProgramOfficer>
<SignBlockName>Reed Beaman</SignBlockName>
<PO_EMAI>rsbeaman@nsf.gov</PO_EMAI>
<PO_PHON>7032927163</PO_PHON>
</ProgramOfficer>
<AbstractNarration>The Open Vertebrate thematic collections network (oVert) aims to create a digital resource of computed tomography (CT) scans across the vertebrate Tree of Life. This digital database allows researchers to quickly and efficiently study morphological patterns across all vertebrate groups. One of the most apparent differences among vertebrates is their body size, with some species obtaining large body sizes, while others remain very small even as mature adults. This Partner to Existing Networks (PEN) award will link the Natural History Museum of Los Angeles County with oVert to create a digital repository of data focusing on some of the world’s smallest vertebrates: cryptobenthic fishes. Fishes represent approximately half of the total vertebrate diversity, yet many groups remain understudied. Cryptobenthic fishes, which are small marine fishes that live in a variety of habitats, are one of these understudied groups and their importance in marine ecosystems is only beginning to be understood. This project will complement oVert taxonomically by focusing on an understudied vertebrate group, and methodologically by developing best practices for scanning very small organisms for both bony and soft-tissue anatomy. In addition to their research utility, these scans will be an excellent educational resource that will be incorporated into public museum displays and K-12 classroom lesson plans. Furthermore, processing of CT scans will train undergraduate students in skills that are used in a variety of professional disciplines.&lt;br/&gt;&lt;br/&gt;Studying very small organisms comes with inherent challenges, and previous attempts to describe the internal anatomy of small vertebrates was only possible using destructive approaches. This project will focus on 17 different fish families that comprise the majority of cryptobenthic fishes using traditional CT scans to document the skeletal system and contrast-enhanced CT scans to reveal soft-tissue anatomy such as muscle, nervous, and circulatory systems. Cryptobenthic fishes fill a variety of functional ecosystem roles, and the bony and soft-tissue scans associated with this project will create the raw data necessary for researchers to understand how these minute fishes have adapted in different ways to their environment without damaging valuable museum specimens. In combination with CT scans completed by oVert and oVert partners, the products of this project will also be useful for researchers to identify general trends in vertebrate anatomical evolution associated with body size and will be a valuable resource for the development of new questions and hypotheses in a variety of scientific disciplines. Data will be shared with and made available through iDigBio.org and MorphoSource.org.&lt;br/&gt;&lt;br/&gt;This award reflects NSF's statutory mission and has been deemed worthy of support through evaluation using the Foundation's intellectual merit and broader impacts review criteria.</AbstractNarration>
<MinAmdLetterDate>08/14/2020</MinAmdLetterDate>
<MaxAmdLetterDate>08/03/2021</MaxAmdLetterDate>
<ARRAAmount/>
<TRAN_TYPE>Grant</TRAN_TYPE>
<CFDA_NUM>47.074</CFDA_NUM>
<NSF_PAR_USE_FLAG>1</NSF_PAR_USE_FLAG>
<FUND_AGCY_CODE>4900</FUND_AGCY_CODE>
<AWDG_AGCY_CODE>4900</AWDG_AGCY_CODE>
<AwardID>2001443</AwardID>
<Investigator>
<FirstName>William</FirstName>
<LastName>Ludt</LastName>
<PI_MID_INIT>B</PI_MID_INIT>
<PI_SUFX_NAME/>
<PI_FULL_NAME>William B Ludt</PI_FULL_NAME>
<EmailAddress><![CDATA[wbludt@gmail.com]]></EmailAddress>
<NSF_ID>000652857</NSF_ID>
<StartDate>08/14/2020</StartDate>
<EndDate/>
<RoleCode>Principal Investigator</RoleCode>
</Investigator>
<Institution>
<Name><![CDATA[Los Angeles County Museum of Natural History Foundation]]></Name>
<CityName>LOS ANGELES</CityName>
<ZipCode>900074057</ZipCode>
<PhoneNumber>2137443301</PhoneNumber>
<StreetAddress><![CDATA[900 EXPOSITION BLVD]]></StreetAddress>
<StreetAddress2/>
<CountryName>United States</CountryName>
<StateName>California</StateName>
<StateCode>CA</StateCode>
<CONGRESSDISTRICT>37</CONGRESSDISTRICT>
<CONGRESS_DISTRICT_ORG>CA37</CONGRESS_DISTRICT_ORG>
<ORG_UEI_NUM>UKB4JJ1M1647</ORG_UEI_NUM>
<ORG_LGL_BUS_NAME>LOS ANGELES COUNTY MUSEUM OF NATURAL HISTORY FOUNDATION</ORG_LGL_BUS_NAME>
<ORG_PRNT_UEI_NUM/>
</Institution>
<Performance_Institution>
<Name><![CDATA[Los Angeles County Museum of Natural History Foundation]]></Name>
<CityName>Los Angeles</CityName>
<StateCode>CA</StateCode>
<ZipCode>900074057</ZipCode>
<StreetAddress><![CDATA[900 Exposition Boulevard]]></StreetAddress>
<CountryCode>US</CountryCode>
<CountryName>United States</CountryName>
<StateName>California</StateName>
<CountryFlag>1</CountryFlag>
<CONGRESSDISTRICT>37</CONGRESSDISTRICT>
<CONGRESS_DISTRICT_PERF>CA37</CONGRESS_DISTRICT_PERF>
</Performance_Institution>
<ProgramElement>
<Code>085Y00</Code>
<Text>ICB: Infrastructure Capacity f</Text>
</ProgramElement>
<ProgramElement>
<Code>727500</Code>
<Text>Cross-BIO Activities</Text>
</ProgramElement>
<ProgramReference>
<Code>102Z</Code>
<Text>COVID-Disproportionate Impcts Inst-Indiv</Text>
</ProgramReference>
<ProgramReference>
<Code>108Z</Code>
<Text>Post-baccalaureate Involvement</Text>
</ProgramReference>
<ProgramReference>
<Code>1197</Code>
<Text>BIOLOGICAL RESEARCH COLLECTION</Text>
</ProgramReference>
<ProgramReference>
<Code>6895</Code>
<Text>DIGITIZATION</Text>
</ProgramReference>
<Appropriation>
<Code>0120</Code>
<Name>NSF RESEARCH &amp; RELATED ACTIVIT</Name>
<APP_SYMB_ID>040100</APP_SYMB_ID>
</Appropriation>
<Appropriation>
<Code>0121</Code>
<Name>NSF RESEARCH &amp; RELATED ACTIVIT</Name>
<APP_SYMB_ID>040100</APP_SYMB_ID>
</Appropriation>
<Fund>
<Code>01002021DB</Code>
<Name><![CDATA[NSF RESEARCH & RELATED ACTIVIT]]></Name>
<FUND_SYMB_ID>040100</FUND_SYMB_ID>
</Fund>
<Fund>
<Code>01002122DB</Code>
<Name><![CDATA[NSF RESEARCH & RELATED ACTIVIT]]></Name>
<FUND_SYMB_ID>040100</FUND_SYMB_ID>
</Fund>
<FUND_OBLG>2020~119636</FUND_OBLG>
<FUND_OBLG>2021~98853</FUND_OBLG>
</Award>
</rootTag>
