<?xml version="1.0" encoding="UTF-8"?>
<rootTag>
<Award>
<AwardTitle><![CDATA[Digitization TCN: Collaborative Research: Documenting marine biodiversity through Digitization of Invertebrate collections (DigIn)]]></AwardTitle>
<AGENCY>NSF</AGENCY>
<AwardEffectiveDate>11/01/2020</AwardEffectiveDate>
<AwardExpirationDate>10/31/2025</AwardExpirationDate>
<AwardTotalIntnAmount>45368.00</AwardTotalIntnAmount>
<AwardAmount>45368</AwardAmount>
<AwardInstrument>
<Value>Standard Grant</Value>
</AwardInstrument>
<Organization>
<Code>08080000</Code>
<Directorate>
<Abbreviation>BIO</Abbreviation>
<LongName>Direct For Biological Sciences</LongName>
</Directorate>
<Division>
<Abbreviation>DBI</Abbreviation>
<LongName>Div Of Biological Infrastructure</LongName>
</Division>
</Organization>
<ProgramOfficer>
<SignBlockName>Reed Beaman</SignBlockName>
<PO_EMAI>rsbeaman@nsf.gov</PO_EMAI>
<PO_PHON>7032927163</PO_PHON>
</ProgramOfficer>
<AbstractNarration>For two centuries, America has amassed an unparalleled collection of specimens from exploring the world's oceans. They were pulled up with nets, scooped up from seabeds with grabs, and hand-collected by divers, all contributing to a library of biodiversity that captures the state of life in the ocean - year after year, decade after decade. The broadest evolutionary scope of those collections is in the marine invertebrates, animals without backbones - sea stars, corals, worms, jellyfish, crabs, and thousands of other animals. That library of preserved marine invertebrates is our essential guide to the diversity of ocean life across the globe. And because they encapsulate data from the moment they were picked up, these institutional collections also act as a time machine, letting us use the past to understand how our present will become the future. But there is a problem - vast numbers of these specimens are essentially invisible outside of a tiny community of museum specialists. The only record of these specimens' existence is on labels enclosed in the jars with the preserved animals or in paper logbooks on a shelf. These specimens will remain nearly undiscoverable on museum shelves until their core descriptive information is made digitally available. Therefore, this project will create public digital records for over 7.5 million specimens from our nation's legacy of marine exploration, thereby making the immense investment in the specimens' acquisition available to 21st Century biodiversity and ecosystems research. Because these specimens provide a visible and tangible window into our oceans' enchanting biodiversity, this project will involve STEM educators and student educators in the digitization effort, so that they will be able to reflect their science experiences directly back to the classroom. The public will be involved virtually, by contributing transcription of specimen label data. &lt;br/&gt;&lt;br/&gt;Digitization of alcohol-preserved marine specimens has never been carried out on this scale. A major challenge lies in the location of the data: written, typed, or printed on labels in the jars with the specimens. In many cases, that will require opening the jar, extracting the label, and either transcribing it directly or photographing it for later transcription - for hundreds of thousands of jars. The immediate participants in this program will digitize most or all of the marine invertebrate collections at nineteen institutions across the country, more than doubling the number of digital records for marine invertebrates in the U.S. All data will be publicly available through existing data portals, including iDigBio.org, using standardized data formats, thereby dramatically enhancing the accessibility of biodiversity data for comprehensive, systems-based analysis of ocean ecosystems.&lt;br/&gt;&lt;br/&gt;This award reflects NSF's statutory mission and has been deemed worthy of support through evaluation using the Foundation's intellectual merit and broader impacts review criteria.</AbstractNarration>
<MinAmdLetterDate>08/27/2020</MinAmdLetterDate>
<MaxAmdLetterDate>10/15/2020</MaxAmdLetterDate>
<ARRAAmount/>
<TRAN_TYPE>Grant</TRAN_TYPE>
<CFDA_NUM>47.074</CFDA_NUM>
<NSF_PAR_USE_FLAG>1</NSF_PAR_USE_FLAG>
<FUND_AGCY_CODE>4900</FUND_AGCY_CODE>
<AWDG_AGCY_CODE>4900</AWDG_AGCY_CODE>
<AwardID>2001246</AwardID>
<Investigator>
<FirstName>Jennifer</FirstName>
<LastName>Dreyer</LastName>
<PI_MID_INIT/>
<PI_SUFX_NAME/>
<PI_FULL_NAME>Jennifer Dreyer</PI_FULL_NAME>
<EmailAddress><![CDATA[jcdrey@vims.edu]]></EmailAddress>
<NSF_ID>000810860</NSF_ID>
<StartDate>08/27/2020</StartDate>
<EndDate/>
<RoleCode>Principal Investigator</RoleCode>
</Investigator>
<Institution>
<Name><![CDATA[College of William & Mary Virginia Institute of Marine Science]]></Name>
<CityName>GLOUCESTER POINT</CityName>
<ZipCode>230622026</ZipCode>
<PhoneNumber>8046847000</PhoneNumber>
<StreetAddress><![CDATA[1375 GREATE RD]]></StreetAddress>
<StreetAddress2/>
<CountryName>United States</CountryName>
<StateName>Virginia</StateName>
<StateCode>VA</StateCode>
<CONGRESSDISTRICT>01</CONGRESSDISTRICT>
<CONGRESS_DISTRICT_ORG>VA01</CONGRESS_DISTRICT_ORG>
<ORG_UEI_NUM>XGE9T6KCMSR4</ORG_UEI_NUM>
<ORG_LGL_BUS_NAME>VIRGINIA INSTITUTE OF MARINE SCIENCE</ORG_LGL_BUS_NAME>
<ORG_PRNT_UEI_NUM>Y5P1L2NZAHV9</ORG_PRNT_UEI_NUM>
</Institution>
<Performance_Institution>
<Name><![CDATA[College of William & Mary Virginia Institute of Marine Science]]></Name>
<CityName>Gloucester Point</CityName>
<StateCode>VA</StateCode>
<ZipCode>230621346</ZipCode>
<StreetAddress><![CDATA[P.O. Box 1346]]></StreetAddress>
<CountryCode>US</CountryCode>
<CountryName>United States</CountryName>
<StateName>Virginia</StateName>
<CountryFlag>1</CountryFlag>
<CONGRESSDISTRICT>01</CONGRESSDISTRICT>
<CONGRESS_DISTRICT_PERF>VA01</CONGRESS_DISTRICT_PERF>
</Performance_Institution>
<ProgramElement>
<Code>689500</Code>
<Text>Digitization</Text>
</ProgramElement>
<ProgramReference>
<Code>6895</Code>
<Text>DIGITIZATION</Text>
</ProgramReference>
<ProgramReference>
<Code>9150</Code>
<Text>EXP PROG TO STIM COMP RES</Text>
</ProgramReference>
<Appropriation>
<Code>0120</Code>
<Name>NSF RESEARCH &amp; RELATED ACTIVIT</Name>
<APP_SYMB_ID>040100</APP_SYMB_ID>
</Appropriation>
<Fund>
<Code>01002021DB</Code>
<Name><![CDATA[NSF RESEARCH & RELATED ACTIVIT]]></Name>
<FUND_SYMB_ID>040100</FUND_SYMB_ID>
</Fund>
<FUND_OBLG>2020~45368</FUND_OBLG>
</Award>
</rootTag>
