<?xml version="1.0" encoding="UTF-8"?>
<rootTag>
<Award>
<AwardTitle><![CDATA[Biot-elastic and Direct Models of Shells and Strips]]></AwardTitle>
<AGENCY>NSF</AGENCY>
<AwardEffectiveDate>08/12/2019</AwardEffectiveDate>
<AwardExpirationDate>04/30/2025</AwardExpirationDate>
<AwardTotalIntnAmount>305741.00</AwardTotalIntnAmount>
<AwardAmount>305741</AwardAmount>
<AwardInstrument>
<Value>Standard Grant</Value>
</AwardInstrument>
<Organization>
<Code>07030000</Code>
<Directorate>
<Abbreviation>ENG</Abbreviation>
<LongName>Directorate For Engineering</LongName>
</Directorate>
<Division>
<Abbreviation>CMMI</Abbreviation>
<LongName>Div Of Civil, Mechanical, &amp; Manufact Inn</LongName>
</Division>
</Organization>
<ProgramOfficer>
<SignBlockName>Siddiq Qidwai</SignBlockName>
<PO_EMAI>sqidwai@nsf.gov</PO_EMAI>
<PO_PHON>7032922211</PO_PHON>
</ProgramOfficer>
<AbstractNarration>Thin elastic structures such as shells and strips are found in engineering applications across many scales, including aerospace components, soft robots, flexible microelectronic devices, and programmable matter.  Despite nearly a century of research on the mechanics of thin structures, questions remain about simple reduced models commonly employed to describe bending and stretching of these bodies in response to pressure or other applied forces.  Superficially similar shell models make qualitatively different predictions, such as whether a bent shell will expand or contract under the same conditions.  Existing strip models fail to capture experimentally observed shape changes during manipulations. This work will both explain these issues and develop new simple models that will agree with experiments and be useful in a variety of settings, including the design of new flexible and reconfigurable devices, and origami and kirigami structures for engineering applications.  Graduate and undergraduate students will be trained as part of this project.  The PI and students will develop related laboratory demonstrations and a module for a summer science program for young women in high school.  Public outreach efforts will exploit the connections between thin structure mechanics and the behavior of toys such as snap bracelets.&lt;br/&gt; &lt;br/&gt;This work has two parts.  First, an elastic theory will be developed based on systematic expansions in stretch.  When applied to shells, this theory will preserve simple relationships between stress and generalized strain and provide the simplest definitions of bending energies.  Second, a uniformly valid theory of elastic curves will be developed that interpolates between rod and inextensible wide strip models.  This theory will capture bifurcation phenomena of narrow strips and allow numerical integration of strip deformations that create inflection points.  More broadly, the work will relate direct and dimensional reduction approaches to thin structures.  The new shell theory will be compared with theoretical and numerical results on soft shells from the literature, and the new strip theory will be validated using prior experimental results on bifurcations from the PI?s prior work and the literature.  The issues to be addressed in this work are relevant to research areas such as the incompatible elasticity of soft and other materials, design of programmable elastomeric and structured sheets, and instabilities and bifurcations of flexible components.&lt;br/&gt;&lt;br/&gt;This award reflects NSF's statutory mission and has been deemed worthy of support through evaluation using the Foundation's intellectual merit and broader impacts review criteria.</AbstractNarration>
<MinAmdLetterDate>11/22/2019</MinAmdLetterDate>
<MaxAmdLetterDate>11/03/2023</MaxAmdLetterDate>
<ARRAAmount/>
<TRAN_TYPE>Grant</TRAN_TYPE>
<CFDA_NUM>47.041</CFDA_NUM>
<NSF_PAR_USE_FLAG>1</NSF_PAR_USE_FLAG>
<FUND_AGCY_CODE>4900</FUND_AGCY_CODE>
<AWDG_AGCY_CODE>4900</AWDG_AGCY_CODE>
<AwardID>2001262</AwardID>
<Investigator>
<FirstName>James</FirstName>
<LastName>Hanna</LastName>
<PI_MID_INIT/>
<PI_SUFX_NAME/>
<PI_FULL_NAME>James Hanna</PI_FULL_NAME>
<EmailAddress><![CDATA[jhanna@unr.edu]]></EmailAddress>
<NSF_ID>000652358</NSF_ID>
<StartDate>11/22/2019</StartDate>
<EndDate/>
<RoleCode>Principal Investigator</RoleCode>
</Investigator>
<Institution>
<Name><![CDATA[Board of Regents, NSHE, obo University of Nevada, Reno]]></Name>
<CityName>RENO</CityName>
<ZipCode>895570001</ZipCode>
<PhoneNumber>7757844040</PhoneNumber>
<StreetAddress><![CDATA[1664 N VIRGINIA ST # 285]]></StreetAddress>
<StreetAddress2/>
<CountryName>United States</CountryName>
<StateName>Nevada</StateName>
<StateCode>NV</StateCode>
<CONGRESSDISTRICT>02</CONGRESSDISTRICT>
<CONGRESS_DISTRICT_ORG>NV02</CONGRESS_DISTRICT_ORG>
<ORG_UEI_NUM>WLDGTNCFFJZ3</ORG_UEI_NUM>
<ORG_LGL_BUS_NAME>BOARD OF REGENTS OF THE NEVADA SYSTEM OF HIGHER ED</ORG_LGL_BUS_NAME>
<ORG_PRNT_UEI_NUM>WLDGTNCFFJZ3</ORG_PRNT_UEI_NUM>
</Institution>
<Performance_Institution>
<Name><![CDATA[Board of Regents]]></Name>
<CityName>Reno</CityName>
<StateCode>NV</StateCode>
<ZipCode>895570001</ZipCode>
<StreetAddress/>
<CountryCode>US</CountryCode>
<CountryName>United States</CountryName>
<StateName>Nevada</StateName>
<CountryFlag>1</CountryFlag>
<CONGRESSDISTRICT>02</CONGRESSDISTRICT>
<CONGRESS_DISTRICT_PERF>NV02</CONGRESS_DISTRICT_PERF>
</Performance_Institution>
<ProgramElement>
<Code>163000</Code>
<Text>Mechanics of Materials and Str</Text>
</ProgramElement>
<ProgramReference>
<Code>026E</Code>
<Text>STRUCTURAL MECHANICS</Text>
</ProgramReference>
<ProgramReference>
<Code>9161</Code>
<Text>SINGLE DIVISION/UNIVERSITY</Text>
</ProgramReference>
<Appropriation>
<Code>0119</Code>
<Name>NSF RESEARCH &amp; RELATED ACTIVIT</Name>
<APP_SYMB_ID>040100</APP_SYMB_ID>
</Appropriation>
<Fund>
<Code>01001920DB</Code>
<Name><![CDATA[NSF RESEARCH & RELATED ACTIVIT]]></Name>
<FUND_SYMB_ID>040100</FUND_SYMB_ID>
</Fund>
<FUND_OBLG>2019~305741</FUND_OBLG>
</Award>
</rootTag>
