<?xml version="1.0" encoding="UTF-8"?>
<rootTag>
<Award>
<AwardTitle><![CDATA[SaTC: CORE: Medium: Collaborative: Rethinking Access Pattern Privacy: From Theory to Practice]]></AwardTitle>
<AGENCY>NSF</AGENCY>
<AwardEffectiveDate>10/01/2020</AwardEffectiveDate>
<AwardExpirationDate>04/30/2021</AwardExpirationDate>
<AwardTotalIntnAmount>640348.00</AwardTotalIntnAmount>
<AwardAmount>640348</AwardAmount>
<AwardInstrument>
<Value>Standard Grant</Value>
</AwardInstrument>
<Organization>
<Code>05050000</Code>
<Directorate>
<Abbreviation>CSE</Abbreviation>
<LongName>Direct For Computer &amp; Info Scie &amp; Enginr</LongName>
</Directorate>
<Division>
<Abbreviation>CNS</Abbreviation>
<LongName>Division Of Computer and Network Systems</LongName>
</Division>
</Organization>
<ProgramOfficer>
<SignBlockName>James Joshi</SignBlockName>
<PO_EMAI>jjoshi@nsf.gov</PO_EMAI>
<PO_PHON>7032920000</PO_PHON>
</ProgramOfficer>
<AbstractNarration>When a program accesses data stored in memory, disk, or on a remote server, its access patterns can leak information about its secret inputs and data. There has been decades of work that investigated how to prevent programs from leaking any information by making their access patterns "oblivious", i.e., independent from their execution. This project is motivated by the significant overhead that past techniques incur. The project introduces and investigates new relaxed notions of access pattern obliviousness, and discovers new algorithms that achieve these notions with a significantly reduced overhead. The project includes training of Ph.D. students and postdoctoral researchers, and mentoring activities focused on high school, undergraduate, and graduate students.&lt;br/&gt; &lt;br/&gt;This project rethinks the definition of access pattern privacy, and considers (but not limited to) a new notion called "differential obliviousness". In analogy with differential privacy, differential obliviosness requires that the access patterns resulting from executing a program on similar inputs should be hard to distinguish. The project establishes theoretical understanding, including new lower and upper bounds, of the extent to which various notions of obliviosness impact the performance of programs. The investigators also explore the practical performance of new privacy-preserving algorithms in cloud outsourcing and database scenarios. The project develops open-source libraries for the new, differentially oblivious algorithms and data structures.&lt;br/&gt;&lt;br/&gt;This award reflects NSF's statutory mission and has been deemed worthy of support through evaluation using the Foundation's intellectual merit and broader impacts review criteria.</AbstractNarration>
<MinAmdLetterDate>08/21/2020</MinAmdLetterDate>
<MaxAmdLetterDate>10/15/2020</MaxAmdLetterDate>
<ARRAAmount/>
<TRAN_TYPE>Grant</TRAN_TYPE>
<CFDA_NUM>47.070</CFDA_NUM>
<NSF_PAR_USE_FLAG>1</NSF_PAR_USE_FLAG>
<FUND_AGCY_CODE>4900</FUND_AGCY_CODE>
<AWDG_AGCY_CODE>4900</AWDG_AGCY_CODE>
<AwardID>2001026</AwardID>
<Investigator>
<FirstName>Rafael</FirstName>
<LastName>Pass</LastName>
<PI_MID_INIT>N</PI_MID_INIT>
<PI_SUFX_NAME/>
<PI_FULL_NAME>Rafael N Pass</PI_FULL_NAME>
<EmailAddress><![CDATA[rafael@cs.cornell.edu]]></EmailAddress>
<NSF_ID>000101933</NSF_ID>
<StartDate>08/21/2020</StartDate>
<EndDate/>
<RoleCode>Co-Principal Investigator</RoleCode>
</Investigator>
<Investigator>
<FirstName>Elaine</FirstName>
<LastName>Shi</LastName>
<PI_MID_INIT/>
<PI_SUFX_NAME/>
<PI_FULL_NAME>Elaine Shi</PI_FULL_NAME>
<EmailAddress><![CDATA[runting@cs.cmu.edu]]></EmailAddress>
<NSF_ID>000624210</NSF_ID>
<StartDate>08/21/2020</StartDate>
<EndDate/>
<RoleCode>Principal Investigator</RoleCode>
</Investigator>
<Institution>
<Name><![CDATA[Cornell University]]></Name>
<CityName>ITHACA</CityName>
<ZipCode>148502820</ZipCode>
<PhoneNumber>6072555014</PhoneNumber>
<StreetAddress><![CDATA[341 PINE TREE RD]]></StreetAddress>
<StreetAddress2/>
<CountryName>United States</CountryName>
<StateName>New York</StateName>
<StateCode>NY</StateCode>
<CONGRESSDISTRICT>19</CONGRESSDISTRICT>
<CONGRESS_DISTRICT_ORG>NY19</CONGRESS_DISTRICT_ORG>
<ORG_UEI_NUM>G56PUALJ3KT5</ORG_UEI_NUM>
<ORG_LGL_BUS_NAME>CORNELL UNIVERSITY</ORG_LGL_BUS_NAME>
<ORG_PRNT_UEI_NUM/>
</Institution>
<Performance_Institution>
<Name><![CDATA[Cornell University]]></Name>
<CityName>Ithaca</CityName>
<StateCode>NY</StateCode>
<ZipCode>148537501</ZipCode>
<StreetAddress><![CDATA[107 Hoy Road]]></StreetAddress>
<CountryCode>US</CountryCode>
<CountryName>United States</CountryName>
<StateName>New York</StateName>
<CountryFlag>1</CountryFlag>
<CONGRESSDISTRICT>19</CONGRESSDISTRICT>
<CONGRESS_DISTRICT_PERF>NY19</CONGRESS_DISTRICT_PERF>
</Performance_Institution>
<ProgramElement>
<Code>806000</Code>
<Text>Secure &amp;Trustworthy Cyberspace</Text>
</ProgramElement>
<ProgramReference>
<Code>025Z</Code>
<Text>SaTC: Secure and Trustworthy Cyberspace</Text>
</ProgramReference>
<ProgramReference>
<Code>7924</Code>
<Text>MEDIUM PROJECT</Text>
</ProgramReference>
<ProgramReference>
<Code>9102</Code>
<Text>WOMEN, MINORITY, DISABLED, NEC</Text>
</ProgramReference>
<Appropriation>
<Code>0120</Code>
<Name>NSF RESEARCH &amp; RELATED ACTIVIT</Name>
<APP_SYMB_ID>040100</APP_SYMB_ID>
</Appropriation>
<Fund>
<Code>01002021DB</Code>
<Name><![CDATA[NSF RESEARCH & RELATED ACTIVIT]]></Name>
<FUND_SYMB_ID>040100</FUND_SYMB_ID>
</Fund>
<FUND_OBLG>2020~0</FUND_OBLG>
</Award>
</rootTag>
