<?xml version="1.0" encoding="UTF-8"?>
<rootTag>
<Award>
<AwardTitle><![CDATA[Collaborative research: Investigating effects of geologic complexity on induced seismicity, using M0-M5.7 seismicity from Prague, Oklahoma]]></AwardTitle>
<AGENCY>NSF</AGENCY>
<AwardEffectiveDate>09/01/2019</AwardEffectiveDate>
<AwardExpirationDate>04/30/2022</AwardExpirationDate>
<AwardTotalIntnAmount>97836.00</AwardTotalIntnAmount>
<AwardAmount>97836</AwardAmount>
<AwardInstrument>
<Value>Standard Grant</Value>
</AwardInstrument>
<Organization>
<Code>06030000</Code>
<Directorate>
<Abbreviation>GEO</Abbreviation>
<LongName>Directorate For Geosciences</LongName>
</Directorate>
<Division>
<Abbreviation>EAR</Abbreviation>
<LongName>Division Of Earth Sciences</LongName>
</Division>
</Organization>
<ProgramOfficer>
<SignBlockName>Eva Zanzerkia</SignBlockName>
<PO_EMAI>ezanzerk@nsf.gov</PO_EMAI>
<PO_PHON>7032924734</PO_PHON>
</ProgramOfficer>
<AbstractNarration>The recent surge in induced seismicity in the Midwestern United States, during which Oklahoma has catapulted past California in seismicity rate, has created controversy, captured the attention of the general public, and influenced policy. As a result, induced seismicity has become a focal point of earthquake science in the United States over the last few years; however, much remains to be learned about the mechanisms of induced seismicity.  In this research the well-recorded 2011 Prague, OK earthquake sequence will be used to investigate deformation on a scale not commonly obtainable in seismicity studies (earthquake location with precision ~10 meters). Such well-located earthquakes allow for better understanding of how complex faults fail.  Furthermore, laboratory experiments on the rocks from the Prague area will provide information on how strong and stable the faults are, and how pumping fluids into the faults might promote earthquakes.&lt;br/&gt;&lt;br/&gt;The Prague sequence contains three earthquakes greater than Mw5 and their robust aftershock sequences, as well as the foreshock sequences for two large events. The precision with which the Prague earthquakes can be located allows the failure processes to be considered on a scale comparable to fault structures measured in studies of exhumed faults. In addition, complementary laboratory experiments on lithologies from the Prague area will allow study of the effects of fluid pressure on fault strength and stability. The ultimate goal is to use the Prague dataset to probe the influence of fluid pressure and fault zone complexity on earthquake nucleation, propagation, and arrest. Specifically this work will address the following questions: 1) Do the faults near Prague show precursory activity that could be used to forecast rupture? 2) How does complex fault geometry control rupture? and 3) How do fault strength, strength heterogeneity, and fault stability play a role in induced earthquakes?</AbstractNarration>
<MinAmdLetterDate>12/13/2019</MinAmdLetterDate>
<MaxAmdLetterDate>12/13/2019</MaxAmdLetterDate>
<ARRAAmount/>
<TRAN_TYPE>Grant</TRAN_TYPE>
<CFDA_NUM>47.050</CFDA_NUM>
<NSF_PAR_USE_FLAG>1</NSF_PAR_USE_FLAG>
<FUND_AGCY_CODE>4900</FUND_AGCY_CODE>
<AWDG_AGCY_CODE>4900</AWDG_AGCY_CODE>
<AwardID>2001541</AwardID>
<Investigator>
<FirstName>Heather</FirstName>
<LastName>Savage</LastName>
<PI_MID_INIT>M</PI_MID_INIT>
<PI_SUFX_NAME/>
<PI_FULL_NAME>Heather M Savage</PI_FULL_NAME>
<EmailAddress><![CDATA[hsavage@ucsc.edu]]></EmailAddress>
<NSF_ID>000569517</NSF_ID>
<StartDate>12/13/2019</StartDate>
<EndDate/>
<RoleCode>Principal Investigator</RoleCode>
</Investigator>
<Institution>
<Name><![CDATA[University of California-Santa Cruz]]></Name>
<CityName>SANTA CRUZ</CityName>
<ZipCode>950641077</ZipCode>
<PhoneNumber>8314595278</PhoneNumber>
<StreetAddress><![CDATA[1156 HIGH ST]]></StreetAddress>
<StreetAddress2/>
<CountryName>United States</CountryName>
<StateName>California</StateName>
<StateCode>CA</StateCode>
<CONGRESSDISTRICT>19</CONGRESSDISTRICT>
<CONGRESS_DISTRICT_ORG>CA19</CONGRESS_DISTRICT_ORG>
<ORG_UEI_NUM>VXUFPE4MCZH5</ORG_UEI_NUM>
<ORG_LGL_BUS_NAME>UNIVERSITY OF CALIFORNIA SANTA CRUZ</ORG_LGL_BUS_NAME>
<ORG_PRNT_UEI_NUM/>
</Institution>
<Performance_Institution>
<Name><![CDATA[University of California]]></Name>
<CityName>Santa Cruz</CityName>
<StateCode>CA</StateCode>
<ZipCode>950641077</ZipCode>
<StreetAddress><![CDATA[1156 High Street]]></StreetAddress>
<CountryCode>US</CountryCode>
<CountryName>United States</CountryName>
<StateName>California</StateName>
<CountryFlag>1</CountryFlag>
<CONGRESSDISTRICT>19</CONGRESSDISTRICT>
<CONGRESS_DISTRICT_PERF>CA19</CONGRESS_DISTRICT_PERF>
</Performance_Institution>
<ProgramElement>
<Code>034Y00</Code>
<Text>PREEVENTS - Prediction of and</Text>
</ProgramElement>
<ProgramElement>
<Code>157400</Code>
<Text>Geophysics</Text>
</ProgramElement>
<Appropriation>
<Code>0117</Code>
<Name>NSF RESEARCH &amp; RELATED ACTIVIT</Name>
<APP_SYMB_ID>040100</APP_SYMB_ID>
</Appropriation>
<Fund>
<Code>01001718DB</Code>
<Name><![CDATA[NSF RESEARCH & RELATED ACTIVIT]]></Name>
<FUND_SYMB_ID>040100</FUND_SYMB_ID>
</Fund>
<FUND_OBLG>2017~97835</FUND_OBLG>
<POR>
<DRECONTENT><![CDATA[<div class="porColContainerWBG"> <div class="porContentCol"><p>Induced seismicity, or earthquakes that are related to human activity such as waste-water disposal, poses a risk to people and infrastructure. In the 2010s, induced earthquakes became very common in the midwestern United States and in particularly in Oklahoma.&nbsp; The 2011 Prague OK earthquake sequence consisted of three earthquakes greater than magnitude 5 and their associated foreshocks and aftershocks. &nbsp;The earthquakes were well recorded due to the deployment of several local seismometers. This grant used the earthquake catalog generated during that sequence to investigate how such a complex earthquake was generated. Specifically, we used the occurrence of small, nearly identical earthquakes known as repeating earthquakes as a proxy for times when the faults in the vicinity were slipping slowly rather than quickly like they do in earthquakes. Such slow slip can alleviate stress in some areas but also load faults in other regions that might be more likely to generate earthquakes in the future. We find that slow slip is most likely to be generated at the intersection of multiple faults. In addition, we studied the frictional properties of the rocks where the earthquakes were occurring by using drillcores that were taken from the relevant lithologies. The frictional properties and the stress conditions underground can lead to a fault to either slip slowly or in an earthquake, and this is an important distinction to be able to make to be able to assess seismic hazard. We studied friction of faults with different pore fluid pressures to determine whether high pore fluid pressures that might be expected in areas of induced seismicity changed the faults ability to restrengthen (heal) but the data suggest that high fluid pressures do not inhibit healing.</p> <p>&nbsp;</p><br> <p>            Last Modified: 09/30/2022<br>      Modified by: Heather&nbsp;M&nbsp;Savage</p> </div> <div class="porSideCol"></div> </div>]]></DRECONTENT>
<POR_COPY_TXT><![CDATA[ Induced seismicity, or earthquakes that are related to human activity such as waste-water disposal, poses a risk to people and infrastructure. In the 2010s, induced earthquakes became very common in the midwestern United States and in particularly in Oklahoma.  The 2011 Prague OK earthquake sequence consisted of three earthquakes greater than magnitude 5 and their associated foreshocks and aftershocks.  The earthquakes were well recorded due to the deployment of several local seismometers. This grant used the earthquake catalog generated during that sequence to investigate how such a complex earthquake was generated. Specifically, we used the occurrence of small, nearly identical earthquakes known as repeating earthquakes as a proxy for times when the faults in the vicinity were slipping slowly rather than quickly like they do in earthquakes. Such slow slip can alleviate stress in some areas but also load faults in other regions that might be more likely to generate earthquakes in the future. We find that slow slip is most likely to be generated at the intersection of multiple faults. In addition, we studied the frictional properties of the rocks where the earthquakes were occurring by using drillcores that were taken from the relevant lithologies. The frictional properties and the stress conditions underground can lead to a fault to either slip slowly or in an earthquake, and this is an important distinction to be able to make to be able to assess seismic hazard. We studied friction of faults with different pore fluid pressures to determine whether high pore fluid pressures that might be expected in areas of induced seismicity changed the faults ability to restrengthen (heal) but the data suggest that high fluid pressures do not inhibit healing.          Last Modified: 09/30/2022       Submitted by: Heather M Savage]]></POR_COPY_TXT>
</POR>
</Award>
</rootTag>
