<?xml version="1.0" encoding="UTF-8"?>
<rootTag>
<Award>
<AwardTitle><![CDATA[NSF-BSF Application: Selective Electrosorption for Boron Removal and Recovery from Seawater]]></AwardTitle>
<AGENCY>NSF</AGENCY>
<AwardEffectiveDate>07/15/2020</AwardEffectiveDate>
<AwardExpirationDate>06/30/2024</AwardExpirationDate>
<AwardTotalIntnAmount>391988.00</AwardTotalIntnAmount>
<AwardAmount>391988</AwardAmount>
<AwardInstrument>
<Value>Standard Grant</Value>
</AwardInstrument>
<Organization>
<Code>07020000</Code>
<Directorate>
<Abbreviation>ENG</Abbreviation>
<LongName>Directorate For Engineering</LongName>
</Directorate>
<Division>
<Abbreviation>CBET</Abbreviation>
<LongName>Div Of Chem, Bioeng, Env, &amp; Transp Sys</LongName>
</Division>
</Organization>
<ProgramOfficer>
<SignBlockName>Karl Rockne</SignBlockName>
<PO_EMAI>krockne@nsf.gov</PO_EMAI>
<PO_PHON>7032927293</PO_PHON>
</ProgramOfficer>
<AbstractNarration>Agricultural irrigation is the largest user of water in the United States, accounting for approximately 80 percent of the Nation’s clean water consumption. Seawater desalination is a drought-proof technology that can address growing demands for water in agriculture and other uses. At present, seawater reverse osmosis (SWRO) is the best available commercially available desalination technology. However, the desalinated seawater cannot be used directly in irrigation due to the limited ability to remove boron. This results from limitations on the boron retention capability of commercial SWRO membranes. Boron adversely impacts plant growth and damages apple, citrus, grapes, and other crops when water containing more than 0.3 mg/L of boron is used in irrigation. Thus, commercial SWRO plants must use an additional purification step to reduce boron concentration to acceptable concentrations. This greatly increases the energy consumption and costs of using desalinated water for agriculture. The proposed research will address the inefficiencies associated with boron removal through the development of a novel selective separation technology based on electrosorption. This new technology will be chemical-free, energy efficient, and capable of recovering a high purity boron stream for beneficial uses. Successful completion of this project will advance the development of the next generation of sustainable SWRO plants, with great potential benefit to society. The project will fruther benefit society by providing research training to graduate and undergraduate students at Yale University. Also, the investigator will promote diversity and enhance the involvement of under-represented groups in science and engineering through engagement in Yale's K-12 outreach activities. &lt;br/&gt;&lt;br/&gt;A critical and unresolved challenge in SWRO desalination is to produce a permeate water stream suitable for irrigation without additional and costly purification to remove plant-toxic elements such as boron. The overall goal of this project is to develop an innovative flow-through electrosorption process for boron removal and recovery in seawater desalination. To achieve this goal, the PI proposes to carry out an integrated experimental and modeling project structured around the following tasks: 1) fabrication of an ultra-selective positive electrode (anode) using boron-chelating resins as building blocks; 2) performance testing of the fabricated electrodes for selective boron removal and recovery; 3) elucidation of the mechanisms underlying selective boron electrosorption; 4) assessment of the impact of electrochemical reactions on the long-term stability and boron selectivity of the electrodes; and 5) evaluation and modeling of the energy consumption and boron selectivity of the combined SWRO-electrosorption process. The proposed work would be the first to study boron-selective removal and recovery from seawater using a chemical-free method. The successful completion of this research has potential to transform desalination through the development of a more energy efficient and sustainable boron removal and recovery process from SWRO plants.&lt;br/&gt;&lt;br/&gt;This award reflects NSF's statutory mission and has been deemed worthy of support through evaluation using the Foundation's intellectual merit and broader impacts review criteria.</AbstractNarration>
<MinAmdLetterDate>07/10/2020</MinAmdLetterDate>
<MaxAmdLetterDate>07/10/2020</MaxAmdLetterDate>
<ARRAAmount/>
<TRAN_TYPE>Grant</TRAN_TYPE>
<CFDA_NUM>47.041</CFDA_NUM>
<NSF_PAR_USE_FLAG>1</NSF_PAR_USE_FLAG>
<FUND_AGCY_CODE>4900</FUND_AGCY_CODE>
<AWDG_AGCY_CODE>4900</AWDG_AGCY_CODE>
<AwardID>2001219</AwardID>
<Investigator>
<FirstName>Menachem</FirstName>
<LastName>Elimelech</LastName>
<PI_MID_INIT/>
<PI_SUFX_NAME/>
<PI_FULL_NAME>Menachem Elimelech</PI_FULL_NAME>
<EmailAddress><![CDATA[menachem.elimelech@yale.edu]]></EmailAddress>
<NSF_ID>000207760</NSF_ID>
<StartDate>07/10/2020</StartDate>
<EndDate/>
<RoleCode>Principal Investigator</RoleCode>
</Investigator>
<Institution>
<Name><![CDATA[Yale University]]></Name>
<CityName>NEW HAVEN</CityName>
<ZipCode>065113572</ZipCode>
<PhoneNumber>2037854689</PhoneNumber>
<StreetAddress><![CDATA[150 MUNSON ST]]></StreetAddress>
<StreetAddress2/>
<CountryName>United States</CountryName>
<StateName>Connecticut</StateName>
<StateCode>CT</StateCode>
<CONGRESSDISTRICT>03</CONGRESSDISTRICT>
<CONGRESS_DISTRICT_ORG>CT03</CONGRESS_DISTRICT_ORG>
<ORG_UEI_NUM>FL6GV84CKN57</ORG_UEI_NUM>
<ORG_LGL_BUS_NAME>YALE UNIV</ORG_LGL_BUS_NAME>
<ORG_PRNT_UEI_NUM>FL6GV84CKN57</ORG_PRNT_UEI_NUM>
</Institution>
<Performance_Institution>
<Name><![CDATA[Yale University]]></Name>
<CityName>New Haven</CityName>
<StateCode>CT</StateCode>
<ZipCode>065208286</ZipCode>
<StreetAddress><![CDATA[17 Hillhouse Ave.]]></StreetAddress>
<CountryCode>US</CountryCode>
<CountryName>United States</CountryName>
<StateName>Connecticut</StateName>
<CountryFlag>1</CountryFlag>
<CONGRESSDISTRICT>03</CONGRESSDISTRICT>
<CONGRESS_DISTRICT_PERF>CT03</CONGRESS_DISTRICT_PERF>
</Performance_Institution>
<ProgramElement>
<Code>144000</Code>
<Text>EnvE-Environmental Engineering</Text>
</ProgramElement>
<ProgramReference>
<Code>014Z</Code>
<Text>NSF and US-Israel Binational Science Fou</Text>
</ProgramReference>
<ProgramReference>
<Code>5905</Code>
<Text>ISRAEL</Text>
</ProgramReference>
<Appropriation>
<Code>0120</Code>
<Name>NSF RESEARCH &amp; RELATED ACTIVIT</Name>
<APP_SYMB_ID>040100</APP_SYMB_ID>
</Appropriation>
<Fund>
<Code>01002021DB</Code>
<Name><![CDATA[NSF RESEARCH & RELATED ACTIVIT]]></Name>
<FUND_SYMB_ID>040100</FUND_SYMB_ID>
</Fund>
<FUND_OBLG>2020~391988</FUND_OBLG>
</Award>
</rootTag>
