<?xml version="1.0" encoding="UTF-8"?>
<rootTag>
<Award>
<AwardTitle><![CDATA[CAREER: Rethinking HPC Resilience in the Exascale Era]]></AwardTitle>
<AGENCY>NSF</AGENCY>
<AwardEffectiveDate>08/12/2019</AwardEffectiveDate>
<AwardExpirationDate>12/31/2024</AwardExpirationDate>
<AwardTotalIntnAmount>406744.00</AwardTotalIntnAmount>
<AwardAmount>406744</AwardAmount>
<AwardInstrument>
<Value>Continuing Grant</Value>
</AwardInstrument>
<Organization>
<Code>05050000</Code>
<Directorate>
<Abbreviation>CSE</Abbreviation>
<LongName>Direct For Computer &amp; Info Scie &amp; Enginr</LongName>
</Directorate>
<Division>
<Abbreviation>CNS</Abbreviation>
<LongName>Division Of Computer and Network Systems</LongName>
</Division>
</Organization>
<ProgramOfficer>
<SignBlockName>Daniela Oliveira</SignBlockName>
<PO_EMAI>doliveir@nsf.gov</PO_EMAI>
<PO_PHON>7032920000</PO_PHON>
</ProgramOfficer>
<AbstractNarration>Resilience is one of the key exascale research challenges in high-performance&lt;br/&gt;computing (HPC). Due to much high error rates, exascale supercomputers could&lt;br/&gt;make little progress in computations, or might generate incorrect results due to&lt;br/&gt;failures, rendering the exascale performance useless.  The&lt;br/&gt;challenge is how to achieve a complete HPC resilience at exascale in a way that&lt;br/&gt;does not increase the performance overhead, the power consumption, and the&lt;br/&gt;complexity of underlying hardware.  To this end, this research project designs&lt;br/&gt;and develops low-cost hardware/software cooperative techniques for HPC&lt;br/&gt;resilience in the exascale era. &lt;br/&gt;&lt;br/&gt;This project involves four research goals: (1) low-cost soft error resilience&lt;br/&gt;for CPUs; intelligent compiler-architecture interaction can validate the lack of&lt;br/&gt;errors and performs fine-grained recovery, thus eliminating SDC.  (2)&lt;br/&gt;compiler-directed soft error resilience for commodity GPUs; it can remove the&lt;br/&gt;power-hungry error-correcting code (ECC) logic from the GPU register files&lt;br/&gt;without compromising their resilience.  (3) lightweight nonvolatile memory (NVM)&lt;br/&gt;persistence; it can mitigate the overhead of traditional heavyweight HPC&lt;br/&gt;checkpointing and support whole-system persistence for applications without&lt;br/&gt;irrevocable operations.  (4) low-cost timing error resilience for aggressive&lt;br/&gt;voltage scaling to maximize the energy-efficiency with program correctness&lt;br/&gt;guarantee.&lt;br/&gt;&lt;br/&gt;The resulting artifacts and technologies are expected to contribute to the&lt;br/&gt;nation's competitiveness by addressing the challenge of building reliable HPC&lt;br/&gt;systems.  The research outcome impacts a broad range of any disciplines that&lt;br/&gt;need correct computation results thus requiring reliable computing systems&lt;br/&gt;covering from embedded systems to HPC cloud. Consequently, use of the proposed&lt;br/&gt;techniques will make the execution of current and emerging applications much&lt;br/&gt;more reliable, and therefore directly affect our way of life.&lt;br/&gt;&lt;br/&gt;There will be three types of data generated from this research project: (1)&lt;br/&gt;algorithms and models, (2) software prototype, (3) testing infrastructure&lt;br/&gt;including simulators and evaluation benchmarks and their traces, (4) educational&lt;br/&gt;materials. All of our software tools will be open source and made available to&lt;br/&gt;the public, laboratories and industry.</AbstractNarration>
<MinAmdLetterDate>10/31/2019</MinAmdLetterDate>
<MaxAmdLetterDate>03/03/2022</MaxAmdLetterDate>
<ARRAAmount/>
<TRAN_TYPE>Grant</TRAN_TYPE>
<CFDA_NUM>47.070</CFDA_NUM>
<NSF_PAR_USE_FLAG>1</NSF_PAR_USE_FLAG>
<FUND_AGCY_CODE>4900</FUND_AGCY_CODE>
<AWDG_AGCY_CODE>4900</AWDG_AGCY_CODE>
<AwardID>2001124</AwardID>
<Investigator>
<FirstName>Changhee</FirstName>
<LastName>Jung</LastName>
<PI_MID_INIT/>
<PI_SUFX_NAME/>
<PI_FULL_NAME>Changhee Jung</PI_FULL_NAME>
<EmailAddress><![CDATA[chjung@purdue.edu]]></EmailAddress>
<NSF_ID>000654054</NSF_ID>
<StartDate>10/31/2019</StartDate>
<EndDate/>
<RoleCode>Principal Investigator</RoleCode>
</Investigator>
<Institution>
<Name><![CDATA[Purdue University]]></Name>
<CityName>WEST LAFAYETTE</CityName>
<ZipCode>479061332</ZipCode>
<PhoneNumber>7654941055</PhoneNumber>
<StreetAddress><![CDATA[2550 NORTHWESTERN AVE # 1100]]></StreetAddress>
<StreetAddress2/>
<CountryName>United States</CountryName>
<StateName>Indiana</StateName>
<StateCode>IN</StateCode>
<CONGRESSDISTRICT>04</CONGRESSDISTRICT>
<CONGRESS_DISTRICT_ORG>IN04</CONGRESS_DISTRICT_ORG>
<ORG_UEI_NUM>YRXVL4JYCEF5</ORG_UEI_NUM>
<ORG_LGL_BUS_NAME>PURDUE UNIVERSITY</ORG_LGL_BUS_NAME>
<ORG_PRNT_UEI_NUM>YRXVL4JYCEF5</ORG_PRNT_UEI_NUM>
</Institution>
<Performance_Institution>
<Name><![CDATA[Purdue University]]></Name>
<CityName>West Lafayette</CityName>
<StateCode>IN</StateCode>
<ZipCode>479072114</ZipCode>
<StreetAddress><![CDATA[155 S. Grant Street]]></StreetAddress>
<CountryCode>US</CountryCode>
<CountryName>United States</CountryName>
<StateName>Indiana</StateName>
<CountryFlag>1</CountryFlag>
<CONGRESSDISTRICT>04</CONGRESSDISTRICT>
<CONGRESS_DISTRICT_PERF>IN04</CONGRESS_DISTRICT_PERF>
</Performance_Institution>
<ProgramElement>
<Code>171400</Code>
<Text>Special Projects - CNS</Text>
</ProgramElement>
<ProgramElement>
<Code>735400</Code>
<Text>CSR-Computer Systems Research</Text>
</ProgramElement>
<ProgramReference>
<Code>1045</Code>
<Text>CAREER-Faculty Erly Career Dev</Text>
</ProgramReference>
<Appropriation>
<Code/>
<Name/>
<APP_SYMB_ID/>
</Appropriation>
<Appropriation>
<Code/>
<Name/>
<APP_SYMB_ID/>
</Appropriation>
<Appropriation>
<Code/>
<Name/>
<APP_SYMB_ID/>
</Appropriation>
<Appropriation>
<Code>0120</Code>
<Name>NSF RESEARCH &amp; RELATED ACTIVIT</Name>
<APP_SYMB_ID>040100</APP_SYMB_ID>
</Appropriation>
<Fund>
<Code>01001920DB</Code>
<Name><![CDATA[NSF RESEARCH & RELATED ACTIVIT]]></Name>
<FUND_SYMB_ID>040100</FUND_SYMB_ID>
</Fund>
<Fund>
<Code>01002021DB</Code>
<Name><![CDATA[NSF RESEARCH & RELATED ACTIVIT]]></Name>
<FUND_SYMB_ID>040100</FUND_SYMB_ID>
</Fund>
<Fund>
<Code>01002223DB</Code>
<Name><![CDATA[NSF RESEARCH & RELATED ACTIVIT]]></Name>
<FUND_SYMB_ID>040100</FUND_SYMB_ID>
</Fund>
<Fund>
<Code>01002021DB</Code>
<Name><![CDATA[NSF RESEARCH & RELATED ACTIVIT]]></Name>
<FUND_SYMB_ID>040100</FUND_SYMB_ID>
</Fund>
<FUND_OBLG>2019~73420</FUND_OBLG>
<FUND_OBLG>2020~220344</FUND_OBLG>
<FUND_OBLG>2022~112980</FUND_OBLG>
</Award>
</rootTag>
