<?xml version="1.0" encoding="UTF-8"?>
<rootTag>
<Award>
<AwardTitle><![CDATA[RUI: Compactifying Moduli Spaces of Orbits, Covers, and Curves]]></AwardTitle>
<AGENCY>NSF</AGENCY>
<AwardEffectiveDate>09/01/2020</AwardEffectiveDate>
<AwardExpirationDate>08/31/2024</AwardExpirationDate>
<AwardTotalIntnAmount>160217.00</AwardTotalIntnAmount>
<AwardAmount>160217</AwardAmount>
<AwardInstrument>
<Value>Standard Grant</Value>
</AwardInstrument>
<Organization>
<Code>03040000</Code>
<Directorate>
<Abbreviation>MPS</Abbreviation>
<LongName>Direct For Mathematical &amp; Physical Scien</LongName>
</Directorate>
<Division>
<Abbreviation>DMS</Abbreviation>
<LongName>Division Of Mathematical Sciences</LongName>
</Division>
</Organization>
<ProgramOfficer>
<SignBlockName>James Matthew Douglass</SignBlockName>
<PO_EMAI>mdouglas@nsf.gov</PO_EMAI>
<PO_PHON>7032922467</PO_PHON>
</ProgramOfficer>
<AbstractNarration>One of the most consequential advances in mathematics during the 20th century was motivated by a change in perspective: instead of studying a single mathematical object, we should broaden our scope and study how classes of objects fit together in families. To draw an analogy with ecology, this change in perspective is akin to the realization that, in order to understand the movement of a single fish in the sea, it helps a great deal to understand how that fish interacts with the other members of their school. In mathematics, the notion of a moduli space loosely refers to an entire family of objects; for example, in the fish analogy, the moduli space could refer to the entire school of fish. Moduli spaces can, themselves, be treated as a single entity, comprised of many, and we can learn about the objects we are interested in by studying the shape of the moduli space that parametrizes them. It can be especially enlightening to understand the shape of moduli spaces near their boundary, and the research supported by this NSF award is driven by the goal of understanding the shape of the boundary of a number of moduli spaces that parametrize different types of families of algebraic curves. This project provides research training opportunities for undergraduate and graduate students.&lt;br/&gt;&lt;br/&gt;The research aspects in this project fall into three interrelated categories, all with the common theme of investigating various compact moduli spaces of curves and what geometric and enumerative information can be gleaned from the structure of their boundary. In the first line of problems, the PI will study new classes of moduli spaces that can be realized as wonderful compactifications associated to certain complex reflection groups. These new moduli spaces provide a fertile testing ground for investigating the extent to which polyhedral methods can be generalized beyond toric varieties. In the second line of problems, the PI will introduce moduli spaces into the study of factorization problems in complex reflection groups. In particular, the primary objective is to study the polynomial structure of factorizations by constructing a suitable compactification of the associated moduli spaces of admissible covers. In the final line of problems, the PI will initiate a study of the tautological rings of the moduli spaces of pseudo-stable curves. These spaces provide alternative compactifications of the moduli spaces of curves that allow for curves with cuspidal singularities, instead of the usual nodal singularities, and progress in this research would lead to advances concerning the enumerative geometry of curves with cuspidal singularities.&lt;br/&gt;&lt;br/&gt;This award reflects NSF's statutory mission and has been deemed worthy of support through evaluation using the Foundation's intellectual merit and broader impacts review criteria.</AbstractNarration>
<MinAmdLetterDate>04/13/2020</MinAmdLetterDate>
<MaxAmdLetterDate>04/13/2020</MaxAmdLetterDate>
<ARRAAmount/>
<TRAN_TYPE>Grant</TRAN_TYPE>
<CFDA_NUM>47.049</CFDA_NUM>
<NSF_PAR_USE_FLAG>1</NSF_PAR_USE_FLAG>
<FUND_AGCY_CODE>4900</FUND_AGCY_CODE>
<AWDG_AGCY_CODE>4900</AWDG_AGCY_CODE>
<AwardID>2001439</AwardID>
<Investigator>
<FirstName>Dustin</FirstName>
<LastName>Ross</LastName>
<PI_MID_INIT/>
<PI_SUFX_NAME/>
<PI_FULL_NAME>Dustin Ross</PI_FULL_NAME>
<EmailAddress><![CDATA[rossd@sfsu.edu]]></EmailAddress>
<NSF_ID>000734486</NSF_ID>
<StartDate>04/13/2020</StartDate>
<EndDate/>
<RoleCode>Principal Investigator</RoleCode>
</Investigator>
<Institution>
<Name><![CDATA[San Francisco State University]]></Name>
<CityName>SAN FRANCISCO</CityName>
<ZipCode>941321740</ZipCode>
<PhoneNumber>4153387090</PhoneNumber>
<StreetAddress><![CDATA[1600 HOLLOWAY AVE]]></StreetAddress>
<StreetAddress2/>
<CountryName>United States</CountryName>
<StateName>California</StateName>
<StateCode>CA</StateCode>
<CONGRESSDISTRICT>11</CONGRESSDISTRICT>
<CONGRESS_DISTRICT_ORG>CA11</CONGRESS_DISTRICT_ORG>
<ORG_UEI_NUM>F4SLJ5WF59F6</ORG_UEI_NUM>
<ORG_LGL_BUS_NAME>SAN FRANCISCO STATE UNIVERSITY</ORG_LGL_BUS_NAME>
<ORG_PRNT_UEI_NUM>NUDGYLBB4S99</ORG_PRNT_UEI_NUM>
</Institution>
<Performance_Institution>
<Name><![CDATA[San Francisco State University]]></Name>
<CityName>San Francisco</CityName>
<StateCode>CA</StateCode>
<ZipCode>941321722</ZipCode>
<StreetAddress><![CDATA[1600 Holloway Ave., ADM 471]]></StreetAddress>
<CountryCode>US</CountryCode>
<CountryName>United States</CountryName>
<StateName>California</StateName>
<CountryFlag>1</CountryFlag>
<CONGRESSDISTRICT>11</CONGRESSDISTRICT>
<CONGRESS_DISTRICT_PERF>CA11</CONGRESS_DISTRICT_PERF>
</Performance_Institution>
<ProgramElement>
<Code>126400</Code>
<Text>ALGEBRA,NUMBER THEORY,AND COM</Text>
</ProgramElement>
<ProgramReference>
<Code>9229</Code>
<Text>RES IN UNDERGRAD INST-RESEARCH</Text>
</ProgramReference>
<Appropriation>
<Code>0120</Code>
<Name>NSF RESEARCH &amp; RELATED ACTIVIT</Name>
<APP_SYMB_ID>040100</APP_SYMB_ID>
</Appropriation>
<Fund>
<Code>01002021DB</Code>
<Name><![CDATA[NSF RESEARCH & RELATED ACTIVIT]]></Name>
<FUND_SYMB_ID>040100</FUND_SYMB_ID>
</Fund>
<FUND_OBLG>2020~160217</FUND_OBLG>
</Award>
</rootTag>
