<?xml version="1.0" encoding="UTF-8"?>
<rootTag>
<Award>
<AwardTitle><![CDATA[Moduli Spaces and Galois Theory in Arithmetic Dynamics]]></AwardTitle>
<AGENCY>NSF</AGENCY>
<AwardEffectiveDate>05/15/2020</AwardEffectiveDate>
<AwardExpirationDate>01/31/2021</AwardExpirationDate>
<AwardTotalIntnAmount>116762.00</AwardTotalIntnAmount>
<AwardAmount>116762</AwardAmount>
<AwardInstrument>
<Value>Standard Grant</Value>
</AwardInstrument>
<Organization>
<Code>03040000</Code>
<Directorate>
<Abbreviation>MPS</Abbreviation>
<LongName>Direct For Mathematical &amp; Physical Scien</LongName>
</Directorate>
<Division>
<Abbreviation>DMS</Abbreviation>
<LongName>Division Of Mathematical Sciences</LongName>
</Division>
</Organization>
<ProgramOfficer>
<SignBlockName>michelle manes</SignBlockName>
<PO_EMAI/>
<PO_PHON/>
</ProgramOfficer>
<AbstractNarration>Arithmetic dynamics is a relatively new discipline that brings together two major areas of mathematics: number theory, traditionally the study of the integers and integer (or rational) solutions to polynomial equations, and discrete dynamical systems, where one studies the long term behavior of functions under repeated iteration. This project will further develop and combine two facets of arithmetic dynamics: one is geometric in nature, using geometric objects (moduli spaces) to classify dynamical systems with specified dynamical behaviors, and the other is algebraic, understanding algebraic symmetries (Galois theory) associated to dynamical systems. The fields of number theory and, to some extent, arithmetic dynamics have found uses in cryptography and related areas. The PI will continue outreach activities with the aim of using cryptography as a means of introducing a more general audience to interesting mathematics. This project is jointly funded by the Algebra and Number Theory program and the Established Program to Stimulate Competitive Research (EPSCoR).&lt;br/&gt;&lt;br/&gt;&lt;br/&gt;The field of arithmetic dynamics is heavily motivated by analogies between arithmetic geometry and dynamical systems. One important such connection is that preperiodic points for endomorphisms of projective space play a role similar to torsion points on elliptic curves (or, more generally, abelian varieties). The focus of this project is to further investigate this analogy from the moduli-theoretic and Galois-theoretic perspectives. The PI has been involved with the development of the theory of moduli spaces that parametrize endomorphisms with marked preperiodic points -- analogous to classical modular curves, which parametrize elliptic curves with marked torsion points. Such moduli spaces have already played a fundamental role in progress toward the dynamical uniform boundedness conjecture of Morton and Silverman, a dynamical analogue of the Mazur-Merel strong uniform boundedness theorem for torsion points on elliptic curves. In order to make further progress on this difficult uniform boundedness problem, the PI proposes to study the geometry of dynamical moduli spaces attached to certain dynamically interesting families of functions (e.g., quadratic rational maps with a critical point of a given period). The analogy between preperiodic points and torsion points also lends itself to a dynamical analogue of Serre's open image theorem, a finite-index result for the adelic Galois representation associated to torsion points on elliptic curves. The PI proposes studying the appropriate Galois representation attached to (pre)periodic points for rational maps -- especially in the function field setting, where results will provide new insights into the geometry of dynamical moduli spaces.&lt;br/&gt;&lt;br/&gt;This award reflects NSF's statutory mission and has been deemed worthy of support through evaluation using the Foundation's intellectual merit and broader impacts review criteria.</AbstractNarration>
<MinAmdLetterDate>05/21/2020</MinAmdLetterDate>
<MaxAmdLetterDate>05/21/2020</MaxAmdLetterDate>
<ARRAAmount/>
<TRAN_TYPE>Grant</TRAN_TYPE>
<CFDA_NUM>47.049</CFDA_NUM>
<NSF_PAR_USE_FLAG>1</NSF_PAR_USE_FLAG>
<FUND_AGCY_CODE>4900</FUND_AGCY_CODE>
<AWDG_AGCY_CODE>4900</AWDG_AGCY_CODE>
<AwardID>2001486</AwardID>
<Investigator>
<FirstName>John</FirstName>
<LastName>Doyle</LastName>
<PI_MID_INIT>R</PI_MID_INIT>
<PI_SUFX_NAME/>
<PI_FULL_NAME>John R Doyle</PI_FULL_NAME>
<EmailAddress><![CDATA[john.r.doyle@okstate.edu]]></EmailAddress>
<NSF_ID>000704790</NSF_ID>
<StartDate>05/21/2020</StartDate>
<EndDate/>
<RoleCode>Principal Investigator</RoleCode>
</Investigator>
<Institution>
<Name><![CDATA[Louisiana Tech University]]></Name>
<CityName>RUSTON</CityName>
<ZipCode>712720001</ZipCode>
<PhoneNumber>3182575075</PhoneNumber>
<StreetAddress><![CDATA[RAIL ROAD AVE WYLY TWR 1620]]></StreetAddress>
<StreetAddress2/>
<CountryName>United States</CountryName>
<StateName>Louisiana</StateName>
<StateCode>LA</StateCode>
<CONGRESSDISTRICT>05</CONGRESSDISTRICT>
<CONGRESS_DISTRICT_ORG>LA05</CONGRESS_DISTRICT_ORG>
<ORG_UEI_NUM>PAMDY6DMVVE7</ORG_UEI_NUM>
<ORG_LGL_BUS_NAME>LOUISIANA TECH UNIVERSITY</ORG_LGL_BUS_NAME>
<ORG_PRNT_UEI_NUM>PAMDY6DMVVE7</ORG_PRNT_UEI_NUM>
</Institution>
<Performance_Institution>
<Name><![CDATA[Louisiana Tech University]]></Name>
<CityName/>
<StateCode>LA</StateCode>
<ZipCode>712723178</ZipCode>
<StreetAddress/>
<CountryCode>US</CountryCode>
<CountryName>United States</CountryName>
<StateName>Louisiana</StateName>
<CountryFlag>1</CountryFlag>
<CONGRESSDISTRICT>05</CONGRESSDISTRICT>
<CONGRESS_DISTRICT_PERF>LA05</CONGRESS_DISTRICT_PERF>
</Performance_Institution>
<ProgramElement>
<Code>126400</Code>
<Text>ALGEBRA,NUMBER THEORY,AND COM</Text>
</ProgramElement>
<ProgramElement>
<Code>915000</Code>
<Text>EPSCoR Co-Funding</Text>
</ProgramElement>
<ProgramReference>
<Code>9150</Code>
<Text>EXP PROG TO STIM COMP RES</Text>
</ProgramReference>
<Appropriation>
<Code>0120</Code>
<Name>NSF RESEARCH &amp; RELATED ACTIVIT</Name>
<APP_SYMB_ID>040100</APP_SYMB_ID>
</Appropriation>
<Fund>
<Code>01002021DB</Code>
<Name><![CDATA[NSF RESEARCH & RELATED ACTIVIT]]></Name>
<FUND_SYMB_ID>040100</FUND_SYMB_ID>
</Fund>
<FUND_OBLG>2020~24314</FUND_OBLG>
</Award>
</rootTag>
