<?xml version="1.0" encoding="UTF-8"?>
<rootTag>
<Award>
<AwardTitle><![CDATA[Summer School for Young Researchers on Representations of Finite Groups]]></AwardTitle>
<AGENCY>NSF</AGENCY>
<AwardEffectiveDate>06/01/2020</AwardEffectiveDate>
<AwardExpirationDate>05/31/2021</AwardExpirationDate>
<AwardTotalIntnAmount>10000.00</AwardTotalIntnAmount>
<AwardAmount>10000</AwardAmount>
<AwardInstrument>
<Value>Standard Grant</Value>
</AwardInstrument>
<Organization>
<Code>03040000</Code>
<Directorate>
<Abbreviation>MPS</Abbreviation>
<LongName>Direct For Mathematical &amp; Physical Scien</LongName>
</Directorate>
<Division>
<Abbreviation>DMS</Abbreviation>
<LongName>Division Of Mathematical Sciences</LongName>
</Division>
</Organization>
<ProgramOfficer>
<SignBlockName>James Matthew Douglass</SignBlockName>
<PO_EMAI>mdouglas@nsf.gov</PO_EMAI>
<PO_PHON>7032922467</PO_PHON>
</ProgramOfficer>
<AbstractNarration>This project will support travel of U.S.-based graduate students to attend the international conference "Representations in Castro: A Summer School." The conference is aimed at early-career mathematicians (especially graduate students) and is to be held September 7-12, 2020, at the Centro Internacional de Encuentros Matematicos (CIEM) in Castro Urdiales, Spain. The summer school is primarily for the purpose of training young researchers and encouraging their mastery of the subject area.  It will begin with three days of introductory lectures, followed by three days of more advanced lectures introducing the students to some current hot topics in the mathematical area of representation theory. The conference has three organizers and five speakers, representing a total of six countries. Hence, by allowing U.S.-based students to attend the summer school, this grant will stimulate important international collaboration and networking in the area.   Women and members of other groups underrepresented in mathematics are especially encouraged to participate, as building a network of peers early in one's research career has been shown to be especially crucial for staying active and visible in the field.&lt;br/&gt; &lt;br/&gt;The summer school will encourage cross-pollination between the two related (but sometimes seemingly distant) fields of character theory and module theory.  Many of the recent advances and open conjectures in the area of representation theory have made it clear that there is a strong benefit to combining the techniques from both sides.  The introductory lectures are designed for graduate students and postdocs with a good background in algebra but no prior knowledge in representation theory. They will cover the general theory from two different points of view: one focusing on the more numerical, character-theoretic point of view, and the other on the homological, module-theoretic point of view.  These courses will have a strong focus on arriving at some of the key definitions and concepts in block theory. The second part of the summer school will be aimed at showing the students some of the current directions of representation theory and how both perspectives play a role in some of the fundamental conjectures in the area.  Throughout the summer school, lectures will be alternated with discussion and problem sessions led by the speakers and organizers.  By providing students with an intensive introductory series of courses and lectures on current hot topics in the area, the summer school aims to motivate young researchers to use their talents to advance the state of knowledge in the area and to inspire a new generation of well-rounded representation theorists. The conference website is https://sites.msudenver.edu/castrosummerschool/2019/09/17/hello-world/.&lt;br/&gt;&lt;br/&gt;This award reflects NSF's statutory mission and has been deemed worthy of support through evaluation using the Foundation's intellectual merit and broader impacts review criteria.</AbstractNarration>
<MinAmdLetterDate>04/21/2020</MinAmdLetterDate>
<MaxAmdLetterDate>04/21/2020</MaxAmdLetterDate>
<ARRAAmount/>
<TRAN_TYPE>Grant</TRAN_TYPE>
<CFDA_NUM>47.049</CFDA_NUM>
<NSF_PAR_USE_FLAG>1</NSF_PAR_USE_FLAG>
<FUND_AGCY_CODE>4900</FUND_AGCY_CODE>
<AWDG_AGCY_CODE>4900</AWDG_AGCY_CODE>
<AwardID>2001077</AwardID>
<Investigator>
<FirstName>Mandi</FirstName>
<LastName>Schaeffer Fry</LastName>
<PI_MID_INIT/>
<PI_SUFX_NAME/>
<PI_FULL_NAME>Mandi Schaeffer Fry</PI_FULL_NAME>
<EmailAddress><![CDATA[mandi.schaefferfry@du.edu]]></EmailAddress>
<NSF_ID>000685281</NSF_ID>
<StartDate>04/21/2020</StartDate>
<EndDate/>
<RoleCode>Principal Investigator</RoleCode>
</Investigator>
<Institution>
<Name><![CDATA[Metropolitan State University of Denver]]></Name>
<CityName>DENVER</CityName>
<ZipCode>802041806</ZipCode>
<PhoneNumber>3033527004</PhoneNumber>
<StreetAddress><![CDATA[890 AURARIA PKWY]]></StreetAddress>
<StreetAddress2/>
<CountryName>United States</CountryName>
<StateName>Colorado</StateName>
<StateCode>CO</StateCode>
<CONGRESSDISTRICT>01</CONGRESSDISTRICT>
<CONGRESS_DISTRICT_ORG>CO01</CONGRESS_DISTRICT_ORG>
<ORG_UEI_NUM>UP9BGM1JEM81</ORG_UEI_NUM>
<ORG_LGL_BUS_NAME>METROPOLITAN STATE UNIVERSITY OF DENVER</ORG_LGL_BUS_NAME>
<ORG_PRNT_UEI_NUM>UP9BGM1JEM81</ORG_PRNT_UEI_NUM>
</Institution>
<Performance_Institution>
<Name><![CDATA[Centro Internacional De Encuentros Matematicos]]></Name>
<CityName>Castro Urdiales, Cantabria</CityName>
<StateCode/>
<ZipCode/>
<StreetAddress/>
<CountryCode>SP</CountryCode>
<CountryName>Spain</CountryName>
<StateName>RI REQUIRED</StateName>
<CountryFlag>0</CountryFlag>
<CONGRESSDISTRICT/>
<CONGRESS_DISTRICT_PERF>""</CONGRESS_DISTRICT_PERF>
</Performance_Institution>
<ProgramElement>
<Code>126400</Code>
<Text>ALGEBRA,NUMBER THEORY,AND COM</Text>
</ProgramElement>
<ProgramReference>
<Code>7556</Code>
<Text>CONFERENCE AND WORKSHOPS</Text>
</ProgramReference>
<Appropriation>
<Code>0120</Code>
<Name>NSF RESEARCH &amp; RELATED ACTIVIT</Name>
<APP_SYMB_ID>040100</APP_SYMB_ID>
</Appropriation>
<Fund>
<Code>01002021DB</Code>
<Name><![CDATA[NSF RESEARCH & RELATED ACTIVIT]]></Name>
<FUND_SYMB_ID>040100</FUND_SYMB_ID>
</Fund>
<FUND_OBLG>2020~10000</FUND_OBLG>
<POR>
<DRECONTENT><![CDATA[<div class="porColContainerWBG"> <div class="porContentCol"><p>This project aimed to support travel of U.S.-based graduate students to attend the conference "Representations in Castro: A Summer School". The conference was a summer school on the representation theory of finite groups, aimed at early-career mathematicians (especially graduate students), to be held September 7-12, 2020, at the Centro Internacional de Encuentros Matematicos (CIEM) in Castro Urdiales, Spain.</p> <p class="p1">Intellectual Merit:</p> <p class="p1">By allowing U.S.-based students to attend the summer school, the grant would have stimulated international collaboration in the area of representation theory. The conference had three organizers and five speakers, representing a total of six countries. Further, the summer school would have encouraged cross-pollination between the two related (but sometimes seemingly distant) fields of character theory and module theory. Many of the recent advances and open conjectures in the area have made it clear that there is a strong benefit to being able to combine the techniques from both sides.</p> <p class="p1">Broader Impacts:</p> <p class="p1">The summer school was to be primarily for the purpose of training young researchers and encouraging their full learning of the subject area. It would have been aimed at graduate students at all levels with even a vague interest in the area, without assuming a background in representation theory. In particular, the grant would have allowed U.S.-based graduate students to attend and encourage international collaboration and networking. Women and other underrepresented groups were especially encouraged to participate, as building a network of peers early in one's research career has been shown to be especially crucial for encouraging underrepresented groups and women to stay active and visible in the field of mathematics.</p> <p>Due to the COVID-19 pandemic, the summer school was rescheduled for June, 2021, but eventually cancelled altogether.&nbsp; Due to the cancellation, no funds were spent.</p> <p>&nbsp;</p> <p>&nbsp;</p><br> <p>            Last Modified: 06/01/2021<br>      Modified by: Amanda&nbsp;Schaeffer Fry</p> </div> <div class="porSideCol"></div> </div>]]></DRECONTENT>
<POR_COPY_TXT><![CDATA[ This project aimed to support travel of U.S.-based graduate students to attend the conference "Representations in Castro: A Summer School". The conference was a summer school on the representation theory of finite groups, aimed at early-career mathematicians (especially graduate students), to be held September 7-12, 2020, at the Centro Internacional de Encuentros Matematicos (CIEM) in Castro Urdiales, Spain. Intellectual Merit: By allowing U.S.-based students to attend the summer school, the grant would have stimulated international collaboration in the area of representation theory. The conference had three organizers and five speakers, representing a total of six countries. Further, the summer school would have encouraged cross-pollination between the two related (but sometimes seemingly distant) fields of character theory and module theory. Many of the recent advances and open conjectures in the area have made it clear that there is a strong benefit to being able to combine the techniques from both sides. Broader Impacts: The summer school was to be primarily for the purpose of training young researchers and encouraging their full learning of the subject area. It would have been aimed at graduate students at all levels with even a vague interest in the area, without assuming a background in representation theory. In particular, the grant would have allowed U.S.-based graduate students to attend and encourage international collaboration and networking. Women and other underrepresented groups were especially encouraged to participate, as building a network of peers early in one's research career has been shown to be especially crucial for encouraging underrepresented groups and women to stay active and visible in the field of mathematics.  Due to the COVID-19 pandemic, the summer school was rescheduled for June, 2021, but eventually cancelled altogether.  Due to the cancellation, no funds were spent.             Last Modified: 06/01/2021       Submitted by: Amanda Schaeffer Fry]]></POR_COPY_TXT>
</POR>
</Award>
</rootTag>
