<?xml version="1.0" encoding="UTF-8"?>
<rootTag>
<Award>
<AwardTitle><![CDATA[Center for Turbulence Research Summer Program]]></AwardTitle>
<AGENCY>NSF</AGENCY>
<AwardEffectiveDate>01/01/2020</AwardEffectiveDate>
<AwardExpirationDate>12/31/2024</AwardExpirationDate>
<AwardTotalIntnAmount>90000.00</AwardTotalIntnAmount>
<AwardAmount>90000</AwardAmount>
<AwardInstrument>
<Value>Standard Grant</Value>
</AwardInstrument>
<Organization>
<Code>07020000</Code>
<Directorate>
<Abbreviation>ENG</Abbreviation>
<LongName>Directorate For Engineering</LongName>
</Directorate>
<Division>
<Abbreviation>CBET</Abbreviation>
<LongName>Div Of Chem, Bioeng, Env, &amp; Transp Sys</LongName>
</Division>
</Organization>
<ProgramOfficer>
<SignBlockName>Ron Joslin</SignBlockName>
<PO_EMAI>rjoslin@nsf.gov</PO_EMAI>
<PO_PHON>7032927030</PO_PHON>
</ProgramOfficer>
<AbstractNarration>The project will partially cover travel expenses of invited speakers and student participants and organizing expenses related to the workshop entitled "The Center for Turbulence Research Summer Program," to be held at Stanford University. A competitive process is used to select the participants, based on the merits of their research proposals and their research credentials. Partial funding will support the eighteenth, nineteenth, and twentieth biennial CTR Summer Programs. The 2020 Program is tentatively scheduled to be held at Stanford from July 19 to August 14, 2020. The other government agencies that support the CTR Summer Programs are ONR, AFOSR, NASA, and DOE. For 2020 we plan to limit the number of participants to no more than 60. In every edition, the CTR Summer Programs have typically engaged up to 70 participants from outside of Stanford, who join about 30 Stanford participants for a one-month period of intense research on projects related to turbulent flow physics and modeling. Stanford participants include faculty, graduate students, and a cadre of 10-20 CTR postdocs that participate assisting full-time the visitors in order to warrant successful outcomes in every research project. In 2018 Summer Program, CTR hosted 74 participants from 8 countries, including 26 U.S. institutions. Thirty-eight CTR staff members, worked alongside the participants and contributed to 36 research projects spearheaded during the Summer Program. The participants included experimentalists, theoreticians, and computational scientists. A competitive process is used to select the participants. They are selected based on their research credentials, the merits of their research proposals and the relevance to areas of interest to CTR. Graduate students are accepted to accompany their research advisors. Financial support in the form of stipends is provided to the participants. &lt;br/&gt;&lt;br/&gt;One of the main goals of the workshop is to frame the challenges in turbulence modeling for the next few years. The findings of the program will be collected and published as a comprehensive technical report. It is expected that the report will consist of forty to fifty technical papers (about 500 pages) which will be delivered to NSF and to other sponsors of the program, in addition to worldwide dissemination at the end of the calendar year. The report, like the reports from the prior workshops, will be available on the worldwide web (http://www.stanford.edu/group/ctr/). Many of the papers in the report will be eventually published in high quality technical journals. The bulk of the CTR Summer Programs involves hands-on interrogation of numerical simulation databases for testing models and hypotheses proposed by the participants. Additional calculations to generate new databases may be performed during the summer. The participants are divided into focus groups based on their proposed areas of research. In the 2018 Summer Program, the focus groups consisted of Multi-phase Flows, Numerical Methods, Multi-physics and Data-driven Studies, Wall Turbulence, and Combustion.&lt;br/&gt;&lt;br/&gt;This award reflects NSF's statutory mission and has been deemed worthy of support through evaluation using the Foundation's intellectual merit and broader impacts review criteria.</AbstractNarration>
<MinAmdLetterDate>11/27/2019</MinAmdLetterDate>
<MaxAmdLetterDate>11/27/2019</MaxAmdLetterDate>
<ARRAAmount/>
<TRAN_TYPE>Grant</TRAN_TYPE>
<CFDA_NUM>47.041</CFDA_NUM>
<NSF_PAR_USE_FLAG>1</NSF_PAR_USE_FLAG>
<FUND_AGCY_CODE>4900</FUND_AGCY_CODE>
<AWDG_AGCY_CODE>4900</AWDG_AGCY_CODE>
<AwardID>2001344</AwardID>
<Investigator>
<FirstName>Parviz</FirstName>
<LastName>Moin</LastName>
<PI_MID_INIT/>
<PI_SUFX_NAME/>
<PI_FULL_NAME>Parviz Moin</PI_FULL_NAME>
<EmailAddress><![CDATA[moin@stanford.edu]]></EmailAddress>
<NSF_ID>000387111</NSF_ID>
<StartDate>11/27/2019</StartDate>
<EndDate/>
<RoleCode>Principal Investigator</RoleCode>
</Investigator>
<Institution>
<Name><![CDATA[Stanford University]]></Name>
<CityName>STANFORD</CityName>
<ZipCode>943052004</ZipCode>
<PhoneNumber>6507232300</PhoneNumber>
<StreetAddress><![CDATA[450 JANE STANFORD WAY]]></StreetAddress>
<StreetAddress2/>
<CountryName>United States</CountryName>
<StateName>California</StateName>
<StateCode>CA</StateCode>
<CONGRESSDISTRICT>16</CONGRESSDISTRICT>
<CONGRESS_DISTRICT_ORG>CA16</CONGRESS_DISTRICT_ORG>
<ORG_UEI_NUM>HJD6G4D6TJY5</ORG_UEI_NUM>
<ORG_LGL_BUS_NAME>THE LELAND STANFORD JUNIOR UNIVERSITY</ORG_LGL_BUS_NAME>
<ORG_PRNT_UEI_NUM/>
</Institution>
<Performance_Institution>
<Name><![CDATA[Stanford University]]></Name>
<CityName>Stanford</CityName>
<StateCode>CA</StateCode>
<ZipCode>943052004</ZipCode>
<StreetAddress><![CDATA[450 Jane Stanford Way]]></StreetAddress>
<CountryCode>US</CountryCode>
<CountryName>United States</CountryName>
<StateName>California</StateName>
<CountryFlag>1</CountryFlag>
<CONGRESSDISTRICT>16</CONGRESSDISTRICT>
<CONGRESS_DISTRICT_PERF>CA16</CONGRESS_DISTRICT_PERF>
</Performance_Institution>
<ProgramElement>
<Code>141500</Code>
<Text>PMP-Particul&amp;MultiphaseProcess</Text>
</ProgramElement>
<ProgramElement>
<Code>144300</Code>
<Text>FD-Fluid Dynamics</Text>
</ProgramElement>
<ProgramReference>
<Code>7556</Code>
<Text>CONFERENCE AND WORKSHOPS</Text>
</ProgramReference>
<Appropriation>
<Code>0120</Code>
<Name>NSF RESEARCH &amp; RELATED ACTIVIT</Name>
<APP_SYMB_ID>040100</APP_SYMB_ID>
</Appropriation>
<Fund>
<Code>01002021DB</Code>
<Name><![CDATA[NSF RESEARCH & RELATED ACTIVIT]]></Name>
<FUND_SYMB_ID>040100</FUND_SYMB_ID>
</Fund>
<FUND_OBLG>2020~90000</FUND_OBLG>
</Award>
</rootTag>
