<?xml version="1.0" encoding="UTF-8"?>
<rootTag>
<Award>
<AwardTitle><![CDATA[Greatest Common Divisors, Integral Points, and Diophantine Approximation]]></AwardTitle>
<AGENCY>NSF</AGENCY>
<AwardEffectiveDate>05/15/2020</AwardEffectiveDate>
<AwardExpirationDate>04/30/2024</AwardExpirationDate>
<AwardTotalIntnAmount>349764.00</AwardTotalIntnAmount>
<AwardAmount>349764</AwardAmount>
<AwardInstrument>
<Value>Continuing Grant</Value>
</AwardInstrument>
<Organization>
<Code>03040000</Code>
<Directorate>
<Abbreviation>MPS</Abbreviation>
<LongName>Direct For Mathematical &amp; Physical Scien</LongName>
</Directorate>
<Division>
<Abbreviation>DMS</Abbreviation>
<LongName>Division Of Mathematical Sciences</LongName>
</Division>
</Organization>
<ProgramOfficer>
<SignBlockName>Andrew Pollington</SignBlockName>
<PO_EMAI>adpollin@nsf.gov</PO_EMAI>
<PO_PHON>7032924878</PO_PHON>
</ProgramOfficer>
<AbstractNarration>The project studies topics at the core of arithmetic and number theory. One of the most basic objects in mathematics is the greatest common divisor of two integers. The project will investigate generalizations and analogues of recently developed inequalities for greatest common divisors, and their connections with Vojta’s conjecture, a central and far-reaching conjecture. Another fundamental and important question, going back to antiquity, concerns understanding integer solutions to polynomial equations. The work will bring new ideas and perspectives to this important question, including research toward methods allowing one to algorithmically compute all integer solutions to large classes of equations. A fundamental tool for studying such equations comes from the subject of Diophantine approximation, which in its most basic form studies how well a real number can be approximated by rational numbers. The project will study various generalizations of one of the primary results in this subject, Schmidt’s subspace theorem. This research has close connections to and consequences for diverse areas of mathematics beyond number theory, including complex analysis and geometry. Additionally, the project will support a wide range of mentoring activities and research opportunities, involving the training of undergraduate students, graduate students, and postdoctoral researchers.&lt;br/&gt;&lt;br/&gt;The research supported by this award will involve the study of several questions revolving around greatest common divisors, integral points, Diophantine approximation, and their interrelations. The first set of projects center on the investigator's recent higher-dimensional generalization of results on greatest common divisors of polynomials evaluated at S-units. The project will study generalizations and extensions related to Vojta's conjecture, analogues in function fields, including applications, and a novel approach to analogous problems for abelian varieties. A second set of projects will focus on integral points on varieties. First, the project will continue work on aspects of Siegel’s theorem for integral points of bounded degree on curves. Second, the investigator will study an approach to effectively proving Siegel’s theorem for genus two curves. Fundamental tools for studying these problems come from the subject of Diophantine approximation, where Schmidt's subspace theorem is a central result.&lt;br/&gt;&lt;br/&gt;This award reflects NSF's statutory mission and has been deemed worthy of support through evaluation using the Foundation's intellectual merit and broader impacts review criteria.</AbstractNarration>
<MinAmdLetterDate>02/27/2020</MinAmdLetterDate>
<MaxAmdLetterDate>05/20/2022</MaxAmdLetterDate>
<ARRAAmount/>
<TRAN_TYPE>Grant</TRAN_TYPE>
<CFDA_NUM>47.049</CFDA_NUM>
<NSF_PAR_USE_FLAG>1</NSF_PAR_USE_FLAG>
<FUND_AGCY_CODE>4900</FUND_AGCY_CODE>
<AWDG_AGCY_CODE>4900</AWDG_AGCY_CODE>
<AwardID>2001205</AwardID>
<Investigator>
<FirstName>Aaron</FirstName>
<LastName>Levin</LastName>
<PI_MID_INIT/>
<PI_SUFX_NAME/>
<PI_FULL_NAME>Aaron Levin</PI_FULL_NAME>
<EmailAddress><![CDATA[adlevin@math.msu.edu]]></EmailAddress>
<NSF_ID>000575672</NSF_ID>
<StartDate>02/27/2020</StartDate>
<EndDate/>
<RoleCode>Principal Investigator</RoleCode>
</Investigator>
<Institution>
<Name><![CDATA[Michigan State University]]></Name>
<CityName>EAST LANSING</CityName>
<ZipCode>488242600</ZipCode>
<PhoneNumber>5173555040</PhoneNumber>
<StreetAddress><![CDATA[426 AUDITORIUM RD RM 2]]></StreetAddress>
<StreetAddress2/>
<CountryName>United States</CountryName>
<StateName>Michigan</StateName>
<StateCode>MI</StateCode>
<CONGRESSDISTRICT>07</CONGRESSDISTRICT>
<CONGRESS_DISTRICT_ORG>MI07</CONGRESS_DISTRICT_ORG>
<ORG_UEI_NUM>R28EKN92ZTZ9</ORG_UEI_NUM>
<ORG_LGL_BUS_NAME>MICHIGAN STATE UNIVERSITY</ORG_LGL_BUS_NAME>
<ORG_PRNT_UEI_NUM>VJKZC4D1JN36</ORG_PRNT_UEI_NUM>
</Institution>
<Performance_Institution>
<Name><![CDATA[Michigan State University]]></Name>
<CityName>East Lansing</CityName>
<StateCode>MI</StateCode>
<ZipCode>488242600</ZipCode>
<StreetAddress/>
<CountryCode>US</CountryCode>
<CountryName>United States</CountryName>
<StateName>Michigan</StateName>
<CountryFlag>1</CountryFlag>
<CONGRESSDISTRICT>07</CONGRESSDISTRICT>
<CONGRESS_DISTRICT_PERF>MI07</CONGRESS_DISTRICT_PERF>
</Performance_Institution>
<ProgramElement>
<Code>126400</Code>
<Text>ALGEBRA,NUMBER THEORY,AND COM</Text>
</ProgramElement>
<Appropriation>
<Code/>
<Name/>
<APP_SYMB_ID/>
</Appropriation>
<Appropriation>
<Code/>
<Name/>
<APP_SYMB_ID/>
</Appropriation>
<Appropriation>
<Code/>
<Name/>
<APP_SYMB_ID/>
</Appropriation>
<Fund>
<Code>01002122DB</Code>
<Name><![CDATA[NSF RESEARCH & RELATED ACTIVIT]]></Name>
<FUND_SYMB_ID>040100</FUND_SYMB_ID>
</Fund>
<Fund>
<Code>01002021DB</Code>
<Name><![CDATA[NSF RESEARCH & RELATED ACTIVIT]]></Name>
<FUND_SYMB_ID>040100</FUND_SYMB_ID>
</Fund>
<Fund>
<Code>01002223DB</Code>
<Name><![CDATA[NSF RESEARCH & RELATED ACTIVIT]]></Name>
<FUND_SYMB_ID>040100</FUND_SYMB_ID>
</Fund>
<FUND_OBLG>2020~113188</FUND_OBLG>
<FUND_OBLG>2021~116551</FUND_OBLG>
<FUND_OBLG>2022~120025</FUND_OBLG>
<POR>
<DRECONTENT><![CDATA[<div class="porColContainerWBG"> <div class="porContentCol"><p>The PI studied and researched several topics in number theory,  including problems involving greatest common divisors in Diophantine  approximation, integral points on varieties, and generalizations of  Schmidt's Subspace Theorem. The results from the project increase our  understanding of several fundamental objects in number theory, including  the set of solutions to a system of polynomial equations in rational  numbers or integers, a central and important topic in mathematics going  back to antiquity.<br /><br />The outcomes of the project included original  research and advances in our understanding of Diophantine approximation,  Diophantine geometry, algebraic geometry, complex analysis, and value  distribution theory. The research resulted in seven published  peer-reviewed papers:</p> <ol> <li>Hilbert's Irreducibility Theorem and Ideal Class Groups of Quadratic Fields, Acta Arith., 205 (2022), no. 4, 371-380 (with Kaivalya<br />Kulkarni)</li> <li>Urata's theorem in the logarithmic case and applications to integral points, Bull. Lond. Math. Soc., 54, (2022), no. 5, 1772-1790 (with Ariyan Javanpeykar)</li> <li>Descent on elliptic surfaces and arithmetic bounds for the Mordell-Weil rank, Algebra Number Theory 16, (2022), no. 2, 311-333 (with Jean Gillibert).</li> <li>Intersections in subvarieties of G<sub>m</sub><sup>l</sup> and applications to lacunary polynomials,Trans. Amer. Math. Soc. 375 (2022), no. 1, 71-86 (with Pietro Corvaja and Umberto Zannier)</li> <li>A generalized Schmidt subspace theorem for closed subschemes, Amer. J. Math. 143 (2021), no. 1, 213-227 (with Gordon Heier)</li> <li>Quadratic fields with a class group of large 3-rank, Acta Arith. 197 (2021), no. 3, 275-292 (with Yan Shengkuan and Luke Wiljanen).</li> <li>On the degeneracy of integral points and entire curves in the complement of nef effective divisors, J. Number Theory 217 (2020), 301-319 (with Gordon Heier).</li> </ol> <p>Broader impacts of the project include the  supervision of two undergraduate research projects with four  undergraduate students, one research project with a high school student,  the supervision of two graduate students in the doctoral program, and  postdoctoral advising.</p><br> <p>  Last Modified: 09/18/2024<br> Modified by: Aaron&nbsp;Levin</p></div> <div class="porSideCol" ></div> </div>]]></DRECONTENT>
<POR_COPY_TXT><![CDATA[  The PI studied and researched several topics in number theory,  including problems involving greatest common divisors in Diophantine  approximation, integral points on varieties, and generalizations of  Schmidt's Subspace Theorem. The results from the project increase our  understanding of several fundamental objects in number theory, including  the set of solutions to a system of polynomial equations in rational  numbers or integers, a central and important topic in mathematics going  back to antiquity.  The outcomes of the project included original  research and advances in our understanding of Diophantine approximation,  Diophantine geometry, algebraic geometry, complex analysis, and value  distribution theory. The research resulted in seven published  peer-reviewed papers:  Hilbert's Irreducibility Theorem and Ideal Class Groups of Quadratic Fields, Acta Arith., 205 (2022), no. 4, 371-380 (with Kaivalya Kulkarni) Urata's theorem in the logarithmic case and applications to integral points, Bull. Lond. Math. Soc., 54, (2022), no. 5, 1772-1790 (with Ariyan Javanpeykar) Descent on elliptic surfaces and arithmetic bounds for the Mordell-Weil rank, Algebra Number Theory 16, (2022), no. 2, 311-333 (with Jean Gillibert). Intersections in subvarieties of Gml and applications to lacunary polynomials,Trans. Amer. Math. Soc. 375 (2022), no. 1, 71-86 (with Pietro Corvaja and Umberto Zannier) A generalized Schmidt subspace theorem for closed subschemes, Amer. J. Math. 143 (2021), no. 1, 213-227 (with Gordon Heier) Quadratic fields with a class group of large 3-rank, Acta Arith. 197 (2021), no. 3, 275-292 (with Yan Shengkuan and Luke Wiljanen). On the degeneracy of integral points and entire curves in the complement of nef effective divisors, J. Number Theory 217 (2020), 301-319 (with Gordon Heier).    Broader impacts of the project include the  supervision of two undergraduate research projects with four  undergraduate students, one research project with a high school student,  the supervision of two graduate students in the doctoral program, and  postdoctoral advising.     Last Modified: 09/18/2024       Submitted by: AaronLevin]]></POR_COPY_TXT>
</POR>
</Award>
</rootTag>
