<?xml version="1.0" encoding="UTF-8"?>
<rootTag>
<Award>
<AwardTitle><![CDATA[Topological and Dynamical Phenomena in Condensed Matter Systems Detected by Quantum Entanglement]]></AwardTitle>
<AGENCY>NSF</AGENCY>
<AwardEffectiveDate>01/01/2021</AwardEffectiveDate>
<AwardExpirationDate>12/31/2023</AwardExpirationDate>
<AwardTotalIntnAmount>330000.00</AwardTotalIntnAmount>
<AwardAmount>330000</AwardAmount>
<AwardInstrument>
<Value>Continuing Grant</Value>
</AwardInstrument>
<Organization>
<Code>03070000</Code>
<Directorate>
<Abbreviation>MPS</Abbreviation>
<LongName>Direct For Mathematical &amp; Physical Scien</LongName>
</Directorate>
<Division>
<Abbreviation>DMR</Abbreviation>
<LongName>Division Of Materials Research</LongName>
</Division>
</Organization>
<ProgramOfficer>
<SignBlockName>Daryl Hess</SignBlockName>
<PO_EMAI>dhess@nsf.gov</PO_EMAI>
<PO_PHON>7032924942</PO_PHON>
</ProgramOfficer>
<AbstractNarration>NONTECHNICAL SUMMARY&lt;br/&gt;&lt;br/&gt;This award supports theoretical research and education on novel properties of quantum materials and associated phenomena. It has been long recognized that quantum mechanics is essential to understand the basic properties of solids. Understanding the distinction between metals and insulators are one example. With recent advances in experimental techniques, a class of materials has emerged for which subtle quantum effects of the system of their many constituent electrons control macroscopic properties that are characteristic of materials.  &lt;br/&gt;&lt;br/&gt;One example of quantum materials are superconductors. At sufficiently low temperature, a quantum mechanical state forms in which electrons behave collectively leading to conduction of electricity with zero resistance. More recently discovered, is another class of quantum materials that are insulators in their bulk but can support zero resistance conduction of electricity along their surfaces and edges. The metallic surface states in these materials, known as topological insulators, are a consequence of the mathematical structure of the wavefunction which describes the many electron quantum state. The field of mathematics known as topology which focuses on geometric properties of an object that are unchanged by deformations, provides useful ways to describe the structure of the wavefunctions of topological phases in quantum materials.  It has become clear that quantum materials can exhibit exotic and surprising properties that do not have a counterpart in ordinary materials. &lt;br/&gt;&lt;br/&gt;Quantum materials can also host exotic quantum mechanical particles that have intrinsic properties that are quite different from free electrons which make them candidates for the implementation of quantum computers. &lt;br/&gt;&lt;br/&gt;Novel quantum phenomena can also be found in systems far out of the tranquil state of equilibrium. For example, sufficiently complex quantum many-body systems can "forget" their initial quantum states. In these novel quantum condensed matter systems, quantum entanglement provides a conceptual foundation and tools to study many-body quantum systems. When particles are entangled quantum mechanically, they are connected in a way that affecting one particle will affect all the others, even though they may be separated by vast distances. &lt;br/&gt;&lt;br/&gt;In this project, the PI aims to develop a deeper theoretical understanding of the properties, including nonequilibrium properties, and phenomena associated with quantum materials, particularly in materials with strongly interacting electrons using concepts such as quantum entanglement together along with others that are associated with the emerging field of quantum information theory. In particular, the PI will examine the nature of the intricate quantum entanglement characteristic of topological phases.  He will also investigate how quantum entanglement spreads and propagates in complex many-body quantum systems. A thorough understanding of these problems can pave the way to the discovery of new states of quantum matter and associated phenomena that form the foundations of the next generation of technologies based on quantum mechanics. &lt;br/&gt;&lt;br/&gt;&lt;br/&gt;TECHNICAL SUMMARY&lt;br/&gt;&lt;br/&gt;This award supports theoretical research and education with the aim to investigate quantum many-body systems that exhibit novel phenomena, focusing on their topological and far out-of-equilibrium properties. &lt;br/&gt;&lt;br/&gt;The PI plans to develop a many-body framework to study topological phenomena both in and out of equilibrium, and the structure of multiparty quantum entanglement in topological phases of matter. In particular, the PI plans to construct many-body diagnostics for the topological properties of periodically driven quantum systems in the presence of time-reversal and other symmetries. The PI will seek universal descriptions of quantum information scrambling in complex quantum dynamics using various quantum entanglement measures. &lt;br/&gt;&lt;br/&gt;To carry out the research, the PI will utilize quantum information theoretical concepts and tools that include quantum entanglement, the channel-state duality, and tensor-networks. The proposed research will lead to a deeper understanding of novel phenomena in quantum many-body systems. The knowledge gained contributes to the foundations of future technological innovations based on quantum mechanical effects. Because of the nature of the proposed work, success in these projects will have impact on many areas of theoretical physics, and may connect to concrete numerical works on model Hamiltonians and experiments in condensed matter systems. &lt;br/&gt;&lt;br/&gt;Students and young researchers are closely integrated into the research activities and will receive unique training at the frontiers of condensed matter theory.&lt;br/&gt;&lt;br/&gt;This award reflects NSF's statutory mission and has been deemed worthy of support through evaluation using the Foundation's intellectual merit and broader impacts review criteria.</AbstractNarration>
<MinAmdLetterDate>11/30/2020</MinAmdLetterDate>
<MaxAmdLetterDate>02/09/2023</MaxAmdLetterDate>
<ARRAAmount/>
<TRAN_TYPE>Grant</TRAN_TYPE>
<CFDA_NUM>47.049</CFDA_NUM>
<NSF_PAR_USE_FLAG>1</NSF_PAR_USE_FLAG>
<FUND_AGCY_CODE>4900</FUND_AGCY_CODE>
<AWDG_AGCY_CODE>4900</AWDG_AGCY_CODE>
<AwardID>2001181</AwardID>
<Investigator>
<FirstName>Shinsei</FirstName>
<LastName>Ryu</LastName>
<PI_MID_INIT/>
<PI_SUFX_NAME/>
<PI_FULL_NAME>Shinsei Ryu</PI_FULL_NAME>
<EmailAddress><![CDATA[shinseir@princeton.edu]]></EmailAddress>
<NSF_ID>000647147</NSF_ID>
<StartDate>11/30/2020</StartDate>
<EndDate/>
<RoleCode>Principal Investigator</RoleCode>
</Investigator>
<Institution>
<Name><![CDATA[Princeton University]]></Name>
<CityName>PRINCETON</CityName>
<ZipCode>085442001</ZipCode>
<PhoneNumber>6092583090</PhoneNumber>
<StreetAddress><![CDATA[1 NASSAU HALL]]></StreetAddress>
<StreetAddress2/>
<CountryName>United States</CountryName>
<StateName>New Jersey</StateName>
<StateCode>NJ</StateCode>
<CONGRESSDISTRICT>12</CONGRESSDISTRICT>
<CONGRESS_DISTRICT_ORG>NJ12</CONGRESS_DISTRICT_ORG>
<ORG_UEI_NUM>NJ1YPQXQG7U5</ORG_UEI_NUM>
<ORG_LGL_BUS_NAME>THE TRUSTEES OF PRINCETON UNIVERSITY</ORG_LGL_BUS_NAME>
<ORG_PRNT_UEI_NUM/>
</Institution>
<Performance_Institution>
<Name><![CDATA[Princeton University]]></Name>
<CityName>Princeton</CityName>
<StateCode>NJ</StateCode>
<ZipCode>085442020</ZipCode>
<StreetAddress/>
<CountryCode>US</CountryCode>
<CountryName>United States</CountryName>
<StateName>New Jersey</StateName>
<CountryFlag>1</CountryFlag>
<CONGRESSDISTRICT>12</CONGRESSDISTRICT>
<CONGRESS_DISTRICT_PERF>NJ12</CONGRESS_DISTRICT_PERF>
</Performance_Institution>
<ProgramElement>
<Code>176500</Code>
<Text>CONDENSED MATTER &amp; MAT THEORY</Text>
</ProgramElement>
<ProgramReference>
<Code>7203</Code>
<Text>QUANTUM INFORMATION SCIENCE</Text>
</ProgramReference>
<Appropriation>
<Code/>
<Name/>
<APP_SYMB_ID/>
</Appropriation>
<Appropriation>
<Code/>
<Name/>
<APP_SYMB_ID/>
</Appropriation>
<Fund>
<Code>01002324DB</Code>
<Name><![CDATA[NSF RESEARCH & RELATED ACTIVIT]]></Name>
<FUND_SYMB_ID>040100</FUND_SYMB_ID>
</Fund>
<Fund>
<Code>01002122DB</Code>
<Name><![CDATA[NSF RESEARCH & RELATED ACTIVIT]]></Name>
<FUND_SYMB_ID>040100</FUND_SYMB_ID>
</Fund>
<FUND_OBLG>2021~220000</FUND_OBLG>
<FUND_OBLG>2023~110000</FUND_OBLG>
<POR>
<DRECONTENT><![CDATA[<div class="porColContainerWBG"> <div class="porContentCol"><p><span>Quantum mechanics plays a key role in understanding the behaviors of condensed matter systems. In particular,&nbsp;</span><em>topological phases</em><span>&nbsp;are states of condensed matter whose existence relies essentially on quantum mechanics. Often, they are characterized by dissipation-free conduction channels at their boundaries, the feature that makes topological phases promising candidates for future electronics. Moreover, topological phases are promising for decoherence-free quantum computers.&nbsp;</span></p> <p>&nbsp;</p> <p><span>This theoretical project uncovered new phenomena in quantum systems, both in and out of equilibrium, with strong interactions. Notable among these discoveries are topological phenomena in the presence of time-reversal symmetry; topological properties of quantum systems in the presence of dissipation and quantum measurement; and universal descriptions of how quantum information spreads during complex quantum dynamics.&nbsp;</span></p> <p>&nbsp;</p> <p><span>The project also sheds new light on how different quantum mechanical degrees of freedom in topological phases of matter interact and form a specific type of quantum entanglement. Using these insights, the project proposed innovative quantities capable of capturing the universal properties inherent to topological phases. These quantities serve as valuable tools for computer simulations and experiments in quantum devices, acting as a 'smoking gun' for the unmistakable presence of topological properties.</span></p> <p>&nbsp;</p> <p><span>A distinctive methodological feature of this project lies in its application of quantum information theoretical concepts and tools to confront the formidable challenges posed by condensed matter physics. Also, the theoretical frameworks developed in this project are closely related to the modern development of mathematics.&nbsp;</span></p> <p>&nbsp;</p> <p><span>Finally, students and young researchers with different backgrounds are integrated into these research activities to make impactful breakthroughs.</span></p> <p>&nbsp;</p><br> <p>  Last Modified: 01/02/2024<br> Modified by: Shinsei&nbsp;Ryu</p></div> <div class="porSideCol" ></div> </div>]]></DRECONTENT>
<POR_COPY_TXT><![CDATA[  Quantum mechanics plays a key role in understanding the behaviors of condensed matter systems. In particular,topological phasesare states of condensed matter whose existence relies essentially on quantum mechanics. Often, they are characterized by dissipation-free conduction channels at their boundaries, the feature that makes topological phases promising candidates for future electronics. Moreover, topological phases are promising for decoherence-free quantum computers.      This theoretical project uncovered new phenomena in quantum systems, both in and out of equilibrium, with strong interactions. Notable among these discoveries are topological phenomena in the presence of time-reversal symmetry; topological properties of quantum systems in the presence of dissipation and quantum measurement; and universal descriptions of how quantum information spreads during complex quantum dynamics.      The project also sheds new light on how different quantum mechanical degrees of freedom in topological phases of matter interact and form a specific type of quantum entanglement. Using these insights, the project proposed innovative quantities capable of capturing the universal properties inherent to topological phases. These quantities serve as valuable tools for computer simulations and experiments in quantum devices, acting as a 'smoking gun' for the unmistakable presence of topological properties.      A distinctive methodological feature of this project lies in its application of quantum information theoretical concepts and tools to confront the formidable challenges posed by condensed matter physics. Also, the theoretical frameworks developed in this project are closely related to the modern development of mathematics.      Finally, students and young researchers with different backgrounds are integrated into these research activities to make impactful breakthroughs.        Last Modified: 01/02/2024       Submitted by: ShinseiRyu]]></POR_COPY_TXT>
</POR>
</Award>
</rootTag>
