<?xml version="1.0" encoding="UTF-8"?>
<rootTag>
<Award>
<AwardTitle><![CDATA[EAGER: STACKED INTERMEDIARIES AND POLICY USE OF RESEARCH-BASED EVIDENCE]]></AwardTitle>
<AGENCY>NSF</AGENCY>
<AwardEffectiveDate>07/15/2020</AwardEffectiveDate>
<AwardExpirationDate>12/31/2023</AwardExpirationDate>
<AwardTotalIntnAmount>299942.00</AwardTotalIntnAmount>
<AwardAmount>299942</AwardAmount>
<AwardInstrument>
<Value>Standard Grant</Value>
</AwardInstrument>
<Organization>
<Code>04010000</Code>
<Directorate>
<Abbreviation>SBE</Abbreviation>
<LongName>Direct For Social, Behav &amp; Economic Scie</LongName>
</Directorate>
<Division>
<Abbreviation>SMA</Abbreviation>
<LongName>SBE Off Of Multidisciplinary Activities</LongName>
</Division>
</Organization>
<ProgramOfficer>
<SignBlockName>Mary Feeney</SignBlockName>
<PO_EMAI>mfeeney@nsf.gov</PO_EMAI>
<PO_PHON>7032927197</PO_PHON>
</ProgramOfficer>
<AbstractNarration>The quality of information in the public sphere and its dissemination is of increasing concern. Furthermore, our understanding of the use of high-quality scientific information in state and local policymaking is lacking. This proposal addresses these gaps, focusing on the dissemination and use of research-based consensus reports by the public and their use state and local policymakers. Intermediary organizations often bridge the chasm between scholars and policymakers making scientific evidence useable and understandable. The work proposed in this project will develop understanding of how credible actors implement research findings in improving our society. The project will advance our understanding of knowledge intermediary organizations by examining how scientific and substantive intermediaries access, curate, and use the findings of science in their efforts to influence state and local policy-makers.&lt;br/&gt;&lt;br/&gt;The focus of the project is on the consensus reports of the National Academies of Science, Engineering and Medicine (NASEM). Using a unique set of downloads provided from NASEM, the project examines how intermediary organizations access and make use of these reports, with a particular emphasis on the utilization of the reports by state and local policy organizations. The project will contribute to theory-building in science policy and science communication, by providing an understanding of how stacked intermediaries function in the scientific ecosystem. At a broader level, this work contributes to a better understanding of dissemination around scientific information. This project is jointly funded by the Science of Science program and the Established Program to Stimulate Competitive Research (EPSCoR).&lt;br/&gt;&lt;br/&gt;This award reflects NSF's statutory mission and has been deemed worthy of support through evaluation using the Foundation's intellectual merit and broader impacts review criteria.</AbstractNarration>
<MinAmdLetterDate>07/15/2020</MinAmdLetterDate>
<MaxAmdLetterDate>07/15/2020</MaxAmdLetterDate>
<ARRAAmount/>
<TRAN_TYPE>Grant</TRAN_TYPE>
<CFDA_NUM>47.075</CFDA_NUM>
<NSF_PAR_USE_FLAG>1</NSF_PAR_USE_FLAG>
<FUND_AGCY_CODE>4900</FUND_AGCY_CODE>
<AWDG_AGCY_CODE>4900</AWDG_AGCY_CODE>
<AwardID>2001455</AwardID>
<Investigator>
<FirstName>Kimberley</FirstName>
<LastName>Isett</LastName>
<PI_MID_INIT>R</PI_MID_INIT>
<PI_SUFX_NAME/>
<PI_FULL_NAME>Kimberley R Isett</PI_FULL_NAME>
<EmailAddress><![CDATA[kri@udel.edu]]></EmailAddress>
<NSF_ID>000104667</NSF_ID>
<StartDate>07/15/2020</StartDate>
<EndDate/>
<RoleCode>Principal Investigator</RoleCode>
</Investigator>
<Investigator>
<FirstName>Diana</FirstName>
<LastName>Hicks</LastName>
<PI_MID_INIT/>
<PI_SUFX_NAME/>
<PI_FULL_NAME>Diana Hicks</PI_FULL_NAME>
<EmailAddress><![CDATA[dhicks@gatech.edu]]></EmailAddress>
<NSF_ID>000521669</NSF_ID>
<StartDate>07/15/2020</StartDate>
<EndDate/>
<RoleCode>Co-Principal Investigator</RoleCode>
</Investigator>
<Investigator>
<FirstName>Gordon</FirstName>
<LastName>Kingsley</LastName>
<PI_MID_INIT/>
<PI_SUFX_NAME/>
<PI_FULL_NAME>Gordon Kingsley</PI_FULL_NAME>
<EmailAddress><![CDATA[gordon.kingsley@pubpolicy.gatech.edu]]></EmailAddress>
<NSF_ID>000399754</NSF_ID>
<StartDate>07/15/2020</StartDate>
<EndDate/>
<RoleCode>Co-Principal Investigator</RoleCode>
</Investigator>
<Institution>
<Name><![CDATA[University of Delaware]]></Name>
<CityName>NEWARK</CityName>
<ZipCode>197160099</ZipCode>
<PhoneNumber>3028312136</PhoneNumber>
<StreetAddress><![CDATA[220 HULLIHEN HALL]]></StreetAddress>
<StreetAddress2/>
<CountryName>United States</CountryName>
<StateName>Delaware</StateName>
<StateCode>DE</StateCode>
<CONGRESSDISTRICT>00</CONGRESSDISTRICT>
<CONGRESS_DISTRICT_ORG>DE00</CONGRESS_DISTRICT_ORG>
<ORG_UEI_NUM>T72NHKM259N3</ORG_UEI_NUM>
<ORG_LGL_BUS_NAME>UNIVERSITY OF DELAWARE</ORG_LGL_BUS_NAME>
<ORG_PRNT_UEI_NUM/>
</Institution>
<Performance_Institution>
<Name><![CDATA[University of Delaware]]></Name>
<CityName>Newark</CityName>
<StateCode>DE</StateCode>
<ZipCode>197167399</ZipCode>
<StreetAddress><![CDATA[111 Academy Street]]></StreetAddress>
<CountryCode>US</CountryCode>
<CountryName>United States</CountryName>
<StateName>Delaware</StateName>
<CountryFlag>1</CountryFlag>
<CONGRESSDISTRICT>00</CONGRESSDISTRICT>
<CONGRESS_DISTRICT_PERF>DE00</CONGRESS_DISTRICT_PERF>
</Performance_Institution>
<ProgramElement>
<Code>125Y00</Code>
<Text>Science of Science</Text>
</ProgramElement>
<ProgramElement>
<Code>915000</Code>
<Text>EPSCoR Co-Funding</Text>
</ProgramElement>
<ProgramReference>
<Code>7916</Code>
<Text>EAGER</Text>
</ProgramReference>
<ProgramReference>
<Code>9150</Code>
<Text>EXP PROG TO STIM COMP RES</Text>
</ProgramReference>
<Appropriation>
<Code>0120</Code>
<Name>NSF RESEARCH &amp; RELATED ACTIVIT</Name>
<APP_SYMB_ID>040100</APP_SYMB_ID>
</Appropriation>
<Fund>
<Code>01002021DB</Code>
<Name><![CDATA[NSF RESEARCH & RELATED ACTIVIT]]></Name>
<FUND_SYMB_ID>040100</FUND_SYMB_ID>
</Fund>
<FUND_OBLG>2020~299942</FUND_OBLG>
<POR>
<DRECONTENT><![CDATA[<div class="porColContainerWBG"> <div class="porContentCol"><p>Our work focused on how high quality science gets used in public decision making. We examined two classes of scientific use: how the public uses National Academies of Scient Egineering and Medicine reports, and how states deploy their resources to address questions of hight importance through report writing, and how science is used in those reports.</p> <p>&nbsp;</p> <p>In an early paper led by Diana Hicks and Omar Oscenscio, our results illustrated that the National academies reports enjoy widespreaduse by the public. To determine this we looked at the comments left by report downloaders as to why they were interested in the report. We found that about half of the dowloaders who left comments, were doing so for personal, rather than professional reasons.</p> <p>&nbsp;</p> <p>In an overview paper (currently under review), led by Kim Isett, we looked at the three different kinds of knowledge that public decision makers often use in their work: scientific, political, and practice knowledge. We find strong evidence for all threeof these types of knowledge in use in the United States across substantive domains. Specifically we looked at how knowledge was leverages within States' opioid crisis response and in their planning fo autonomous vehicles. Our findings suggest that the evidence based paradignm in public policy only tells part of the story of how public decision makers go about their work.&nbsp;</p> <p>&nbsp;</p> <p>In follow on work, we take a deeper dive into autonomous vehicles (papers led by Hicks and Kingsley, both under review) that explore how sensemaking occurred in the states to understand the technology and governance implications of the potential widespread deployment of autonomous vehicles.</p> <p>&nbsp;</p> <p>Likewise, a deeper look into the Opioid Crisis Response plans in states, led by Isett (under review), illustrated that there is a very strong scientific ethos within public health. This ethos was the dominant approach taken by the actors involved in state policymaking. But despite this, there was still evidence of other kinds of knowledge having influence in these state reports. Specifically, the organizational affiliation of the lead report writer provided a visible influence on the content of the reports in question, suggesting that the composition of the groups brought together to write state reports, and especially the lead, determines what kind of emphasis the report will have - which has implications for policy implementation.</p><br> <p>  Last Modified: 04/26/2024<br> Modified by: Kimberley&nbsp;R&nbsp;Isett</p></div> <div class="porSideCol" ></div> </div>]]></DRECONTENT>
<POR_COPY_TXT><![CDATA[  Our work focused on how high quality science gets used in public decision making. We examined two classes of scientific use: how the public uses National Academies of Scient Egineering and Medicine reports, and how states deploy their resources to address questions of hight importance through report writing, and how science is used in those reports.      In an early paper led by Diana Hicks and Omar Oscenscio, our results illustrated that the National academies reports enjoy widespreaduse by the public. To determine this we looked at the comments left by report downloaders as to why they were interested in the report. We found that about half of the dowloaders who left comments, were doing so for personal, rather than professional reasons.      In an overview paper (currently under review), led by Kim Isett, we looked at the three different kinds of knowledge that public decision makers often use in their work: scientific, political, and practice knowledge. We find strong evidence for all threeof these types of knowledge in use in the United States across substantive domains. Specifically we looked at how knowledge was leverages within States' opioid crisis response and in their planning fo autonomous vehicles. Our findings suggest that the evidence based paradignm in public policy only tells part of the story of how public decision makers go about their work.      In follow on work, we take a deeper dive into autonomous vehicles (papers led by Hicks and Kingsley, both under review) that explore how sensemaking occurred in the states to understand the technology and governance implications of the potential widespread deployment of autonomous vehicles.      Likewise, a deeper look into the Opioid Crisis Response plans in states, led by Isett (under review), illustrated that there is a very strong scientific ethos within public health. This ethos was the dominant approach taken by the actors involved in state policymaking. But despite this, there was still evidence of other kinds of knowledge having influence in these state reports. Specifically, the organizational affiliation of the lead report writer provided a visible influence on the content of the reports in question, suggesting that the composition of the groups brought together to write state reports, and especially the lead, determines what kind of emphasis the report will have - which has implications for policy implementation.     Last Modified: 04/26/2024       Submitted by: KimberleyRIsett]]></POR_COPY_TXT>
</POR>
</Award>
</rootTag>
