<?xml version="1.0" encoding="UTF-8"?>
<rootTag>
<Award>
<AwardTitle><![CDATA[Digitization PEN: oMeso: Opening Mesoamerican Herpetofaunal Diversity to Whole Phenome Imaging]]></AwardTitle>
<AGENCY>NSF</AGENCY>
<AwardEffectiveDate>09/15/2020</AwardEffectiveDate>
<AwardExpirationDate>08/31/2025</AwardExpirationDate>
<AwardTotalIntnAmount>173380.00</AwardTotalIntnAmount>
<AwardAmount>173380</AwardAmount>
<AwardInstrument>
<Value>Standard Grant</Value>
</AwardInstrument>
<Organization>
<Code>08080000</Code>
<Directorate>
<Abbreviation>BIO</Abbreviation>
<LongName>Direct For Biological Sciences</LongName>
</Directorate>
<Division>
<Abbreviation>DBI</Abbreviation>
<LongName>Div Of Biological Infrastructure</LongName>
</Division>
</Organization>
<ProgramOfficer>
<SignBlockName>Reed Beaman</SignBlockName>
<PO_EMAI>rsbeaman@nsf.gov</PO_EMAI>
<PO_PHON>7032927163</PO_PHON>
</ProgramOfficer>
<AbstractNarration>The oMeso project is a Partner to an Existing Network (PEN) award to the University of Colorado Museum of Natural History to join the openVertebrate (oVert) Thematic Content Network (TCN). oMeso expands upon oVert objectives by using 2D and 3D specimen imaging technologies to facilitate exploration of structural and functional diversity in Mesoamerican reptiles and amphibians. The unique ecology and geology of Mesoamerica has fostered the rapid evolution of multiple species adapted for a variety of habitats and life modes. Computed tomography (CT) scans of internal anatomy paired with high resolution photos of external traits will provide complimentary image datasets to create a novel resource for one of the world’s most hyperdiverse regions. Increased access to digital vouchers generated by oMeso will enable research spanning multiple disciplines, from evolutionary biology and ecology to biomechanics and conservation science. The project provides inclusive training opportunities for university students in curation, data dissemination, and cutting-edge museum technologies. Beyond its research value, the oMeso PEN aims to increase scientific literacy and public engagement around Mesoamerican herpetofaunal diversity through a year-long exhibit accompanied by a community lecture, K-12 programming, and open access lesson plans that incorporate project products.&lt;br/&gt;&lt;br/&gt;oMeso will increase the taxonomic scope of the oVert TCN by adding 1100 species across 160 genera, additionally filling a phenotypic data gap in the digital biodiversity landscape pertaining to reptile and amphibian media. These data will broadly support analysis of the patterns and processes relating to evolution, adaptation, convergence, and comparative and functional morphology. Extensive regional sampling will drive investigations into ecomorphology along various environmental gradients, and targeting endemic species will uncover rare or cryptic phenotypes such as those belonging to narrowly distributed microhabitat specialists, endangered, threatened and extinct species, and miniaturized taxa found throughout Mesoamerica. oMeso will leverage existing oVert TCN workflows and digital infrastructure to optimize efficiency and standardize products. Roughly 10% of specimens will be prepared with contrast-enhancement to render soft tissue structures in scans. Resulting raw CT tomograms, 3D surface models, and photo-stacked images will be openly disseminated through MorphoSource and Arctos and integrate with iDigBio, linking project media to corresponding source specimen records and extended data products (e.g., genetic sequences, publications, symbionts). oMeso will bring together collaborators from the University of Colorado, the University of California, Berkeley, and the University of Florida, along with specimen contributions from seven museum institutions to develop this comprehensive and globally accessible whole phenome resource.&lt;br/&gt;&lt;br/&gt;This award reflects NSF's statutory mission and has been deemed worthy of support through evaluation using the Foundation's intellectual merit and broader impacts review criteria.</AbstractNarration>
<MinAmdLetterDate>08/14/2020</MinAmdLetterDate>
<MaxAmdLetterDate>10/15/2020</MaxAmdLetterDate>
<ARRAAmount/>
<TRAN_TYPE>Grant</TRAN_TYPE>
<CFDA_NUM>47.074</CFDA_NUM>
<NSF_PAR_USE_FLAG>1</NSF_PAR_USE_FLAG>
<FUND_AGCY_CODE>4900</FUND_AGCY_CODE>
<AWDG_AGCY_CODE>4900</AWDG_AGCY_CODE>
<AwardID>2001474</AwardID>
<Investigator>
<FirstName>Emily</FirstName>
<LastName>Braker</LastName>
<PI_MID_INIT/>
<PI_SUFX_NAME/>
<PI_FULL_NAME>Emily Braker</PI_FULL_NAME>
<EmailAddress><![CDATA[emily.braker@colorado.edu]]></EmailAddress>
<NSF_ID>000811753</NSF_ID>
<StartDate>08/14/2020</StartDate>
<EndDate/>
<RoleCode>Principal Investigator</RoleCode>
</Investigator>
<Institution>
<Name><![CDATA[University of Colorado at Boulder]]></Name>
<CityName>Boulder</CityName>
<ZipCode>803090001</ZipCode>
<PhoneNumber>3034926221</PhoneNumber>
<StreetAddress><![CDATA[3100 MARINE ST]]></StreetAddress>
<StreetAddress2><![CDATA[STE 481 572 UCB]]></StreetAddress2>
<CountryName>United States</CountryName>
<StateName>Colorado</StateName>
<StateCode>CO</StateCode>
<CONGRESSDISTRICT>02</CONGRESSDISTRICT>
<CONGRESS_DISTRICT_ORG>CO02</CONGRESS_DISTRICT_ORG>
<ORG_UEI_NUM>SPVKK1RC2MZ3</ORG_UEI_NUM>
<ORG_LGL_BUS_NAME>THE REGENTS OF THE UNIVERSITY OF COLORADO</ORG_LGL_BUS_NAME>
<ORG_PRNT_UEI_NUM/>
</Institution>
<Performance_Institution>
<Name><![CDATA[University of Colorado at Boulder]]></Name>
<CityName>Boulder</CityName>
<StateCode>CO</StateCode>
<ZipCode>803031058</ZipCode>
<StreetAddress><![CDATA[3100 Marine Street, Room 481]]></StreetAddress>
<CountryCode>US</CountryCode>
<CountryName>United States</CountryName>
<StateName>Colorado</StateName>
<CountryFlag>1</CountryFlag>
<CONGRESSDISTRICT>02</CONGRESSDISTRICT>
<CONGRESS_DISTRICT_PERF>CO02</CONGRESS_DISTRICT_PERF>
</Performance_Institution>
<ProgramElement>
<Code>689500</Code>
<Text>Digitization</Text>
</ProgramElement>
<ProgramReference>
<Code>6895</Code>
<Text>DIGITIZATION</Text>
</ProgramReference>
<Appropriation>
<Code>0120</Code>
<Name>NSF RESEARCH &amp; RELATED ACTIVIT</Name>
<APP_SYMB_ID>040100</APP_SYMB_ID>
</Appropriation>
<Fund>
<Code>01002021DB</Code>
<Name><![CDATA[NSF RESEARCH & RELATED ACTIVIT]]></Name>
<FUND_SYMB_ID>040100</FUND_SYMB_ID>
</Fund>
<FUND_OBLG>2020~173380</FUND_OBLG>
</Award>
</rootTag>
