<?xml version="1.0" encoding="UTF-8"?>
<rootTag>
<Award>
<AwardTitle><![CDATA[NRI: FND: COLLAB: RAPID: Targeted Sampling of an Unanticipated Harmful Algal Bloom in Lake Anna, Virginia with Aerial and Aquatic Robots]]></AwardTitle>
<AGENCY>NSF</AGENCY>
<AwardEffectiveDate>03/01/2020</AwardEffectiveDate>
<AwardExpirationDate>02/28/2021</AwardExpirationDate>
<AwardTotalIntnAmount>27608.00</AwardTotalIntnAmount>
<AwardAmount>27608</AwardAmount>
<AwardInstrument>
<Value>Standard Grant</Value>
</AwardInstrument>
<Organization>
<Code>05020000</Code>
<Directorate>
<Abbreviation>CSE</Abbreviation>
<LongName>Direct For Computer &amp; Info Scie &amp; Enginr</LongName>
</Directorate>
<Division>
<Abbreviation>IIS</Abbreviation>
<LongName>Div Of Information &amp; Intelligent Systems</LongName>
</Division>
</Organization>
<ProgramOfficer>
<SignBlockName>David Miller</SignBlockName>
<PO_EMAI/>
<PO_PHON/>
</ProgramOfficer>
<AbstractNarration>An unanticipated harmful algal bloom (HAB) appeared in Lake Anna, Virginia in early August, 2019. Lake Anna is one of the largest freshwater reservoirs in VA. Research is needed to understand threats, manage risks, mitigate incidents, develop capabilities, and strengthen collaborations for our water safety and security. Aerial and aquatic robots will work alongside health and water quality experts from VDH and DEQ to (1) help inform their regular sampling efforts, and (2) provide critical and timely information to guide regulatory decisions.  The HAB is still going at Lake Anna, and it is expected to continue until the first freeze at the Lake. Once the first freeze occurs, most of the cyanobacteria will explode and unload a large amount of toxins, requiring further analysis.&lt;br/&gt;&lt;br/&gt;Since the first report of the harmful algal boom (HAB) on Lake Anna, the bloom has reportedly intensified, and the Virginia Department of Health (VDH) has issued multiple advisories. The most recent VDH advisory (issued on Sept 20, 2019) showed the HAB extending down both northern branches of the lake. The VDH advisories are based in part on water quality data from the VA Department of Environmental Quality (DEQ), which collects samples from a series of stations (GPS waypoints where a manned boat is used to collect samples by hand) across the lake. The research team will work alongside water quality experts (DEQ and VDH) to make targeted collections of the HAB at Lake Anna using aerial robots (a drone equipped with multispectral sensors to image the bloom and a device to sample the water) and aquatic robots (a remotely operated underwater vehicle equipped with underwater GPS, sensors to track the plume in situ, and a device to collect underwater samples). These samples will be analyzed for toxins and nutrients, and the data will be shared with water quality experts and members of the Lake Anna Civic Association. Based on 10 years of seasonal toxin data for Grand Lake St. Marys in Ohio, the research team hypothesize that (1) the HAB at Lake Anna, VA will continue to progress and produce high toxin levels through the coming winter months and (2) aerial and aquatic robots can identify, localize, and sample targeted areas of the HAB in the lake. The specific objectives of this project are to (1) use aerial and aquatic robots to target the HAB in Lake Anna, VA and collect samples at strategic locations; and (2) determine toxin concentrations and nutrient loads in samples collected by robots working alongside humans. This information is critical for determining time-sensitive health advisories, and for the communities of people that live in and around the lake. This work will also show the value of unmanned systems to assist stakeholders in tracking HABs in the water; resulting field-tested technology will provide decision-makers with co-robots that can provide rapid and detailed information on the dispersal of HABs in the environment.  The HAB is still going at Lake Anna, and it is expected to continue until the first freeze at the Lake. Once the first freeze occurs, most of the cyanobacteria will lyse and unload a copious amount of cyanotoxins.&lt;br/&gt;&lt;br/&gt;This award reflects NSF's statutory mission and has been deemed worthy of support through evaluation using the Foundation's intellectual merit and broader impacts review criteria.</AbstractNarration>
<MinAmdLetterDate>02/28/2020</MinAmdLetterDate>
<MaxAmdLetterDate>02/28/2020</MaxAmdLetterDate>
<ARRAAmount/>
<TRAN_TYPE>Grant</TRAN_TYPE>
<CFDA_NUM>47.070</CFDA_NUM>
<NSF_PAR_USE_FLAG>1</NSF_PAR_USE_FLAG>
<FUND_AGCY_CODE>4900</FUND_AGCY_CODE>
<AWDG_AGCY_CODE>4900</AWDG_AGCY_CODE>
<AwardID>2001120</AwardID>
<Investigator>
<FirstName>Stephen</FirstName>
<LastName>Jacquemin</LastName>
<PI_MID_INIT>J</PI_MID_INIT>
<PI_SUFX_NAME/>
<PI_FULL_NAME>Stephen J Jacquemin</PI_FULL_NAME>
<EmailAddress><![CDATA[stephen.jacquemin@wright.edu]]></EmailAddress>
<NSF_ID>000812447</NSF_ID>
<StartDate>02/28/2020</StartDate>
<EndDate/>
<RoleCode>Principal Investigator</RoleCode>
</Investigator>
<Institution>
<Name><![CDATA[Wright State University]]></Name>
<CityName>DAYTON</CityName>
<ZipCode>454350002</ZipCode>
<PhoneNumber>9377752425</PhoneNumber>
<StreetAddress><![CDATA[3640 COLONEL GLENN HWY]]></StreetAddress>
<StreetAddress2/>
<CountryName>United States</CountryName>
<StateName>Ohio</StateName>
<StateCode>OH</StateCode>
<CONGRESSDISTRICT>10</CONGRESSDISTRICT>
<CONGRESS_DISTRICT_ORG>OH10</CONGRESS_DISTRICT_ORG>
<ORG_UEI_NUM>NPT2UNTNHJZ1</ORG_UEI_NUM>
<ORG_LGL_BUS_NAME>WRIGHT STATE UNIVERSITY</ORG_LGL_BUS_NAME>
<ORG_PRNT_UEI_NUM/>
</Institution>
<Performance_Institution>
<Name><![CDATA[Wright State University]]></Name>
<CityName/>
<StateCode>OH</StateCode>
<ZipCode>458220001</ZipCode>
<StreetAddress/>
<CountryCode>US</CountryCode>
<CountryName>United States</CountryName>
<StateName>Ohio</StateName>
<CountryFlag>1</CountryFlag>
<CONGRESSDISTRICT>05</CONGRESSDISTRICT>
<CONGRESS_DISTRICT_PERF>OH05</CONGRESS_DISTRICT_PERF>
</Performance_Institution>
<ProgramElement>
<Code>801300</Code>
<Text>NRI-National Robotics Initiati</Text>
</ProgramElement>
<ProgramReference>
<Code>7914</Code>
<Text>RAPID</Text>
</ProgramReference>
<ProgramReference>
<Code>8086</Code>
<Text>Natl Robotics Initiative (NRI)</Text>
</ProgramReference>
<Appropriation>
<Code>0120</Code>
<Name>NSF RESEARCH &amp; RELATED ACTIVIT</Name>
<APP_SYMB_ID>040100</APP_SYMB_ID>
</Appropriation>
<Fund>
<Code>01002021DB</Code>
<Name><![CDATA[NSF RESEARCH & RELATED ACTIVIT]]></Name>
<FUND_SYMB_ID>040100</FUND_SYMB_ID>
</Fund>
<FUND_OBLG>2020~27608</FUND_OBLG>
<POR>
<DRECONTENT><![CDATA[<div class="porColContainerWBG"> <div class="porContentCol"><p>Harmful algal blooms are increasing in frequency due to nutrient rich runoff across the Midwest and eastern United States. Nutrient rich non-point runoff serves to catalyze bloom activity which fouls water by degrading aesthetic, palatability, increasing toxicity, and reducing recreation potential. The effects can be related to public health, economic, and biological declines. The objective of this project is to analyze nutrients and algal activity associated with water samples taken from Lake Anna, Virginia, in an effort to better understand bloom activity. This project was conducted as a team effort among leading experts in targeted autonomous sampling drones (PI &ndash; David Schmale PhD, Virginia Polytechnic Institute and State University) as well as algal toxin analysis (Co-PI Judy Westrick PhD, Wayne State University).</p> <p>&nbsp;</p> <p>The Jacquemin Lab at Wright State University analyzed over a hundred water samples that were sent by the Schmale Lab from Lake Anna. Nutrient analyses included quantification of nitrate, total phosphorus, and dissolved reactive phosphorus. These nutrient analyses were folded into a common database that included specific congeners of various toxins as well as phycocyanin pigment activity as well as fine scale geographic spatial information.</p> <p>Nitrate-N levels ranged from 0.03 to 0.27 mg/L averaging 0.12 mg/L. These values of NO3 tended to trend upwards the further from shore samples were taken (Fig. 1). Total Phosphorus (as P) levels ranged from 0.044 to 0.272 mg/L averaging 0.121 mg/L. These values of TP tended to trend upwards the further from shore the samples were taken (Fig. 2). Dissolved Reactive Phosphorus (as P) levels ranged from non detect (near zero) to 0.04 mg/L averaging 0.019 mg/L. These values tended to decline the further from shore they were taken (Fig. 3). These data are part of a larger project with CO-PI Westrick (analyzing toxin values) and CO-PI Schmale (coordinating project, taking samples, refining aerial drone technology for monitoring, etc.). Combined these results indicated a toxic algal bloom present in Lake Anna that was linked to excessive nutrient runoff and was assessed in rapid fashion using innovative drone technology and collaborative efforts. All major results and interpretations have been shared with the local Lake Anna community via a local watershed group (LACA).</p> <p>&nbsp;</p> <p>&nbsp;</p><br> <p>            Last Modified: 05/18/2021<br>      Modified by: Stephen&nbsp;J&nbsp;Jacquemin</p> </div> <div class="porSideCol"></div> </div>]]></DRECONTENT>
<POR_COPY_TXT><![CDATA[ Harmful algal blooms are increasing in frequency due to nutrient rich runoff across the Midwest and eastern United States. Nutrient rich non-point runoff serves to catalyze bloom activity which fouls water by degrading aesthetic, palatability, increasing toxicity, and reducing recreation potential. The effects can be related to public health, economic, and biological declines. The objective of this project is to analyze nutrients and algal activity associated with water samples taken from Lake Anna, Virginia, in an effort to better understand bloom activity. This project was conducted as a team effort among leading experts in targeted autonomous sampling drones (PI &ndash; David Schmale PhD, Virginia Polytechnic Institute and State University) as well as algal toxin analysis (Co-PI Judy Westrick PhD, Wayne State University).     The Jacquemin Lab at Wright State University analyzed over a hundred water samples that were sent by the Schmale Lab from Lake Anna. Nutrient analyses included quantification of nitrate, total phosphorus, and dissolved reactive phosphorus. These nutrient analyses were folded into a common database that included specific congeners of various toxins as well as phycocyanin pigment activity as well as fine scale geographic spatial information.  Nitrate-N levels ranged from 0.03 to 0.27 mg/L averaging 0.12 mg/L. These values of NO3 tended to trend upwards the further from shore samples were taken (Fig. 1). Total Phosphorus (as P) levels ranged from 0.044 to 0.272 mg/L averaging 0.121 mg/L. These values of TP tended to trend upwards the further from shore the samples were taken (Fig. 2). Dissolved Reactive Phosphorus (as P) levels ranged from non detect (near zero) to 0.04 mg/L averaging 0.019 mg/L. These values tended to decline the further from shore they were taken (Fig. 3). These data are part of a larger project with CO-PI Westrick (analyzing toxin values) and CO-PI Schmale (coordinating project, taking samples, refining aerial drone technology for monitoring, etc.). Combined these results indicated a toxic algal bloom present in Lake Anna that was linked to excessive nutrient runoff and was assessed in rapid fashion using innovative drone technology and collaborative efforts. All major results and interpretations have been shared with the local Lake Anna community via a local watershed group (LACA).             Last Modified: 05/18/2021       Submitted by: Stephen J Jacquemin]]></POR_COPY_TXT>
</POR>
</Award>
</rootTag>
