<?xml version="1.0" encoding="UTF-8"?>
<rootTag>
<Award>
<AwardTitle><![CDATA[Digitization TCN: Collaborative Research: Building a global consortium of bryophytes and lichens: keystones of cryptobiotic communities.]]></AwardTitle>
<AGENCY>NSF</AGENCY>
<AwardEffectiveDate>09/15/2020</AwardEffectiveDate>
<AwardExpirationDate>08/31/2024</AwardExpirationDate>
<AwardTotalIntnAmount>395733.00</AwardTotalIntnAmount>
<AwardAmount>395733</AwardAmount>
<AwardInstrument>
<Value>Standard Grant</Value>
</AwardInstrument>
<Organization>
<Code>08080000</Code>
<Directorate>
<Abbreviation>BIO</Abbreviation>
<LongName>Direct For Biological Sciences</LongName>
</Directorate>
<Division>
<Abbreviation>DBI</Abbreviation>
<LongName>Div Of Biological Infrastructure</LongName>
</Division>
</Organization>
<ProgramOfficer>
<SignBlockName>Reed Beaman</SignBlockName>
<PO_EMAI>rsbeaman@nsf.gov</PO_EMAI>
<PO_PHON>7032927163</PO_PHON>
</ProgramOfficer>
<AbstractNarration>This collaborative project comprised of ten awards will integrate information about bryophytes and lichens, with each other and with their commensal organisms, including fungi, on a worldwide scale. Bryophytes and lichens are functionally related as the main hosts for cryptobiotic communities forming minute "forests" that provide a matrix of habitats for many microscopic organisms, including tardigrades, mites, rotifers, micro-mollusks, microalgae, microfungi, and prokaryotes. These communities have global relevance and perform essential functions on our planet, for example, the biological soil crusts that harbor these communities form a "living skin" covering approximately 12% of  Earth's terrestrial surface.  In addition, professional training will be provided for a large number of undergraduates, with a focus on leveraging local resources to promote underrepresented students in STEM fields.  Students will be trained in digitization and collections management, and will contribute to the education and public outreach components of the project. &lt;br/&gt;&lt;br/&gt;Through this collaboration, twenty-five US herbaria will image and digitize associated metadata for almost 1.2 million bryophyte and lichen herbarium specimens held in US institutions. Imaging the physical specimens of these organisms and integrating data from comparative genomics, nucleotide sequence data, and other resources is unprecedented on this scale. These integrated data will form a critical resource for evolutionary and ecological studies, that may, in turn, lead to a deeper understanding of (1) how biocrusts perform their ecosystem functions, (2) the roles of bryophytes and lichens in carbon/nitrogen cycling, (3) the dynamic evolution of symbioses in space and time, (4) the historical and contemporary drivers of endophyte co-diversification, and (5) the evolution of biodiversity using spatial phylogenetics. Deep-learning approaches using repurposed digital images may also provide powerful new investigative tools.  Digitized data will be shared with iDigBio.org and other repositories.  A multi-pronged approach to broader impacts spans from K-12 to participatory citizen science initiatives.  These include (1) diverse digital, interactive, and object-based learning outreach programs; (2) online lesson plans; (3) science youth groups; (4) Science Clubs and public educator workshops; and (5) a series of videos using Learning Glass – which collapses the perspectives of viewer and presenter into one shared perspective. In addition, the PIs and collaborating institutions will host WeDigBio and K-12 clubs hosting label transcription crowdsourcing events during the award period. The project also partners with Zooniverse, leaders in online citizen science, where we will develop an online platform for citizen scientists to make observations on character traits that can then enhance metadata not always on the scientific label data.&lt;br/&gt;&lt;br/&gt;This award reflects NSF's statutory mission and has been deemed worthy of support through evaluation using the Foundation's intellectual merit and broader impacts review criteria.</AbstractNarration>
<MinAmdLetterDate>07/28/2020</MinAmdLetterDate>
<MaxAmdLetterDate>07/28/2020</MaxAmdLetterDate>
<ARRAAmount/>
<TRAN_TYPE>Grant</TRAN_TYPE>
<CFDA_NUM>47.074</CFDA_NUM>
<NSF_PAR_USE_FLAG>1</NSF_PAR_USE_FLAG>
<FUND_AGCY_CODE>4900</FUND_AGCY_CODE>
<AWDG_AGCY_CODE>4900</AWDG_AGCY_CODE>
<AwardID>2001422</AwardID>
<Investigator>
<FirstName>George</FirstName>
<LastName>Weiblen</LastName>
<PI_MID_INIT>D</PI_MID_INIT>
<PI_SUFX_NAME/>
<PI_FULL_NAME>George D Weiblen</PI_FULL_NAME>
<EmailAddress><![CDATA[gweiblen@umn.edu]]></EmailAddress>
<NSF_ID>000386555</NSF_ID>
<StartDate>07/28/2020</StartDate>
<EndDate/>
<RoleCode>Co-Principal Investigator</RoleCode>
</Investigator>
<Investigator>
<FirstName>Andrew</FirstName>
<LastName>Miller</LastName>
<PI_MID_INIT>N</PI_MID_INIT>
<PI_SUFX_NAME/>
<PI_FULL_NAME>Andrew N Miller</PI_FULL_NAME>
<EmailAddress><![CDATA[amiller7@illinois.edu]]></EmailAddress>
<NSF_ID>000305287</NSF_ID>
<StartDate>07/28/2020</StartDate>
<EndDate/>
<RoleCode>Principal Investigator</RoleCode>
</Investigator>
<Investigator>
<FirstName>Timothy</FirstName>
<LastName>James</LastName>
<PI_MID_INIT/>
<PI_SUFX_NAME/>
<PI_FULL_NAME>Timothy James</PI_FULL_NAME>
<EmailAddress><![CDATA[tyjames@umich.edu]]></EmailAddress>
<NSF_ID>000521823</NSF_ID>
<StartDate>07/28/2020</StartDate>
<EndDate/>
<RoleCode>Co-Principal Investigator</RoleCode>
</Investigator>
<Investigator>
<FirstName>Jennifer</FirstName>
<LastName>Kluse</LastName>
<PI_MID_INIT/>
<PI_SUFX_NAME/>
<PI_FULL_NAME>Jennifer Kluse</PI_FULL_NAME>
<EmailAddress><![CDATA[jkluse@lsu.edu]]></EmailAddress>
<NSF_ID>000583596</NSF_ID>
<StartDate>07/28/2020</StartDate>
<EndDate/>
<RoleCode>Co-Principal Investigator</RoleCode>
</Investigator>
<Investigator>
<FirstName>Laura</FirstName>
<LastName>Lagomarsino</LastName>
<PI_MID_INIT>P</PI_MID_INIT>
<PI_SUFX_NAME/>
<PI_FULL_NAME>Laura P Lagomarsino</PI_FULL_NAME>
<EmailAddress><![CDATA[llagomarsino1@lsu.edu]]></EmailAddress>
<NSF_ID>000689950</NSF_ID>
<StartDate>07/28/2020</StartDate>
<EndDate/>
<RoleCode>Co-Principal Investigator</RoleCode>
</Investigator>
<Institution>
<Name><![CDATA[University of Illinois at Urbana-Champaign]]></Name>
<CityName>URBANA</CityName>
<ZipCode>618013620</ZipCode>
<PhoneNumber>2173332187</PhoneNumber>
<StreetAddress><![CDATA[506 S WRIGHT ST]]></StreetAddress>
<StreetAddress2/>
<CountryName>United States</CountryName>
<StateName>Illinois</StateName>
<StateCode>IL</StateCode>
<CONGRESSDISTRICT>13</CONGRESSDISTRICT>
<CONGRESS_DISTRICT_ORG>IL13</CONGRESS_DISTRICT_ORG>
<ORG_UEI_NUM>Y8CWNJRCNN91</ORG_UEI_NUM>
<ORG_LGL_BUS_NAME>UNIVERSITY OF ILLINOIS</ORG_LGL_BUS_NAME>
<ORG_PRNT_UEI_NUM/>
</Institution>
<Performance_Institution>
<Name><![CDATA[University of Illinois at Urbana-Champaign]]></Name>
<CityName>Champaign</CityName>
<StateCode>IL</StateCode>
<ZipCode>618207406</ZipCode>
<StreetAddress/>
<CountryCode>US</CountryCode>
<CountryName>United States</CountryName>
<StateName>Illinois</StateName>
<CountryFlag>1</CountryFlag>
<CONGRESSDISTRICT>13</CONGRESSDISTRICT>
<CONGRESS_DISTRICT_PERF>IL13</CONGRESS_DISTRICT_PERF>
</Performance_Institution>
<ProgramElement>
<Code>689500</Code>
<Text>Digitization</Text>
</ProgramElement>
<ProgramReference>
<Code>6895</Code>
<Text>DIGITIZATION</Text>
</ProgramReference>
<Appropriation>
<Code>0120</Code>
<Name>NSF RESEARCH &amp; RELATED ACTIVIT</Name>
<APP_SYMB_ID>040100</APP_SYMB_ID>
</Appropriation>
<Fund>
<Code>01002021DB</Code>
<Name><![CDATA[NSF RESEARCH & RELATED ACTIVIT]]></Name>
<FUND_SYMB_ID>040100</FUND_SYMB_ID>
</Fund>
<FUND_OBLG>2020~395733</FUND_OBLG>
</Award>
</rootTag>
