<?xml version="1.0" encoding="UTF-8"?>
<rootTag>
<Award>
<AwardTitle><![CDATA[Support for the 7th International Forum on Sustainable Manufacturing on "Sustainable Manufacturing in the Industry 4.0 Era"]]></AwardTitle>
<AGENCY>NSF</AGENCY>
<AwardEffectiveDate>11/15/2019</AwardEffectiveDate>
<AwardExpirationDate>12/31/2023</AwardExpirationDate>
<AwardTotalIntnAmount>49920.00</AwardTotalIntnAmount>
<AwardAmount>49920</AwardAmount>
<AwardInstrument>
<Value>Standard Grant</Value>
</AwardInstrument>
<Organization>
<Code>07020000</Code>
<Directorate>
<Abbreviation>ENG</Abbreviation>
<LongName>Directorate For Engineering</LongName>
</Directorate>
<Division>
<Abbreviation>CBET</Abbreviation>
<LongName>Div Of Chem, Bioeng, Env, &amp; Transp Sys</LongName>
</Division>
</Organization>
<ProgramOfficer>
<SignBlockName>Bruce Hamilton</SignBlockName>
<PO_EMAI>bhamilto@nsf.gov</PO_EMAI>
<PO_PHON>7032920000</PO_PHON>
</ProgramOfficer>
<AbstractNarration>This grant provides funding to cover in part participant support costs for the 7th International Forum on Sustainable Manufacturing to be held during spring 2020 at the University of Kentucky premises in Lexington, KY. The theme of the event is "Sustainable Manufacturing in the Industry 4.0 Era". The forum aims to bring together nationally and internationally recognized academic experts, industry practitioners, government agency representatives as well as emerging researchers such as tenure-track assistant professors and post-doctoral scholar and graduate students to: (1) share cutting-edge research and industry practices in product, process and systems domains to enable total lifecycle-based sustainable manufacturing in the Industry 4.0 era, (2) provide a platform for different stakeholders who can contribute to advancing research and practice of sustainable manufacturing to engage in dialogue and discussions, (3) identify industry technology needs, research directions and workforce development needs for advancing sustainable manufacturing capabilities, and (4) increase awareness of sustainable manufacturing opportunities and challenges among all stakeholders. Special features of the event include: (1) invited presentations by experts in Industry 4.0 and Sustainable Manufacturing, (2) an "Emerging Researcher Showcase" with presentations from early-career researchers, (3) a panel discussion on "Opportunities and Challenges to Sustainable Manufacturing in the Industry 4.0 Era," (4) a student poster showcase, and (5) a "Sustainable Manufacturing Student Project Competition." &lt;br/&gt;&lt;br/&gt;This forum will provide an opportunity for tenure-track faculty, post-doctoral scholars and graduate students to interact with the prominent senior researchers and industry leaders in sustainable manufacturing and related areas facilitating a greater dialogue on the topics. This will facilitate greater awareness of each other's research to foster more collaboration between different organizations. Dissemination of presentations through different channels and potential scholarly publications will help contribute to a better understanding of sustainable manufacturing and related issues. This event will also serves as a feeder to the Global Conference on Sustainable Manufacturing (GSCM) to identify topics for continued dialogue and exchange of ideas among key sustainable manufacturing stakeholders. Local companies, who often do not have access to information about emerging practices, will have the opportunity to learn tools and techniques that can be used to improve the product, process and system level sustainability in the Industry 4.0 era in their own organizations.&lt;br/&gt;&lt;br/&gt;This award reflects NSF's statutory mission and has been deemed worthy of support through evaluation using the Foundation's intellectual merit and broader impacts review criteria.</AbstractNarration>
<MinAmdLetterDate>11/12/2019</MinAmdLetterDate>
<MaxAmdLetterDate>01/19/2023</MaxAmdLetterDate>
<ARRAAmount/>
<TRAN_TYPE>Grant</TRAN_TYPE>
<CFDA_NUM>47.041</CFDA_NUM>
<NSF_PAR_USE_FLAG>1</NSF_PAR_USE_FLAG>
<FUND_AGCY_CODE>4900</FUND_AGCY_CODE>
<AWDG_AGCY_CODE>4900</AWDG_AGCY_CODE>
<AwardID>2001223</AwardID>
<Investigator>
<FirstName>Fazleena</FirstName>
<LastName>Badurdeen</LastName>
<PI_MID_INIT/>
<PI_SUFX_NAME/>
<PI_FULL_NAME>Fazleena Badurdeen</PI_FULL_NAME>
<EmailAddress><![CDATA[badurdeen@engr.uky.edu]]></EmailAddress>
<NSF_ID>000268781</NSF_ID>
<StartDate>11/12/2019</StartDate>
<EndDate/>
<RoleCode>Principal Investigator</RoleCode>
</Investigator>
<Institution>
<Name><![CDATA[University of Kentucky Research Foundation]]></Name>
<CityName>LEXINGTON</CityName>
<ZipCode>405260001</ZipCode>
<PhoneNumber>8592579420</PhoneNumber>
<StreetAddress><![CDATA[500 S LIMESTONE]]></StreetAddress>
<StreetAddress2><![CDATA[109 KINKEAD HALL]]></StreetAddress2>
<CountryName>United States</CountryName>
<StateName>Kentucky</StateName>
<StateCode>KY</StateCode>
<CONGRESSDISTRICT>06</CONGRESSDISTRICT>
<CONGRESS_DISTRICT_ORG>KY06</CONGRESS_DISTRICT_ORG>
<ORG_UEI_NUM>H1HYA8Z1NTM5</ORG_UEI_NUM>
<ORG_LGL_BUS_NAME>UNIVERSITY OF KENTUCKY RESEARCH FOUNDATION, THE</ORG_LGL_BUS_NAME>
<ORG_PRNT_UEI_NUM/>
</Institution>
<Performance_Institution>
<Name><![CDATA[University of Kentucky Research Foundation]]></Name>
<CityName>Lexington</CityName>
<StateCode>KY</StateCode>
<ZipCode>405260001</ZipCode>
<StreetAddress><![CDATA[500 S Limestone Street]]></StreetAddress>
<CountryCode>US</CountryCode>
<CountryName>United States</CountryName>
<StateName>Kentucky</StateName>
<CountryFlag>1</CountryFlag>
<CONGRESSDISTRICT>06</CONGRESSDISTRICT>
<CONGRESS_DISTRICT_PERF>KY06</CONGRESS_DISTRICT_PERF>
</Performance_Institution>
<ProgramElement>
<Code>764300</Code>
<Text>EnvS-Environmtl Sustainability</Text>
</ProgramElement>
<ProgramReference>
<Code>7556</Code>
<Text>CONFERENCE AND WORKSHOPS</Text>
</ProgramReference>
<ProgramReference>
<Code>9150</Code>
<Text>EXP PROG TO STIM COMP RES</Text>
</ProgramReference>
<Appropriation>
<Code>0120</Code>
<Name>NSF RESEARCH &amp; RELATED ACTIVIT</Name>
<APP_SYMB_ID>040100</APP_SYMB_ID>
</Appropriation>
<Fund>
<Code>01002021DB</Code>
<Name><![CDATA[NSF RESEARCH & RELATED ACTIVIT]]></Name>
<FUND_SYMB_ID>040100</FUND_SYMB_ID>
</Fund>
<FUND_OBLG>2020~49920</FUND_OBLG>
<POR>
<DRECONTENT><![CDATA[<div class="porColContainerWBG"> <div class="porContentCol"><p>The project enabled the participation of a total of 72 undergraduate and graduates from US-based institutions in the 7<sup>th</sup> International Forum on Sustainable Manufacturing held October 27-28, 2023 at the University of Kentucky. Many of the undergraduate students participating in the event had an expressed interest in enhancing their understanding of sustainable manufacturing while some were already engaged/interested in research on sustainable manufacturing related topics at product, process or system levels. All the PhD student awardees already pursuing research in sustainable manufacturing and related areas had the opportunity to learn research and technology development in related areas, industry challenges to promoting sustainable manufacturing as well as policy and regulatory requirements. A student poster competition was held with awards and certificates given out to the best presenters. The forum also included an &lsquo;Emerging Researcher Showcase&rsquo; with presentations from tenure-track assistant professors (travel funded by the project) engaged in cutting-edge research on sustainable manufacturing. In addition, the forum also included invited presentations from expert researchers and professionals from industry and government agencies. The forum provided an opportunity for all stakeholders from academia, industry and other organizations to engage in dialog and form collaborations to advance industry-relevant research and technology development for sustainable manufacturing.</p><br> <p>  Last Modified: 04/11/2024<br> Modified by: Fazleena&nbsp;Badurdeen</p></div> <div class="porSideCol" ></div> </div>]]></DRECONTENT>
<POR_COPY_TXT><![CDATA[  The project enabled the participation of a total of 72 undergraduate and graduates from US-based institutions in the 7th International Forum on Sustainable Manufacturing held October 27-28, 2023 at the University of Kentucky. Many of the undergraduate students participating in the event had an expressed interest in enhancing their understanding of sustainable manufacturing while some were already engaged/interested in research on sustainable manufacturing related topics at product, process or system levels. All the PhD student awardees already pursuing research in sustainable manufacturing and related areas had the opportunity to learn research and technology development in related areas, industry challenges to promoting sustainable manufacturing as well as policy and regulatory requirements. A student poster competition was held with awards and certificates given out to the best presenters. The forum also included an Emerging Researcher Showcase with presentations from tenure-track assistant professors (travel funded by the project) engaged in cutting-edge research on sustainable manufacturing. In addition, the forum also included invited presentations from expert researchers and professionals from industry and government agencies. The forum provided an opportunity for all stakeholders from academia, industry and other organizations to engage in dialog and form collaborations to advance industry-relevant research and technology development for sustainable manufacturing.     Last Modified: 04/11/2024       Submitted by: FazleenaBadurdeen]]></POR_COPY_TXT>
</POR>
</Award>
</rootTag>
