<?xml version="1.0" encoding="UTF-8"?>
<rootTag>
<Award>
<AwardTitle><![CDATA[Collaborative Research: Paleoseismology of the M7.3 1915 Pleasant Valley Earthquake Ruptures]]></AwardTitle>
<AGENCY>NSF</AGENCY>
<AwardEffectiveDate>08/26/2019</AwardEffectiveDate>
<AwardExpirationDate>06/30/2023</AwardExpirationDate>
<AwardTotalIntnAmount>116991.00</AwardTotalIntnAmount>
<AwardAmount>116991</AwardAmount>
<AwardInstrument>
<Value>Standard Grant</Value>
</AwardInstrument>
<Organization>
<Code>06030000</Code>
<Directorate>
<Abbreviation>GEO</Abbreviation>
<LongName>Directorate For Geosciences</LongName>
</Directorate>
<Division>
<Abbreviation>EAR</Abbreviation>
<LongName>Division Of Earth Sciences</LongName>
</Division>
</Organization>
<ProgramOfficer>
<SignBlockName>Stephen Harlan</SignBlockName>
<PO_EMAI/>
<PO_PHON/>
</ProgramOfficer>
<AbstractNarration><![CDATA[This project to use geology to assess the past size and frequency of occurrence of large earthquakes on the fault that produced the magnitude 7.3 1915 Pleasant Valley earthquake in Nevada forms the underpinnings of a collaborative program of science, education and outreach. It is through the cumulative study of individual earthquakes that the research community gains observations to understand earthquake ruptures and their role in active tectonic processes. The information gained in this project will be incorporated into the National Hazard Maps designed to reduce failure of building infrastructure and lifelines and loss of life in future earthquakes. The collaboration of three institutes is designed to provide the opportunity for undergraduate and graduate students to learn methods and concepts bearing on earthquake science in the framework of an active research project, lead to the development of online and classroom materials for education and research, create links between rural Nevada college campuses and the University of Nevada, Reno. Principal investigators at two of the three participating institutions are early career female researchers.&lt;br/&gt;&lt;br/&gt;The study will consider one of the few large continental earthquakes that occurred in recent history and remove a significant void in our collective understanding of active tectonics in the Basin and Range and the Central Nevada Seismic Belt. This research will quantify the timing of past earthquakes and the average rate of slip on the fault that produced the Mw 7.3 1915 earthquake. The use of modern Accelerator Mass Spectrometry radiocarbon, Optical Stimulated Luminescence, and Terrestrial Cosmogenic dating methods in conjunction with paleoearthquake trenching investigations proposed herein will yield observations to 1) assess the northward extent to which slip rate is elevated along the Central Nevada Seismic Belt within the interior of the Basin and Range, 2) to determine whether the past history of events in Pleasant Valley exhibits repeated clustering of events that is observed in the Central Nevada Seismic Belt to the south, 3) address whether or not strands of the 1915 rupture separated by a 4 kilometer step in trace exhibited the same behavior in past earthquakes, 4) compare geologic rates of slip during the late Pleistocene as compared to modern geodesy, 5) cross-check multiple dating techniques applied to the same sediments, and 6) develop quantitative constraints on the timing of alluvial fan deposition in Pleasant Valley as a possible tool for assessing fault slip rates on adjacent range fronts exhibiting the same geomorphic and soil characteristics. In sum, there are few continental normal fault earthquake ruptures on which to gather observations bearing on the characteristics of rupture and recurrence. This study will provide the basis to compare and contrast characteristics of the 1915 ruptures to those that occurred before, both on the 1915 fault and elsewhere around the globe. The data collected will place observational bounds on conceptual models of earthquake recurrence and the physics of earthquake processes that form the underpinnings of seismic hazard analysis.&lt;br/&gt;&lt;br/&gt;This award reflects NSF's statutory mission and has been deemed worthy of support through evaluation using the Foundation's intellectual merit and broader impacts review criteria.]]></AbstractNarration>
<MinAmdLetterDate>10/29/2019</MinAmdLetterDate>
<MaxAmdLetterDate>10/29/2019</MaxAmdLetterDate>
<ARRAAmount/>
<TRAN_TYPE>Grant</TRAN_TYPE>
<CFDA_NUM>47.050</CFDA_NUM>
<NSF_PAR_USE_FLAG>1</NSF_PAR_USE_FLAG>
<FUND_AGCY_CODE>4900</FUND_AGCY_CODE>
<AWDG_AGCY_CODE>4900</AWDG_AGCY_CODE>
<AwardID>2001463</AwardID>
<Investigator>
<FirstName>Lewis</FirstName>
<LastName>Owen</LastName>
<PI_MID_INIT>A</PI_MID_INIT>
<PI_SUFX_NAME/>
<PI_FULL_NAME>Lewis A Owen</PI_FULL_NAME>
<EmailAddress><![CDATA[laowen2@ncsu.edu]]></EmailAddress>
<NSF_ID>000344207</NSF_ID>
<StartDate>10/29/2019</StartDate>
<EndDate/>
<RoleCode>Principal Investigator</RoleCode>
</Investigator>
<Institution>
<Name>North Carolina State University</Name>
<CityName>RALEIGH</CityName>
<ZipCode>276950001</ZipCode>
<PhoneNumber>9195152444</PhoneNumber>
<StreetAddress>2601 WOLF VILLAGE WAY</StreetAddress>
<StreetAddress2/>
<CountryName>United States</CountryName>
<StateName>North Carolina</StateName>
<StateCode>NC</StateCode>
<CONGRESSDISTRICT>02</CONGRESSDISTRICT>
<CONGRESS_DISTRICT_ORG>NC02</CONGRESS_DISTRICT_ORG>
<ORG_UEI_NUM>U3NVH931QJJ3</ORG_UEI_NUM>
<ORG_LGL_BUS_NAME>NORTH CAROLINA STATE UNIVERSITY</ORG_LGL_BUS_NAME>
<ORG_PRNT_UEI_NUM/>
</Institution>
<Performance_Institution>
<Name><![CDATA[North Carolina State University]]></Name>
<CityName>Raleigh</CityName>
<StateCode>NC</StateCode>
<ZipCode>276957907</ZipCode>
<StreetAddress><![CDATA[2701 Sullivan Drive Suite 240]]></StreetAddress>
<CountryCode>US</CountryCode>
<CountryName>United States</CountryName>
<StateName>North Carolina</StateName>
<CountryFlag>1</CountryFlag>
<CONGRESSDISTRICT>02</CONGRESSDISTRICT>
<CONGRESS_DISTRICT_PERF>NC02</CONGRESS_DISTRICT_PERF>
</Performance_Institution>
<ProgramElement>
<Code>1572</Code>
<Text>Tectonics</Text>
</ProgramElement>
<Appropriation>
<Code>0119</Code>
<Name>NSF RESEARCH &amp; RELATED ACTIVIT</Name>
<APP_SYMB_ID>040100</APP_SYMB_ID>
</Appropriation>
<Fund>
<Code>01001920DB</Code>
<Name><![CDATA[NSF RESEARCH & RELATED ACTIVIT]]></Name>
<FUND_SYMB_ID>040100</FUND_SYMB_ID>
</Fund>
<FUND_OBLG>2019~116991</FUND_OBLG>
<POR>
<DRECONTENT><![CDATA[<div class="porColContainerWBG"> <div class="porContentCol"><p>This project investigated the timing and patterns of past surface rupturing earthquakes as well as estimating the fault slip rate since the late Pleistocene (~ last 40,000 years) for one of the largest continental normal faults, the Pleasant Valley Fault, in the western United States (and perhaps the globe). The Peasant Valley Fault, located in the Central Nevada Seismic Belt, generated an M<sub>w</sub> 7.3 in AD 1915. The fault reached/ruptured the surface and created an impressive fault scarp that stretches for ~60 km. Detailed mapping and examination of the fault scarp of the AD 1915 rupture allowed us to select sites where we could trench across it to expose displaced sediments. These displaced sediments, together with displaced surfaces across the fault, allowed us to determine the timing of past earthquakes (paleoseismology) and how much the fault had moved over time. Five paleoseismologic trenches were excavated normal to the Pleasant Valley Fault, distributed along the northern central (Tobin segment) and central south (Pearce) fault segments during two months of field campaigns in late 2019 and two months during 2020. The fault trenches were logged in detail and samples were collected for dating the sediments and displaced surfaces. We used luminescence and cosmogenic nuclide dating methods, processing the samples in the Geochronology Laboratories at North Carolina State University. The dating samples were used to help train three graduates and an undergraduate student in geochronological and paleoseismology.</p> <p>At least five past earthquakes were identified in the five trenches excavated along the Pleasant Valley Fault over the past ~40,000 years and the vertical slip rate is ~0.1 mm/a. The pattern of earthquake timing for the five locations studied indicates that earthquake surface ruptures have happened before, which suggests that earthquakes in the range Mw 6.5 to 7 are common. Our results showed that earthquakes produced by the Pleasant Valley Fault started to be more frequent ~25,000 years ago, with a recurrence period of ~5,000 years. The time between the most recent earthquake (AD 1915) and the previous earthquake is ~9,200 years, which is longer than the recurrence interval for the previous earthquake. This ~9,200-year-old earthquake has a similar timing to past seismicity on the faults in Central Nevada and this suggests that there is a regional clustering seismicity in the Central Nevada Seismic Belt.</p> <p>This study adds to our understanding of regional tectonics and the implications of earthquake clustering in the Central Nevada Seismic Belt, the relationship between the fault geometry and earthquake recurrence, and for assessing fault slip rates and earthquake hazard over broad areas of the Basin and Range in the Western USA. The education and outreach goals of the project included training of undergraduate and graduate students, and professional development for early career researchers in paleoseismology and tectonics.</p> <p>&nbsp;</p><br> <p>            Last Modified: 10/20/2023<br>      Modified by: Lewis&nbsp;A&nbsp;Owen</p> </div> <div class="porSideCol"></div> </div>]]></DRECONTENT>
<POR_COPY_TXT><![CDATA[ This project investigated the timing and patterns of past surface rupturing earthquakes as well as estimating the fault slip rate since the late Pleistocene (~ last 40,000 years) for one of the largest continental normal faults, the Pleasant Valley Fault, in the western United States (and perhaps the globe). The Peasant Valley Fault, located in the Central Nevada Seismic Belt, generated an Mw 7.3 in AD 1915. The fault reached/ruptured the surface and created an impressive fault scarp that stretches for ~60 km. Detailed mapping and examination of the fault scarp of the AD 1915 rupture allowed us to select sites where we could trench across it to expose displaced sediments. These displaced sediments, together with displaced surfaces across the fault, allowed us to determine the timing of past earthquakes (paleoseismology) and how much the fault had moved over time. Five paleoseismologic trenches were excavated normal to the Pleasant Valley Fault, distributed along the northern central (Tobin segment) and central south (Pearce) fault segments during two months of field campaigns in late 2019 and two months during 2020. The fault trenches were logged in detail and samples were collected for dating the sediments and displaced surfaces. We used luminescence and cosmogenic nuclide dating methods, processing the samples in the Geochronology Laboratories at North Carolina State University. The dating samples were used to help train three graduates and an undergraduate student in geochronological and paleoseismology.  At least five past earthquakes were identified in the five trenches excavated along the Pleasant Valley Fault over the past ~40,000 years and the vertical slip rate is ~0.1 mm/a. The pattern of earthquake timing for the five locations studied indicates that earthquake surface ruptures have happened before, which suggests that earthquakes in the range Mw 6.5 to 7 are common. Our results showed that earthquakes produced by the Pleasant Valley Fault started to be more frequent ~25,000 years ago, with a recurrence period of ~5,000 years. The time between the most recent earthquake (AD 1915) and the previous earthquake is ~9,200 years, which is longer than the recurrence interval for the previous earthquake. This ~9,200-year-old earthquake has a similar timing to past seismicity on the faults in Central Nevada and this suggests that there is a regional clustering seismicity in the Central Nevada Seismic Belt.  This study adds to our understanding of regional tectonics and the implications of earthquake clustering in the Central Nevada Seismic Belt, the relationship between the fault geometry and earthquake recurrence, and for assessing fault slip rates and earthquake hazard over broad areas of the Basin and Range in the Western USA. The education and outreach goals of the project included training of undergraduate and graduate students, and professional development for early career researchers in paleoseismology and tectonics.          Last Modified: 10/20/2023       Submitted by: Lewis A Owen]]></POR_COPY_TXT>
</POR>
</Award>
</rootTag>
