<?xml version="1.0" encoding="UTF-8"?>
<rootTag>
<Award>
<AwardTitle><![CDATA[Digitization TCN: Collaborative Research: Mobilizing Millions of Marine Mollusks of the Eastern Seaboard]]></AwardTitle>
<AGENCY>NSF</AGENCY>
<AwardEffectiveDate>09/15/2020</AwardEffectiveDate>
<AwardExpirationDate>08/31/2025</AwardExpirationDate>
<AwardTotalIntnAmount>844794.00</AwardTotalIntnAmount>
<AwardAmount>844794</AwardAmount>
<AwardInstrument>
<Value>Standard Grant</Value>
</AwardInstrument>
<Organization>
<Code>08080000</Code>
<Directorate>
<Abbreviation>BIO</Abbreviation>
<LongName>Direct For Biological Sciences</LongName>
</Directorate>
<Division>
<Abbreviation>DBI</Abbreviation>
<LongName>Div Of Biological Infrastructure</LongName>
</Division>
</Organization>
<ProgramOfficer>
<SignBlockName>Reed Beaman</SignBlockName>
<PO_EMAI>rsbeaman@nsf.gov</PO_EMAI>
<PO_PHON>7032927163</PO_PHON>
</ProgramOfficer>
<AbstractNarration>The Eastern Seaboard of the United States (ESB, U.S. Exclusive Economic Zone) stretches from the Canadian border on the Atlantic along nearly 6,000 km of eastern coastline, around the Floridian Peninsula, and along the Gulf of Mexico to the south end of the Texan coast, including 18 U.S. states. The ESB region is densely populated, with 47% of the U.S. population expected to inhabit the counties adjacent to the shoreline by 2021. Habitat loss, pollution, overfishing, and climate change threaten commercially and ecologically important marine species all along the ESB. This project will make occurrence data with map coordinates available for over 3,000 species of mollusks that find their habitat along the ESB, including mussels, clams, conchs, snails, and squid. Data from these ecologically and commercially important species (over 4.5 million individual specimens) will be made available through public online data portals. While the geographic ranges for many species of mollusks are well-known, the extent of their distribution within the seafloor habitats they occupy is unknown. Adding map coordinates to occurrence records for live-collected mollusks in natural history collections will provide detailed knowledge of distributions. Because natural history collections have specimens collected from the mid-1800s to present, these occurrence records can help track distributional changes over time and lead to better fisheries and conservation management.  &lt;br/&gt;&lt;br/&gt;One hundred million mollusk specimens have been documented in natural history collections across North America, and the breadth, depth, and growth of these collections is exceptionally well-known compared to other invertebrate taxa. Mollusks are among the best sampled group of animals, with some species having over 2,000 digital records available in natural history collections making them extremely well-suited for environmental and biogeographical studies that track faunal change over time and space. However, already-digitized mollusk lots are missing essential data such as collecting date (30% of records) and reliable georeferences (85% of records). This project will generate reliable geo-coordinate data for all covered specimen lots using a collaborative georeferencing project in GeoLocate.  GeoLocate will add layers for bathymetric data, benthic habitat, and marine conservation areas. Incorporating bathymetry into GeoLocate to determine the extent of locations will also provide that capability for complex elevational data for terrestrial species. Important trait data will also be incorporated. For the first time, molluscan occurrence data will distinguish between live- and dead-collected specimens, with a defined vocabulary for traits added to each record. Due to the long persistence of molluscan shells, the live/dead- collected distinction is crucial for all studies of biotic change using mollusks. Information on collecting dates will be refined where possible to increase resolution for detecting biotic changes. The data will be shared through public data repositories, including iDigBio, GBIF, OBIS, and the InvertEBase Symbiota portal.&lt;br/&gt;&lt;br/&gt;This award reflects NSF's statutory mission and has been deemed worthy of support through evaluation using the Foundation's intellectual merit and broader impacts review criteria.</AbstractNarration>
<MinAmdLetterDate>07/28/2020</MinAmdLetterDate>
<MaxAmdLetterDate>07/28/2020</MaxAmdLetterDate>
<ARRAAmount/>
<TRAN_TYPE>Grant</TRAN_TYPE>
<CFDA_NUM>47.074</CFDA_NUM>
<NSF_PAR_USE_FLAG>1</NSF_PAR_USE_FLAG>
<FUND_AGCY_CODE>4900</FUND_AGCY_CODE>
<AWDG_AGCY_CODE>4900</AWDG_AGCY_CODE>
<AwardID>2001510</AwardID>
<Investigator>
<FirstName>Rudiger</FirstName>
<LastName>Bieler</LastName>
<PI_MID_INIT/>
<PI_SUFX_NAME/>
<PI_FULL_NAME>Rudiger Bieler</PI_FULL_NAME>
<EmailAddress><![CDATA[rbieler@fieldmuseum.org]]></EmailAddress>
<NSF_ID>000476097</NSF_ID>
<StartDate>07/28/2020</StartDate>
<EndDate/>
<RoleCode>Principal Investigator</RoleCode>
</Investigator>
<Investigator>
<FirstName>Petra</FirstName>
<LastName>Sierwald</LastName>
<PI_MID_INIT/>
<PI_SUFX_NAME/>
<PI_FULL_NAME>Petra Sierwald</PI_FULL_NAME>
<EmailAddress><![CDATA[psierwald@fieldmuseum.org]]></EmailAddress>
<NSF_ID>000476096</NSF_ID>
<StartDate>07/28/2020</StartDate>
<EndDate/>
<RoleCode>Co-Principal Investigator</RoleCode>
</Investigator>
<Institution>
<Name><![CDATA[Field Museum of Natural History]]></Name>
<CityName>CHICAGO</CityName>
<ZipCode>606052827</ZipCode>
<PhoneNumber>3126657240</PhoneNumber>
<StreetAddress><![CDATA[1400 S LAKE SHORE DR]]></StreetAddress>
<StreetAddress2/>
<CountryName>United States</CountryName>
<StateName>Illinois</StateName>
<StateCode>IL</StateCode>
<CONGRESSDISTRICT>07</CONGRESSDISTRICT>
<CONGRESS_DISTRICT_ORG>IL07</CONGRESS_DISTRICT_ORG>
<ORG_UEI_NUM>CBHQF44BQYN5</ORG_UEI_NUM>
<ORG_LGL_BUS_NAME>FIELD MUSEUM OF NATURAL HISTORY</ORG_LGL_BUS_NAME>
<ORG_PRNT_UEI_NUM/>
</Institution>
<Performance_Institution>
<Name><![CDATA[Field Museum of Natural History]]></Name>
<CityName>Chicago</CityName>
<StateCode>IL</StateCode>
<ZipCode>606052827</ZipCode>
<StreetAddress><![CDATA[Field Museum, 1400 S Lake Shore]]></StreetAddress>
<CountryCode>US</CountryCode>
<CountryName>United States</CountryName>
<StateName>Illinois</StateName>
<CountryFlag>1</CountryFlag>
<CONGRESSDISTRICT>07</CONGRESSDISTRICT>
<CONGRESS_DISTRICT_PERF>IL07</CONGRESS_DISTRICT_PERF>
</Performance_Institution>
<ProgramElement>
<Code>085Y00</Code>
<Text>ICB: Infrastructure Capacity f</Text>
</ProgramElement>
<ProgramReference>
<Code>6895</Code>
<Text>DIGITIZATION</Text>
</ProgramReference>
<Appropriation>
<Code>0120</Code>
<Name>NSF RESEARCH &amp; RELATED ACTIVIT</Name>
<APP_SYMB_ID>040100</APP_SYMB_ID>
</Appropriation>
<Fund>
<Code>01002021DB</Code>
<Name><![CDATA[NSF RESEARCH & RELATED ACTIVIT]]></Name>
<FUND_SYMB_ID>040100</FUND_SYMB_ID>
</Fund>
<FUND_OBLG>2020~844794</FUND_OBLG>
</Award>
</rootTag>
