<?xml version="1.0" encoding="UTF-8"?>
<rootTag>
<Award>
<AwardTitle><![CDATA[Quantum Symmetric Pairs, Categorification, and Geometry]]></AwardTitle>
<AGENCY>NSF</AGENCY>
<AwardEffectiveDate>06/01/2020</AwardEffectiveDate>
<AwardExpirationDate>02/29/2024</AwardExpirationDate>
<AwardTotalIntnAmount>345000.00</AwardTotalIntnAmount>
<AwardAmount>345000</AwardAmount>
<AwardInstrument>
<Value>Continuing Grant</Value>
</AwardInstrument>
<Organization>
<Code>03040000</Code>
<Directorate>
<Abbreviation>MPS</Abbreviation>
<LongName>Direct For Mathematical &amp; Physical Scien</LongName>
</Directorate>
<Division>
<Abbreviation>DMS</Abbreviation>
<LongName>Division Of Mathematical Sciences</LongName>
</Division>
</Organization>
<ProgramOfficer>
<SignBlockName>James Matthew Douglass</SignBlockName>
<PO_EMAI>mdouglas@nsf.gov</PO_EMAI>
<PO_PHON>7032922467</PO_PHON>
</ProgramOfficer>
<AbstractNarration>The beauty of a physical object, such as a snowflake, is often a reflection of its regularity or symmetry. In mathematics such a regularity is described by the notion of groups or algebras. This research project seeks to study a certain deformation symmetry known as i-quantum groups, which exhibit a crystal-like discrete structure, not unlike what one sees in a snowflake. The PI plans to uncover higher symmetries (in categorical or geometric approaches) behind the i-quantum groups. This project provides research training opportunities for graduate students. &lt;br/&gt;&lt;br/&gt;The i-quantum groups arising from quantum symmetric pairs are a vast generalization of quantum groups. The PI proposes a Hall algebra construction of i-quantum groups in greater generality, and constructs braid group symmetries of i-quantum groups along the way. The PI also proposes to provide a Drinfeld type construction of i-quantum groups of affine type, which will pave the way to their finite-dimensional representations and a geometric realization via classical flag varieties and more generally quiver varieties. In addition, a theory of cells for i-quantum groups will be developed. Finally, a Khovanov-Lauda-Rouquier type categorification of i-quantum groups is proposed, and it will have applications to modular representations of algebraic groups and quantum groups at roots of unity.&lt;br/&gt;&lt;br/&gt;This award reflects NSF's statutory mission and has been deemed worthy of support through evaluation using the Foundation's intellectual merit and broader impacts review criteria.</AbstractNarration>
<MinAmdLetterDate>04/06/2020</MinAmdLetterDate>
<MaxAmdLetterDate>10/05/2023</MaxAmdLetterDate>
<ARRAAmount/>
<TRAN_TYPE>Grant</TRAN_TYPE>
<CFDA_NUM>47.049</CFDA_NUM>
<NSF_PAR_USE_FLAG>1</NSF_PAR_USE_FLAG>
<FUND_AGCY_CODE>4900</FUND_AGCY_CODE>
<AWDG_AGCY_CODE>4900</AWDG_AGCY_CODE>
<AwardID>2001351</AwardID>
<Investigator>
<FirstName>Weiqiang</FirstName>
<LastName>Wang</LastName>
<PI_MID_INIT/>
<PI_SUFX_NAME/>
<PI_FULL_NAME>Weiqiang Wang</PI_FULL_NAME>
<EmailAddress><![CDATA[ww9c@virginia.edu]]></EmailAddress>
<NSF_ID>000104837</NSF_ID>
<StartDate>04/06/2020</StartDate>
<EndDate/>
<RoleCode>Principal Investigator</RoleCode>
</Investigator>
<Institution>
<Name><![CDATA[University of Virginia Main Campus]]></Name>
<CityName>CHARLOTTESVILLE</CityName>
<ZipCode>229034833</ZipCode>
<PhoneNumber>4349244270</PhoneNumber>
<StreetAddress><![CDATA[1001 EMMET ST N]]></StreetAddress>
<StreetAddress2/>
<CountryName>United States</CountryName>
<StateName>Virginia</StateName>
<StateCode>VA</StateCode>
<CONGRESSDISTRICT>05</CONGRESSDISTRICT>
<CONGRESS_DISTRICT_ORG>VA05</CONGRESS_DISTRICT_ORG>
<ORG_UEI_NUM>JJG6HU8PA4S5</ORG_UEI_NUM>
<ORG_LGL_BUS_NAME>RECTOR &amp; VISITORS OF THE UNIVERSITY OF VIRGINIA</ORG_LGL_BUS_NAME>
<ORG_PRNT_UEI_NUM/>
</Institution>
<Performance_Institution>
<Name><![CDATA[University of Virginia Main Campus]]></Name>
<CityName>charlottesville</CityName>
<StateCode>VA</StateCode>
<ZipCode>229044137</ZipCode>
<StreetAddress><![CDATA[141 Cabell Drive, Kerchof Hall]]></StreetAddress>
<CountryCode>US</CountryCode>
<CountryName>United States</CountryName>
<StateName>Virginia</StateName>
<CountryFlag>1</CountryFlag>
<CONGRESSDISTRICT>05</CONGRESSDISTRICT>
<CONGRESS_DISTRICT_PERF>VA05</CONGRESS_DISTRICT_PERF>
</Performance_Institution>
<ProgramElement>
<Code>126400</Code>
<Text>ALGEBRA,NUMBER THEORY,AND COM</Text>
</ProgramElement>
<Appropriation>
<Code/>
<Name/>
<APP_SYMB_ID/>
</Appropriation>
<Appropriation>
<Code/>
<Name/>
<APP_SYMB_ID/>
</Appropriation>
<Appropriation>
<Code/>
<Name/>
<APP_SYMB_ID/>
</Appropriation>
<Fund>
<Code>01002122DB</Code>
<Name><![CDATA[NSF RESEARCH & RELATED ACTIVIT]]></Name>
<FUND_SYMB_ID>040100</FUND_SYMB_ID>
</Fund>
<Fund>
<Code>01002223DB</Code>
<Name><![CDATA[NSF RESEARCH & RELATED ACTIVIT]]></Name>
<FUND_SYMB_ID>040100</FUND_SYMB_ID>
</Fund>
<Fund>
<Code>01002021DB</Code>
<Name><![CDATA[NSF RESEARCH & RELATED ACTIVIT]]></Name>
<FUND_SYMB_ID>040100</FUND_SYMB_ID>
</Fund>
<FUND_OBLG>2020~185322</FUND_OBLG>
<FUND_OBLG>2021~83135</FUND_OBLG>
<FUND_OBLG>2022~76543</FUND_OBLG>
<POR>
<DRECONTENT><![CDATA[<div class="porColContainerWBG"> <div class="porContentCol"><p class="p1">Just as symmetries in the language of groups are used to describe the regularities of objects such as balls and regular polyhedra, quantum symmetries in the form of quantum groups often arise in math physics, integrable systems, and as hidden symmetries in classical areas of mathematics such as combinatorics of counting.<span>&nbsp;</span></p> <p class="p1">The PI continues to develop generalizations of several fundamental constructions for Drinfeld-Jimbo quantum groups to the setting of i-quantum groups arising from quantum symmetric pairs, such as Hall algebra, Schur duality, categorification, braid group action, Drinfeld presentation of affine quantum groups. The i-philosophy has motivated a construction of PBW bases for the whole (modified) quantum group, missing in the literature for decades; these PBW bases admit a categorification as standard modules for 2-Kac-Moody categories. A new form of i-Schur duality has led to a construction of quasi-parabolic Kazhdan-Lusztig basis associated with non-parabolic reflection subgroups of Weyl groups of type B. Motivated by iSerre presentations and higher order Lusztig-Serre relations, we have formulated relative braid group action for quasi-split i-quantum groups via i-divided powers, which are expected to have ramifications in categorication and modular representation theory. The relative braid group action beyond quasi-split type has been intrinsically developed only in the last year or two. The Drinfeld type presentations for affine i-quantum groups have also been initiated. Viewing twisted Yangians as an algebraic structure associated with Satake diagrams, we have obtained a Drinfeld type presentation of a class of twisted Yangians for the first time.</p> <p class="p1">&nbsp;</p><br> <p>  Last Modified: 02/27/2024<br> Modified by: Weiqiang&nbsp;Wang</p></div> <div class="porSideCol" ></div> </div>]]></DRECONTENT>
<POR_COPY_TXT><![CDATA[  Just as symmetries in the language of groups are used to describe the regularities of objects such as balls and regular polyhedra, quantum symmetries in the form of quantum groups often arise in math physics, integrable systems, and as hidden symmetries in classical areas of mathematics such as combinatorics of counting.   The PI continues to develop generalizations of several fundamental constructions for Drinfeld-Jimbo quantum groups to the setting of i-quantum groups arising from quantum symmetric pairs, such as Hall algebra, Schur duality, categorification, braid group action, Drinfeld presentation of affine quantum groups. The i-philosophy has motivated a construction of PBW bases for the whole (modified) quantum group, missing in the literature for decades; these PBW bases admit a categorification as standard modules for 2-Kac-Moody categories. A new form of i-Schur duality has led to a construction of quasi-parabolic Kazhdan-Lusztig basis associated with non-parabolic reflection subgroups of Weyl groups of type B. Motivated by iSerre presentations and higher order Lusztig-Serre relations, we have formulated relative braid group action for quasi-split i-quantum groups via i-divided powers, which are expected to have ramifications in categorication and modular representation theory. The relative braid group action beyond quasi-split type has been intrinsically developed only in the last year or two. The Drinfeld type presentations for affine i-quantum groups have also been initiated. Viewing twisted Yangians as an algebraic structure associated with Satake diagrams, we have obtained a Drinfeld type presentation of a class of twisted Yangians for the first time.        Last Modified: 02/27/2024       Submitted by: WeiqiangWang]]></POR_COPY_TXT>
</POR>
</Award>
</rootTag>
