<?xml version="1.0" encoding="UTF-8"?>
<rootTag>
<Award>
<AwardTitle><![CDATA[K-Stability, Moduli Spaces, and Singularities]]></AwardTitle>
<AGENCY>NSF</AGENCY>
<AwardEffectiveDate>05/01/2020</AwardEffectiveDate>
<AwardExpirationDate>09/30/2021</AwardExpirationDate>
<AwardTotalIntnAmount>160000.00</AwardTotalIntnAmount>
<AwardAmount>103686</AwardAmount>
<AwardInstrument>
<Value>Continuing Grant</Value>
</AwardInstrument>
<Organization>
<Code>03040000</Code>
<Directorate>
<Abbreviation>MPS</Abbreviation>
<LongName>Direct For Mathematical &amp; Physical Scien</LongName>
</Directorate>
<Division>
<Abbreviation>DMS</Abbreviation>
<LongName>Division Of Mathematical Sciences</LongName>
</Division>
</Organization>
<ProgramOfficer>
<SignBlockName>Andrew Pollington</SignBlockName>
<PO_EMAI>adpollin@nsf.gov</PO_EMAI>
<PO_PHON>7032924878</PO_PHON>
</ProgramOfficer>
<AbstractNarration>Varieties are geometric objects as common solutions of multivariable polynomial equations. Varieties can vary by changing the coefficients of polynomials, and it is an important question on when their geometric shapes will remain in a nice way. When the varieties are positively curved called Fano varieties, a natural approach is to look at those with Einstein structures, a notion originated from general relativity. The Einstein structures are deeply related to K-stability, a stability theory in algebraic geometry. The PI will study Fano varieties with Einstein structures, and how they degenerate and develop singularities. The problems are foundational and have deep connections among different areas of mathematics, such as algebraic geometry, differential geometry, commutative algebra, and mathematical physics.&lt;br/&gt;&lt;br/&gt;The PI will investigate K-stability of Fano varieties, their moduli spaces, and geometry of singularities. The PI aims to show that moduli spaces of K-polystable Fano varieties are compact, which is related to finding a Harder-Narasimhan filtration on K-unstable Fano varieties. The PI will study explicit moduli spaces of log Fano pairs and their wall crossings, and estabilish connections to moduli spaces of curves and K3 surfaces. The PI will study distribution of local volumes of Kawamata log terminal singularities, where he aims to show that 0 is the only accumulation point. The proposed projects above will use classical techniques from the Minimal Model Program and Geometric Invariant Theory, as well as new tools from algebraic theory of K-stability, K-moduli spaces, and normalized volumes developed by the PI and collaborators.&lt;br/&gt;&lt;br/&gt;This award reflects NSF's statutory mission and has been deemed worthy of support through evaluation using the Foundation's intellectual merit and broader impacts review criteria.</AbstractNarration>
<MinAmdLetterDate>04/01/2020</MinAmdLetterDate>
<MaxAmdLetterDate>04/29/2021</MaxAmdLetterDate>
<ARRAAmount/>
<TRAN_TYPE>Grant</TRAN_TYPE>
<CFDA_NUM>47.049</CFDA_NUM>
<NSF_PAR_USE_FLAG>1</NSF_PAR_USE_FLAG>
<FUND_AGCY_CODE>4900</FUND_AGCY_CODE>
<AWDG_AGCY_CODE>4900</AWDG_AGCY_CODE>
<AwardID>2001317</AwardID>
<Investigator>
<FirstName>Yuchen</FirstName>
<LastName>Liu</LastName>
<PI_MID_INIT/>
<PI_SUFX_NAME/>
<PI_FULL_NAME>Yuchen Liu</PI_FULL_NAME>
<EmailAddress><![CDATA[yuchenl@northwestern.edu]]></EmailAddress>
<NSF_ID>000788758</NSF_ID>
<StartDate>04/01/2020</StartDate>
<EndDate/>
<RoleCode>Principal Investigator</RoleCode>
</Investigator>
<Institution>
<Name><![CDATA[Yale University]]></Name>
<CityName>NEW HAVEN</CityName>
<ZipCode>065113572</ZipCode>
<PhoneNumber>2037854689</PhoneNumber>
<StreetAddress><![CDATA[150 MUNSON ST]]></StreetAddress>
<StreetAddress2/>
<CountryName>United States</CountryName>
<StateName>Connecticut</StateName>
<StateCode>CT</StateCode>
<CONGRESSDISTRICT>03</CONGRESSDISTRICT>
<CONGRESS_DISTRICT_ORG>CT03</CONGRESS_DISTRICT_ORG>
<ORG_UEI_NUM>FL6GV84CKN57</ORG_UEI_NUM>
<ORG_LGL_BUS_NAME>YALE UNIV</ORG_LGL_BUS_NAME>
<ORG_PRNT_UEI_NUM>FL6GV84CKN57</ORG_PRNT_UEI_NUM>
</Institution>
<Performance_Institution>
<Name><![CDATA[Yale University]]></Name>
<CityName>New Haven</CityName>
<StateCode>CT</StateCode>
<ZipCode>065116810</ZipCode>
<StreetAddress><![CDATA[10 Hillhouse Ave]]></StreetAddress>
<CountryCode>US</CountryCode>
<CountryName>United States</CountryName>
<StateName>Connecticut</StateName>
<CountryFlag>1</CountryFlag>
<CONGRESSDISTRICT>03</CONGRESSDISTRICT>
<CONGRESS_DISTRICT_PERF>CT03</CONGRESS_DISTRICT_PERF>
</Performance_Institution>
<ProgramElement>
<Code>126400</Code>
<Text>ALGEBRA,NUMBER THEORY,AND COM</Text>
</ProgramElement>
<Appropriation>
<Code>0120</Code>
<Name>NSF RESEARCH &amp; RELATED ACTIVIT</Name>
<APP_SYMB_ID>040100</APP_SYMB_ID>
</Appropriation>
<Appropriation>
<Code>0121</Code>
<Name>NSF RESEARCH &amp; RELATED ACTIVIT</Name>
<APP_SYMB_ID>040100</APP_SYMB_ID>
</Appropriation>
<Fund>
<Code>01002021DB</Code>
<Name><![CDATA[NSF RESEARCH & RELATED ACTIVIT]]></Name>
<FUND_SYMB_ID>040100</FUND_SYMB_ID>
</Fund>
<Fund>
<Code>01002122DB</Code>
<Name><![CDATA[NSF RESEARCH & RELATED ACTIVIT]]></Name>
<FUND_SYMB_ID>040100</FUND_SYMB_ID>
</Fund>
<FUND_OBLG>2020~41214</FUND_OBLG>
<FUND_OBLG>2021~0</FUND_OBLG>
</Award>
</rootTag>
