<?xml version="1.0" encoding="UTF-8"?>
<rootTag>
<Award>
<AwardTitle><![CDATA[Understanding Why Cells Choose to Migrate Towards the Cathode: Directing Cell Motility Using Electric Fields]]></AwardTitle>
<AGENCY>NSF</AGENCY>
<AwardEffectiveDate>08/01/2018</AwardEffectiveDate>
<AwardExpirationDate>05/31/2021</AwardExpirationDate>
<AwardTotalIntnAmount>110682.00</AwardTotalIntnAmount>
<AwardAmount>110682</AwardAmount>
<AwardInstrument>
<Value>Standard Grant</Value>
</AwardInstrument>
<Organization>
<Code>07020000</Code>
<Directorate>
<Abbreviation>ENG</Abbreviation>
<LongName>Directorate For Engineering</LongName>
</Directorate>
<Division>
<Abbreviation>CBET</Abbreviation>
<LongName>Div Of Chem, Bioeng, Env, &amp; Transp Sys</LongName>
</Division>
</Organization>
<ProgramOfficer>
<SignBlockName>Stephanie George</SignBlockName>
<PO_EMAI>stgeorge@nsf.gov</PO_EMAI>
<PO_PHON>7032927825</PO_PHON>
</ProgramOfficer>
<AbstractNarration>PI:  Gagnon, Zachary R&lt;br/&gt;Proposal #:  1605553&lt;br/&gt;&lt;br/&gt;How a cell senses, responds, and moves towards or away from an external cue is central to many biological and medical phenomena including embryogenesis, morphogenesis, immune response, wound healing and cancer metastasis. Electrotaxis, the phenomenon by which cells bias their motion directionally in response to an externally applied electrical field, is important in a number of cellular processes; however, the underlying physical mechanism of how electric fields influence cytoskeletal organization within the cell is unknown. The overall goal of the planned research is to determine the physical mechanisms responsible for initiating electrotaxis in cells. The goal will be achieved by observing electrotactic migration and quantifying the ion activity surrounding electrotaxing cells using precise microfluidic cell confinement chambers. Intellectual merit is based on the innovative strategy and fundamental significance in determining the physical entry point where electric fields are converted into a downstream chemical signal during cellular electrotaxis. Unlike traditional electrotaxis work that focuses on downstream signaling proteins, this project focuses on understanding the immediate influences of the electric field at the cell membrane.  Educational impact is achieved through providing new courses and laboratory training for undergraduate and graduate students, outreach to high school students through the institutions "Engineering Innovation" program, engaging 6th - 8th grade students through the "Science Academy Technology" program in Baltimore and Charles City Middle Schools and broadening the participation of underrepresented groups in the proposed research projects through hands-on research and community outreach.&lt;br/&gt;&lt;br/&gt;How a cell senses, responds, and moves towards or away from an external cue is central to many biological and medical phenomena including embryogenesis, morphogenesis, immune response, wound healing and cancer metastasis. Many eukaryotic cells have internal compasses that allow them to sense these cues, often in the form of gradients of chemoattractant, voltage, or mechanical stress, and bias their motion in a specific direction. Electrotaxis, the phenomenon by which cells bias their motion directionally in response to an externally applied electrical field, is important in a number of cellular processes; however, the underlying physical mechanism of how electric fields are transduced into the cell to influence cytoskeletal organization is unknown. The overall goal of this proposal is to determine the relevant physical mechanisms responsible for initiating electrotaxis in cells. The goal will be achieved by observing electrotactic migration and quantifying the ion activity surrounding electrotaxing cells using precise microfluidic cell confinement chambers. The specific objectives are:  1) to develop and build microfluidic confinement geometries for cell membrane level analysis of electrokinetic ion flux during electrotaxis, 2) to quantify the electric field-induced membrane processes including ion-flow and ion channel activity during electrotaxis, and 3) to understand how downstream cell signaling is activated and transduced by these upstream electric field-induced events. The intellectual merit of the planned research is based on the innovative strategy and fundamental significance in determining the physical entry point where electric fields are transduced into a downstream chemical signal during cellular electrotaxis. Unlike traditional electrotaxis work that focuses on downstream signaling proteins, this project focuses on understanding the immediate influences of the electric field at the cell membrane.  Educational impact is achieved through providing new courses and laboratory training for undergraduate and graduate students, outreach to high school students through the institutions "Engineering Innovation" program, engaging 6th - 8th grade students through the "Science Academy Technology" program in Baltimore and Charles City Middle Schools and broadening the participation of underrepresented groups in the proposed research projects through hands-on research and community outreach.</AbstractNarration>
<MinAmdLetterDate>02/10/2020</MinAmdLetterDate>
<MaxAmdLetterDate>02/10/2020</MaxAmdLetterDate>
<ARRAAmount/>
<TRAN_TYPE>Grant</TRAN_TYPE>
<CFDA_NUM>47.041</CFDA_NUM>
<NSF_PAR_USE_FLAG>0</NSF_PAR_USE_FLAG>
<FUND_AGCY_CODE>4900</FUND_AGCY_CODE>
<AWDG_AGCY_CODE>4900</AWDG_AGCY_CODE>
<AwardID>2001226</AwardID>
<Investigator>
<FirstName>Zachary</FirstName>
<LastName>Gagnon</LastName>
<PI_MID_INIT>R</PI_MID_INIT>
<PI_SUFX_NAME/>
<PI_FULL_NAME>Zachary R Gagnon</PI_FULL_NAME>
<EmailAddress><![CDATA[zgagnon@tamu.edu]]></EmailAddress>
<NSF_ID>000616541</NSF_ID>
<StartDate>02/10/2020</StartDate>
<EndDate/>
<RoleCode>Principal Investigator</RoleCode>
</Investigator>
<Institution>
<Name><![CDATA[Texas A&M Engineering Experiment Station]]></Name>
<CityName>COLLEGE STATION</CityName>
<ZipCode>778433124</ZipCode>
<PhoneNumber>9798626777</PhoneNumber>
<StreetAddress><![CDATA[3124 TAMU]]></StreetAddress>
<StreetAddress2/>
<CountryName>United States</CountryName>
<StateName>Texas</StateName>
<StateCode>TX</StateCode>
<CONGRESSDISTRICT>10</CONGRESSDISTRICT>
<CONGRESS_DISTRICT_ORG>TX10</CONGRESS_DISTRICT_ORG>
<ORG_UEI_NUM>QD1MX6N5YTN4</ORG_UEI_NUM>
<ORG_LGL_BUS_NAME>TEXAS A&amp;M ENGINEERING EXPERIMENT STATION</ORG_LGL_BUS_NAME>
<ORG_PRNT_UEI_NUM>QD1MX6N5YTN4</ORG_PRNT_UEI_NUM>
</Institution>
<Performance_Institution>
<Name><![CDATA[Texas A&M Engineering Experiment Station]]></Name>
<CityName/>
<StateCode>TX</StateCode>
<ZipCode>778433122</ZipCode>
<StreetAddress/>
<CountryCode>US</CountryCode>
<CountryName>United States</CountryName>
<StateName>Texas</StateName>
<CountryFlag>1</CountryFlag>
<CONGRESSDISTRICT>10</CONGRESSDISTRICT>
<CONGRESS_DISTRICT_PERF>TX10</CONGRESS_DISTRICT_PERF>
</Performance_Institution>
<ProgramElement>
<Code>534500</Code>
<Text>Engineering of Biomed Systems</Text>
</ProgramElement>
<Appropriation>
<Code>0116</Code>
<Name>NSF RESEARCH &amp; RELATED ACTIVIT</Name>
<APP_SYMB_ID>040100</APP_SYMB_ID>
</Appropriation>
<Fund>
<Code>01001617DB</Code>
<Name><![CDATA[NSF RESEARCH & RELATED ACTIVIT]]></Name>
<FUND_SYMB_ID>040100</FUND_SYMB_ID>
</Fund>
<FUND_OBLG>2016~110682</FUND_OBLG>
<POR>
<DRECONTENT><![CDATA[<div class="porColContainerWBG"> <div class="porContentCol"><p><span>How a cell senses, responds, and moves towards, or away from an external cue is central to many biological and medical phenomena including morphogenesis, immune response, and cancer metastasis.&nbsp;<span>Electrotaxis (also known as galvanotaxis) is the phenomenon by which cells bias their motion directionally in response to an externally applied electrical field</span><sup><span>4</span></sup><span>. Since electrotaxis of living cells was first discovered over a century ago, motile cells including neurons, fibroblasts, lymphocytes, leukocytes, macrophages, neural crest cells, cancer cells and slime molds have shown the ability to detect gradients in electrical potential (voltage) and display directional migration towards the negative (cathode) or positive (anode) charged electrode depending on the cell type and growth conditions.&nbsp;<span>Very little is known in terms of the underlying physical mechanism of how electrical cues are transduced to influence cytoskeletal organization for polarity and motility, and it is unknown why a cell chooses to migrate in one particular direction or another.&nbsp;</span></span></span></p> <p>The hypothesis of this proposal is that electrotaxis is initiated by electric field-induced ion flux at the cellular membrane, and that we can utilize microfluidic confinement geometries and confocal microscopy to quantify this underlying physical mechanism, and link this to electrotactic directionality.</p> <p>During this award period, we developed microfluidic devices for which to controllably confine migrating cells. The cells themselves were the social ameaba, Dictyostelium discoidium.&nbsp;<span>The cellular slime mold <em>Dictyostelium discoideum</em> is a well-established model organism for studying cell motility. We confined these cells into microfluidic channels and exposed them to known concentrations of chemical cues and electric fields.</span></p> <p>As a result of this award, we were able to discover that Dicty cells migrate using two different motility modes - blebs and pseudopods - while exposed to chemical cues. However, when the cells are confined they switch to migrate entirely using a bleb-driven motility mode.</p> <p>We then investigated these Dicty cells under confinement while exposed to an external electric field. When exposed, cells "sensed" the field and migrated to the negatively charged cathode electrode. What we discovered, however, is that during migration calcium was observed to influx into the cells as they migrated by electrotaxis in the confined microchannel. This discoverly validated our initial hypothesis where we speculated that electrotaxis is heavily regulated by the influence of the electric field on the ion flux across the cell membrane.</p> <p>Overall, this award resulted in a new method for succesfully imaging calcium ions in electrotaxing Dicty cells and a deeper understanding for how cells in general migrate under chemical and electrical cues.</p> <p>&nbsp;</p><br> <p>            Last Modified: 08/29/2022<br>      Modified by: Zachary&nbsp;R&nbsp;Gagnon</p> </div> <div class="porSideCol"></div> </div>]]></DRECONTENT>
<POR_COPY_TXT><![CDATA[ How a cell senses, responds, and moves towards, or away from an external cue is central to many biological and medical phenomena including morphogenesis, immune response, and cancer metastasis. Electrotaxis (also known as galvanotaxis) is the phenomenon by which cells bias their motion directionally in response to an externally applied electrical field4. Since electrotaxis of living cells was first discovered over a century ago, motile cells including neurons, fibroblasts, lymphocytes, leukocytes, macrophages, neural crest cells, cancer cells and slime molds have shown the ability to detect gradients in electrical potential (voltage) and display directional migration towards the negative (cathode) or positive (anode) charged electrode depending on the cell type and growth conditions. Very little is known in terms of the underlying physical mechanism of how electrical cues are transduced to influence cytoskeletal organization for polarity and motility, and it is unknown why a cell chooses to migrate in one particular direction or another.   The hypothesis of this proposal is that electrotaxis is initiated by electric field-induced ion flux at the cellular membrane, and that we can utilize microfluidic confinement geometries and confocal microscopy to quantify this underlying physical mechanism, and link this to electrotactic directionality.  During this award period, we developed microfluidic devices for which to controllably confine migrating cells. The cells themselves were the social ameaba, Dictyostelium discoidium. The cellular slime mold Dictyostelium discoideum is a well-established model organism for studying cell motility. We confined these cells into microfluidic channels and exposed them to known concentrations of chemical cues and electric fields.  As a result of this award, we were able to discover that Dicty cells migrate using two different motility modes - blebs and pseudopods - while exposed to chemical cues. However, when the cells are confined they switch to migrate entirely using a bleb-driven motility mode.  We then investigated these Dicty cells under confinement while exposed to an external electric field. When exposed, cells "sensed" the field and migrated to the negatively charged cathode electrode. What we discovered, however, is that during migration calcium was observed to influx into the cells as they migrated by electrotaxis in the confined microchannel. This discoverly validated our initial hypothesis where we speculated that electrotaxis is heavily regulated by the influence of the electric field on the ion flux across the cell membrane.  Overall, this award resulted in a new method for succesfully imaging calcium ions in electrotaxing Dicty cells and a deeper understanding for how cells in general migrate under chemical and electrical cues.          Last Modified: 08/29/2022       Submitted by: Zachary R Gagnon]]></POR_COPY_TXT>
</POR>
</Award>
</rootTag>
