<?xml version="1.0" encoding="UTF-8"?>
<rootTag>
<Award>
<AwardTitle><![CDATA[Emerging and Effective Culturally Relevant Practices for Mathematics and Science Teaching in High Needs Schools]]></AwardTitle>
<AGENCY>NSF</AGENCY>
<AwardEffectiveDate>05/01/2020</AwardEffectiveDate>
<AwardExpirationDate>03/31/2025</AwardExpirationDate>
<AwardTotalIntnAmount>2974059.00</AwardTotalIntnAmount>
<AwardAmount>3566485</AwardAmount>
<AwardInstrument>
<Value>Standard Grant</Value>
</AwardInstrument>
<Organization>
<Code>11040100</Code>
<Directorate>
<Abbreviation>EDU</Abbreviation>
<LongName>Directorate for STEM Education</LongName>
</Directorate>
<Division>
<Abbreviation>DUE</Abbreviation>
<LongName>Division Of Undergraduate Education</LongName>
</Division>
</Organization>
<ProgramOfficer>
<SignBlockName>Jennifer Ellis</SignBlockName>
<PO_EMAI>jtellis@nsf.gov</PO_EMAI>
<PO_PHON>7032922125</PO_PHON>
</ProgramOfficer>
<AbstractNarration>With support from the Robert Noyce Teacher Scholarship Program (Noyce), this project aims to serve the national need for high quality mathematics and science teaching and learning. A key component of the project includes hosting three annual regional conferences, virtual and face-to-face workshops, and professional development webinars. The annual regional Noyce conferences will facilitate interactions among Noyce Scholars, Fellows, and project leadership teams, including both STEM and education faculty. The conferences and accompanying activities will provide professional growth experiences and community building opportunities for preservice and practicing mathematics and science teachers. These efforts have potential to develop an established network of teachers and teacher educators who will share teacher preparation programmatic results, mathematics and science instructional lessons, and mentoring strategies for keeping teachers engaged in the profession. The structure of the network will respond to the need for evidence-based communities of practice in high-need schools and districts. Sustaining professional networks of practice among Noyce Scholars and Fellows can help to support overall teacher satisfaction and long-term persistence in diverse classrooms and the teaching profession. &lt;br/&gt;&lt;br/&gt;This project at Illinois State University will include partnerships with University of Missouri - St. Louis, Southern Illinois University - Edwardsville, and Kansas State University. Over three years, the project will: (i) develop learning communities for preservice and inservice mathematics and science teachers; (ii)  use evidence-based teaching practices to increase the personal and professional connections among Noyce project leadership and Noyce Scholars in the Midwest region; and (iii) increase the understanding of and enhance the implementation of culturally relevant practices for mathematics and science teaching and learning among Noyce Scholars and Fellows. The project will serve an average of 500 members of the Noyce community each year. The annual conferences and supplemental ongoing activities will provide a network of support to Noyce projects with the goal of improving Noyce project effectiveness throughout the Midwest. The Noyce Midwest region includes 16 states: Arkansas, Iowa, Illinois, Indiana, Kansas, Kentucky, Michigan, Minnesota, Missouri, Nebraska, North Dakota, Ohio, Oklahoma, South Dakota, West Virginia, and Wisconsin. The Noyce program supports talented STEM undergraduate majors and professionals to become effective K-12 STEM teachers and experienced, exemplary K-12 STEM teachers to become STEM master teachers in high-need school districts. It also supports research on the persistence, retention, and effectiveness of K-12 STEM teachers in high-need school districts.&lt;br/&gt;&lt;br/&gt;This award reflects NSF's statutory mission and has been deemed worthy of support through evaluation using the Foundation's intellectual merit and broader impacts review criteria.</AbstractNarration>
<MinAmdLetterDate>04/30/2020</MinAmdLetterDate>
<MaxAmdLetterDate>05/21/2024</MaxAmdLetterDate>
<ARRAAmount/>
<TRAN_TYPE>Grant</TRAN_TYPE>
<CFDA_NUM>47.076</CFDA_NUM>
<NSF_PAR_USE_FLAG>1</NSF_PAR_USE_FLAG>
<FUND_AGCY_CODE>4900</FUND_AGCY_CODE>
<AWDG_AGCY_CODE>4900</AWDG_AGCY_CODE>
<AwardID>2001058</AwardID>
<Investigator>
<FirstName>Jessica</FirstName>
<LastName>Krim</LastName>
<PI_MID_INIT>S</PI_MID_INIT>
<PI_SUFX_NAME/>
<PI_FULL_NAME>Jessica S Krim</PI_FULL_NAME>
<EmailAddress><![CDATA[jkrim@siue.edu]]></EmailAddress>
<NSF_ID>000590901</NSF_ID>
<StartDate>04/30/2020</StartDate>
<EndDate/>
<RoleCode>Co-Principal Investigator</RoleCode>
</Investigator>
<Investigator>
<FirstName>William</FirstName>
<LastName>Hunter</LastName>
<PI_MID_INIT>J</PI_MID_INIT>
<PI_SUFX_NAME/>
<PI_FULL_NAME>William J Hunter</PI_FULL_NAME>
<EmailAddress><![CDATA[whunter@IllinoisState.edu]]></EmailAddress>
<NSF_ID>000290844</NSF_ID>
<StartDate>04/30/2020</StartDate>
<EndDate/>
<RoleCode>Principal Investigator</RoleCode>
</Investigator>
<Investigator>
<FirstName>Sherri</FirstName>
<LastName>Martinie</LastName>
<PI_MID_INIT/>
<PI_SUFX_NAME/>
<PI_FULL_NAME>Sherri Martinie</PI_FULL_NAME>
<EmailAddress><![CDATA[martinie@ksu.edu]]></EmailAddress>
<NSF_ID>000617819</NSF_ID>
<StartDate>05/21/2024</StartDate>
<EndDate/>
<RoleCode>Co-Principal Investigator</RoleCode>
</Investigator>
<Investigator>
<FirstName>Tuan</FirstName>
<LastName>Nguyen</LastName>
<PI_MID_INIT>D</PI_MID_INIT>
<PI_SUFX_NAME/>
<PI_FULL_NAME>Tuan D Nguyen</PI_FULL_NAME>
<EmailAddress><![CDATA[zultar17@gmail.com]]></EmailAddress>
<NSF_ID>000789340</NSF_ID>
<StartDate>04/30/2020</StartDate>
<EndDate>05/21/2024</EndDate>
<RoleCode>Former Co-Principal Investigator</RoleCode>
</Investigator>
<Investigator>
<FirstName>Charles</FirstName>
<LastName>Granger</LastName>
<PI_MID_INIT>R</PI_MID_INIT>
<PI_SUFX_NAME/>
<PI_FULL_NAME>Charles R Granger</PI_FULL_NAME>
<EmailAddress><![CDATA[granger@umsl.edu]]></EmailAddress>
<NSF_ID>000389895</NSF_ID>
<StartDate>04/30/2020</StartDate>
<EndDate/>
<RoleCode>Co-Principal Investigator</RoleCode>
</Investigator>
<Institution>
<Name><![CDATA[Board of Trustees of Illinois State University]]></Name>
<CityName>NORMAL</CityName>
<ZipCode>617901100</ZipCode>
<PhoneNumber>3094382528</PhoneNumber>
<StreetAddress><![CDATA[CAMPUS BOX 1100]]></StreetAddress>
<StreetAddress2/>
<CountryName>United States</CountryName>
<StateName>Illinois</StateName>
<StateCode>IL</StateCode>
<CONGRESSDISTRICT>17</CONGRESSDISTRICT>
<CONGRESS_DISTRICT_ORG>IL17</CONGRESS_DISTRICT_ORG>
<ORG_UEI_NUM>V6WTL4T5FFJ3</ORG_UEI_NUM>
<ORG_LGL_BUS_NAME>BOARD OF TRUSTEES OF ILLINOIS STATE UNIVERSITY</ORG_LGL_BUS_NAME>
<ORG_PRNT_UEI_NUM/>
</Institution>
<Performance_Institution>
<Name><![CDATA[Board of Trustees of Illinois State University]]></Name>
<CityName>Normal</CityName>
<StateCode>IL</StateCode>
<ZipCode>617901000</ZipCode>
<StreetAddress><![CDATA[100 S Fell Ave]]></StreetAddress>
<CountryCode>US</CountryCode>
<CountryName>United States</CountryName>
<StateName>Illinois</StateName>
<CountryFlag>1</CountryFlag>
<CONGRESSDISTRICT>17</CONGRESSDISTRICT>
<CONGRESS_DISTRICT_PERF>IL17</CONGRESS_DISTRICT_PERF>
</Performance_Institution>
<ProgramElement>
<Code>179500</Code>
<Text>Robert Noyce Scholarship Pgm</Text>
</ProgramElement>
<ProgramReference>
<Code>7556</Code>
<Text>CONFERENCE AND WORKSHOPS</Text>
</ProgramReference>
<ProgramReference>
<Code>9178</Code>
<Text>UNDERGRADUATE EDUCATION</Text>
</ProgramReference>
<Appropriation>
<Code/>
<Name/>
<APP_SYMB_ID/>
</Appropriation>
<Appropriation>
<Code>0420</Code>
<Name>NSF Education &amp; Human Resource</Name>
<APP_SYMB_ID>040106</APP_SYMB_ID>
</Appropriation>
<Fund>
<Code>04002324DB</Code>
<Name><![CDATA[NSF STEM Education]]></Name>
<FUND_SYMB_ID>040106</FUND_SYMB_ID>
</Fund>
<Fund>
<Code>04002021DB</Code>
<Name><![CDATA[NSF Education & Human Resource]]></Name>
<FUND_SYMB_ID>040106</FUND_SYMB_ID>
</Fund>
<FUND_OBLG>2020~2974059</FUND_OBLG>
<FUND_OBLG>2023~592426</FUND_OBLG>
</Award>
</rootTag>
