<?xml version="1.0" encoding="UTF-8"?>
<rootTag>
<Award>
<AwardTitle><![CDATA[EAGER: Collaborative Research:  Positron annihilation spectroscopy of Earth materials:  A combined materials characterization approach]]></AwardTitle>
<AGENCY>NSF</AGENCY>
<AwardEffectiveDate>12/01/2019</AwardEffectiveDate>
<AwardExpirationDate>11/30/2021</AwardExpirationDate>
<AwardTotalIntnAmount>50956.00</AwardTotalIntnAmount>
<AwardAmount>55750</AwardAmount>
<AwardInstrument>
<Value>Standard Grant</Value>
</AwardInstrument>
<Organization>
<Code>06030000</Code>
<Directorate>
<Abbreviation>GEO</Abbreviation>
<LongName>Directorate For Geosciences</LongName>
</Directorate>
<Division>
<Abbreviation>EAR</Abbreviation>
<LongName>Division Of Earth Sciences</LongName>
</Division>
</Organization>
<ProgramOfficer>
<SignBlockName>Jennifer Wade</SignBlockName>
<PO_EMAI>jwade@nsf.gov</PO_EMAI>
<PO_PHON>7032924739</PO_PHON>
</ProgramOfficer>
<AbstractNarration>Our knowledge of the Earth and its history strongly depends on our understanding of the materials that make up the bulk of the planet. Laboratory measurements of Earth materials (e.g., rocks, minerals, and magmas) are used in conjuction with direct observations of the planet and numerical models to help build the rich and complex view of the Earth and its inner workings that we have today. In this project, the investigators seek to further our understanding of the atomic-scale physical properties of several relevant Earth materials through the development of a very high resolution materials characterization technique called positron annihilation spectroscopy. The benefit of this technique is that it allows for direct investigation of crystalline solids at an atomic level, which is not routinely done with other conventional methods used in the geosciences. This project aims to build a new positron annihilation lifetime spectroscopy apparatus, test and calibrate the instrument, and characterize the atomic scale defect populations in several important Earth materials including metals, oxides, and silicate minerals. The undertaking will involve interdisciplinary collaborations between nuclear physicists and experts in the area of materials characterization and geoscience. The project will also support two female faculty, undergraduate curriculum development, and advanced student research at a liberal arts college. &lt;br/&gt;&lt;br/&gt;Understanding defects in crystalline solids is important for our general understanding of Earth materials because of their relationship to atomic mobility (diffusion) within crystals, nucleation of crystals and formation of new phases as well as electrical and heat transfer properties. When a significant population of defects are included in the crystal structure, it may affect transport properties of the crystal significantly. Many crystals in natural systems may have been exposed to defect creating events including radiation damage and deformation. To accurately apply experimentally determined diffusion parameters to natural systems, a thorough understanding of the relationship between defects and diffusion is crucial. Direct measurements of defect populations in natural and synthetic Earth materials is generally lacking. Positron annihilation spectroscopy is a non-destructive technique used to characterize defects and voids in materials at a sub nm to atomic scale. The technique has been used extensively in the materials science and nuclear materials communities for decades to examine defect properties and the effects of radiation damage on synthetic and industrial materials, but has not yet gained popularity in the Earth sciences community. The goal of this project is to develop a methodology that will enable further investigation into the relationship between diffusion and defect populations by direct measurement of defects in a variety of Earth relevant materials using positron annihilation spectroscopy. The project will also contribute to the education and research training of undergraduate students and provide opportunities for interdisciplinary work between mineral physics, nuclear physics, materials science, and geochemistry.&lt;br/&gt;&lt;br/&gt;This award reflects NSF's statutory mission and has been deemed worthy of support through evaluation using the Foundation's intellectual merit and broader impacts review criteria.</AbstractNarration>
<MinAmdLetterDate>11/12/2019</MinAmdLetterDate>
<MaxAmdLetterDate>05/17/2021</MaxAmdLetterDate>
<ARRAAmount/>
<TRAN_TYPE>Grant</TRAN_TYPE>
<CFDA_NUM>47.050</CFDA_NUM>
<NSF_PAR_USE_FLAG>1</NSF_PAR_USE_FLAG>
<FUND_AGCY_CODE>4900</FUND_AGCY_CODE>
<AWDG_AGCY_CODE>4900</AWDG_AGCY_CODE>
<AwardID>2001388</AwardID>
<Investigator>
<FirstName>Heather</FirstName>
<LastName>Watson</LastName>
<PI_MID_INIT>C</PI_MID_INIT>
<PI_SUFX_NAME/>
<PI_FULL_NAME>Heather C Watson</PI_FULL_NAME>
<EmailAddress><![CDATA[watsonh@union.edu]]></EmailAddress>
<NSF_ID>000567619</NSF_ID>
<StartDate>11/12/2019</StartDate>
<EndDate/>
<RoleCode>Principal Investigator</RoleCode>
</Investigator>
<Institution>
<Name><![CDATA[Union College]]></Name>
<CityName>SCHENECTADY</CityName>
<ZipCode>123083256</ZipCode>
<PhoneNumber>5183886101</PhoneNumber>
<StreetAddress><![CDATA[807 UNION ST]]></StreetAddress>
<StreetAddress2/>
<CountryName>United States</CountryName>
<StateName>New York</StateName>
<StateCode>NY</StateCode>
<CONGRESSDISTRICT>20</CONGRESSDISTRICT>
<CONGRESS_DISTRICT_ORG>NY20</CONGRESS_DISTRICT_ORG>
<ORG_UEI_NUM>HE9HQBNZHHB5</ORG_UEI_NUM>
<ORG_LGL_BUS_NAME>TRUSTEES OF UNION COLLEGE IN THE TOWN OF SCHENECTADY IN THE STATE OF NEW YORK</ORG_LGL_BUS_NAME>
<ORG_PRNT_UEI_NUM/>
</Institution>
<Performance_Institution>
<Name><![CDATA[Union College]]></Name>
<CityName>Schenectady</CityName>
<StateCode>NY</StateCode>
<ZipCode>123083103</ZipCode>
<StreetAddress><![CDATA[807 Union Street]]></StreetAddress>
<CountryCode>US</CountryCode>
<CountryName>United States</CountryName>
<StateName>New York</StateName>
<CountryFlag>1</CountryFlag>
<CONGRESSDISTRICT>20</CONGRESSDISTRICT>
<CONGRESS_DISTRICT_PERF>NY20</CONGRESS_DISTRICT_PERF>
</Performance_Institution>
<ProgramElement>
<Code>157300</Code>
<Text>Petrology and Geochemistry</Text>
</ProgramElement>
<ProgramElement>
<Code>722200</Code>
<Text>XC-Crosscutting Activities Pro</Text>
</ProgramElement>
<ProgramReference>
<Code>097Z</Code>
<Text>COVID-19 Impacts on Existing Activities</Text>
</ProgramReference>
<ProgramReference>
<Code>102Z</Code>
<Text>COVID-Disproportionate Impcts Inst-Indiv</Text>
</ProgramReference>
<ProgramReference>
<Code>7916</Code>
<Text>EAGER</Text>
</ProgramReference>
<Appropriation>
<Code>0120</Code>
<Name>NSF RESEARCH &amp; RELATED ACTIVIT</Name>
<APP_SYMB_ID>040100</APP_SYMB_ID>
</Appropriation>
<Appropriation>
<Code>0121</Code>
<Name>NSF RESEARCH &amp; RELATED ACTIVIT</Name>
<APP_SYMB_ID>040100</APP_SYMB_ID>
</Appropriation>
<Fund>
<Code>01002021DB</Code>
<Name><![CDATA[NSF RESEARCH & RELATED ACTIVIT]]></Name>
<FUND_SYMB_ID>040100</FUND_SYMB_ID>
</Fund>
<Fund>
<Code>01002122DB</Code>
<Name><![CDATA[NSF RESEARCH & RELATED ACTIVIT]]></Name>
<FUND_SYMB_ID>040100</FUND_SYMB_ID>
</Fund>
<FUND_OBLG>2020~50956</FUND_OBLG>
<FUND_OBLG>2021~4794</FUND_OBLG>
<POR>
<DRECONTENT><![CDATA[<div class="porColContainerWBG"> <div class="porContentCol"><p>Our knowledge of the Earth and its history strongly depends on our understanding of the materials that make up the bulk of the planet. Laboratory measurements of Earth materials (e.g., rocks, minerals, and magmas) are used in conjunction with direct observations of the planet and numerical models to help build the rich and complex view of the Earth and its inner workings that we have today.&nbsp;&nbsp;Here, we have developed a positron-annihilation lifetime spectroscopy system that is designed to measure atomic scale defects with the crystal structure of common materials relevant to Earth science. Positron annihilation spectroscopy is a non-destructive technique used to characterize defects and voids in materials at a sub nanometer to atomic scale. The technique has been used extensively in the materials science and nuclear materials communities for decades to examine defect properties and the effects of radiation damage on synthetic and industrial materials, but has not yet gained popularity in the Earth sciences community. Many crystals in natural systems may have&nbsp;&nbsp;also been exposed to defect creating events including radiation damage and deformation. Our main focus for this initial project has been to build, test, and calibrate the instrument to prepare for more routine use of the technique with more complex Earth materials in the future. So far, we have completed extensive testing on pure MgO and pure Fe, and have shown that our set-up reproduces average lifetime values found in the peer reviewed literature for these and similar materials within experimental uncertainty. We have also begun preliminary investigations of these materials after the crystal structure has been damaged through bombardment with an argon ion beam. One potential benefit of this technique is its relatively low cost to set up (&lt;$60K). Furthermore, while the instrumentation does require that radiation safety protocols are established and followed, it doesn&rsquo;t require any other specialized laboratory space or utilities such as high voltage power, chillers etc. This allows for the set-up to be more accessible to faculty and students at smaller institutions where support for extensive instrumental may not be widely available. Figure 1 shows a photograph of the set-up in the Union College physics department. This project has involved interdisciplinary collaborations between nuclear physicists and experts in the area of materials characterization and geoscience including supporting two female faculty. The project has also made a significant contribution to the education and training of undergraduate students.&nbsp;</p> <p>&nbsp;</p> <p>&nbsp;</p> <p>&nbsp;</p><br> <p>            Last Modified: 02/23/2022<br>      Modified by: Heather&nbsp;C&nbsp;Watson</p> </div> <div class="porSideCol"></div> </div>]]></DRECONTENT>
<POR_COPY_TXT><![CDATA[ Our knowledge of the Earth and its history strongly depends on our understanding of the materials that make up the bulk of the planet. Laboratory measurements of Earth materials (e.g., rocks, minerals, and magmas) are used in conjunction with direct observations of the planet and numerical models to help build the rich and complex view of the Earth and its inner workings that we have today.  Here, we have developed a positron-annihilation lifetime spectroscopy system that is designed to measure atomic scale defects with the crystal structure of common materials relevant to Earth science. Positron annihilation spectroscopy is a non-destructive technique used to characterize defects and voids in materials at a sub nanometer to atomic scale. The technique has been used extensively in the materials science and nuclear materials communities for decades to examine defect properties and the effects of radiation damage on synthetic and industrial materials, but has not yet gained popularity in the Earth sciences community. Many crystals in natural systems may have  also been exposed to defect creating events including radiation damage and deformation. Our main focus for this initial project has been to build, test, and calibrate the instrument to prepare for more routine use of the technique with more complex Earth materials in the future. So far, we have completed extensive testing on pure MgO and pure Fe, and have shown that our set-up reproduces average lifetime values found in the peer reviewed literature for these and similar materials within experimental uncertainty. We have also begun preliminary investigations of these materials after the crystal structure has been damaged through bombardment with an argon ion beam. One potential benefit of this technique is its relatively low cost to set up (&lt;$60K). Furthermore, while the instrumentation does require that radiation safety protocols are established and followed, it doesn’t require any other specialized laboratory space or utilities such as high voltage power, chillers etc. This allows for the set-up to be more accessible to faculty and students at smaller institutions where support for extensive instrumental may not be widely available. Figure 1 shows a photograph of the set-up in the Union College physics department. This project has involved interdisciplinary collaborations between nuclear physicists and experts in the area of materials characterization and geoscience including supporting two female faculty. The project has also made a significant contribution to the education and training of undergraduate students.                 Last Modified: 02/23/2022       Submitted by: Heather C Watson]]></POR_COPY_TXT>
</POR>
</Award>
</rootTag>
