<?xml version="1.0" encoding="UTF-8"?>
<rootTag>
<Award>
<AwardTitle><![CDATA[Collaborative Research: A Software System for Research in Algebraic Geometry, Commutative Algebra, and their Applications]]></AwardTitle>
<AGENCY>NSF</AGENCY>
<AwardEffectiveDate>10/01/2020</AwardEffectiveDate>
<AwardExpirationDate>09/30/2025</AwardExpirationDate>
<AwardTotalIntnAmount>450000.00</AwardTotalIntnAmount>
<AwardAmount>450000</AwardAmount>
<AwardInstrument>
<Value>Continuing Grant</Value>
</AwardInstrument>
<Organization>
<Code>03040000</Code>
<Directorate>
<Abbreviation>MPS</Abbreviation>
<LongName>Direct For Mathematical &amp; Physical Scien</LongName>
</Directorate>
<Division>
<Abbreviation>DMS</Abbreviation>
<LongName>Division Of Mathematical Sciences</LongName>
</Division>
</Organization>
<ProgramOfficer>
<SignBlockName>James Matthew Douglass</SignBlockName>
<PO_EMAI>mdouglas@nsf.gov</PO_EMAI>
<PO_PHON>7032922467</PO_PHON>
</ProgramOfficer>
<AbstractNarration>With the advent of widely available fast computing, computational experiments have become more important in every branch of science and mathematics. Macaulay2 is a software system that leads in facilitating the use of symbolic and symbolic-numeric computation in multidisciplinary investigations.  The computations it can perform have uses in many fields of mathematics, computer science, and natural sciences.  The research under this project extends the computational methods built into Macaulay2.  The project will promote collaborations between Macaulay2 developers from the research community, on the one hand, and applied scientists and pure mathematicians, on the other. This project provides research training opportunities for students.&lt;br/&gt;&lt;br/&gt;Macaulay2 is an open-source computer algebra system dedicated to solving systems of polynomial equations in many variables as well as computing and processing data that describe the underlying geometry of the solution sets.  The three major aspects of this proposal are: research on core mathematical topics and applications outside mathematics; the maintenance and development of Macaulay2 as part of the infrastructure of research; and the development of manpower through training, conferences and collaborations, especially involving young researchers.  The impact outside mathematics includes investigating problems from physics, biology, computer vision, and other areas where nonlinear algebra is a key ingredient.  The project will maintain and develop Macaulay2 as a major tool for research, especially by improving the core algorithms for Groebner bases and free resolutions and by improving its facilities that combine symbolic and numerical computation.&lt;br/&gt;&lt;br/&gt;This award reflects NSF's statutory mission and has been deemed worthy of support through evaluation using the Foundation's intellectual merit and broader impacts review criteria.</AbstractNarration>
<MinAmdLetterDate>09/10/2020</MinAmdLetterDate>
<MaxAmdLetterDate>09/10/2024</MaxAmdLetterDate>
<ARRAAmount/>
<TRAN_TYPE>Grant</TRAN_TYPE>
<CFDA_NUM>47.049</CFDA_NUM>
<NSF_PAR_USE_FLAG>1</NSF_PAR_USE_FLAG>
<FUND_AGCY_CODE>4900</FUND_AGCY_CODE>
<AWDG_AGCY_CODE>4900</AWDG_AGCY_CODE>
<AwardID>2001267</AwardID>
<Investigator>
<FirstName>Anton</FirstName>
<LastName>Leykin</LastName>
<PI_MID_INIT/>
<PI_SUFX_NAME/>
<PI_FULL_NAME>Anton Leykin</PI_FULL_NAME>
<EmailAddress><![CDATA[leykin@math.gatech.edu]]></EmailAddress>
<NSF_ID>000382730</NSF_ID>
<StartDate>09/10/2020</StartDate>
<EndDate/>
<RoleCode>Principal Investigator</RoleCode>
</Investigator>
<Institution>
<Name><![CDATA[Georgia Tech Research Corporation]]></Name>
<CityName>ATLANTA</CityName>
<ZipCode>303186395</ZipCode>
<PhoneNumber>4048944819</PhoneNumber>
<StreetAddress><![CDATA[926 DALNEY ST NW]]></StreetAddress>
<StreetAddress2/>
<CountryName>United States</CountryName>
<StateName>Georgia</StateName>
<StateCode>GA</StateCode>
<CONGRESSDISTRICT>05</CONGRESSDISTRICT>
<CONGRESS_DISTRICT_ORG>GA05</CONGRESS_DISTRICT_ORG>
<ORG_UEI_NUM>EMW9FC8J3HN4</ORG_UEI_NUM>
<ORG_LGL_BUS_NAME>GEORGIA TECH RESEARCH CORP</ORG_LGL_BUS_NAME>
<ORG_PRNT_UEI_NUM>EMW9FC8J3HN4</ORG_PRNT_UEI_NUM>
</Institution>
<Performance_Institution>
<Name><![CDATA[Georgia Institute of Technology]]></Name>
<CityName>Atlanta</CityName>
<StateCode>GA</StateCode>
<ZipCode>303320002</ZipCode>
<StreetAddress><![CDATA[225 North Avenue]]></StreetAddress>
<CountryCode>US</CountryCode>
<CountryName>United States</CountryName>
<StateName>Georgia</StateName>
<CountryFlag>1</CountryFlag>
<CONGRESSDISTRICT>05</CONGRESSDISTRICT>
<CONGRESS_DISTRICT_PERF>GA05</CONGRESS_DISTRICT_PERF>
</Performance_Institution>
<ProgramElement>
<Code>125300</Code>
<Text>OFFICE OF MULTIDISCIPLINARY AC</Text>
</ProgramElement>
<ProgramElement>
<Code>126400</Code>
<Text>ALGEBRA,NUMBER THEORY,AND COM</Text>
</ProgramElement>
<ProgramElement>
<Code>800400</Code>
<Text>Software Institutes</Text>
</ProgramElement>
<ProgramElement>
<Code>806900</Code>
<Text>CDS&amp;E-MSS</Text>
</ProgramElement>
<ProgramReference>
<Code>026Z</Code>
<Text>NSCI: National Strategic Computing Initi</Text>
</ProgramReference>
<ProgramReference>
<Code>8004</Code>
<Text>Software Institutes</Text>
</ProgramReference>
<ProgramReference>
<Code>9263</Code>
<Text>COMPUTATIONAL SCIENCE &amp; ENGING</Text>
</ProgramReference>
<Appropriation>
<Code/>
<Name/>
<APP_SYMB_ID/>
</Appropriation>
<Appropriation>
<Code/>
<Name/>
<APP_SYMB_ID/>
</Appropriation>
<Appropriation>
<Code/>
<Name/>
<APP_SYMB_ID/>
</Appropriation>
<Appropriation>
<Code/>
<Name/>
<APP_SYMB_ID/>
</Appropriation>
<Appropriation>
<Code/>
<Name/>
<APP_SYMB_ID/>
</Appropriation>
<Fund>
<Code>01002223DB</Code>
<Name><![CDATA[NSF RESEARCH & RELATED ACTIVIT]]></Name>
<FUND_SYMB_ID>040100</FUND_SYMB_ID>
</Fund>
<Fund>
<Code>01002324DB</Code>
<Name><![CDATA[NSF RESEARCH & RELATED ACTIVIT]]></Name>
<FUND_SYMB_ID>040100</FUND_SYMB_ID>
</Fund>
<Fund>
<Code>01002021DB</Code>
<Name><![CDATA[NSF RESEARCH & RELATED ACTIVIT]]></Name>
<FUND_SYMB_ID>040100</FUND_SYMB_ID>
</Fund>
<Fund>
<Code>01002425DB</Code>
<Name><![CDATA[NSF RESEARCH & RELATED ACTIVIT]]></Name>
<FUND_SYMB_ID>040100</FUND_SYMB_ID>
</Fund>
<Fund>
<Code>01002122DB</Code>
<Name><![CDATA[NSF RESEARCH & RELATED ACTIVIT]]></Name>
<FUND_SYMB_ID>040100</FUND_SYMB_ID>
</Fund>
<FUND_OBLG>2020~303160</FUND_OBLG>
<FUND_OBLG>2021~66315</FUND_OBLG>
<FUND_OBLG>2022~42631</FUND_OBLG>
<FUND_OBLG>2023~18947</FUND_OBLG>
<FUND_OBLG>2024~18947</FUND_OBLG>
</Award>
</rootTag>
