<?xml version="1.0" encoding="UTF-8"?>
<rootTag>
<Award>
<AwardTitle><![CDATA[Invariant Theory and Complexity Theory for Quiver Representations and Tensors]]></AwardTitle>
<AGENCY>NSF</AGENCY>
<AwardEffectiveDate>09/01/2020</AwardEffectiveDate>
<AwardExpirationDate>09/30/2021</AwardExpirationDate>
<AwardTotalIntnAmount>293000.00</AwardTotalIntnAmount>
<AwardAmount>293000</AwardAmount>
<AwardInstrument>
<Value>Standard Grant</Value>
</AwardInstrument>
<Organization>
<Code>03040000</Code>
<Directorate>
<Abbreviation>MPS</Abbreviation>
<LongName>Direct For Mathematical &amp; Physical Scien</LongName>
</Directorate>
<Division>
<Abbreviation>DMS</Abbreviation>
<LongName>Division Of Mathematical Sciences</LongName>
</Division>
</Organization>
<ProgramOfficer>
<SignBlockName>Sandra Spiroff</SignBlockName>
<PO_EMAI/>
<PO_PHON/>
</ProgramOfficer>
<AbstractNarration>Invariant theory studies quantities that remain unchanged under symmetries in high dimensional spaces. For example, the distance of a point to the rotation axis is an invariant for the rotation symmetry. Invariant theory has many useful applications in physics, chemistry, and other areas of mathematics. A classical task in invariant theory is to find a finite list of fundamental invariants for a given group of symmetries, such that all invariants can be expressed in terms of the fundamental invariants. In this project, the principal investigator and his collaborators plan to find bounds for the size of fundamental invariants and apply these results to symmetries of high-dimensional arrays (also called tensors), graphs, and questions in theoretical computer science. The principal investigator is actively involved in the training of graduate students in fields close to this research.&lt;br/&gt;&lt;br/&gt;An example of particular interest is the action of simultaneous left and right multiplication of the special linear group on m-tuples of n by n matrices. The principal investigator and his collaborators obtained polynomial degree bounds for the degrees of fundamental polynomial invariants, and this result has been applied to get deterministic polynomial time algorithms for the noncommutative Edmond's problem and for noncommutative rational identity testing. This project focuses on invariant theory for tensors and new applications of constructive invariant theory, such as the graph isomorphism problem and Brascamp-Lieb inequalities.&lt;br/&gt;&lt;br/&gt;This award reflects NSF's statutory mission and has been deemed worthy of support through evaluation using the Foundation's intellectual merit and broader impacts review criteria.</AbstractNarration>
<MinAmdLetterDate>04/06/2020</MinAmdLetterDate>
<MaxAmdLetterDate>04/06/2020</MaxAmdLetterDate>
<ARRAAmount/>
<TRAN_TYPE>Grant</TRAN_TYPE>
<CFDA_NUM>47.049</CFDA_NUM>
<NSF_PAR_USE_FLAG>1</NSF_PAR_USE_FLAG>
<FUND_AGCY_CODE>4900</FUND_AGCY_CODE>
<AWDG_AGCY_CODE>4900</AWDG_AGCY_CODE>
<AwardID>2001460</AwardID>
<Investigator>
<FirstName>Harm</FirstName>
<LastName>Derksen</LastName>
<PI_MID_INIT/>
<PI_SUFX_NAME/>
<PI_FULL_NAME>Harm Derksen</PI_FULL_NAME>
<EmailAddress><![CDATA[ha.derksen@northeastern.edu]]></EmailAddress>
<NSF_ID>000092346</NSF_ID>
<StartDate>04/06/2020</StartDate>
<EndDate/>
<RoleCode>Principal Investigator</RoleCode>
</Investigator>
<Institution>
<Name><![CDATA[Regents of the University of Michigan - Ann Arbor]]></Name>
<CityName>ANN ARBOR</CityName>
<ZipCode>481091079</ZipCode>
<PhoneNumber>7347636438</PhoneNumber>
<StreetAddress><![CDATA[1109 GEDDES AVE, SUITE 3300]]></StreetAddress>
<StreetAddress2/>
<CountryName>United States</CountryName>
<StateName>Michigan</StateName>
<StateCode>MI</StateCode>
<CONGRESSDISTRICT>06</CONGRESSDISTRICT>
<CONGRESS_DISTRICT_ORG>MI06</CONGRESS_DISTRICT_ORG>
<ORG_UEI_NUM>GNJ7BBP73WE9</ORG_UEI_NUM>
<ORG_LGL_BUS_NAME>REGENTS OF THE UNIVERSITY OF MICHIGAN</ORG_LGL_BUS_NAME>
<ORG_PRNT_UEI_NUM/>
</Institution>
<Performance_Institution>
<Name><![CDATA[University of Michigan Ann Arbor]]></Name>
<CityName>Ann Arbor</CityName>
<StateCode>MI</StateCode>
<ZipCode>481091043</ZipCode>
<StreetAddress><![CDATA[530 Church St]]></StreetAddress>
<CountryCode>US</CountryCode>
<CountryName>United States</CountryName>
<StateName>Michigan</StateName>
<CountryFlag>1</CountryFlag>
<CONGRESSDISTRICT>06</CONGRESSDISTRICT>
<CONGRESS_DISTRICT_PERF>MI06</CONGRESS_DISTRICT_PERF>
</Performance_Institution>
<ProgramElement>
<Code>126400</Code>
<Text>ALGEBRA,NUMBER THEORY,AND COM</Text>
</ProgramElement>
<ProgramReference>
<Code>9251</Code>
<Text>REU SUPP-Res Exp for Ugrd Supp</Text>
</ProgramReference>
<Appropriation>
<Code>0120</Code>
<Name>NSF RESEARCH &amp; RELATED ACTIVIT</Name>
<APP_SYMB_ID>040100</APP_SYMB_ID>
</Appropriation>
<Fund>
<Code>01002021DB</Code>
<Name><![CDATA[NSF RESEARCH & RELATED ACTIVIT]]></Name>
<FUND_SYMB_ID>040100</FUND_SYMB_ID>
</Fund>
<FUND_OBLG>2020~0</FUND_OBLG>
</Award>
</rootTag>
