<?xml version="1.0" encoding="UTF-8"?>
<rootTag>
<Award>
<AwardTitle><![CDATA[SaTC: CORE: Small: Classical and quantum algorithms for number-theoretic problems arising in cryptography]]></AwardTitle>
<AGENCY>NSF</AGENCY>
<AwardEffectiveDate>05/01/2020</AwardEffectiveDate>
<AwardExpirationDate>04/30/2025</AwardExpirationDate>
<AwardTotalIntnAmount>500000.00</AwardTotalIntnAmount>
<AwardAmount>500000</AwardAmount>
<AwardInstrument>
<Value>Standard Grant</Value>
</AwardInstrument>
<Organization>
<Code>05050000</Code>
<Directorate>
<Abbreviation>CSE</Abbreviation>
<LongName>Direct For Computer &amp; Info Scie &amp; Enginr</LongName>
</Directorate>
<Division>
<Abbreviation>CNS</Abbreviation>
<LongName>Division Of Computer and Network Systems</LongName>
</Division>
</Organization>
<ProgramOfficer>
<SignBlockName>Andrew Pollington</SignBlockName>
<PO_EMAI>adpollin@nsf.gov</PO_EMAI>
<PO_PHON>7032924878</PO_PHON>
</ProgramOfficer>
<AbstractNarration>This project is concerned with questions in several areas of cryptography. Since currently used cryptosystems can be broken by a quantum computer it is important to develop alternatives to these systems that are resistant to quantum computers. This project will address the classical and post-quantum security of some systems based on supersingular isogenies and of some lattice-based systems that have been proposed as replacements for currently used systems. There seems to be some urgency to achieve this: there has been continued progress in building quantum computers, and it takes several years to design, build, and deploy a new quantum secure infrastructure.  Another part of the project deals with making cryptosystems more efficient. These are important practical questions. In addition this project will provide research training opportunities for graduate students. For the educational component, the PI and co-PI will teach middle school girls and students at local high schools about cryptography and its mathematical background. The PI's involvement in groups of women mathematicians will provide support and mentoring for underrepresented groups.&lt;br/&gt;&lt;br/&gt;The first part of the project is concerned with the classical and post-quantum security of the key-exchange and signature schemes that are based on isogenies of elliptic curves. Several different schemes have been proposed, and one goal is to analyze and compare the underlying hardness assumptions of the different schemes.  The project will also address the possibility of generalizing these schemes from supersingular elliptic curves to supersingular abelian varieties of dimension 2.  The second part is concerned with making systems that are currently being used more efficient.  This will involve finding more efficient algorithms for constructing curves. The last part studies the security of some lattice-based systems. The lattice-based cryptosystem called ``Soliloquy'' was recently broken by a quantum computer. It is important to determine if other lattice-based systems, such as systems based on Ring-LWE, can be broken by quantum computers as well.  The Ring-LWE problem is significant because a number of cryptographic constructions, including fully homomorphic encryption, can be based on it.&lt;br/&gt;&lt;br/&gt;This award reflects NSF's statutory mission and has been deemed worthy of support through evaluation using the Foundation's intellectual merit and broader impacts review criteria.</AbstractNarration>
<MinAmdLetterDate>03/26/2020</MinAmdLetterDate>
<MaxAmdLetterDate>03/26/2020</MaxAmdLetterDate>
<ARRAAmount/>
<TRAN_TYPE>Grant</TRAN_TYPE>
<CFDA_NUM>47.070</CFDA_NUM>
<NSF_PAR_USE_FLAG>1</NSF_PAR_USE_FLAG>
<FUND_AGCY_CODE>4900</FUND_AGCY_CODE>
<AWDG_AGCY_CODE>4900</AWDG_AGCY_CODE>
<AwardID>2001470</AwardID>
<Investigator>
<FirstName>Sean</FirstName>
<LastName>Hallgren</LastName>
<PI_MID_INIT>J</PI_MID_INIT>
<PI_SUFX_NAME/>
<PI_FULL_NAME>Sean J Hallgren</PI_FULL_NAME>
<EmailAddress><![CDATA[hallgren@cse.psu.edu]]></EmailAddress>
<NSF_ID>000207220</NSF_ID>
<StartDate>03/26/2020</StartDate>
<EndDate/>
<RoleCode>Co-Principal Investigator</RoleCode>
</Investigator>
<Investigator>
<FirstName>Kirsten</FirstName>
<LastName>Eisentraeger</LastName>
<PI_MID_INIT/>
<PI_SUFX_NAME/>
<PI_FULL_NAME>Kirsten Eisentraeger</PI_FULL_NAME>
<EmailAddress><![CDATA[eisentra@math.psu.edu]]></EmailAddress>
<NSF_ID>000486622</NSF_ID>
<StartDate>03/26/2020</StartDate>
<EndDate/>
<RoleCode>Principal Investigator</RoleCode>
</Investigator>
<Institution>
<Name><![CDATA[Pennsylvania State Univ University Park]]></Name>
<CityName>UNIVERSITY PARK</CityName>
<ZipCode>168021503</ZipCode>
<PhoneNumber>8148651372</PhoneNumber>
<StreetAddress><![CDATA[201 OLD MAIN]]></StreetAddress>
<StreetAddress2/>
<CountryName>United States</CountryName>
<StateName>Pennsylvania</StateName>
<StateCode>PA</StateCode>
<CONGRESSDISTRICT>15</CONGRESSDISTRICT>
<CONGRESS_DISTRICT_ORG>PA15</CONGRESS_DISTRICT_ORG>
<ORG_UEI_NUM>NPM2J7MSCF61</ORG_UEI_NUM>
<ORG_LGL_BUS_NAME>THE PENNSYLVANIA STATE UNIVERSITY</ORG_LGL_BUS_NAME>
<ORG_PRNT_UEI_NUM/>
</Institution>
<Performance_Institution>
<Name><![CDATA[Pennsylvania State Univ University Park]]></Name>
<CityName/>
<StateCode>PA</StateCode>
<ZipCode>168027000</ZipCode>
<StreetAddress/>
<CountryCode>US</CountryCode>
<CountryName>United States</CountryName>
<StateName>Pennsylvania</StateName>
<CountryFlag>1</CountryFlag>
<CONGRESSDISTRICT/>
<CONGRESS_DISTRICT_PERF>PA"</CONGRESS_DISTRICT_PERF>
</Performance_Institution>
<ProgramElement>
<Code>806000</Code>
<Text>Secure &amp;Trustworthy Cyberspace</Text>
</ProgramElement>
<ProgramReference>
<Code>025Z</Code>
<Text>SaTC: Secure and Trustworthy Cyberspace</Text>
</ProgramReference>
<ProgramReference>
<Code>7923</Code>
<Text>SMALL PROJECT</Text>
</ProgramReference>
<ProgramReference>
<Code>9102</Code>
<Text>WOMEN, MINORITY, DISABLED, NEC</Text>
</ProgramReference>
<Appropriation>
<Code>0120</Code>
<Name>NSF RESEARCH &amp; RELATED ACTIVIT</Name>
<APP_SYMB_ID>040100</APP_SYMB_ID>
</Appropriation>
<Fund>
<Code>01002021DB</Code>
<Name><![CDATA[NSF RESEARCH & RELATED ACTIVIT]]></Name>
<FUND_SYMB_ID>040100</FUND_SYMB_ID>
</Fund>
<FUND_OBLG>2020~500000</FUND_OBLG>
</Award>
</rootTag>
