<?xml version="1.0" encoding="UTF-8"?>
<rootTag>
<Award>
<AwardTitle><![CDATA[Interrogating the role of natural selection in the functional evolution of duplicate genes]]></AwardTitle>
<AGENCY>NSF</AGENCY>
<AwardEffectiveDate>10/01/2019</AwardEffectiveDate>
<AwardExpirationDate>12/31/2021</AwardExpirationDate>
<AwardTotalIntnAmount>92656.00</AwardTotalIntnAmount>
<AwardAmount>92656</AwardAmount>
<AwardInstrument>
<Value>Continuing Grant</Value>
</AwardInstrument>
<Organization>
<Code>08010207</Code>
<Directorate>
<Abbreviation>BIO</Abbreviation>
<LongName>Direct For Biological Sciences</LongName>
</Directorate>
<Division>
<Abbreviation>DEB</Abbreviation>
<LongName>Division Of Environmental Biology</LongName>
</Division>
</Organization>
<ProgramOfficer>
<SignBlockName>Samuel Scheiner</SignBlockName>
<PO_EMAI>sscheine@nsf.gov</PO_EMAI>
<PO_PHON>7032927175</PO_PHON>
</ProgramOfficer>
<AbstractNarration>Gene duplication occurs when multiple copies of the same gene are created and retained within an organism's genome.  It is believed to play a key role in the evolutionary process by creating innovation in organism traits. Therefore, understanding how evolution acts on duplicate genes will provide key insights into how complex traits and novel forms have arisen. The main goal of this project is to determine the evolutionary forces responsible for the retention of duplicate genes in an organism's genome. The researchers will test the specific hypothesis that the evolution of functional duplicate genes (those that have a new function) is primarily a consequence of natural selection. Scientists have long thought this to be the case, but have never been able to experimentally test this hypothesis. This project uses an innovative method that allows this hypothesis to be tested for the first time. Results will help to understand how organism traits evolve within and among species. The award will have multiple broader impacts on the scientific community by supporting the training of undergraduate and graduate students, development of open source computer software, and dissemination of research findings in open access publications. Additionally, the researchers will design and teach courses on bioinformatics and genomics to local K-12 students at the Science-U camp hosted by Pennsylvania State University each summer. Curricula developed for these courses will also be made freely available on a website for teachers.&lt;br/&gt;&lt;br/&gt;The proposed research will examine the impact of natural selection on duplicate gene functions via both sequence- and expression-level approaches. The researchers recently developed a phylogenetic approach for identifying duplicate genes with novel functions by quantifying differences between their gene expression profiles in closely related species. Application of this method to spatial gene expression profiles in Drosophila revealed that most young duplicates possess new functions, and that acquisition of new functions occurs rapidly. Conversely, in mammals, most young duplicates retain their ancestral functions, and functional divergence occurs more gradually. The contrast in functional divergence rates between duplicate genes in these lineages is reminiscent of the faster sequence-level evolution observed in Drosophila relative to mammals. Researchers will test the hypothesis that natural selection also plays an important role in acquisition of new functions by duplicate genes. Researchers will apply a combination of traditional sequence-based, as well as innovative, expression-based tests for natural selection on duplicate genes. The objectives of these analyses will be to elucidate the role of natural selection in functional divergence of duplicate genes, and to examine differences in selective forces acting on duplicates in populations of different sizes, over evolutionary time, and with varying levels of functional divergence.</AbstractNarration>
<MinAmdLetterDate>10/25/2019</MinAmdLetterDate>
<MaxAmdLetterDate>10/25/2019</MaxAmdLetterDate>
<ARRAAmount/>
<TRAN_TYPE>Grant</TRAN_TYPE>
<CFDA_NUM>47.074</CFDA_NUM>
<NSF_PAR_USE_FLAG>0</NSF_PAR_USE_FLAG>
<FUND_AGCY_CODE>4900</FUND_AGCY_CODE>
<AWDG_AGCY_CODE>4900</AWDG_AGCY_CODE>
<AwardID>2001059</AwardID>
<Investigator>
<FirstName>Raquel</FirstName>
<LastName>Assis</LastName>
<PI_MID_INIT/>
<PI_SUFX_NAME/>
<PI_FULL_NAME>Raquel Assis</PI_FULL_NAME>
<EmailAddress><![CDATA[rassis@fau.edu]]></EmailAddress>
<NSF_ID>000600848</NSF_ID>
<StartDate>10/25/2019</StartDate>
<EndDate/>
<RoleCode>Principal Investigator</RoleCode>
</Investigator>
<Institution>
<Name><![CDATA[Florida Atlantic University]]></Name>
<CityName>BOCA RATON</CityName>
<ZipCode>334316424</ZipCode>
<PhoneNumber>5612970777</PhoneNumber>
<StreetAddress><![CDATA[777 GLADES RD]]></StreetAddress>
<StreetAddress2/>
<CountryName>United States</CountryName>
<StateName>Florida</StateName>
<StateCode>FL</StateCode>
<CONGRESSDISTRICT>23</CONGRESSDISTRICT>
<CONGRESS_DISTRICT_ORG>FL23</CONGRESS_DISTRICT_ORG>
<ORG_UEI_NUM>Q266L2NDAVP1</ORG_UEI_NUM>
<ORG_LGL_BUS_NAME>FLORIDA ATLANTIC UNIVERSITY</ORG_LGL_BUS_NAME>
<ORG_PRNT_UEI_NUM/>
</Institution>
<Performance_Institution>
<Name><![CDATA[Florida Atlantic University]]></Name>
<CityName>Boca Raton</CityName>
<StateCode>FL</StateCode>
<ZipCode>334310991</ZipCode>
<StreetAddress><![CDATA[777 Glades Road]]></StreetAddress>
<CountryCode>US</CountryCode>
<CountryName>United States</CountryName>
<StateName>Florida</StateName>
<CountryFlag>1</CountryFlag>
<CONGRESSDISTRICT>23</CONGRESSDISTRICT>
<CONGRESS_DISTRICT_PERF>FL23</CONGRESS_DISTRICT_PERF>
</Performance_Institution>
<ProgramElement>
<Code>737800</Code>
<Text>EVOLUTIONARY GENETICS</Text>
</ProgramElement>
<Appropriation>
<Code>0117</Code>
<Name>NSF RESEARCH &amp; RELATED ACTIVIT</Name>
<APP_SYMB_ID>040100</APP_SYMB_ID>
</Appropriation>
<Fund>
<Code>01001718DB</Code>
<Name><![CDATA[NSF RESEARCH & RELATED ACTIVIT]]></Name>
<FUND_SYMB_ID>040100</FUND_SYMB_ID>
</Fund>
<FUND_OBLG>2017~92656</FUND_OBLG>
<POR>
<DRECONTENT><![CDATA[<div class="porColContainerWBG"> <div class="porContentCol"><p>Gene duplication is a mutation event that creates copies of existing genes, or functional DNA elements, and therefore plays a key role in the origins of new gene functions and traits. In this project, we used a combination of existing and novel computational and statistical approaches to assay whether and how duplicate genes evolve new functions. In particular, our studies focused on gene expression profiles, which provide information on activity levels of genes across tissues or developmental stages, and thus can serve as a useful proxy for gene function. We performed analyses in fruit flies, mammals, and grasses to gain an understanding of functional divergence after gene duplication across diverse taxa. Our studies in all taxa revealed that duplicate gene functions often diverge rapidly and result in male-specific functions, and that this process is driven by natural selection. These studies also yielded a novel model-based machine learning method for predicting functional divergence of duplicate genes from their gene expression profiles, enabling other researchers to perform similar analyses in their biological systems of interest.</p> <p>This project yielded nine open access peer-reviewed publications, several public datasets, and one open source R software package. Additionally, findings from this project have been disseminated to the research community via 12 invited seminars at research institutions, as well as six oral and three poster presentations at national and international conferences. Hence, our results, data, and methods are all widely available for use by other researchers. Additionally, this project trained four Ph.D. students, including three women, and one undergraduate student. One Ph.D. student graduated in 2020 and secured a bioinformatics scientist position at a major biotechnology company, and the undergraduate student graduated in 2018 and started medical school. Finally, our group participated in several outreach programs during this project, including the 2016 Pennsylvania State University Science-U Summer Camp and 2018 Haunted-U Science Camp for local K-12 students in rural Pennsylvania, the 2017 I?m a Scientist USA online event for national K-12 students, the 2020 PROmoting diveRsity in signal procESSing (PROGRESS) virtual workshop for global undergraduate women in STEM fields, the 2020 STEM Articulation Project for Hispanic undergraduate women at Florida Atlantic University, the 2020 Research in Action seminar series for global non-academics, the 2021 Florida Atlantic University I-DeepLearn Summer Workshop for local high school girls in South Florida, and the 2021 FAU High School Introduction to Research class for local high school students. &nbsp;</p> <p>&nbsp;</p><br> <p>            Last Modified: 05/02/2022<br>      Modified by: Raquel&nbsp;Assis</p> </div> <div class="porSideCol"></div> </div>]]></DRECONTENT>
<POR_COPY_TXT><![CDATA[ Gene duplication is a mutation event that creates copies of existing genes, or functional DNA elements, and therefore plays a key role in the origins of new gene functions and traits. In this project, we used a combination of existing and novel computational and statistical approaches to assay whether and how duplicate genes evolve new functions. In particular, our studies focused on gene expression profiles, which provide information on activity levels of genes across tissues or developmental stages, and thus can serve as a useful proxy for gene function. We performed analyses in fruit flies, mammals, and grasses to gain an understanding of functional divergence after gene duplication across diverse taxa. Our studies in all taxa revealed that duplicate gene functions often diverge rapidly and result in male-specific functions, and that this process is driven by natural selection. These studies also yielded a novel model-based machine learning method for predicting functional divergence of duplicate genes from their gene expression profiles, enabling other researchers to perform similar analyses in their biological systems of interest.  This project yielded nine open access peer-reviewed publications, several public datasets, and one open source R software package. Additionally, findings from this project have been disseminated to the research community via 12 invited seminars at research institutions, as well as six oral and three poster presentations at national and international conferences. Hence, our results, data, and methods are all widely available for use by other researchers. Additionally, this project trained four Ph.D. students, including three women, and one undergraduate student. One Ph.D. student graduated in 2020 and secured a bioinformatics scientist position at a major biotechnology company, and the undergraduate student graduated in 2018 and started medical school. Finally, our group participated in several outreach programs during this project, including the 2016 Pennsylvania State University Science-U Summer Camp and 2018 Haunted-U Science Camp for local K-12 students in rural Pennsylvania, the 2017 I?m a Scientist USA online event for national K-12 students, the 2020 PROmoting diveRsity in signal procESSing (PROGRESS) virtual workshop for global undergraduate women in STEM fields, the 2020 STEM Articulation Project for Hispanic undergraduate women at Florida Atlantic University, the 2020 Research in Action seminar series for global non-academics, the 2021 Florida Atlantic University I-DeepLearn Summer Workshop for local high school girls in South Florida, and the 2021 FAU High School Introduction to Research class for local high school students.            Last Modified: 05/02/2022       Submitted by: Raquel Assis]]></POR_COPY_TXT>
</POR>
</Award>
</rootTag>
