<?xml version="1.0" encoding="UTF-8"?>
<rootTag>
<Award>
<AwardTitle><![CDATA[EAGER: Universal transport and diamagnetic signatures in non-magnetic topological semimetals with linear magnetoresistance]]></AwardTitle>
<AGENCY>NSF</AGENCY>
<AwardEffectiveDate>12/15/2019</AwardEffectiveDate>
<AwardExpirationDate>08/31/2021</AwardExpirationDate>
<AwardTotalIntnAmount>99129.00</AwardTotalIntnAmount>
<AwardAmount>99129</AwardAmount>
<AwardInstrument>
<Value>Standard Grant</Value>
</AwardInstrument>
<Organization>
<Code>03070000</Code>
<Directorate>
<Abbreviation>MPS</Abbreviation>
<LongName>Direct For Mathematical &amp; Physical Scien</LongName>
</Directorate>
<Division>
<Abbreviation>DMR</Abbreviation>
<LongName>Division Of Materials Research</LongName>
</Division>
</Organization>
<ProgramOfficer>
<SignBlockName>Tomasz Durakiewicz</SignBlockName>
<PO_EMAI>tdurakie@nsf.gov</PO_EMAI>
<PO_PHON>7032924892</PO_PHON>
</ProgramOfficer>
<AbstractNarration>Non-technical Absttract:&lt;br/&gt;The electrical properties of materials are governed by the quantum mechanical motion of electrons in the material. Materials can be insulators, with very low electrical conductivity, or metals, with high electrical conductivity, depending on how the negatively charged electrons move amongst the stationary and positively charged atomic nuclei. Some materials are semimetals where the properties lie between those of metals and insulators.  Recently there has been a great deal of interest in topological semimetals where topology plays a major role in determining their properties.  This project will investigate the electrical conduction of topological semimetals under high magnetic field to pinpoint their unique characteristics. The results will enable laboratory tests to separate topological semimetals from more conventional counterparts, and to determine the robustness of topological characteristics under conditions that would be encountered in technological applications. These outcomes can be directly employed in developing fabrication techniques and device design strategies to incorporate the novel properties and functionality of topological semimetals in innovative technologies.&lt;br/&gt;&lt;br/&gt;Technical Abstract:&lt;br/&gt;This project aims to identify the magnetotransport and diamagnetic signatures that distinguish topological semimetals from conventional semimetals with large non-saturating magnetoresistance (MR). The outcomes will clarify the universal features of topological semimetal that are unique characteristics of topological electronic structures and the associated Berry phase.  A framework will be developed to characterize the disorder leading to the emergence of linear MR in the high field limit, which is expected to render a better understanding of the roles of disorder in linear MR phenomena in general. The prediction for the emergence of linear MR as a consequence of topological nodes and linear dispersion in band structure will be tested for a broader range of semimetal systems and will uncover the common elements of the linear non-saturating MR phenomena.&lt;br/&gt;&lt;br/&gt;This award reflects NSF's statutory mission and has been deemed worthy of support through evaluation using the Foundation's intellectual merit and broader impacts review criteria.</AbstractNarration>
<MinAmdLetterDate>12/09/2019</MinAmdLetterDate>
<MaxAmdLetterDate>12/09/2019</MaxAmdLetterDate>
<ARRAAmount/>
<TRAN_TYPE>Grant</TRAN_TYPE>
<CFDA_NUM>47.049</CFDA_NUM>
<NSF_PAR_USE_FLAG>1</NSF_PAR_USE_FLAG>
<FUND_AGCY_CODE>4900</FUND_AGCY_CODE>
<AWDG_AGCY_CODE>4900</AWDG_AGCY_CODE>
<AwardID>2001376</AwardID>
<Investigator>
<FirstName>Minhyea</FirstName>
<LastName>Lee</LastName>
<PI_MID_INIT/>
<PI_SUFX_NAME/>
<PI_FULL_NAME>Minhyea Lee</PI_FULL_NAME>
<EmailAddress><![CDATA[minhyea.lee@colorado.edu]]></EmailAddress>
<NSF_ID>000623805</NSF_ID>
<StartDate>12/09/2019</StartDate>
<EndDate/>
<RoleCode>Principal Investigator</RoleCode>
</Investigator>
<Institution>
<Name><![CDATA[University of Colorado at Boulder]]></Name>
<CityName>Boulder</CityName>
<ZipCode>803090001</ZipCode>
<PhoneNumber>3034926221</PhoneNumber>
<StreetAddress><![CDATA[3100 MARINE ST]]></StreetAddress>
<StreetAddress2><![CDATA[STE 481 572 UCB]]></StreetAddress2>
<CountryName>United States</CountryName>
<StateName>Colorado</StateName>
<StateCode>CO</StateCode>
<CONGRESSDISTRICT>02</CONGRESSDISTRICT>
<CONGRESS_DISTRICT_ORG>CO02</CONGRESS_DISTRICT_ORG>
<ORG_UEI_NUM>SPVKK1RC2MZ3</ORG_UEI_NUM>
<ORG_LGL_BUS_NAME>THE REGENTS OF THE UNIVERSITY OF COLORADO</ORG_LGL_BUS_NAME>
<ORG_PRNT_UEI_NUM/>
</Institution>
<Performance_Institution>
<Name><![CDATA[The Regents of the University of Colorado]]></Name>
<CityName>Boulder</CityName>
<StateCode>CO</StateCode>
<ZipCode>803031058</ZipCode>
<StreetAddress><![CDATA[3100 Marine St]]></StreetAddress>
<CountryCode>US</CountryCode>
<CountryName>United States</CountryName>
<StateName>Colorado</StateName>
<CountryFlag>1</CountryFlag>
<CONGRESSDISTRICT>02</CONGRESSDISTRICT>
<CONGRESS_DISTRICT_PERF>CO02</CONGRESS_DISTRICT_PERF>
</Performance_Institution>
<ProgramElement>
<Code>171000</Code>
<Text>CONDENSED MATTER PHYSICS</Text>
</ProgramElement>
<ProgramReference>
<Code>053Z</Code>
<Text>Quantum Leap Materials</Text>
</ProgramReference>
<ProgramReference>
<Code>7916</Code>
<Text>EAGER</Text>
</ProgramReference>
<Appropriation>
<Code>0120</Code>
<Name>NSF RESEARCH &amp; RELATED ACTIVIT</Name>
<APP_SYMB_ID>040100</APP_SYMB_ID>
</Appropriation>
<Fund>
<Code>01002021DB</Code>
<Name><![CDATA[NSF RESEARCH & RELATED ACTIVIT]]></Name>
<FUND_SYMB_ID>040100</FUND_SYMB_ID>
</Fund>
<FUND_OBLG>2020~99129</FUND_OBLG>
<POR>
<DRECONTENT><![CDATA[<div class="porColContainerWBG"> <div class="porContentCol"><div class="page" title="Page 1"> <div class="section"> <div class="layoutArea"> <div class="column"> <p>This investigation starts with our hypothesis that topological semimetals can be distinguished from conventional compensated semimetals by unique magnetotransport and diamagnetic responses, specifically temperature dependence of diamagnetic susceptibility and the magnetic field and temperature dependences of tangent of Hall angle -- defined as a ratio of longitudinal and transverse (or Hall) resistivity. This, if proved, offers straightforward and accessible empirical screening for toplogical materials that would be deployed as various device applications utilizing their functionalities.&nbsp;</p> <p>We focused on establishing a relation between longitudinal and transverse electrical resistivities and corresponding thermoelectric coefficients (Seebeck and Nernst coefficient, respectively) in various semimetallic compounds&nbsp;and, therefore, the deviations in such relation can be served as a characteristic mark for the topological nature in the electronic structure.&nbsp; &nbsp;We identified the Hall angles&nbsp;of electrical resistivities and thermoelectric coefficients as such an indicator. It also enables us to categorize a wide range of thermoelectric behavior in semimetals and narrow-gap semiconductors.&nbsp; We also learn how to refine the existing two band model fitting process by putting limitation of the fitting parameters using the&nbsp;thermoelectric coefficients analysis. This turns out to greatly enhance the confidence of determining fitting parameters of two band models, especially the compensation level, how closely the density of hole-like and electron-like carriers are compensated.Our finding is expected not only to be widely utilized in categorizing the different semimetallic compounds but also to provide roadmap to search for materials with high thermoelectric performance.</p> <p>&nbsp;</p> <p>&nbsp;</p> <p>&nbsp;</p> <p>&nbsp;</p> <p>&nbsp;</p> <p>&nbsp;</p> </div> </div> </div> </div><br> <p>            Last Modified: 01/23/2022<br>      Modified by: Minhyea&nbsp;Lee</p> </div> <div class="porSideCol"></div> </div>]]></DRECONTENT>
<POR_COPY_TXT><![CDATA[     This investigation starts with our hypothesis that topological semimetals can be distinguished from conventional compensated semimetals by unique magnetotransport and diamagnetic responses, specifically temperature dependence of diamagnetic susceptibility and the magnetic field and temperature dependences of tangent of Hall angle -- defined as a ratio of longitudinal and transverse (or Hall) resistivity. This, if proved, offers straightforward and accessible empirical screening for toplogical materials that would be deployed as various device applications utilizing their functionalities.   We focused on establishing a relation between longitudinal and transverse electrical resistivities and corresponding thermoelectric coefficients (Seebeck and Nernst coefficient, respectively) in various semimetallic compounds and, therefore, the deviations in such relation can be served as a characteristic mark for the topological nature in the electronic structure.   We identified the Hall angles of electrical resistivities and thermoelectric coefficients as such an indicator. It also enables us to categorize a wide range of thermoelectric behavior in semimetals and narrow-gap semiconductors.  We also learn how to refine the existing two band model fitting process by putting limitation of the fitting parameters using the thermoelectric coefficients analysis. This turns out to greatly enhance the confidence of determining fitting parameters of two band models, especially the compensation level, how closely the density of hole-like and electron-like carriers are compensated.Our finding is expected not only to be widely utilized in categorizing the different semimetallic compounds but also to provide roadmap to search for materials with high thermoelectric performance.                             Last Modified: 01/23/2022       Submitted by: Minhyea Lee]]></POR_COPY_TXT>
</POR>
</Award>
</rootTag>
